1	EGC (best of volume)	EGC (best of volume)	\N	\N
2	Communication Systems and Networks	Communication Systems and Networks	\N	\N
3	SBRN	SBRN	\N	\N
4	DEIS	DEIS	\N	\N
5	CCGIDIS	CCGIDIS	\N	\N
6	AAIM	AAIM	\N	\N
7	FAW-AAIM	FAW-AAIM	\N	\N
8	UMAP	UMAP	\N	\N
9	User Modeling	User Modeling	\N	\N
10	UMAP Workshops	UMAP Workshops	\N	\N
11	CSMR	CSMR	\N	\N
12	CSMR-WCRE	CSMR-WCRE	\N	\N
13	Foundations and Applications of Multi-Agent Systems	Foundations and Applications of Multi-Agent Systems	\N	\N
14	Combinatorics and Computer Science	Combinatorics and Computer Science	\N	\N
15	ICAIL	ICAIL	\N	\N
16	Law, Ontologies and the Semantic Web	Law, Ontologies and the Semantic Web	\N	\N
17	LOAIT	LOAIT	\N	\N
18	Evaluation of Legal Reasoning and Problem-Solving Systems	Evaluation of Legal Reasoning and Problem-Solving Systems	\N	\N
19	ArgMAS	ArgMAS	\N	\N
20	SBSC	SBSC	\N	\N
21	A-MOST	A-MOST	\N	\N
22	EGCDMAS	EGCDMAS	\N	\N
23	CHINZ	CHINZ	\N	\N
24	OR	OR	\N	\N
25	ACM Pacific	ACM Pacific	\N	\N
26	PST	PST	\N	\N
27	Algebraic Coding	Algebraic Coding	\N	\N
28	History of Medical Informatics	History of Medical Informatics	\N	\N
29	IFIPTM	IFIPTM	\N	\N
30	APSEC	APSEC	\N	\N
31	APSEC Workshops	APSEC Workshops	\N	\N
32	KMIS	KMIS	\N	\N
33	KEOD	KEOD	\N	\N
34	KDIR	KDIR	\N	\N
35	SSW	SSW	\N	\N
36	MUSIC	MUSIC	\N	\N
37	APLAS	APLAS	\N	\N
38	MVHI	MVHI	\N	\N
39	SBCARS	SBCARS	\N	\N
40	Analysis and Visualization Tools for Constraint Programming	Analysis and Visualization Tools for Constraint Programming	\N	\N
41	eKNOW	eKNOW	\N	\N
42	Java Virtual Machine Research and Technology Symposium	Java Virtual Machine Research and Technology Symposium	\N	\N
43	Virtual Machine Research and Technology Symposium	Virtual Machine Research and Technology Symposium	\N	\N
44	AOSD	AOSD	\N	\N
45	AOSD (Companion)	AOSD (Companion)	\N	\N
46	SPLAT	SPLAT	\N	\N
47	VMIL	VMIL	\N	\N
48	MODULARITY	MODULARITY	\N	\N
49	ACP4IS	ACP4IS	\N	\N
50	Pattern Detection and Discovery	Pattern Detection and Discovery	\N	\N
51	BioADIT	BioADIT	\N	\N
52	POMC	POMC	\N	\N
53	CONCUR	CONCUR	\N	\N
54	Seminar on Concurrency	Seminar on Concurrency	\N	\N
55	Concurrency	Concurrency	\N	\N
56	Concurrency: Theory, Language, And Architecture	Concurrency: Theory, Language, And Architecture	\N	\N
57	Workshop on Information Integration on the Web	Workshop on Information Integration on the Web	\N	\N
58	IALP	IALP	\N	\N
59	FinTAL	FinTAL	\N	\N
60	IDCS	IDCS	\N	\N
61	HICSS	HICSS	\N	\N
62	HICSS (1)	HICSS (1)	\N	\N
63	HICSS (3)	HICSS (3)	\N	\N
64	HICSS (4)	HICSS (4)	\N	\N
65	HICSS (6)	HICSS (6)	\N	\N
66	HICSS (5)	HICSS (5)	\N	\N
67	HICSS (2)	HICSS (2)	\N	\N
68	Foundations of Logic and Functional Programming	Foundations of Logic and Functional Programming	\N	\N
69	CICLing	CICLing	\N	\N
70	CICLing (2)	CICLing (2)	\N	\N
71	CICLing (1)	CICLing (1)	\N	\N
72	ISSCC	ISSCC	\N	\N
73	BCBGC	BCBGC	\N	\N
74	EMV	EMV	\N	\N
75	IDMS	IDMS	\N	\N
76	IDMS/PROMS	IDMS/PROMS	\N	\N
77	SNDS	SNDS	\N	\N
78	ANLP	ANLP	\N	\N
79	Intelligent Memory Systems	Intelligent Memory Systems	\N	\N
80	CSIIRW	CSIIRW	\N	\N
81	DIGITEL	DIGITEL	\N	\N
82	Knowledge Representation and Organization in Machine Learning	Knowledge Representation and Organization in Machine Learning	\N	\N
83	CASES	CASES	\N	\N
84	WESS	WESS	\N	\N
85	AMFG	AMFG	\N	\N
86	INTETAIN	INTETAIN	\N	\N
87	A Half-Century of Automata Theory	A Half-Century of Automata Theory	\N	\N
88	IT Revolutions	IT Revolutions	\N	\N
89	EuroGP	EuroGP	\N	\N
90	FM+AM	FM+AM	\N	\N
91	HIS	HIS	\N	\N
92	EMS	EMS	\N	\N
93	SSS	SSS	\N	\N
94	Self-Stabilizing Systems	Self-Stabilizing Systems	\N	\N
95	LWA	LWA	\N	\N
96	ISSPIT	ISSPIT	\N	\N
97	ICPP	ICPP	\N	\N
98	ICPP (1)	ICPP (1)	\N	\N
99	ICPP (3)	ICPP (3)	\N	\N
100	ICPP (2)	ICPP (2)	\N	\N
101	ICPP, Vol. 2	ICPP, Vol. 2	\N	\N
102	ICPP Workshop	ICPP Workshop	\N	\N
103	ICPP, Vol. 3	ICPP, Vol. 3	\N	\N
104	ICPP, Vol. 1	ICPP, Vol. 1	\N	\N
105	ACSE	ACSE	\N	\N
106	ALIFE	ALIFE	\N	\N
107	MineNet	MineNet	\N	\N
108	ICASSP	ICASSP	\N	\N
109	ICASSP (4)	ICASSP (4)	\N	\N
110	ICASSP (3)	ICASSP (3)	\N	\N
111	ICASSP (2)	ICASSP (2)	\N	\N
112	ICASSP (5)	ICASSP (5)	\N	\N
113	ICASSP (1)	ICASSP (1)	\N	\N
114	SocialInformatics	SocialInformatics	\N	\N
115	CTIC	CTIC	\N	\N
116	SENSORNETS	SENSORNETS	\N	\N
117	DISCEX (2)	DISCEX (2)	\N	\N
118	DISCEX (1)	DISCEX (1)	\N	\N
119	AISA	AISA	\N	\N
120	VLSI	VLSI	\N	\N
121	EDUTECH	EDUTECH	\N	\N
122	VLSI-SOC	VLSI-SOC	\N	\N
123	Asynchronous Design Methodologies	Asynchronous Design Methodologies	\N	\N
124	ICYCS	ICYCS	\N	\N
125	ICTSS	ICTSS	\N	\N
126	Protocol Test Systems	Protocol Test Systems	\N	\N
127	IWTCS	IWTCS	\N	\N
128	TestCom	TestCom	\N	\N
129	TestCom/FATES	TestCom/FATES	\N	\N
130	ONTOBRAS-MOST	ONTOBRAS-MOST	\N	\N
131	ONTOBRAS	ONTOBRAS	\N	\N
132	OTM Workshops	OTM Workshops	\N	\N
133	OTM Workshops (1)	OTM Workshops (1)	\N	\N
134	OTM Workshops (2)	OTM Workshops (2)	\N	\N
135	OTM Conferences (1)	OTM Conferences (1)	\N	\N
136	OTM Conferences (2)	OTM Conferences (2)	\N	\N
137	OTM Conferences	OTM Conferences	\N	\N
138	DRMTICS	DRMTICS	\N	\N
139	FAPR	FAPR	\N	\N
140	LocWeb	LocWeb	\N	\N
141	WS-FM	WS-FM	\N	\N
142	ICOD	ICOD	\N	\N
143	ICOD-2 Workshop on New Applications of Data Bases	ICOD-2 Workshop on New Applications of Data Bases	\N	\N
144	DB&Local Proceedings	DB&Local Proceedings	\N	\N
145	BalticDB&IS	BalticDB&IS	\N	\N
146	Baltic Computer Science	Baltic Computer Science	\N	\N
147	DB&IS	DB&IS	\N	\N
148	FedCSIS	FedCSIS	\N	\N
149	IJCCI (ICEC)	IJCCI (ICEC)	\N	\N
150	IJCCI	IJCCI	\N	\N
151	IJCCI (ECTA-FCTA)	IJCCI (ECTA-FCTA)	\N	\N
152	IJCCI (ICFC-ICNC)	IJCCI (ICFC-ICNC)	\N	\N
153	IJCCI (Selected Papers)	IJCCI (Selected Papers)	\N	\N
154	IJCCI (NCTA)	IJCCI (NCTA)	\N	\N
155	XMIDX	XMIDX	\N	\N
156	MLCW	MLCW	\N	\N
157	ICDSC	ICDSC	\N	\N
158	Complex (1)	Complex (1)	\N	\N
159	Complex (2)	Complex (2)	\N	\N
160	Complex	Complex	\N	\N
161	Winter Simulation Conference	Winter Simulation Conference	\N	\N
162	IQ	IQ	\N	\N
163	ICIQ	ICIQ	\N	\N
164	EuroITV	EuroITV	\N	\N
165	DBKDA	DBKDA	\N	\N
166	HAIS	HAIS	\N	\N
167	HAIS (1)	HAIS (1)	\N	\N
168	HAIS (2)	HAIS (2)	\N	\N
169	IAW	IAW	\N	\N
170	IPSJ	IPSJ	\N	\N
171	ISDO	ISDO	\N	\N
172	BHI	BHI	\N	\N
173	AGI	AGI	\N	\N
174	OPAALS	OPAALS	\N	\N
175	KRAMAS	KRAMAS	\N	\N
176	ICFPC	ICFPC	\N	\N
177	CSCW	CSCW	\N	\N
178	CSCW (Companion)	CSCW (Companion)	\N	\N
179	Research Directions in High-Level Parallel Programming Languages	Research Directions in High-Level Parallel Programming Languages	\N	\N
180	DDEP/PODDP	DDEP/PODDP	\N	\N
181	CIIC	CIIC	\N	\N
182	GAMENETS	GAMENETS	\N	\N
183	ICMLC	ICMLC	\N	\N
184	NPAR	NPAR	\N	\N
185	Expressive	Expressive	\N	\N
186	SET	SET	\N	\N
187	CEE-SET	CEE-SET	\N	\N
188	ÖGAI	ÖGAI	\N	\N
189	FLAI	FLAI	\N	\N
190	CNSA	CNSA	\N	\N
191	EuroIMSA	EuroIMSA	\N	\N
192	Mensch & Computer Workshopband	Mensch & Computer Workshopband	\N	\N
193	Mensch & Computer	Mensch & Computer	\N	\N
194	AIFIPP	AIFIPP	\N	\N
195	Amsterdam Colloquium on Logic, Language and Meaning	Amsterdam Colloquium on Logic, Language and Meaning	\N	\N
196	ABiALS	ABiALS	\N	\N
197	ICAT Workshops	ICAT Workshops	\N	\N
198	ICAT	ICAT	\N	\N
199	ISAS-SCI (1)	ISAS-SCI (1)	\N	\N
200	PPDP	PPDP	\N	\N
201	WIMS	WIMS	\N	\N
202	BWCCA	BWCCA	\N	\N
203	SMAP	SMAP	\N	\N
204	International Hong Kong Computer Society Database Workshop	International Hong Kong Computer Society Database Workshop	\N	\N
205	AICCSA	AICCSA	\N	\N
206	Scottish Functional Programming Workshop	Scottish Functional Programming Workshop	\N	\N
207	Trends in Functional Programming	Trends in Functional Programming	\N	\N
208	FGCN (1)	FGCN (1)	\N	\N
209	FGCN (2)	FGCN (2)	\N	\N
210	FGCN (3: BSBT)	FGCN (3: BSBT)	\N	\N
211	VDAT	VDAT	\N	\N
212	FIS	FIS	\N	\N
213	HISB	HISB	\N	\N
214	ARC	ARC	\N	\N
215	Digital Mammography / IWDM	Digital Mammography / IWDM	\N	\N
216	DAC	DAC	\N	\N
217	IPTComm	IPTComm	\N	\N
218	WIFS	WIFS	\N	\N
219	Autonomic Networking	Autonomic Networking	\N	\N
220	WONS	WONS	\N	\N
221	WCITD/NF	WCITD/NF	\N	\N
222	Wissensbasierte Systeme	Wissensbasierte Systeme	\N	\N
223	Wissensarten und ihre Darstellung	Wissensarten und ihre Darstellung	\N	\N
224	NAS	NAS	\N	\N
225	IEEE NAS	IEEE NAS	\N	\N
226	CollaborateCom	CollaborateCom	\N	\N
227	JCDKB	JCDKB	\N	\N
228	PGLDB	PGLDB	\N	\N
229	Decisions@RecSys	Decisions@RecSys	\N	\N
230	RecSys	RecSys	\N	\N
231	RSWeb@RecSys	RSWeb@RecSys	\N	\N
232	Intelligent Search on XML Data	Intelligent Search on XML Data	\N	\N
233	ICW/ICHSN/ICMCS/SENET	ICW/ICHSN/ICMCS/SENET	\N	\N
234	CSEDU (1)	CSEDU (1)	\N	\N
235	CSEDU	CSEDU	\N	\N
236	CSEDU (2)	CSEDU (2)	\N	\N
237	ICEBE	ICEBE	\N	\N
238	Pacific Symposium on Biocomputing	Pacific Symposium on Biocomputing	\N	\N
239	DBCrowd	DBCrowd	\N	\N
240	ICEC	ICEC	\N	\N
241	ICEC (Selected Papers)	ICEC (Selected Papers)	\N	\N
242	Networked Information Retrieval	Networked Information Retrieval	\N	\N
243	CyberSec	CyberSec	\N	\N
244	Broadband Communications	Broadband Communications	\N	\N
245	Integrated Broadband Communications	Integrated Broadband Communications	\N	\N
246	Circuits, Signals, and Systems	Circuits, Signals, and Systems	\N	\N
247	Computer Graphics and Imaging	Computer Graphics and Imaging	\N	\N
248	MediVis	MediVis	\N	\N
249	ICTERI	ICTERI	\N	\N
250	SPACE	SPACE	\N	\N
251	MultiClust@SDM	MultiClust@SDM	\N	\N
252	MultiClust@KDD	MultiClust@KDD	\N	\N
253	MultiClust@ECML/PKDD	MultiClust@ECML/PKDD	\N	\N
254	ASSETS	ASSETS	\N	\N
255	International ACM Conference on Assistive Technologies	International ACM Conference on Assistive Technologies	\N	\N
256	Future Security	Future Security	\N	\N
257	Knowledge and Information Visualization	Knowledge and Information Visualization	\N	\N
258	Int. Sym. Wikis	Int. Sym. Wikis	\N	\N
259	IPSEN Book	IPSEN Book	\N	\N
260	EACL	EACL	\N	\N
261	EACL (Demos)	EACL (Demos)	\N	\N
262	EACL (Student Research Workshop)	EACL (Student Research Workshop)	\N	\N
263	Empirical Methods in Natural Language Generation	Empirical Methods in Natural Language Generation	\N	\N
264	ECHT	ECHT	\N	\N
265	PRIB	PRIB	\N	\N
266	E-smart	E-smart	\N	\N
267	FTVI/FTRI	FTVI/FTRI	\N	\N
268	Software Engineering for Tailor-made Data Management	Software Engineering for Tailor-made Data Management	\N	\N
269	EDBT	EDBT	\N	\N
270	EDBT/ICDT Workshops	EDBT/ICDT Workshops	\N	\N
271	BEWEB	BEWEB	\N	\N
272	EDBT/ICDT Workshop on Linked Web Data Management	EDBT/ICDT Workshop on Linked Web Data Management	\N	\N
273	PAIS	PAIS	\N	\N
274	EDBT PhD Workshop	EDBT PhD Workshop	\N	\N
275	DaMaP	DaMaP	\N	\N
276	SSPS	SSPS	\N	\N
277	EDBT/ICDT Array Databases Workshop	EDBT/ICDT Array Databases Workshop	\N	\N
278	EDBT/ICDT Ph.D. Workshop	EDBT/ICDT Ph.D. Workshop	\N	\N
279	DFMA	DFMA	\N	\N
280	ISBMS	ISBMS	\N	\N
281	ISMBS	ISMBS	\N	\N
282	IFIP Int. Conf. Digital Forensics	IFIP Int. Conf. Digital Forensics	\N	\N
283	TMRA	TMRA	\N	\N
284	GFHEU	GFHEU	\N	\N
285	ExaCt	ExaCt	\N	\N
286	ICCAL	ICCAL	\N	\N
287	ICMB	ICMB	\N	\N
288	HotSWUp	HotSWUp	\N	\N
289	ESAW	ESAW	\N	\N
290	VLDB	VLDB	\N	\N
291	BD3@VLDB	BD3@VLDB	\N	\N
292	VLDB PhD Workshop	VLDB PhD Workshop	\N	\N
293	VLDB Surveys	VLDB Surveys	\N	\N
294	DBRank@VLDB	DBRank@VLDB	\N	\N
295	ADMS@VLDB	ADMS@VLDB	\N	\N
296	SSW@VLDB	SSW@VLDB	\N	\N
297	ICEIS (3)	ICEIS (3)	\N	\N
298	ICEIS	ICEIS	\N	\N
299	ICEIS (4)	ICEIS (4)	\N	\N
300	ICEIS (2)	ICEIS (2)	\N	\N
301	ICEIS (1)	ICEIS (1)	\N	\N
302	ICEIS (5)	ICEIS (5)	\N	\N
303	ICEIS (Selected Papers)	ICEIS (Selected Papers)	\N	\N
304	ICEIS (3-2)	ICEIS (3-2)	\N	\N
305	ICEIS (3-1)	ICEIS (3-1)	\N	\N
306	Workshop on Database Issues for Data Visualization	Workshop on Database Issues for Data Visualization	\N	\N
307	CVPR	CVPR	\N	\N
308	CVPR (2)	CVPR (2)	\N	\N
309	CVPR (1)	CVPR (1)	\N	\N
310	CVPR Workshops	CVPR Workshops	\N	\N
311	MDDE	MDDE	\N	\N
312	HSC	HSC	\N	\N
313	CSR	CSR	\N	\N
314	SIN	SIN	\N	\N
315	The New Technologies for Aquileia	The New Technologies for Aquileia	\N	\N
316	Category Theory and Computer Science	Category Theory and Computer Science	\N	\N
317	CTCS	CTCS	\N	\N
318	CTRS	CTRS	\N	\N
319	ICWL	ICWL	\N	\N
320	ICWL Workshops	ICWL Workshops	\N	\N
321	AIS	AIS	\N	\N
322	SCOPES	SCOPES	\N	\N
323	SecPerU	SecPerU	\N	\N
324	SAM	SAM	\N	\N
325	ITG Conference on Speech Communication	ITG Conference on Speech Communication	\N	\N
326	Quality of Numerical Software	Quality of Numerical Software	\N	\N
327	SOQUA/TECOS	SOQUA/TECOS	\N	\N
328	SOQUA	SOQUA	\N	\N
329	QoSA/SOQUA	QoSA/SOQUA	\N	\N
330	PACBB	PACBB	\N	\N
331	ICWUS	ICWUS	\N	\N
332	PersDB	PersDB	\N	\N
333	Symposium on Programming	Symposium on Programming	\N	\N
334	WOCC	WOCC	\N	\N
335	ITEM	ITEM	\N	\N
336	Information Technology in Educational Management	Information Technology in Educational Management	\N	\N
337	NGMAST	NGMAST	\N	\N
338	CDES	CDES	\N	\N
339	Automation, Control, and Information Technology	Automation, Control, and Information Technology	\N	\N
340	ScanGIS	ScanGIS	\N	\N
341	NCMA	NCMA	\N	\N
342	SIGAL International Symposium on Algorithms	SIGAL International Symposium on Algorithms	\N	\N
343	ABICT	ABICT	\N	\N
344	BSN	BSN	\N	\N
345	Multimedia Information Analysis and Retrieval	Multimedia Information Analysis and Retrieval	\N	\N
346	IEEE ANTS	IEEE ANTS	\N	\N
347	Biomimetic Neural Learning for Intelligent Robots	Biomimetic Neural Learning for Intelligent Robots	\N	\N
348	ICDS	ICDS	\N	\N
349	DSAI	DSAI	\N	\N
350	WWW	WWW	\N	\N
351	WWW (Companion Volume)	WWW (Companion Volume)	\N	\N
352	WI&C	WI&C	\N	\N
353	WWW (Alternate Paper Tracks)	WWW (Alternate Paper Tracks)	\N	\N
354	LDOW	LDOW	\N	\N
355	WWW (Special interest tracks and posters)	WWW (Special interest tracks and posters)	\N	\N
356	WWW Posters	WWW Posters	\N	\N
357	WWW (Alternate Track Papers & Posters)	WWW (Alternate Track Papers & Posters)	\N	\N
358	CSSSIA	CSSSIA	\N	\N
359	CKC	CKC	\N	\N
360	CrowdSearch	CrowdSearch	\N	\N
361	TWAW	TWAW	\N	\N
362	WICOW	WICOW	\N	\N
363	World Wide Web	World Wide Web	\N	\N
364	WWW Workshop on Application Design, Development and Implementation Issues in the Semantic Web	WWW Workshop on Application Design, Development and Implementation Issues in the Semantic Web	\N	\N
365	MSW	MSW	\N	\N
366	Weaving Services and People on the World Wide Web	Weaving Services and People on the World Wide Web	\N	\N
367	SWKM	SWKM	\N	\N
368	Dec3D	Dec3D	\N	\N
369	TempWeb	TempWeb	\N	\N
370	ICSH	ICSH	\N	\N
371	Euro-PDS	Euro-PDS	\N	\N
372	XSW	XSW	\N	\N
373	DAI	DAI	\N	\N
374	EUNIS	EUNIS	\N	\N
375	EDAC-ETC-EUROASIC	EDAC-ETC-EUROASIC	\N	\N
376	EURO-DAC	EURO-DAC	\N	\N
377	IIA/SOCO	IIA/SOCO	\N	\N
378	International Conference on Computational Science (2)	International Conference on Computational Science (2)	\N	\N
379	International Conference on Computational Science (3)	International Conference on Computational Science (3)	\N	\N
380	International Conference on Computational Science	International Conference on Computational Science	\N	\N
381	International Conference on Computational Science (4)	International Conference on Computational Science (4)	\N	\N
382	ICCS (2)	ICCS (2)	\N	\N
383	International Conference on Computational Science (1)	International Conference on Computational Science (1)	\N	\N
384	ICCS	ICCS	\N	\N
385	ICCS (1)	ICCS (1)	\N	\N
386	ICCS (3)	ICCS (3)	\N	\N
387	MSSP	MSSP	\N	\N
388	WORDS	WORDS	\N	\N
389	SMC	SMC	\N	\N
390	SMC (6)	SMC (6)	\N	\N
391	SMC (5)	SMC (5)	\N	\N
392	SMC (7)	SMC (7)	\N	\N
393	SMC (1)	SMC (1)	\N	\N
394	SMC (3)	SMC (3)	\N	\N
395	SMC (2)	SMC (2)	\N	\N
396	SMC (4)	SMC (4)	\N	\N
397	Testen, Analysieren und Verifizieren von Software	Testen, Analysieren und Verifizieren von Software	\N	\N
398	ESEM	ESEM	\N	\N
399	EVALITA	EVALITA	\N	\N
400	TRECVID	TRECVID	\N	\N
401	EAI	EAI	\N	\N
402	CIES	CIES	\N	\N
403	PPAM (1)	PPAM (1)	\N	\N
404	PPAM	PPAM	\N	\N
405	PPAM (2)	PPAM (2)	\N	\N
406	ACSAC	ACSAC	\N	\N
407	ELSNET Summer School	ELSNET Summer School	\N	\N
408	CRITIS	CRITIS	\N	\N
409	Curves and Surfaces	Curves and Surfaces	\N	\N
410	CPAIOR	CPAIOR	\N	\N
411	MARC Symposium	MARC Symposium	\N	\N
412	MARC@RWTH	MARC@RWTH	\N	\N
413	HIPS	HIPS	\N	\N
414	OODBS	OODBS	\N	\N
415	IWDOM	IWDOM	\N	\N
416	Objects and Databases	Objects and Databases	\N	\N
417	AAAI	AAAI	\N	\N
418	AAAI/IAAI	AAAI/IAAI	\N	\N
419	Human Computation	Human Computation	\N	\N
420	AAAI/IAAI, Vol. 2	AAAI/IAAI, Vol. 2	\N	\N
421	AAAI Workshop on Intelligent Multimedia Interfaces	AAAI Workshop on Intelligent Multimedia Interfaces	\N	\N
422	Visual Representations and Reasoning	Visual Representations and Reasoning	\N	\N
423	Artificial Intelligence and Smarter Living	Artificial Intelligence and Smarter Living	\N	\N
424	Enabling Intelligence through Middleware	Enabling Intelligence through Middleware	\N	\N
425	Statistical Relational Artificial Intelligence	Statistical Relational Artificial Intelligence	\N	\N
426	AAAI (Late-Breaking Developments)	AAAI (Late-Breaking Developments)	\N	\N
427	AAAI/IAAI, Vol. 1	AAAI/IAAI, Vol. 1	\N	\N
428	Activity Context Representation	Activity Context Representation	\N	\N
429	Lifelong Learning	Lifelong Learning	\N	\N
430	AAAI Workshop: Learning Rich Representations from Low-Level Sensors	AAAI Workshop: Learning Rich Representations from Low-Level Sensors	\N	\N
431	Computational Models of Natural Argument	Computational Models of Natural Argument	\N	\N
432	AAAI Workshop: Plan, Activity, and Intent Recognition	AAAI Workshop: Plan, Activity, and Intent Recognition	\N	\N
433	AAAI Workshop: Trading Agent Design and Analysis	AAAI Workshop: Trading Agent Design and Analysis	\N	\N
434	Bridging the Gap Between Task and Motion Planning	Bridging the Gap Between Task and Motion Planning	\N	\N
435	AAAI Workshop: Statistical Relational Artificial Intelligence	AAAI Workshop: Statistical Relational Artificial Intelligence	\N	\N
436	Abstraction, Reformulation, and Approximation	Abstraction, Reformulation, and Approximation	\N	\N
437	Metacognition for Robust Social Systems	Metacognition for Robust Social Systems	\N	\N
438	Scalable Integration of Analytics and Visualization	Scalable Integration of Analytics and Visualization	\N	\N
439	Analyzing Microtext	Analyzing Microtext	\N	\N
440	Collaboratively-Built Knowledge Sources and AI	Collaboratively-Built Knowledge Sources and AI	\N	\N
441	Applied Adversarial Reasoning and Risk Modeling	Applied Adversarial Reasoning and Risk Modeling	\N	\N
442	Plan, Activity, and Intent Recognition	Plan, Activity, and Intent Recognition	\N	\N
443	Interactive Decision Theory and Game Theory	Interactive Decision Theory and Game Theory	\N	\N
444	AAAI Workshop: Space, Time, and Ambient Intelligence	AAAI Workshop: Space, Time, and Ambient Intelligence	\N	\N
445	Language-Action Tools for Cognitive Artificial Agents	Language-Action Tools for Cognitive Artificial Agents	\N	\N
446	Human-Robot Interaction in Elder Care	Human-Robot Interaction in Elder Care	\N	\N
447	Automated Action Planning for Autonomous Mobile Robots	Automated Action Planning for Autonomous Mobile Robots	\N	\N
448	AI for Data Center Management and Cloud Computing	AI for Data Center Management and Cloud Computing	\N	\N
449	Agent Modeling	Agent Modeling	\N	\N
450	Deep Blue Versus Kasparov: The Significance for Artificial Intelligence	Deep Blue Versus Kasparov: The Significance for Artificial Intelligence	\N	\N
451	MobiDE	MobiDE	\N	\N
452	ICST	ICST	\N	\N
453	ICST Workshops	ICST Workshops	\N	\N
454	ML	ML	\N	\N
455	IFIP PACT	IFIP PACT	\N	\N
456	ICGSE	ICGSE	\N	\N
457	ICGSE Workshops	ICGSE Workshops	\N	\N
458	Personal Computing	Personal Computing	\N	\N
459	ISADS	ISADS	\N	\N
460	NETWORKS	NETWORKS	\N	\N
461	ISSS	ISSS	\N	\N
462	COORDINATION	COORDINATION	\N	\N
463	DSOM	DSOM	\N	\N
464	BroadCom	BroadCom	\N	\N
465	SENSAPPEAL	SENSAPPEAL	\N	\N
466	BIOCOMP	BIOCOMP	\N	\N
467	VECIMS	VECIMS	\N	\N
468	CTW	CTW	\N	\N
469	ITiCSE	ITiCSE	\N	\N
470	SIGUCCS	SIGUCCS	\N	\N
471	iStar	iStar	\N	\N
472	Computing Methods in Applied Sciences and Engineering	Computing Methods in Applied Sciences and Engineering	\N	\N
473	25th Anniversary of INRIA	25th Anniversary of INRIA	\N	\N
474	HPDC	HPDC	\N	\N
475	UPGRADE-CN	UPGRADE-CN	\N	\N
476	FTXS	FTXS	\N	\N
477	ORMaCloud	ORMaCloud	\N	\N
478	CCIW	CCIW	\N	\N
479	FSFMA	FSFMA	\N	\N
480	ICISTM	ICISTM	\N	\N
481	ISC	ISC	\N	\N
482	ISW	ISW	\N	\N
483	Fractals in the Natural and Applied Sciences	Fractals in the Natural and Applied Sciences	\N	\N
484	Prospects for Hardware Foundations	Prospects for Hardware Foundations	\N	\N
485	VRCAI	VRCAI	\N	\N
486	VRCIA	VRCIA	\N	\N
487	CSIE (4)	CSIE (4)	\N	\N
488	CSIE (5)	CSIE (5)	\N	\N
489	CSIE (1)	CSIE (1)	\N	\N
490	CSIE (3)	CSIE (3)	\N	\N
491	CSIE (6)	CSIE (6)	\N	\N
492	CSIE (2)	CSIE (2)	\N	\N
493	CSIE (7)	CSIE (7)	\N	\N
494	Building University Electronic Educational Environments	Building University Electronic Educational Environments	\N	\N
495	Informatics Curricula and Teaching Methods	Informatics Curricula and Teaching Methods	\N	\N
496	Informatics in Higher Education	Informatics in Higher Education	\N	\N
497	Interactive Multimedia in University Education	Interactive Multimedia in University Education	\N	\N
498	Information and Communication Technologies and Real-Life Learning	Information and Communication Technologies and Real-Life Learning	\N	\N
499	University Education Uses of Visualization in Scientific Computing	University Education Uses of Visualization in Scientific Computing	\N	\N
500	Innovative Adult Learning with Innovative Technologies	Innovative Adult Learning with Innovative Technologies	\N	\N
501	SLT	SLT	\N	\N
502	WIFT	WIFT	\N	\N
503	Workshop on Intrusion Detection and Network Monitoring	Workshop on Intrusion Detection and Network Monitoring	\N	\N
504	WoMM	WoMM	\N	\N
505	ECOWS	ECOWS	\N	\N
506	SemWS	SemWS	\N	\N
507	WEWST	WEWST	\N	\N
508	QASBA	QASBA	\N	\N
509	Reliability and Optimization of Structural Systems	Reliability and Optimization of Structural Systems	\N	\N
510	ECDL	ECDL	\N	\N
511	TPDL	TPDL	\N	\N
512	SDA	SDA	\N	\N
513	New Zealand Computer Science Research Students' Conference	New Zealand Computer Science Research Students' Conference	\N	\N
514	TEAA	TEAA	\N	\N
515	Diffusion, Transfer and Implementation of Information Technology	Diffusion, Transfer and Implementation of Information Technology	\N	\N
516	Information Systems: The e-Business Challenge	Information Systems: The e-Business Challenge	\N	\N
517	CONFENIS	CONFENIS	\N	\N
518	CONFENIS (2)	CONFENIS (2)	\N	\N
519	CONFENIS (1)	CONFENIS (1)	\N	\N
520	Business Process Re-Engineering	Business Process Re-Engineering	\N	\N
521	EGES/GISP	EGES/GISP	\N	\N
522	MOBIS	MOBIS	\N	\N
523	NL-MUA	NL-MUA	\N	\N
524	Conference on Operating Systems	Conference on Operating Systems	\N	\N
525	Symposium on Operating Systems	Symposium on Operating Systems	\N	\N
526	IWAC	IWAC	\N	\N
527	EIG	EIG	\N	\N
528	SPBG	SPBG	\N	\N
529	CCE	CCE	\N	\N
530	COCOS	COCOS	\N	\N
531	TAMoCo	TAMoCo	\N	\N
532	MIDI	MIDI	\N	\N
533	EFIS	EFIS	\N	\N
534	EFDBS	EFDBS	\N	\N
535	Supercomputer	Supercomputer	\N	\N
536	The DARPA Urban Challenge	The DARPA Urban Challenge	\N	\N
537	MDM	MDM	\N	\N
538	Mobile Data Management	Mobile Data Management	\N	\N
539	MDM (2)	MDM (2)	\N	\N
540	Mobile Data Management (1)	Mobile Data Management (1)	\N	\N
541	MDM (1)	MDM (1)	\N	\N
542	Mobile Data Management (2)	Mobile Data Management (2)	\N	\N
543	MHVR	MHVR	\N	\N
544	CIBCB	CIBCB	\N	\N
545	ICHI	ICHI	\N	\N
546	Linguistic Annotation Workshop	Linguistic Annotation Workshop	\N	\N
547	I3	I3	\N	\N
548	BCEC	BCEC	\N	\N
549	CATE	CATE	\N	\N
550	ICCABS	ICCABS	\N	\N
551	Wireless Information Systems	Wireless Information Systems	\N	\N
552	EUROSIM	EUROSIM	\N	\N
553	CILC	CILC	\N	\N
554	AMAI	AMAI	\N	\N
555	Selected Papers from AusDM	Selected Papers from AusDM	\N	\N
556	AIDM	AIDM	\N	\N
557	AusDM	AusDM	\N	\N
558	NMR	NMR	\N	\N
559	INTERWORKING	INTERWORKING	\N	\N
560	EEXTT	EEXTT	\N	\N
561	CPSN	CPSN	\N	\N
562	MIMI	MIMI	\N	\N
563	FTSCS	FTSCS	\N	\N
564	SIGRAD	SIGRAD	\N	\N
565	ICECS	ICECS	\N	\N
566	IESA	IESA	\N	\N
567	I-ESA	I-ESA	\N	\N
568	IVCNZ	IVCNZ	\N	\N
569	CIBIM	CIBIM	\N	\N
570	SHAPES	SHAPES	\N	\N
571	DeLFI	DeLFI	\N	\N
572	DeLFI Workshops	DeLFI Workshops	\N	\N
573	E4MAS	E4MAS	\N	\N
574	CoBuild	CoBuild	\N	\N
575	CoopIS	CoopIS	\N	\N
576	CoopIS/DOA/ODBASE	CoopIS/DOA/ODBASE	\N	\N
577	CoopIS/DOA/ODBASE (2)	CoopIS/DOA/ODBASE (2)	\N	\N
578	CoopIS/DOA/ODBASE (1)	CoopIS/DOA/ODBASE (1)	\N	\N
579	CLEF (1)	CLEF (1)	\N	\N
580	CLEF	CLEF	\N	\N
581	CLEF (Notebook Papers/LABs/Workshops)	CLEF (Notebook Papers/LABs/Workshops)	\N	\N
582	CLEF (Notebook Papers/Labs/Workshop)	CLEF (Notebook Papers/Labs/Workshop)	\N	\N
583	CLEF (Online Working Notes/Labs/Workshop)	CLEF (Online Working Notes/Labs/Workshop)	\N	\N
584	CLEF (2)	CLEF (2)	\N	\N
585	BioASQ@CLEF	BioASQ@CLEF	\N	\N
586	PEARL	PEARL	\N	\N
587	Echtzeit	Echtzeit	\N	\N
588	Combinatorial Optimization	Combinatorial Optimization	\N	\N
589	ADCOG	ADCOG	\N	\N
590	ICSEng	ICSEng	\N	\N
591	3DOR	3DOR	\N	\N
592	SimVis	SimVis	\N	\N
593	RSEISP	RSEISP	\N	\N
594	HESSD	HESSD	\N	\N
595	QEST	QEST	\N	\N
596	HLT/EMNLP	HLT/EMNLP	\N	\N
597	HLT-NAACL	HLT-NAACL	\N	\N
598	HLT-NAACL (Short Papers)	HLT-NAACL (Short Papers)	\N	\N
599	HLT-NAACL (Student Research Workshop and Doctoral Consortium)	HLT-NAACL (Student Research Workshop and Doctoral Consortium)	\N	\N
600	HLT	HLT	\N	\N
601	NAACL (Student Research Workshop)	NAACL (Student Research Workshop)	\N	\N
602	HLT-NAACL (Doctoral Consortium)	HLT-NAACL (Doctoral Consortium)	\N	\N
603	HLT-NAACL (Demonstrations)	HLT-NAACL (Demonstrations)	\N	\N
604	NAACL	NAACL	\N	\N
605	HLT-NAACL (Tutorial Abstracts)	HLT-NAACL (Tutorial Abstracts)	\N	\N
606	NAACL (Demos)	NAACL (Demos)	\N	\N
607	HLT-NAACL (Demos)	HLT-NAACL (Demos)	\N	\N
608	Artificial Neural Networks	Artificial Neural Networks	\N	\N
609	IS-EUD	IS-EUD	\N	\N
610	VECPAR	VECPAR	\N	\N
611	DNIS	DNIS	\N	\N
612	Functional Programming, Concurrency, Simulation and Automated Reasoning	Functional Programming, Concurrency, Simulation and Automated Reasoning	\N	\N
613	ODBIS	ODBIS	\N	\N
614	SWDB-ODBIS	SWDB-ODBIS	\N	\N
615	CAAP	CAAP	\N	\N
616	CLAAP	CLAAP	\N	\N
617	AIMS	AIMS	\N	\N
618	FIMH	FIMH	\N	\N
619	RECOMB	RECOMB	\N	\N
620	RECOMB-CG	RECOMB-CG	\N	\N
621	Comparative Genomics	Comparative Genomics	\N	\N
622	Computational Methods for SNPs and Haplotype Inference	Computational Methods for SNPs and Haplotype Inference	\N	\N
623	Systems Biology and Regulatory Genomics	Systems Biology and Regulatory Genomics	\N	\N
624	Systems Biology and Computational Proteomics	Systems Biology and Computational Proteomics	\N	\N
625	Regulatory Genomics	Regulatory Genomics	\N	\N
626	GI-Fachgespräch über Rechenzentren	GI-Fachgespräch über Rechenzentren	\N	\N
627	GI-Fachtagung über Rechenzentren	GI-Fachtagung über Rechenzentren	\N	\N
628	Entwicklungstendenzen wissenschaftlicher Rechenzentren	Entwicklungstendenzen wissenschaftlicher Rechenzentren	\N	\N
629	ICDE	ICDE	\N	\N
630	ICDE Workshops	ICDE Workshops	\N	\N
631	ICDE Demo Sessions	ICDE Demo Sessions	\N	\N
632	WCNC	WCNC	\N	\N
633	WCNC Workshops	WCNC Workshops	\N	\N
634	SafeConfig	SafeConfig	\N	\N
635	CSDM	CSDM	\N	\N
636	CSDM (Posters)	CSDM (Posters)	\N	\N
637	KDXD	KDXD	\N	\N
638	WISE Workshops	WISE Workshops	\N	\N
639	WISE	WISE	\N	\N
640	WISE (1)	WISE (1)	\N	\N
641	WISE (2)	WISE (2)	\N	\N
642	ICAIC (3)	ICAIC (3)	\N	\N
643	ICAIC (1)	ICAIC (1)	\N	\N
644	ICAIC (2)	ICAIC (2)	\N	\N
645	ICAIC (4)	ICAIC (4)	\N	\N
646	JTRES	JTRES	\N	\N
647	Image Processing: Algorithms and Systems	Image Processing: Algorithms and Systems	\N	\N
648	IPAS	IPAS	\N	\N
649	WoLLIC	WoLLIC	\N	\N
650	Eurographics Italian Chapter Conference	Eurographics Italian Chapter Conference	\N	\N
651	EUSAI	EUSAI	\N	\N
652	AmI	AmI	\N	\N
653	Wireless Sensor Networks and Applications	Wireless Sensor Networks and Applications	\N	\N
654	Future Databases	Future Databases	\N	\N
655	Globe	Globe	\N	\N
656	Eiffel	Eiffel	\N	\N
657	IDA	IDA	\N	\N
658	ICA	ICA	\N	\N
659	SOCS	SOCS	\N	\N
660	COMPOS	COMPOS	\N	\N
661	MoChArt	MoChArt	\N	\N
662	PODC	PODC	\N	\N
663	WRAS	WRAS	\N	\N
664	BCS HCI	BCS HCI	\N	\N
665	BCS HCI (2)	BCS HCI (2)	\N	\N
666	BCS HCI (1)	BCS HCI (1)	\N	\N
667	Algorithmic Languages and Calculi	Algorithmic Languages and Calculi	\N	\N
668	MIAR	MIAR	\N	\N
669	Artificial Intelligence and Pattern Recognition	Artificial Intelligence and Pattern Recognition	\N	\N
670	PACT	PACT	\N	\N
671	IEEE PACT	IEEE PACT	\N	\N
672	Advances in Computational Intelligence and Learning	Advances in Computational Intelligence and Learning	\N	\N
673	ISER	ISER	\N	\N
674	IAT	IAT	\N	\N
675	Web Intelligence/IAT Workshops	Web Intelligence/IAT Workshops	\N	\N
676	IAT Workshops	IAT Workshops	\N	\N
677	ICDM / Web Intelligence / IAT	ICDM / Web Intelligence / IAT	\N	\N
678	PRIS	PRIS	\N	\N
679	SBGames	SBGames	\N	\N
680	SWAT	SWAT	\N	\N
681	WALTD	WALTD	\N	\N
682	DGCI	DGCI	\N	\N
683	EuroHaptics (2)	EuroHaptics (2)	\N	\N
684	HAPTICS	HAPTICS	\N	\N
685	EuroHaptics	EuroHaptics	\N	\N
686	World Haptics	World Haptics	\N	\N
687	EuroHaptics (1)	EuroHaptics (1)	\N	\N
688	WHC	WHC	\N	\N
689	Symposium on Haptic Interfaces for Virtual Environment and Teleoperator Systems	Symposium on Haptic Interfaces for Virtual Environment and Teleoperator Systems	\N	\N
690	AINA (2)	AINA (2)	\N	\N
691	AINA Workshops	AINA Workshops	\N	\N
692	AINA	AINA	\N	\N
693	AINA (1)	AINA (1)	\N	\N
694	AINA Workshops (2)	AINA Workshops (2)	\N	\N
695	AINA Workshops (1)	AINA Workshops (1)	\N	\N
696	ICABD	ICABD	\N	\N
697	LAMAS	LAMAS	\N	\N
698	MSWiM	MSWiM	\N	\N
699	WMuNeP	WMuNeP	\N	\N
700	PM2HW2N	PM2HW2N	\N	\N
701	Q2SWinet	Q2SWinet	\N	\N
702	HP-MOSys	HP-MOSys	\N	\N
703	Parallel Algorithms and Architectures	Parallel Algorithms and Architectures	\N	\N
704	Rendering Techniques	Rendering Techniques	\N	\N
705	URAI	URAI	\N	\N
706	LPNMR	LPNMR	\N	\N
707	CENT	CENT	\N	\N
708	NLPAR@LPNMR	NLPAR@LPNMR	\N	\N
709	IPCCC	IPCCC	\N	\N
710	CIbSE	CIbSE	\N	\N
711	ICCTA	ICCTA	\N	\N
712	Bangalore Compute Conf.	Bangalore Compute Conf.	\N	\N
713	Graph Structure Theory	Graph Structure Theory	\N	\N
714	EMSOFT	EMSOFT	\N	\N
715	Toward Category-Level Object Recognition	Toward Category-Level Object Recognition	\N	\N
716	HCI (24)	HCI (24)	\N	\N
717	HCI (28)	HCI (28)	\N	\N
718	HCI (27)	HCI (27)	\N	\N
719	HCI (2)	HCI (2)	\N	\N
720	HCI (4)	HCI (4)	\N	\N
721	HCI (1)	HCI (1)	\N	\N
722	HCI (10)	HCI (10)	\N	\N
723	HCI (7)	HCI (7)	\N	\N
724	HCI (14)	HCI (14)	\N	\N
725	HCI (13)	HCI (13)	\N	\N
726	HCI (29)	HCI (29)	\N	\N
727	HCI (8)	HCI (8)	\N	\N
728	HCI (6)	HCI (6)	\N	\N
729	HCI (17)	HCI (17)	\N	\N
730	HCI (9)	HCI (9)	\N	\N
731	HCI (16)	HCI (16)	\N	\N
732	HCI (12)	HCI (12)	\N	\N
733	HCI	HCI	\N	\N
734	HCI (21)	HCI (21)	\N	\N
735	HCI (5)	HCI (5)	\N	\N
736	HCI (19)	HCI (19)	\N	\N
737	HCI (15)	HCI (15)	\N	\N
738	HCI (22)	HCI (22)	\N	\N
739	HCI (23)	HCI (23)	\N	\N
740	HCI (25)	HCI (25)	\N	\N
741	HCI (18)	HCI (18)	\N	\N
742	HCI (3)	HCI (3)	\N	\N
743	HCI (26)	HCI (26)	\N	\N
744	HCI (20)	HCI (20)	\N	\N
745	HCI (11)	HCI (11)	\N	\N
746	UXTV	UXTV	\N	\N
747	SCSC	SCSC	\N	\N
748	SummerSim	SummerSim	\N	\N
749	UH	UH	\N	\N
750	Informationssysteme für das Hochschulmanagement	Informationssysteme für das Hochschulmanagement	\N	\N
751	EEWC	EEWC	\N	\N
752	MDAFA	MDAFA	\N	\N
753	IWRT	IWRT	\N	\N
754	Applications of Invariance in Computer Vision	Applications of Invariance in Computer Vision	\N	\N
755	ESAS	ESAS	\N	\N
756	FoVeOOS	FoVeOOS	\N	\N
757	SADFE	SADFE	\N	\N
758	WebNet	WebNet	\N	\N
759	MMB	MMB	\N	\N
760	Modelle für Rechensysteme	Modelle für Rechensysteme	\N	\N
761	MMB/DFT	MMB/DFT	\N	\N
762	MMB (Kurzbeiträge)	MMB (Kurzbeiträge)	\N	\N
763	MMB (Kurzvorträge)	MMB (Kurzvorträge)	\N	\N
764	Formale Modelle für Informationssysteme	Formale Modelle für Informationssysteme	\N	\N
765	SoMeT	SoMeT	\N	\N
766	ICIG	ICIG	\N	\N
767	IWLCS	IWLCS	\N	\N
768	ICAISC (1)	ICAISC (1)	\N	\N
769	ICAISC (2)	ICAISC (2)	\N	\N
770	ICAISC	ICAISC	\N	\N
771	ICAISC (SIDE-EC)	ICAISC (SIDE-EC)	\N	\N
772	MICRO	MICRO	\N	\N
773	NoCArc@MICRO	NoCArc@MICRO	\N	\N
774	MICRO Workshops	MICRO Workshops	\N	\N
775	ESC	ESC	\N	\N
776	JCKBSE	JCKBSE	\N	\N
777	ANNIIP	ANNIIP	\N	\N
778	ANNs	ANNs	\N	\N
779	EWDTS	EWDTS	\N	\N
780	USAB	USAB	\N	\N
781	Usability Symposium	Usability Symposium	\N	\N
782	HiPC	HiPC	\N	\N
783	WIMPEL	WIMPEL	\N	\N
784	JSSPP	JSSPP	\N	\N
785	Internet Measurement Workshop	Internet Measurement Workshop	\N	\N
786	WONTO	WONTO	\N	\N
787	Secure Internet Programming	Secure Internet Programming	\N	\N
788	ECOOP Workshops	ECOOP Workshops	\N	\N
789	ECOOP Workshop	ECOOP Workshop	\N	\N
790	ECOOP Workshop for PhD Students in OO Systems	ECOOP Workshop for PhD Students in OO Systems	\N	\N
791	ECOOP Workshop on Object-Oriented Databases	ECOOP Workshop on Object-Oriented Databases	\N	\N
792	Object-Based Concurrent Computing	Object-Based Concurrent Computing	\N	\N
793	PARBASE	PARBASE	\N	\N
794	PARBASE / Databases	PARBASE / Databases	\N	\N
795	PARBASE / Architectures	PARBASE / Architectures	\N	\N
796	GCC (2)	GCC (2)	\N	\N
797	GCC Workshops	GCC Workshops	\N	\N
798	GCC	GCC	\N	\N
799	GCC (1)	GCC (1)	\N	\N
800	Error Control, Cryptology, and Speech Compression	Error Control, Cryptology, and Speech Compression	\N	\N
801	Digital Content Creation	Digital Content Creation	\N	\N
802	Artificial Intelligence and Applications	Artificial Intelligence and Applications	\N	\N
803	DiSS-LPSS	DiSS-LPSS	\N	\N
804	DiSS	DiSS	\N	\N
805	Visualisierungstechniken und Algorithmen	Visualisierungstechniken und Algorithmen	\N	\N
806	WCFLP	WCFLP	\N	\N
807	DISCO	DISCO	\N	\N
808	SiPS	SiPS	\N	\N
809	50 Years of Artificial Intelligence	50 Years of Artificial Intelligence	\N	\N
810	ISD	ISD	\N	\N
811	ISD (2)	ISD (2)	\N	\N
812	ISD (1)	ISD (1)	\N	\N
813	MLSP	MLSP	\N	\N
814	Component Deployment	Component Deployment	\N	\N
815	CUBIST Workshop	CUBIST Workshop	\N	\N
816	WICON	WICON	\N	\N
817	ASRU	ASRU	\N	\N
818	PARCO	PARCO	\N	\N
819	I3E	I3E	\N	\N
820	I3E (2)	I3E (2)	\N	\N
821	I3E (1)	I3E (1)	\N	\N
822	II3E	II3E	\N	\N
823	InfoSecCD	InfoSecCD	\N	\N
824	MATA	MATA	\N	\N
825	Online-Systeme im Finanz- und Rechnungswesen	Online-Systeme im Finanz- und Rechnungswesen	\N	\N
826	EAIA	EAIA	\N	\N
827	Shell Conference	Shell Conference	\N	\N
828	Software-Architektur	Software-Architektur	\N	\N
829	ATC	ATC	\N	\N
830	Mobile Agents and Security	Mobile Agents and Security	\N	\N
831	Databases and Applications	Databases and Applications	\N	\N
832	Software Quality and Productivity	Software Quality and Productivity	\N	\N
833	ICWMC	ICWMC	\N	\N
834	INLG	INLG	\N	\N
835	Selected Areas in Cryptography	Selected Areas in Cryptography	\N	\N
836	KORSO Book	KORSO Book	\N	\N
837	Formal Development of Reactive Systems	Formal Development of Reactive Systems	\N	\N
838	WWV	WWV	\N	\N
839	SAS	SAS	\N	\N
840	WSA	WSA	\N	\N
841	JTASPEFT/WSA	JTASPEFT/WSA	\N	\N
842	CLSW	CLSW	\N	\N
843	BICoB	BICoB	\N	\N
844	Ada Deutschland Tagung	Ada Deutschland Tagung	\N	\N
845	IMACS World Congress	IMACS World Congress	\N	\N
846	IMACS European Simulation Meeting	IMACS European Simulation Meeting	\N	\N
847	AGTIVE	AGTIVE	\N	\N
848	FPT	FPT	\N	\N
849	RoboCup	RoboCup	\N	\N
850	RobuCup	RobuCup	\N	\N
851	ICQT	ICQT	\N	\N
852	UMC	UMC	\N	\N
853	CRiSIS	CRiSIS	\N	\N
854	Modelling, Simulation, and Optimization	Modelling, Simulation, and Optimization	\N	\N
855	NDT (2)	NDT (2)	\N	\N
856	NDT (1)	NDT (1)	\N	\N
857	NDT	NDT	\N	\N
858	ICAA	ICAA	\N	\N
859	EUROCODE	EUROCODE	\N	\N
860	OBPDC	OBPDC	\N	\N
861	SEAL	SEAL	\N	\N
862	QI	QI	\N	\N
863	ITNG	ITNG	\N	\N
864	AMBI-SYS	AMBI-SYS	\N	\N
865	AEGS	AEGS	\N	\N
866	Nets4Cars/Nets4Trains	Nets4Cars/Nets4Trains	\N	\N
867	Databases in Telecommunications	Databases in Telecommunications	\N	\N
868	ROCAI	ROCAI	\N	\N
869	DICTA	DICTA	\N	\N
870	WSDM	WSDM	\N	\N
871	WSDM (Late Breaking-Results)	WSDM (Late Breaking-Results)	\N	\N
872	CiE	CiE	\N	\N
873	ORM	ORM	\N	\N
874	SDL Forum	SDL Forum	\N	\N
875	WOWMOM	WOWMOM	\N	\N
876	Canada-France Conference on Parallel and Distributed Computing	Canada-France Conference on Parallel and Distributed Computing	\N	\N
877	EUROSEC	EUROSEC	\N	\N
878	SIGCOMM	SIGCOMM	\N	\N
879	HotSDN	HotSDN	\N	\N
880	Green Networking	Green Networking	\N	\N
881	PRESTO	PRESTO	\N	\N
882	WREN	WREN	\N	\N
883	NetEcon	NetEcon	\N	\N
884	MobiHeld	MobiHeld	\N	\N
885	VISA	VISA	\N	\N
886	WOSN	WOSN	\N	\N
887	ApSys	ApSys	\N	\N
888	VTC Fall	VTC Fall	\N	\N
889	VTC Spring	VTC Spring	\N	\N
890	VTC Fall (2)	VTC Fall (2)	\N	\N
891	VTC	VTC	\N	\N
892	ICCD	ICCD	\N	\N
893	IW-SAPF	IW-SAPF	\N	\N
894	Inference Control in Statistical Databases	Inference Control in Statistical Databases	\N	\N
895	INTELLCOMM	INTELLCOMM	\N	\N
896	Symposium on Solid Modeling and Applications	Symposium on Solid Modeling and Applications	\N	\N
897	Solid Modeling and Applications	Solid Modeling and Applications	\N	\N
898	Symposium on Solid and Physical Modeling	Symposium on Solid and Physical Modeling	\N	\N
899	EMO	EMO	\N	\N
900	CDMA International Conference	CDMA International Conference	\N	\N
901	JIDBD	JIDBD	\N	\N
902	JISBD	JISBD	\N	\N
903	NAPAW	NAPAW	\N	\N
904	METMBS	METMBS	\N	\N
905	International Workshop on Constraint Solving and Constraint Logic Programming	International Workshop on Constraint Solving and Constraint Logic Programming	\N	\N
906	Informatik für den Umweltschutz	Informatik für den Umweltschutz	\N	\N
907	Informatik im Umweltschutz	Informatik im Umweltschutz	\N	\N
908	Informatikanwendungen im Umweltbereich	Informatikanwendungen im Umweltbereich	\N	\N
909	Konzeption und Einsatz von Umweltinformationssystemen	Konzeption und Einsatz von Umweltinformationssystemen	\N	\N
910	Visualisierung von Umweltdaten	Visualisierung von Umweltdaten	\N	\N
911	SSDGP	SSDGP	\N	\N
912	WEB	WEB	\N	\N
913	CIAA	CIAA	\N	\N
914	Workshop on Implementing Automata	Workshop on Implementing Automata	\N	\N
915	WIA	WIA	\N	\N
916	SAFECOMP	SAFECOMP	\N	\N
917	ASCoMS@SAFECOMP	ASCoMS@SAFECOMP	\N	\N
918	SAFECOMP Workshops	SAFECOMP Workshops	\N	\N
919	SASSUR@SAFECOMP	SASSUR@SAFECOMP	\N	\N
920	DECS@SAFECOMP	DECS@SAFECOMP	\N	\N
921	CARS@SAFECOMP	CARS@SAFECOMP	\N	\N
922	CT-RSA	CT-RSA	\N	\N
923	IEEE Visualization	IEEE Visualization	\N	\N
924	ISGT Europe	ISGT Europe	\N	\N
925	VAST	VAST	\N	\N
926	Virtual Reality, Archeology, and Cultural Heritage	Virtual Reality, Archeology, and Cultural Heritage	\N	\N
927	ECUMN	ECUMN	\N	\N
928	SASO Workshops	SASO Workshops	\N	\N
929	SASO	SASO	\N	\N
930	TIDSE	TIDSE	\N	\N
931	PARA	PARA	\N	\N
932	PARA (1)	PARA (1)	\N	\N
933	PARA (2)	PARA (2)	\N	\N
934	CODAS	CODAS	\N	\N
935	Mobile Robots	Mobile Robots	\N	\N
936	Microelectronics Reliability	Microelectronics Reliability	\N	\N
937	ICSAMOS	ICSAMOS	\N	\N
938	SAMOS	SAMOS	\N	\N
939	Embedded Processor Design Challenges	Embedded Processor Design Challenges	\N	\N
940	LDTA	LDTA	\N	\N
941	Semantics in Databases	Semantics in Databases	\N	\N
942	SDKB	SDKB	\N	\N
943	SWWS	SWWS	\N	\N
944	IEEE METRICS	IEEE METRICS	\N	\N
945	ADL	ADL	\N	\N
946	VR	VR	\N	\N
947	VRAIS	VRAIS	\N	\N
948	OOPSLA Companion	OOPSLA Companion	\N	\N
949	OOPSLA	OOPSLA	\N	\N
950	PLATEAU	PLATEAU	\N	\N
951	SPLASH/OOPSLA Companion	SPLASH/OOPSLA Companion	\N	\N
952	SPLASH	SPLASH	\N	\N
953	OOPSLA/ECOOP	OOPSLA/ECOOP	\N	\N
954	OOPSLA Addendum	OOPSLA Addendum	\N	\N
955	SPLASH Workshops	SPLASH Workshops	\N	\N
956	SPLASH (Companion Volume)	SPLASH (Companion Volume)	\N	\N
957	Onward!	Onward!	\N	\N
958	OOPSLA Workshop on Eclipse Technology eXchange	OOPSLA Workshop on Eclipse Technology eXchange	\N	\N
959	Security for Object-Oriented Systems	Security for Object-Oriented Systems	\N	\N
960	PSI EtA	PSI EtA	\N	\N
961	WICSA	WICSA	\N	\N
962	WICSA/ECSA	WICSA/ECSA	\N	\N
963	SOAR	SOAR	\N	\N
964	WICSA/ECSA Companion Volume	WICSA/ECSA Companion Volume	\N	\N
965	ISQED	ISQED	\N	\N
966	RTNS	RTNS	\N	\N
967	VISAPP (1)	VISAPP (1)	\N	\N
968	VISAPP (2)	VISAPP (2)	\N	\N
969	VISAPP (Special Sessions)	VISAPP (Special Sessions)	\N	\N
970	VISAPP	VISAPP	\N	\N
971	VISIGRAPP (Selected Papers)	VISIGRAPP (Selected Papers)	\N	\N
972	VISAPP (Workshop on Robot Perception)	VISAPP (Workshop on Robot Perception)	\N	\N
973	VISAPP (Workshop on on Robot Vision)	VISAPP (Workshop on on Robot Vision)	\N	\N
974	Automated Deduction in Geometry	Automated Deduction in Geometry	\N	\N
975	LANOMS	LANOMS	\N	\N
976	IASTED PDCS	IASTED PDCS	\N	\N
977	PDCS	PDCS	\N	\N
978	MDEIS	MDEIS	\N	\N
979	Modelling and Evaluation of ATM Networks	Modelling and Evaluation of ATM Networks	\N	\N
980	WUWNet	WUWNet	\N	\N
981	CGIV	CGIV	\N	\N
982	STIDS	STIDS	\N	\N
983	IWAP	IWAP	\N	\N
984	PPPJ	PPPJ	\N	\N
985	PPPJ/IRE	PPPJ/IRE	\N	\N
986	Graph Theory and Algorithms	Graph Theory and Algorithms	\N	\N
987	MICAI	MICAI	\N	\N
988	MICAI (1)	MICAI (1)	\N	\N
989	MICAI (Special Sessions)	MICAI (Special Sessions)	\N	\N
990	MICAI (2)	MICAI (2)	\N	\N
991	LoLaCOM	LoLaCOM	\N	\N
992	User Interfaces for All	User Interfaces for All	\N	\N
993	JCDCG	JCDCG	\N	\N
994	KyotoCGGT	KyotoCGGT	\N	\N
995	IJCCGGT	IJCCGGT	\N	\N
996	ELeGI Conference	ELeGI Conference	\N	\N
997	Digital Image Processing Systems	Digital Image Processing Systems	\N	\N
998	ICARA (selected extended papers)	ICARA (selected extended papers)	\N	\N
999	ICARA	ICARA	\N	\N
1000	SECON	SECON	\N	\N
1001	Computational Intelligence	Computational Intelligence	\N	\N
1002	WOD	WOD	\N	\N
1003	CN	CN	\N	\N
1004	International Computing Symposium	International Computing Symposium	\N	\N
1005	MEDI	MEDI	\N	\N
1006	ILC	ILC	\N	\N
1007	Agile Development Conference	Agile Development Conference	\N	\N
1008	AGILE	AGILE	\N	\N
1009	ESERNET	ESERNET	\N	\N
1010	Computational Aesthetics	Computational Aesthetics	\N	\N
1011	Answer Set Programming	Answer Set Programming	\N	\N
1012	ICETE (2)	ICETE (2)	\N	\N
1013	DCNET/ICE-B/OPTICS	DCNET/ICE-B/OPTICS	\N	\N
1014	ICETE (Invited Speakers)	ICETE (Invited Speakers)	\N	\N
1015	ICE-B	ICE-B	\N	\N
1016	ICETE	ICETE	\N	\N
1017	DCNET/OPTICS	DCNET/OPTICS	\N	\N
1018	ICETE (3)	ICETE (3)	\N	\N
1019	ICETE (1)	ICETE (1)	\N	\N
1020	IMMoA	IMMoA	\N	\N
1021	ICDF2C	ICDF2C	\N	\N
1022	CoNEXT	CoNEXT	\N	\N
1023	ACM Great Lakes Symposium on VLSI	ACM Great Lakes Symposium on VLSI	\N	\N
1024	Great Lakes Symposium on VLSI	Great Lakes Symposium on VLSI	\N	\N
1025	GbRPR	GbRPR	\N	\N
1026	XP4.5 Workshop on Database Theory	XP4.5 Workshop on Database Theory	\N	\N
1027	XP2 Workshop on Relational Database Theory	XP2 Workshop on Relational Database Theory	\N	\N
1028	XP1 Workshop on Database Theory	XP1 Workshop on Database Theory	\N	\N
1029	XP7.52 Workshop on Database Theory	XP7.52 Workshop on Database Theory	\N	\N
1030	GMM EMV	GMM EMV	\N	\N
1031	Logic at Work	Logic at Work	\N	\N
1032	LARC	LARC	\N	\N
1033	GMP	GMP	\N	\N
1034	GMAG	GMAG	\N	\N
1035	SCESM	SCESM	\N	\N
1036	RE	RE	\N	\N
1037	ICRE	ICRE	\N	\N
1038	Requirements Engineering	Requirements Engineering	\N	\N
1039	MoDRE	MoDRE	\N	\N
1040	RELAW	RELAW	\N	\N
1041	ER@BR	ER@BR	\N	\N
1042	REET	REET	\N	\N
1043	REVOTE	REVOTE	\N	\N
1044	RePa	RePa	\N	\N
1045	RESS	RESS	\N	\N
1046	RESC	RESC	\N	\N
1047	RE4SuSy@RE	RE4SuSy@RE	\N	\N
1048	DSDM	DSDM	\N	\N
1049	LOPSTR	LOPSTR	\N	\N
1050	LOPSTR (LNCS 2042: Selected Papers)	LOPSTR (LNCS 2042: Selected Papers)	\N	\N
1051	Program Development in Computational Logic	Program Development in Computational Logic	\N	\N
1052	META	META	\N	\N
1053	STAST	STAST	\N	\N
1054	FCCM	FCCM	\N	\N
1055	ICPR	ICPR	\N	\N
1056	ICPR (4)	ICPR (4)	\N	\N
1057	ICPR (1)	ICPR (1)	\N	\N
1058	ICPR (3)	ICPR (3)	\N	\N
1059	ICPR (2)	ICPR (2)	\N	\N
1060	ICPR Contests	ICPR Contests	\N	\N
1061	WMMP	WMMP	\N	\N
1062	HBU	HBU	\N	\N
1063	ICIW	ICIW	\N	\N
1064	ISORC	ISORC	\N	\N
1065	Symposium on Object-Oriented Real-Time Distributed Computing	Symposium on Object-Oriented Real-Time Distributed Computing	\N	\N
1066	ISORC Workshops	ISORC Workshops	\N	\N
1067	SERA	SERA	\N	\N
1068	SERA (selected papers)	SERA (selected papers)	\N	\N
1069	OSC	OSC	\N	\N
1070	ITS	ITS	\N	\N
1071	Tabletop	Tabletop	\N	\N
1072	BICS	BICS	\N	\N
1073	HPCA	HPCA	\N	\N
1074	IFIP Congress	IFIP Congress	\N	\N
1075	IFIP Congress (1)	IFIP Congress (1)	\N	\N
1076	IFIP Congress (2)	IFIP Congress (2)	\N	\N
1077	IFIP Congress (3)	IFIP Congress (3)	\N	\N
1078	IFIP Student Forum	IFIP Student Forum	\N	\N
1079	E-HEALTH	E-HEALTH	\N	\N
1080	Protocol Specification, Testing, and Verification	Protocol Specification, Testing, and Verification	\N	\N
1081	IFIP World Conference on IT Tools	IFIP World Conference on IT Tools	\N	\N
1082	IFIP Congress Topical Sessions	IFIP Congress Topical Sessions	\N	\N
1083	Trends in Distributed Systems for Electronic Commerce	Trends in Distributed Systems for Electronic Commerce	\N	\N
1084	IFIP World Conference on Mobile Communications	IFIP World Conference on Mobile Communications	\N	\N
1085	IFIP Congress Tutorials	IFIP Congress Tutorials	\N	\N
1086	EAI2N	EAI2N	\N	\N
1087	ECS	ECS	\N	\N
1088	Communication Systems: The State of the Art (IFIP World Computer Congress)	Communication Systems: The State of the Art (IFIP World Computer Congress)	\N	\N
1089	Advanced Programming Environments	Advanced Programming Environments	\N	\N
1090	IFIP Workshop on Advanced Software Engineering	IFIP Workshop on Advanced Software Engineering	\N	\N
1091	IFIP Congress: Fundamentals - Foundations of Computer Science	IFIP Congress: Fundamentals - Foundations of Computer Science	\N	\N
1092	ECIW	ECIW	\N	\N
1093	SGAI Conf.	SGAI Conf.	\N	\N
1094	SMA@BCS-SGAI	SMA@BCS-SGAI	\N	\N
1095	WIDM	WIDM	\N	\N
1096	Workshop on Web Information and Data Management	Workshop on Web Information and Data Management	\N	\N
1097	SIGSAND	SIGSAND	\N	\N
1098	SIGSAND-EUROPE	SIGSAND-EUROPE	\N	\N
1099	SKG	SKG	\N	\N
1100	ICITS	ICITS	\N	\N
1101	IuK	IuK	\N	\N
1102	SACI	SACI	\N	\N
1103	ISAS	ISAS	\N	\N
1104	ICCI	ICCI	\N	\N
1105	SoICT	SoICT	\N	\N
1106	ISVD	ISVD	\N	\N
1107	EuroPKI	EuroPKI	\N	\N
1108	EDBT Workshops	EDBT Workshops	\N	\N
1109	ICB	ICB	\N	\N
1110	IJCB	IJCB	\N	\N
1111	ICFEM	ICFEM	\N	\N
1112	EWRL	EWRL	\N	\N
1113	DaMoN	DaMoN	\N	\N
1114	ESA	ESA	\N	\N
1115	Embedded Systems and Applications	Embedded Systems and Applications	\N	\N
1116	ESA/VLSI	ESA/VLSI	\N	\N
1117	AH	AH	\N	\N
1118	GreeNets	GreeNets	\N	\N
1119	CANS	CANS	\N	\N
1120	MABS	MABS	\N	\N
1121	ACSC	ACSC	\N	\N
1122	OWLED	OWLED	\N	\N
1123	ICWE	ICWE	\N	\N
1124	ICWE Workshops	ICWE Workshops	\N	\N
1125	MDWE	MDWE	\N	\N
1126	AEWSE	AEWSE	\N	\N
1127	GTTSE	GTTSE	\N	\N
1128	IADT	IADT	\N	\N
1129	ICDT	ICDT	\N	\N
1130	EROW	EROW	\N	\N
1131	SoSE	SoSE	\N	\N
1132	SpringSim	SpringSim	\N	\N
1133	SpringSim (TMS-DEVS)	SpringSim (TMS-DEVS)	\N	\N
1134	SpringSim (SimAUD)	SpringSim (SimAUD)	\N	\N
1135	SpringSim (HPC)	SpringSim (HPC)	\N	\N
1136	SpringSim (2)	SpringSim (2)	\N	\N
1137	SpringSim (CNS)	SpringSim (CNS)	\N	\N
1138	SpringSim (EAIA)	SpringSim (EAIA)	\N	\N
1139	SpringSim (3)	SpringSim (3)	\N	\N
1140	SpringSim (ANSS)	SpringSim (ANSS)	\N	\N
1141	SpringSim (MMS)	SpringSim (MMS)	\N	\N
1142	SpringSim (ADS)	SpringSim (ADS)	\N	\N
1143	SpringSim (1)	SpringSim (1)	\N	\N
1144	AHS	AHS	\N	\N
1145	AT	AT	\N	\N
1146	Workshop on Parallel Lisp	Workshop on Parallel Lisp	\N	\N
1147	Aspekte der Selbstorganisation	Aspekte der Selbstorganisation	\N	\N
1148	HOT-P2P	HOT-P2P	\N	\N
1149	HotNets	HotNets	\N	\N
1150	HotDep	HotDep	\N	\N
1151	IFL	IFL	\N	\N
1152	Implementation of Functional Languages	Implementation of Functional Languages	\N	\N
1153	ICMI	ICMI	\N	\N
1154	ICMI-MLMI	ICMI-MLMI	\N	\N
1155	ECKM	ECKM	\N	\N
1156	SGDA	SGDA	\N	\N
1157	DepCoS-RELCOMEX	DepCoS-RELCOMEX	\N	\N
1158	Multiagent Systems and Software Architecture	Multiagent Systems and Software Architecture	\N	\N
1159	HPCN Europe	HPCN Europe	\N	\N
1160	HPCN	HPCN	\N	\N
1161	Eurobot Conference	Eurobot Conference	\N	\N
1162	The IOTA Programming System	The IOTA Programming System	\N	\N
1163	ICRA	ICRA	\N	\N
1164	ICRA (2)	ICRA (2)	\N	\N
1165	ICRA (3)	ICRA (3)	\N	\N
1166	ICRA (1)	ICRA (1)	\N	\N
1167	RuleML Europe	RuleML Europe	\N	\N
1168	RuleML America	RuleML America	\N	\N
1169	RuleML	RuleML	\N	\N
1170	RuleML Challenge	RuleML Challenge	\N	\N
1171	RuleML (2)	RuleML (2)	\N	\N
1172	RuleML America (2)	RuleML America (2)	\N	\N
1173	3D-GIS	3D-GIS	\N	\N
1174	Human.Society@Internet	Human.Society@Internet	\N	\N
1175	Human.Society@Internet 2003	Human.Society@Internet 2003	\N	\N
1176	CSL	CSL	\N	\N
1177	ECMAST	ECMAST	\N	\N
1178	ACII (1)	ACII (1)	\N	\N
1179	ACII	ACII	\N	\N
1180	ACII (2)	ACII (2)	\N	\N
1181	NCA	NCA	\N	\N
1182	IS4TH	IS4TH	\N	\N
1183	PSSE	PSSE	\N	\N
1184	SSDBM	SSDBM	\N	\N
1185	ICSP	ICSP	\N	\N
1186	PReMI	PReMI	\N	\N
1187	IMSA	IMSA	\N	\N
1188	ISPDC	ISPDC	\N	\N
1189	ISPDC/HeteroPar	ISPDC/HeteroPar	\N	\N
1190	Algorithmic Algebra and Logic	Algorithmic Algebra and Logic	\N	\N
1191	Words, Semigroups, and Transductions	Words, Semigroups, and Transductions	\N	\N
1192	Graph Transformations and Model-Driven Engineering	Graph Transformations and Model-Driven Engineering	\N	\N
1193	Herausforderungen in der Wirtschaftsinformatik	Herausforderungen in der Wirtschaftsinformatik	\N	\N
1194	Logic versus Approximation	Logic versus Approximation	\N	\N
1195	Languages Alive	Languages Alive	\N	\N
1196	Specification, Algebra, and Software	Specification, Algebra, and Software	\N	\N
1197	New Trends in Formal Languages	New Trends in Formal Languages	\N	\N
1198	Concurrency, Graphs and Models	Concurrency, Graphs and Models	\N	\N
1199	Essays in Memory of Ole-Johan Dahl	Essays in Memory of Ole-Johan Dahl	\N	\N
1200	Verification: Theory and Practice	Verification: Theory and Practice	\N	\N
1201	Computational Logic: Logic Programming and Beyond	Computational Logic: Logic Programming and Beyond	\N	\N
1202	Information Theory, Combinatorics, and Search Theory	Information Theory, Combinatorics, and Search Theory	\N	\N
1203	Cryptography and Security	Cryptography and Security	\N	\N
1204	Computation, Physics and Beyond	Computation, Physics and Beyond	\N	\N
1205	Where Mathematics, Computer Science, Linguistics and Biology Meet	Where Mathematics, Computer Science, Linguistics and Biology Meet	\N	\N
1206	Dependable and Historic Computing	Dependable and Historic Computing	\N	\N
1207	Programming Logics	Programming Logics	\N	\N
1208	Software Service and Application Engineering	Software Service and Application Engineering	\N	\N
1209	Advances in Algorithms, Languages, and Complexity	Advances in Algorithms, Languages, and Complexity	\N	\N
1210	Formal Methods in Software and Systems Modeling	Formal Methods in Software and Systems Modeling	\N	\N
1211	Formal and Natural Computing	Formal and Natural Computing	\N	\N
1212	New Results and New Trends in Computer Science	New Results and New Trends in Computer Science	\N	\N
1213	Theory Is Forever	Theory Is Forever	\N	\N
1214	Formal Modeling: Actors, Open Systems, Biological Systems	Formal Modeling: Actors, Open Systems, Biological Systems	\N	\N
1215	PCK50	PCK50	\N	\N
1216	Algorithms and Applications	Algorithms and Applications	\N	\N
1217	From Active Data Management to Event-Based Systems and More	From Active Data Management to Event-Based Systems and More	\N	\N
1218	Theories of Programming and Formal Methods	Theories of Programming and Formal Methods	\N	\N
1219	Data Management in a Connected World	Data Management in a Connected World	\N	\N
1220	Logic Programming, Knowledge Representation, and Nonmonotonic Reasoning	Logic Programming, Knowledge Representation, and Nonmonotonic Reasoning	\N	\N
1221	Turing-100	Turing-100	\N	\N
1222	Aspects of Natural Language Processing	Aspects of Natural Language Processing	\N	\N
1223	Program Analysis and Compilation	Program Analysis and Compilation	\N	\N
1224	Aspects of Molecular Computing	Aspects of Molecular Computing	\N	\N
1225	25 Years Communicating Sequential Processes	25 Years Communicating Sequential Processes	\N	\N
1226	Informatik in Recht und Verwaltung	Informatik in Recht und Verwaltung	\N	\N
1227	Fields of Logic and Computation	Fields of Logic and Computation	\N	\N
1228	In Search of Elegance in the Theory and Practice of Computation	In Search of Elegance in the Theory and Practice of Computation	\N	\N
1229	Automata, Formal Languages, and Related Topics	Automata, Formal Languages, and Related Topics	\N	\N
1230	Computation Theory and Logic	Computation Theory and Logic	\N	\N
1231	Essays in Memory of Shimon Even	Essays in Memory of Shimon Even	\N	\N
1232	Categories and Types in Logic, Language, and Physics	Categories and Types in Logic, Language, and Physics	\N	\N
1233	Informatik zwischen Wissenschaft und Gesellschaft	Informatik zwischen Wissenschaft und Gesellschaft	\N	\N
1234	Computational Logic - Essays in Honor of Alan Robinson	Computational Logic - Essays in Honor of Alan Robinson	\N	\N
1235	Foundations for the Web of Information and Services	Foundations for the Web of Information and Services	\N	\N
1236	Efficient Algorithms	Efficient Algorithms	\N	\N
1237	We Will Show Them! (2)	We Will Show Them! (2)	\N	\N
1238	Space-Efficient Data Structures, Streams, and Algorithms	Space-Efficient Data Structures, Streams, and Algorithms	\N	\N
1239	Processes, Terms and Cycles	Processes, Terms and Cycles	\N	\N
1240	Automated Reasoning and Mathematics	Automated Reasoning and Mathematics	\N	\N
1241	Semantics and Algebraic Specification	Semantics and Algebraic Specification	\N	\N
1242	Proof, Language, and Interaction	Proof, Language, and Interaction	\N	\N
1243	Pillars of Computer Science	Pillars of Computer Science	\N	\N
1244	Foundations of Computer Science: Potential - Theory - Cognition	Foundations of Computer Science: Potential - Theory - Cognition	\N	\N
1245	Formal Models, Languages and Applications	Formal Models, Languages and Applications	\N	\N
1246	Wissen in Aktion	Wissen in Aktion	\N	\N
1247	Essays Dedicated to Joseph A. Goguen	Essays Dedicated to Joseph A. Goguen	\N	\N
1248	Mechanizing Mathematical Reasoning	Mechanizing Mathematical Reasoning	\N	\N
1249	Logic and Program Semantics	Logic and Program Semantics	\N	\N
1250	40 Jahre Informatik @ Braunschweig	40 Jahre Informatik @ Braunschweig	\N	\N
1251	Advances in Real-Time Systems	Advances in Real-Time Systems	\N	\N
1252	Formal Methods and Hybrid Real-Time Systems	Formal Methods and Hybrid Real-Time Systems	\N	\N
1253	Jewels are Forever	Jewels are Forever	\N	\N
1254	Conceptual Modelling and Its Theoretical Foundations	Conceptual Modelling and Its Theoretical Foundations	\N	\N
1255	Conceptual Modeling: Foundations and Applications	Conceptual Modeling: Foundations and Applications	\N	\N
1256	Algebraic and Proof-theoretic Aspects of Non-classical Logics	Algebraic and Proof-theoretic Aspects of Non-classical Logics	\N	\N
1257	Number Theory and Cryptography	Number Theory and Cryptography	\N	\N
1258	Algorithmic Probability and Friends	Algorithmic Probability and Friends	\N	\N
1259	Correct System Design	Correct System Design	\N	\N
1260	Structures in Logic and Computer Science	Structures in Logic and Computer Science	\N	\N
1261	Concurrency, Compositionality, and Correctness	Concurrency, Compositionality, and Correctness	\N	\N
1262	Graph Theory, Computational Intelligence and Thought	Graph Theory, Computational Intelligence and Thought	\N	\N
1263	From Integrated Publication and Information Systems to Virtual Information and Knowledge Environments	From Integrated Publication and Information Systems to Virtual Information and Knowledge Environments	\N	\N
1264	Results and Trends in Theoretical Computer Science	Results and Trends in Theoretical Computer Science	\N	\N
1265	The Beauty of Functional Code	The Beauty of Functional Code	\N	\N
1266	Designing Information Systems	Designing Information Systems	\N	\N
1267	Logic and Automata	Logic and Automata	\N	\N
1268	Rewriting, Computation and Proof	Rewriting, Computation and Proof	\N	\N
1269	Logic Programs, Norms and Action	Logic Programs, Norms and Action	\N	\N
1270	Informationswirtschaft: Ein Sektor mit Zukunft	Informationswirtschaft: Ein Sektor mit Zukunft	\N	\N
1271	Logic and Grammar	Logic and Grammar	\N	\N
1272	Essays in Memory of Amir Pnueli	Essays in Memory of Amir Pnueli	\N	\N
1273	The Essence of Computation	The Essence of Computation	\N	\N
1274	Grammars and Automata for String Processing	Grammars and Automata for String Processing	\N	\N
1275	Recent Topics in Mathematical and Computational Linguistics	Recent Topics in Mathematical and Computational Linguistics	\N	\N
1276	The Multivariate Algorithmic Revolution and Beyond	The Multivariate Algorithmic Revolution and Beyond	\N	\N
1277	Computation, Cooperation, and Life	Computation, Cooperation, and Life	\N	\N
1278	We Will Show Them! (1)	We Will Show Them! (1)	\N	\N
1279	The School of Niklaus Wirth	The School of Niklaus Wirth	\N	\N
1280	Rainbow of Computer Science	Rainbow of Computer Science	\N	\N
1281	Correct Reasoning	Correct Reasoning	\N	\N
1282	Computation, Logic, Games, and Quantum Foundations	Computation, Logic, Games, and Quantum Foundations	\N	\N
1283	Algebraic Foundations in Computer Science	Algebraic Foundations in Computer Science	\N	\N
1284	Reasoning, Action and Interaction in AI Theories and Systems	Reasoning, Action and Interaction in AI Theories and Systems	\N	\N
1285	The Future of Software Engineering	The Future of Software Engineering	\N	\N
1286	Theoretical Studies in Computer Science	Theoretical Studies in Computer Science	\N	\N
1287	Verification, Induction, Termination Analysis	Verification, Induction, Termination Analysis	\N	\N
1288	Computer Science in Perspective	Computer Science in Perspective	\N	\N
1289	Rigorous Methods for Software Construction and Analysis	Rigorous Methods for Software Construction and Analysis	\N	\N
1290	Automated Reasoning: Essays in Honor of Woody Bledsoe	Automated Reasoning: Essays in Honor of Woody Bledsoe	\N	\N
1291	Shall We Play the Festschrift Game?	Shall We Play the Festschrift Game?	\N	\N
1292	Intellectics and Computational Logic	Intellectics and Computational Logic	\N	\N
1293	Logic, Language and Computation	Logic, Language and Computation	\N	\N
1294	Menschengerechte Softwaregestaltung	Menschengerechte Softwaregestaltung	\N	\N
1295	Languages: From Formal to Natural	Languages: From Formal to Natural	\N	\N
1296	HIP	HIP	\N	\N
1297	INOC	INOC	\N	\N
1298	CISIS	CISIS	\N	\N
1299	PCRCW	PCRCW	\N	\N
1300	ICEIMT	ICEIMT	\N	\N
1301	Critical Computing	Critical Computing	\N	\N
1302	WImBI	WImBI	\N	\N
1303	GameSec	GameSec	\N	\N
1304	Cross-Organisational Workflow Management and Co-ordination	Cross-Organisational Workflow Management and Co-ordination	\N	\N
1305	Enterprise-wide and Cross-enterprise Workflow Management	Enterprise-wide and Cross-enterprise Workflow Management	\N	\N
1306	FoSSaCS	FoSSaCS	\N	\N
1307	HIKM	HIKM	\N	\N
1308	ICESS	ICESS	\N	\N
1309	CLOUDNET	CLOUDNET	\N	\N
1310	ICVGIP	ICVGIP	\N	\N
1311	PAISI	PAISI	\N	\N
1312	WELCOM	WELCOM	\N	\N
1313	ICBA	ICBA	\N	\N
1314	IWIA	IWIA	\N	\N
1315	SEAFOOD	SEAFOOD	\N	\N
1316	M-Services	M-Services	\N	\N
1317	E2EMON	E2EMON	\N	\N
1318	PATAT	PATAT	\N	\N
1319	TYPES	TYPES	\N	\N
1320	EGC	EGC	\N	\N
1321	ISCIS	ISCIS	\N	\N
1322	CISS	CISS	\N	\N
1323	CALISCE	CALISCE	\N	\N
1324	REFSQ	REFSQ	\N	\N
1325	ISCC	ISCC	\N	\N
1326	RACS	RACS	\N	\N
1327	AAA-IDEA	AAA-IDEA	\N	\N
1328	TAPD	TAPD	\N	\N
1329	IMF	IMF	\N	\N
1330	ICWIT	ICWIT	\N	\N
1331	VDM Europe (2)	VDM Europe (2)	\N	\N
1332	FME	FME	\N	\N
1333	World Congress on Formal Methods	World Congress on Formal Methods	\N	\N
1334	VDM Europe (1)	VDM Europe (1)	\N	\N
1335	FM	FM	\N	\N
1336	VDM Europe	VDM Europe	\N	\N
1337	Program Specification	Program Specification	\N	\N
1338	FM-Trends	FM-Trends	\N	\N
1339	The Use of Formal Specification of Software	The Use of Formal Specification of Software	\N	\N
1340	The Vienna Development Method: The Meta-Language	The Vienna Development Method: The Meta-Language	\N	\N
1341	Expert Systems in Engineering	Expert Systems in Engineering	\N	\N
1342	MRC	MRC	\N	\N
1343	DG.O	DG.O	\N	\N
1344	D.GO	D.GO	\N	\N
1345	Computer Graphics International	Computer Graphics International	\N	\N
1346	CGI	CGI	\N	\N
1347	Information Retrieval	Information Retrieval	\N	\N
1348	Textverarbeitung und Informatik	Textverarbeitung und Informatik	\N	\N
1349	ICCNMC	ICCNMC	\N	\N
1350	Audio Mostly Conference	Audio Mostly Conference	\N	\N
1351	Technologies for Collaborative Business Process Management	Technologies for Collaborative Business Process Management	\N	\N
1352	ICA3PP	ICA3PP	\N	\N
1353	ICA3PP (2)	ICA3PP (2)	\N	\N
1354	ICA3PP (1)	ICA3PP (1)	\N	\N
1355	InfraSec	InfraSec	\N	\N
1356	WWIC	WWIC	\N	\N
1357	CASCON	CASCON	\N	\N
1358	The Smart Internet	The Smart Internet	\N	\N
1359	The Personal Web	The Personal Web	\N	\N
1360	ASYNC	ASYNC	\N	\N
1361	DSL	DSL	\N	\N
1362	Intelligent Tutoring Systems (1)	Intelligent Tutoring Systems (1)	\N	\N
1363	Intelligent Tutoring Systems	Intelligent Tutoring Systems	\N	\N
1364	Intelligent Tutoring Systems (2)	Intelligent Tutoring Systems (2)	\N	\N
1365	TLCA	TLCA	\N	\N
1366	ISoLA (2)	ISoLA (2)	\N	\N
1367	ISoLA	ISoLA	\N	\N
1368	ISoLA (Preliminary proceedings)	ISoLA (Preliminary proceedings)	\N	\N
1369	ISoLA (1)	ISoLA (1)	\N	\N
1370	ISoLA Workshops	ISoLA Workshops	\N	\N
1371	SOFTEKS Workshop on Incompleteness and Uncertainty in Information Systems	SOFTEKS Workshop on Incompleteness and Uncertainty in Information Systems	\N	\N
1372	EELC	EELC	\N	\N
1373	EPEW	EPEW	\N	\N
1374	EPEW/UKPEW	EPEW/UKPEW	\N	\N
1375	EPEW/WS-FM	EPEW/WS-FM	\N	\N
1376	Graph Partitioning and Graph Clustering	Graph Partitioning and Graph Clustering	\N	\N
1377	Descriptive Complexity and Finite Models	Descriptive Complexity and Finite Models	\N	\N
1378	Algorithmic and Quantitative Aspects of Real Algebraic Geometry in Mathematics and Computer Science	Algorithmic and Quantitative Aspects of Real Algebraic Geometry in Mathematics and Computer Science	\N	\N
1379	CADUI	CADUI	\N	\N
1380	IDT	IDT	\N	\N
1381	ICWCA	ICWCA	\N	\N
1382	IWDW	IWDW	\N	\N
1383	RWS	RWS	\N	\N
1384	CSREA EEE	CSREA EEE	\N	\N
1385	CSREA EE	CSREA EE	\N	\N
1386	Software Management	Software Management	\N	\N
1387	ESANN	ESANN	\N	\N
1388	AGILE Conf.	AGILE Conf.	\N	\N
1389	FCST	FCST	\N	\N
1390	TMFCS	TMFCS	\N	\N
1391	ISCA	ISCA	\N	\N
1392	25 Years ISCA: Retrospectives and Reprints	25 Years ISCA: Retrospectives and Reprints	\N	\N
1393	ISCA Workshops	ISCA Workshops	\N	\N
1394	MES	MES	\N	\N
1395	K-CAP	K-CAP	\N	\N
1396	Integrating Ontologies	Integrating Ontologies	\N	\N
1397	WoMO	WoMO	\N	\N
1398	Semannot@K-CAP 2001	Semannot@K-CAP 2001	\N	\N
1399	SAAKM	SAAKM	\N	\N
1400	BPMN	BPMN	\N	\N
1401	ETX	ETX	\N	\N
1402	HOIT	HOIT	\N	\N
1403	CAC	CAC	\N	\N
1404	NSW	NSW	\N	\N
1405	CNKBS	CNKBS	\N	\N
1406	CRYPTO (1)	CRYPTO (1)	\N	\N
1407	CRYPTO	CRYPTO	\N	\N
1408	CRYPTO (2)	CRYPTO (2)	\N	\N
1409	TAGT	TAGT	\N	\N
1410	IMECS	IMECS	\N	\N
1411	CBDAR	CBDAR	\N	\N
1412	ISCO	ISCO	\N	\N
1413	VDB	VDB	\N	\N
1414	Neural Networks and Computational Intelligence	Neural Networks and Computational Intelligence	\N	\N
1415	KMGov	KMGov	\N	\N
1416	KDECB	KDECB	\N	\N
1417	WCAE	WCAE	\N	\N
1418	EWCBR	EWCBR	\N	\N
1419	ECCBR	ECCBR	\N	\N
1420	ECCBR Workshops	ECCBR Workshops	\N	\N
1421	CACOA	CACOA	\N	\N
1422	CGAMES	CGAMES	\N	\N
1423	BDA	BDA	\N	\N
1424	ICIAR (1)	ICIAR (1)	\N	\N
1425	ICIAR (2)	ICIAR (2)	\N	\N
1426	ICIAR	ICIAR	\N	\N
1427	SADPI	SADPI	\N	\N
1428	PKAW	PKAW	\N	\N
1429	GREC	GREC	\N	\N
1430	SIGAda	SIGAda	\N	\N
1431	Design and Implementation of Programming Languages	Design and Implementation of Programming Languages	\N	\N
1432	TRI-Ada	TRI-Ada	\N	\N
1433	TRI-Ada Tutorials	TRI-Ada Tutorials	\N	\N
1434	Towards a Formal Description of Ada	Towards a Formal Description of Ada	\N	\N
1435	HILT	HILT	\N	\N
1436	TRI-Ada Tutorials (2)	TRI-Ada Tutorials (2)	\N	\N
1437	TRI-Ada Tutorials (1)	TRI-Ada Tutorials (1)	\N	\N
1438	International Zurich Seminar on Digital Communications	International Zurich Seminar on Digital Communications	\N	\N
1439	BIONETICS	BIONETICS	\N	\N
1440	ESSDERC	ESSDERC	\N	\N
1441	SSIAI	SSIAI	\N	\N
1442	AlMoDEP	AlMoDEP	\N	\N
1443	CAAN	CAAN	\N	\N
1444	IWCC	IWCC	\N	\N
1445	Data Processing Clinic	Data Processing Clinic	\N	\N
1446	ReConFig	ReConFig	\N	\N
1447	SPIN	SPIN	\N	\N
1448	25 Years of Model Checking	25 Years of Model Checking	\N	\N
1449	EC-Web	EC-Web	\N	\N
1450	SEE	SEE	\N	\N
1451	VDA	VDA	\N	\N
1452	GULP-PRODE	GULP-PRODE	\N	\N
1453	APPIA-GULP-PRODE	APPIA-GULP-PRODE	\N	\N
1454	GULP-PRODE (2)	GULP-PRODE (2)	\N	\N
1455	GULP	GULP	\N	\N
1456	GULP-PRODE (1)	GULP-PRODE (1)	\N	\N
1457	25 Years GULP	25 Years GULP	\N	\N
1458	IISA	IISA	\N	\N
1459	NETGAMES	NETGAMES	\N	\N
1460	ISCNZ	ISCNZ	\N	\N
1461	DAISD	DAISD	\N	\N
1462	Logic Colloquium	Logic Colloquium	\N	\N
1463	Key Competencies in the Knowledge Society	Key Competencies in the Knowledge Society	\N	\N
1464	History of Computing in Education	History of Computing in Education	\N	\N
1465	Teleteaching	Teleteaching	\N	\N
1466	Education for the 21st Century	Education for the 21st Century	\N	\N
1467	eTRAIN	eTRAIN	\N	\N
1468	Learning to Live in the Knowledge Society	Learning to Live in the Knowledge Society	\N	\N
1469	TelE-Learning	TelE-Learning	\N	\N
1470	Lifelong Learning in the Digital Age	Lifelong Learning in the Digital Age	\N	\N
1471	INFOS	INFOS	\N	\N
1472	Informatik und Ausbildung	Informatik und Ausbildung	\N	\N
1473	HDI	HDI	\N	\N
1474	DDI	DDI	\N	\N
1475	MIPS	MIPS	\N	\N
1476	AGERE!@SPLASH	AGERE!@SPLASH	\N	\N
1477	NDDL	NDDL	\N	\N
1478	NDDL/VVEIS	NDDL/VVEIS	\N	\N
1479	RANDOM-APPROX	RANDOM-APPROX	\N	\N
1480	RANDOM	RANDOM	\N	\N
1481	JMLC	JMLC	\N	\N
1482	IATA	IATA	\N	\N
1483	EuroNGI Workshop	EuroNGI Workshop	\N	\N
1484	IWSOS/EuroNGI	IWSOS/EuroNGI	\N	\N
1485	IWSSD	IWSSD	\N	\N
1486	IFM	IFM	\N	\N
1487	IRCDL	IRCDL	\N	\N
1488	NLP4DL/AT4DL	NLP4DL/AT4DL	\N	\N
1489	SEC	SEC	\N	\N
1490	TSP	TSP	\N	\N
1491	Secondary School Mathematics in the World of Communication Technology	Secondary School Mathematics in the World of Communication Technology	\N	\N
1492	ICT and the Teacher of the Future	ICT and the Teacher of the Future	\N	\N
1493	Capacity Building for IT in Education in Developing Countries	Capacity Building for IT in Education in Developing Countries	\N	\N
1494	SECIII	SECIII	\N	\N
1495	Informatics and Changes in Learning	Informatics and Changes in Learning	\N	\N
1496	Communications and Networking in Education	Communications and Networking in Education	\N	\N
1497	The Bookmark of the School of the Future	The Bookmark of the School of the Future	\N	\N
1498	Evolutionary Programming	Evolutionary Programming	\N	\N
1499	ITQM	ITQM	\N	\N
1500	TEAR/PRET	TEAR/PRET	\N	\N
1501	TEAR	TEAR	\N	\N
1502	WER	WER	\N	\N
1503	CGVR	CGVR	\N	\N
1504	SCAI	SCAI	\N	\N
1505	ODR	ODR	\N	\N
1506	DaWaK	DaWaK	\N	\N
1507	SVM	SVM	\N	\N
1508	MSN	MSN	\N	\N
1509	ISCN	ISCN	\N	\N
1510	HPAGC	HPAGC	\N	\N
1511	AOIS@CAiSE	AOIS@CAiSE	\N	\N
1512	AOIS	AOIS	\N	\N
1513	AOIS@AAMAS	AOIS@AAMAS	\N	\N
1514	EIT	EIT	\N	\N
1515	CCP	CCP	\N	\N
1516	ICSSI	ICSSI	\N	\N
1517	AKA	AKA	\N	\N
1518	WISTP	WISTP	\N	\N
1519	Computational Combinatorial Optimization	Computational Combinatorial Optimization	\N	\N
1520	TAP	TAP	\N	\N
1521	MUD	MUD	\N	\N
1522	AMCIS	AMCIS	\N	\N
1523	AMCIS/SIGeBIZ	AMCIS/SIGeBIZ	\N	\N
1524	SDH	SDH	\N	\N
1525	ICMENS	ICMENS	\N	\N
1526	ICAIT	ICAIT	\N	\N
1527	LVA/ICA	LVA/ICA	\N	\N
1528	Ethics in Computer Age	Ethics in Computer Age	\N	\N
1529	Multi-Agent-Systems and Applications	Multi-Agent-Systems and Applications	\N	\N
1530	AII	AII	\N	\N
1531	Mathematical Methods of Specification and Synthesis of Software Systems	Mathematical Methods of Specification and Synthesis of Software Systems	\N	\N
1532	CCSEIT	CCSEIT	\N	\N
1533	Developments in Language Theory	Developments in Language Theory	\N	\N
1534	Words, Languages & Combinatorics	Words, Languages & Combinatorics	\N	\N
1535	SECURIT	SECURIT	\N	\N
1536	SYBEN	SYBEN	\N	\N
1537	PSATS	PSATS	\N	\N
1538	SIBGRAPI	SIBGRAPI	\N	\N
1539	SIBGRAPI Tutorials	SIBGRAPI Tutorials	\N	\N
1540	ASIAN	ASIAN	\N	\N
1541	Coordination Technology for Collaborative Applications	Coordination Technology for Collaborative Applications	\N	\N
1542	Lipari Summer School	Lipari Summer School	\N	\N
1543	WADGMM	WADGMM	\N	\N
1544	ICGS3	ICGS3	\N	\N
1545	ICGS3/e-Democracy	ICGS3/e-Democracy	\N	\N
1546	FIDJI	FIDJI	\N	\N
1547	Hardware and Software Architectures for Fault Tolerance	Hardware and Software Architectures for Fault Tolerance	\N	\N
1548	VNC	VNC	\N	\N
1549	VIIP	VIIP	\N	\N
1550	EMEIT	EMEIT	\N	\N
1551	Learning Classifier Systems	Learning Classifier Systems	\N	\N
1552	ICDKE	ICDKE	\N	\N
1553	FORTE	FORTE	\N	\N
1554	FMOODS/FORTE	FMOODS/FORTE	\N	\N
1555	FORTE Workshops	FORTE Workshops	\N	\N
1556	ICITCS	ICITCS	\N	\N
1557	ICSI	ICSI	\N	\N
1558	LADC	LADC	\N	\N
1559	eTELEMED	eTELEMED	\N	\N
1560	SESENA	SESENA	\N	\N
1561	ISSTA	ISSTA	\N	\N
1562	PADTAD	PADTAD	\N	\N
1563	ROSATEA	ROSATEA	\N	\N
1564	Symposium on Testing, Analysis, and Verification	Symposium on Testing, Analysis, and Verification	\N	\N
1565	WODA	WODA	\N	\N
1566	DEFECTS	DEFECTS	\N	\N
1567	QASBA@ISSTA	QASBA@ISSTA	\N	\N
1568	Random Testing	Random Testing	\N	\N
1569	PDATAD	PDATAD	\N	\N
1570	TAV-WEB	TAV-WEB	\N	\N
1571	WTAOP	WTAOP	\N	\N
1572	Parallel and Distributed Computing and Systems	Parallel and Distributed Computing and Systems	\N	\N
1573	Knowledge-Driven Multimedia Information Extraction and Ontology Evolution	Knowledge-Driven Multimedia Information Extraction and Ontology Evolution	\N	\N
1574	ICCC	ICCC	\N	\N
1575	EUROCRYPT	EUROCRYPT	\N	\N
1576	Monterey Workshop	Monterey Workshop	\N	\N
1577	Progress in Discovery Science	Progress in Discovery Science	\N	\N
1578	MUM	MUM	\N	\N
1579	ICLP	ICLP	\N	\N
1580	JICSLP	JICSLP	\N	\N
1581	ICLP Workshop on Logic Programming with Sets	ICLP Workshop on Logic Programming with Sets	\N	\N
1582	ICLP Workshop: Legal Application of Logic Programming	ICLP Workshop: Legal Application of Logic Programming	\N	\N
1583	IJCSLP Workshop on Concurrent and Parallel Implementations	IJCSLP Workshop on Concurrent and Parallel Implementations	\N	\N
1584	ICLP Workshop on Blackboard-Based Logic Programming	ICLP Workshop on Blackboard-Based Logic Programming	\N	\N
1585	ICLP (Technical Communications)	ICLP (Technical Communications)	\N	\N
1586	ICLP Workshop: Parallel and Data Parallel Execution of Logic Programs	ICLP Workshop: Parallel and Data Parallel Execution of Logic Programs	\N	\N
1587	IJCSLP	IJCSLP	\N	\N
1588	ICLP Workshop: Process-Based Parallel Logic Programming	ICLP Workshop: Process-Based Parallel Logic Programming	\N	\N
1589	ICLP Workshop: Proof-Theoretical Extensions on Logic Programming	ICLP Workshop: Proof-Theoretical Extensions on Logic Programming	\N	\N
1590	ICLP Workshop on Construction of Logic Programs	ICLP Workshop on Construction of Logic Programs	\N	\N
1591	ICLP Workshop on Parallel Execution of Logic Programs	ICLP Workshop on Parallel Execution of Logic Programs	\N	\N
1592	ICLP Workshop: Integration of Declarative Paradigms	ICLP Workshop: Integration of Declarative Paradigms	\N	\N
1593	ICLP/SLP	ICLP/SLP	\N	\N
1594	ICLP Workshop: Verification and Analysis of (Concurrent) Logic Languages	ICLP Workshop: Verification and Analysis of (Concurrent) Logic Languages	\N	\N
1595	ICLP Workshop on Concurrent Constraint Programming	ICLP Workshop on Concurrent Constraint Programming	\N	\N
1596	ICLP Workshop: Logic Programming and Education	ICLP Workshop: Logic Programming and Education	\N	\N
1597	ICLP-Workshops on Implementation of Logic Programming Systems	ICLP-Workshops on Implementation of Logic Programming Systems	\N	\N
1598	ALPSWS	ALPSWS	\N	\N
1599	WCB@ICLP	WCB@ICLP	\N	\N
1600	ICLP Workshop on Concurrent, Distributed & Parallel Implementations of Logic Programming Systems	ICLP Workshop on Concurrent, Distributed & Parallel Implementations of Logic Programming Systems	\N	\N
1601	Implementation Technology for Programming Languages based on Logic	Implementation Technology for Programming Languages based on Logic	\N	\N
1602	Structural Complexity and Recursion-theoretic methods in Logic-Programming	Structural Complexity and Recursion-theoretic methods in Logic-Programming	\N	\N
1603	ICLP Workshop: Applications of Logic Programming to Software Engineering	ICLP Workshop: Applications of Logic Programming to Software Engineering	\N	\N
1604	ICLP Workshop: Logic and Reasoning with Neural Networks	ICLP Workshop: Logic and Reasoning with Neural Networks	\N	\N
1605	LPE	LPE	\N	\N
1606	PACLIC	PACLIC	\N	\N
1607	Mycrypt	Mycrypt	\N	\N
1608	Graph Drawing	Graph Drawing	\N	\N
1609	Digital Earth Moving	Digital Earth Moving	\N	\N
1610	COMSWARE	COMSWARE	\N	\N
1611	EuroWeb	EuroWeb	\N	\N
1612	AIME	AIME	\N	\N
1613	KR4HC	KR4HC	\N	\N
1614	KR4HC/ProHealth	KR4HC/ProHealth	\N	\N
1615	K4CARE	K4CARE	\N	\N
1616	CyberC	CyberC	\N	\N
1617	Formal Properties of Finite Automata and Applications	Formal Properties of Finite Automata and Applications	\N	\N
1618	Semantics of Systems of Concurrent Processes	Semantics of Systems of Concurrent Processes	\N	\N
1619	Electronic Dictionaries and Automata in Computational Linguistics	Electronic Dictionaries and Automata in Computational Linguistics	\N	\N
1620	Combinators and Functional Programming Languages	Combinators and Functional Programming Languages	\N	\N
1621	Automata Networks	Automata Networks	\N	\N
1622	Automata on Infinite Words	Automata on Infinite Words	\N	\N
1623	Terminology and Knowledge Engineering	Terminology and Knowledge Engineering	\N	\N
1624	Terminology and Knowledge Engineering (Vol. 2)	Terminology and Knowledge Engineering (Vol. 2)	\N	\N
1625	Terminology and Knowledge Engineering (Vol. 1)	Terminology and Knowledge Engineering (Vol. 1)	\N	\N
1626	ChileCHI	ChileCHI	\N	\N
1627	HERCMA	HERCMA	\N	\N
1628	HAID	HAID	\N	\N
1629	ATMOS	ATMOS	\N	\N
1630	CAV	CAV	\N	\N
1631	VPT@CAV	VPT@CAV	\N	\N
1632	OM	OM	\N	\N
1633	CGC	CGC	\N	\N
1634	WOA	WOA	\N	\N
1635	ISCSCT (1)	ISCSCT (1)	\N	\N
1636	ISCSCT (2)	ISCSCT (2)	\N	\N
1637	Software Engineering Research and Practice	Software Engineering Research and Practice	\N	\N
1638	FaVE	FaVE	\N	\N
1639	CCNC	CCNC	\N	\N
1640	Communication, Network, and Information Security	Communication, Network, and Information Security	\N	\N
1641	DLS	DLS	\N	\N
1642	MMICS	MMICS	\N	\N
1643	WABI	WABI	\N	\N
1644	CVBIA	CVBIA	\N	\N
1645	Future Internet Assembly	Future Internet Assembly	\N	\N
1646	VSMM	VSMM	\N	\N
1647	AICI	AICI	\N	\N
1648	AICI (1)	AICI (1)	\N	\N
1649	AICI (2)	AICI (2)	\N	\N
1650	AICI (3)	AICI (3)	\N	\N
1651	CMCS	CMCS	\N	\N
1652	EuroPLoP	EuroPLoP	\N	\N
1653	ACIIDS (3)	ACIIDS (3)	\N	\N
1654	ACIIDS (1)	ACIIDS (1)	\N	\N
1655	ACIIDS	ACIIDS	\N	\N
1656	ACIIDS (2)	ACIIDS (2)	\N	\N
1657	ACIIDS Posters	ACIIDS Posters	\N	\N
1658	ORE	ORE	\N	\N
1659	CACSD	CACSD	\N	\N
1660	VINCI	VINCI	\N	\N
1661	ISWCS	ISWCS	\N	\N
1662	NMA	NMA	\N	\N
1663	Numerical Methods and Application	Numerical Methods and Application	\N	\N
1664	Numerical Methods and Applications	Numerical Methods and Applications	\N	\N
1665	Public Key Cryptography	Public Key Cryptography	\N	\N
1666	Graphics Interface	Graphics Interface	\N	\N
1667	ADMA	ADMA	\N	\N
1668	ADMA (2)	ADMA (2)	\N	\N
1669	ADMA (1)	ADMA (1)	\N	\N
1670	IWSM/Mensura	IWSM/Mensura	\N	\N
1671	IWSM/Metrikon/Mensura	IWSM/Metrikon/Mensura	\N	\N
1672	IWSM	IWSM	\N	\N
1673	GALOP	GALOP	\N	\N
1674	SIGITE Conference	SIGITE Conference	\N	\N
1675	SIGITE Conference/RIIT	SIGITE Conference/RIIT	\N	\N
1676	EW	EW	\N	\N
1677	Contemporary Knowledge Engineering and Cognition	Contemporary Knowledge Engineering and Cognition	\N	\N
1678	Integrated Network Management	Integrated Network Management	\N	\N
1679	IM	IM	\N	\N
1680	GeoInfo	GeoInfo	\N	\N
1681	HOST	HOST	\N	\N
1682	Fault-Tolerant Computing Systems	Fault-Tolerant Computing Systems	\N	\N
1683	Software-Fehlertoleranz und -Zuverlässigkeit	Software-Fehlertoleranz und -Zuverlässigkeit	\N	\N
1684	Fehlertolerierende Rechensysteme	Fehlertolerierende Rechensysteme	\N	\N
1685	IDC	IDC	\N	\N
1686	International Working Conference on Model Realism	International Working Conference on Model Realism	\N	\N
1687	Symposium on Computer Animation	Symposium on Computer Animation	\N	\N
1688	TPHOLs	TPHOLs	\N	\N
1689	The Seventeen Provers of the World	The Seventeen Provers of the World	\N	\N
1690	HUG	HUG	\N	\N
1691	Systems Engineering in Public Administration	Systems Engineering in Public Administration	\N	\N
1692	IE	IE	\N	\N
1693	UIDIS	UIDIS	\N	\N
1694	CSCWD	CSCWD	\N	\N
1695	CSCWD (Selected papers)	CSCWD (Selected papers)	\N	\N
1696	CSCWD (1)	CSCWD (1)	\N	\N
1697	CSCWD (2)	CSCWD (2)	\N	\N
1698	RIAO	RIAO	\N	\N
1699	Machine Learning Summer School	Machine Learning Summer School	\N	\N
1700	MALWARE	MALWARE	\N	\N
1701	SETA	SETA	\N	\N
1702	UCS	UCS	\N	\N
1703	CLUSTER	CLUSTER	\N	\N
1704	CLUSTER Workshops	CLUSTER Workshops	\N	\N
1705	SETP	SETP	\N	\N
1706	AFIPS Fall Joint Computing Conference	AFIPS Fall Joint Computing Conference	\N	\N
1707	AFIPS National Computer Conference	AFIPS National Computer Conference	\N	\N
1708	AFIPS Spring Joint Computing Conference	AFIPS Spring Joint Computing Conference	\N	\N
1709	AFIPS Fall Joint Computing Conference (1)	AFIPS Fall Joint Computing Conference (1)	\N	\N
1710	AFIPS Fall Joint Computing Conference (2)	AFIPS Fall Joint Computing Conference (2)	\N	\N
1711	Internet Measurement Conference	Internet Measurement Conference	\N	\N
1712	Internet Measurement Comference	Internet Measurement Comference	\N	\N
1713	Internet Measurment Conference	Internet Measurment Conference	\N	\N
1714	IWOMP	IWOMP	\N	\N
1715	WSS	WSS	\N	\N
1716	RC	RC	\N	\N
1717	FIT	FIT	\N	\N
1718	ICIC (3)	ICIC (3)	\N	\N
1719	ICIC (2)	ICIC (2)	\N	\N
1720	ICIC (1)	ICIC (1)	\N	\N
1721	Communications, Internet, and Information Technology	Communications, Internet, and Information Technology	\N	\N
1722	SPAA	SPAA	\N	\N
1723	PACIIA (2)	PACIIA (2)	\N	\N
1724	PACIIA (1)	PACIIA (1)	\N	\N
1725	ICOST	ICOST	\N	\N
1726	Designing Smart Homes	Designing Smart Homes	\N	\N
1727	AsiaSim (3)	AsiaSim (3)	\N	\N
1728	AsiaSim (2)	AsiaSim (2)	\N	\N
1729	AsiaSim (1)	AsiaSim (1)	\N	\N
1730	AsiaSim	AsiaSim	\N	\N
1731	Computer Performance and Reliability	Computer Performance and Reliability	\N	\N
1732	ICFP	ICFP	\N	\N
1733	ICFP-WGP	ICFP-WGP	\N	\N
1734	MERLIN	MERLIN	\N	\N
1735	VTS	VTS	\N	\N
1736	IEEE Workshop on Detection and Recognition of Events in Video	IEEE Workshop on Detection and Recognition of Events in Video	\N	\N
1737	LCR	LCR	\N	\N
1738	ESSLLI	ESSLLI	\N	\N
1739	ESSLLI Student Papers	ESSLLI Student Papers	\N	\N
1740	ViC	ViC	\N	\N
1741	ESSLLI Logic & Cognition Workshop	ESSLLI Logic & Cognition Workshop	\N	\N
1742	ESSLLI Student Sessions	ESSLLI Student Sessions	\N	\N
1743	AMCS	AMCS	\N	\N
1744	EDMCC	EDMCC	\N	\N
1745	BIOTECHNO	BIOTECHNO	\N	\N
1746	AES Conference	AES Conference	\N	\N
1747	AES Candidate Conference	AES Candidate Conference	\N	\N
1748	ISCA PDCS	ISCA PDCS	\N	\N
1749	ISCA PDCCS	ISCA PDCCS	\N	\N
1750	MEMOCODE	MEMOCODE	\N	\N
1751	IWPACBB	IWPACBB	\N	\N
1752	IGIS	IGIS	\N	\N
1753	Software Engineering for Parallel and Distributed Systems	Software Engineering for Parallel and Distributed Systems	\N	\N
1754	Transputer-Anwender-Treffen	Transputer-Anwender-Treffen	\N	\N
1755	ICMLA	ICMLA	\N	\N
1756	ICMLA (2)	ICMLA (2)	\N	\N
1757	ICMLA (1)	ICMLA (1)	\N	\N
1758	LoCA	LoCA	\N	\N
1759	ICNSC	ICNSC	\N	\N
1760	FBIT	FBIT	\N	\N
1761	ICGT	ICGT	\N	\N
1762	Graph-Grammars and Their Application to Computer Science and Biology	Graph-Grammars and Their Application to Computer Science and Biology	\N	\N
1763	Graph-Grammars and Their Application to Computer Science	Graph-Grammars and Their Application to Computer Science	\N	\N
1764	Handbook of Graph Grammars	Handbook of Graph Grammars	\N	\N
1765	Integrated Spatial Databases	Integrated Spatial Databases	\N	\N
1766	ECCV (4)	ECCV (4)	\N	\N
1767	ECCV (5)	ECCV (5)	\N	\N
1768	ECCV (2)	ECCV (2)	\N	\N
1769	CVAMIA	CVAMIA	\N	\N
1770	ECCV (3)	ECCV (3)	\N	\N
1771	ECCV (6)	ECCV (6)	\N	\N
1772	ECCV	ECCV	\N	\N
1773	ECCV (1)	ECCV (1)	\N	\N
1774	ECCV Workshops (1)	ECCV Workshops (1)	\N	\N
1775	Object Representation in Computer Vision	Object Representation in Computer Vision	\N	\N
1776	ECCV Workshops CVAMIA and MMBIA	ECCV Workshops CVAMIA and MMBIA	\N	\N
1777	ECCV Workshop SMVP	ECCV Workshop SMVP	\N	\N
1778	ECCV Workshops (3)	ECCV Workshops (3)	\N	\N
1779	Biometric Authentication	Biometric Authentication	\N	\N
1780	ECCV Workshops (2)	ECCV Workshops (2)	\N	\N
1781	ECCV Workshop on HCI	ECCV Workshop on HCI	\N	\N
1782	WDV	WDV	\N	\N
1783	ECCV (7)	ECCV (7)	\N	\N
1784	ECCV Workshop BioAW	ECCV Workshop BioAW	\N	\N
1785	10th Anniversary Colloquium of UNU/IIST	10th Anniversary Colloquium of UNU/IIST	\N	\N
1786	Computerized Assistance During the Information Systems Life Cycle	Computerized Assistance During the Information Systems Life Cycle	\N	\N
1787	Information Systems Design Methodologies: Improving the Practice	Information Systems Design Methodologies: Improving the Practice	\N	\N
1788	NC	NC	\N	\N
1789	BMAS	BMAS	\N	\N
1790	Büroautomation	Büroautomation	\N	\N
1791	FPCA	FPCA	\N	\N
1792	DFT	DFT	\N	\N
1793	AIM Conference	AIM Conference	\N	\N
1794	QofIS	QofIS	\N	\N
1795	QofIS Final Report	QofIS Final Report	\N	\N
1796	SASP	SASP	\N	\N
1797	HPSR	HPSR	\N	\N
1798	WEBIST (2)	WEBIST (2)	\N	\N
1799	WEBIST	WEBIST	\N	\N
1800	WEBIST (1)	WEBIST (1)	\N	\N
1801	WEBIST (3)	WEBIST (3)	\N	\N
1802	WEBIST (Selected Papers)	WEBIST (Selected Papers)	\N	\N
1803	Reflection and Software Engineering	Reflection and Software Engineering	\N	\N
1804	ROSE	ROSE	\N	\N
1805	IFIP TCS	IFIP TCS	\N	\N
1806	BUIS-Tage	BUIS-Tage	\N	\N
1807	WINSYS	WINSYS	\N	\N
1808	ICPS	ICPS	\N	\N
1809	CUBE	CUBE	\N	\N
1810	JBIDI	JBIDI	\N	\N
1811	MUC	MUC	\N	\N
1812	Berkeley Workshop	Berkeley Workshop	\N	\N
1813	Eurographics (Short Papers)	Eurographics (Short Papers)	\N	\N
1814	FUN	FUN	\N	\N
1815	SSTD	SSTD	\N	\N
1816	SSD	SSD	\N	\N
1817	SSTDi (slides)	SSTDi (slides)	\N	\N
1818	ANCS	ANCS	\N	\N
1819	Wireless Mobile Internet	Wireless Mobile Internet	\N	\N
1820	Shaping the Broadband Society	Shaping the Broadband Society	\N	\N
1821	Symposium on Designing Interactive Systems	Symposium on Designing Interactive Systems	\N	\N
1822	Conference on Designing Interactive Systems	Conference on Designing Interactive Systems	\N	\N
1823	AND	AND	\N	\N
1824	CLADE	CLADE	\N	\N
1825	DILS	DILS	\N	\N
1826	TrustBus	TrustBus	\N	\N
1827	SOCASE	SOCASE	\N	\N
1828	INFORSID	INFORSID	\N	\N
1829	ICMMI	ICMMI	\N	\N
1830	e-Democracy	e-Democracy	\N	\N
1831	TSD	TSD	\N	\N
1832	Workshop Mobile Commerce	Workshop Mobile Commerce	\N	\N
1833	Hybrid Metaheuristics	Hybrid Metaheuristics	\N	\N
1834	EC	EC	\N	\N
1835	Herausforderungen an die Wissensorganisation (ISKO Tagung)	Herausforderungen an die Wissensorganisation (ISKO Tagung)	\N	\N
1836	ICNC	ICNC	\N	\N
1837	MOBILWARE	MOBILWARE	\N	\N
1838	MOBILWARE Workshops	MOBILWARE Workshops	\N	\N
1839	WOCN	WOCN	\N	\N
1840	CATA	CATA	\N	\N
1841	Computers and Their Applications	Computers and Their Applications	\N	\N
1842	MASCOTS	MASCOTS	\N	\N
1843	MASCOTS Tutorials	MASCOTS Tutorials	\N	\N
1844	CDB	CDB	\N	\N
1845	Constraint Databases	Constraint Databases	\N	\N
1846	CAIP	CAIP	\N	\N
1847	CAIP (2)	CAIP (2)	\N	\N
1848	CAIP (1)	CAIP (1)	\N	\N
1849	GSI	GSI	\N	\N
1850	Intermediate Representations Workshop	Intermediate Representations Workshop	\N	\N
1851	Interaktion im Web	Interaktion im Web	\N	\N
1852	EGOV	EGOV	\N	\N
1853	EGOV (Workshops and Posters)	EGOV (Workshops and Posters)	\N	\N
1854	EGOVIS	EGOVIS	\N	\N
1855	EGOV/ePart Ongoing Research	EGOV/ePart Ongoing Research	\N	\N
1856	EGOVIS/EDEM	EGOVIS/EDEM	\N	\N
1857	INAP (LNCS Volume)	INAP (LNCS Volume)	\N	\N
1858	INAP	INAP	\N	\N
1859	INAP/WLP	INAP/WLP	\N	\N
1860	Geospatial Semantics and the Semantic Web	Geospatial Semantics and the Semantic Web	\N	\N
1861	Symposium on Computation Theory	Symposium on Computation Theory	\N	\N
1862	BCB	BCB	\N	\N
1863	ITSL	ITSL	\N	\N
1864	CLEI	CLEI	\N	\N
1865	European Summer School on Multi-AgentControl	European Summer School on Multi-AgentControl	\N	\N
1866	FMN	FMN	\N	\N
1867	Föderierte Datenbanken	Föderierte Datenbanken	\N	\N
1868	SUTC/UMC	SUTC/UMC	\N	\N
1869	SUTC (2)	SUTC (2)	\N	\N
1870	SUTC (1)	SUTC (1)	\N	\N
1871	SUTC	SUTC	\N	\N
1872	SIGCSE	SIGCSE	\N	\N
1873	ACITY (3)	ACITY (3)	\N	\N
1874	ACITY (2)	ACITY (2)	\N	\N
1875	ACITY (1)	ACITY (1)	\N	\N
1876	IEEE/Nagoya-University World Wisepersons Workshop	IEEE/Nagoya-University World Wisepersons Workshop	\N	\N
1877	LISP Conference	LISP Conference	\N	\N
1878	LISP and Functional Programming	LISP and Functional Programming	\N	\N
1879	Symposium on LISP and Functional Programming	Symposium on LISP and Functional Programming	\N	\N
1880	AAMAS	AAMAS	\N	\N
1881	Adaptive Agents and Multi-Agents Systems	Adaptive Agents and Multi-Agents Systems	\N	\N
1882	Adaptive Agents and Multi-Agent Systems	Adaptive Agents and Multi-Agent Systems	\N	\N
1883	DMoLD	DMoLD	\N	\N
1884	CARS	CARS	\N	\N
1885	SSGIP	SSGIP	\N	\N
1886	ICSAP	ICSAP	\N	\N
1887	ICTD	ICTD	\N	\N
1888	ICTD (1)	ICTD (1)	\N	\N
1889	ICTD (2)	ICTD (2)	\N	\N
1890	Robotics and Applications	Robotics and Applications	\N	\N
1891	ARTS	ARTS	\N	\N
1892	SIROCCO	SIROCCO	\N	\N
1893	HotOS	HotOS	\N	\N
1894	Workshop on Workstation Operating Systems	Workshop on Workstation Operating Systems	\N	\N
1895	Workshop on Hot Topics in Operating Systems	Workshop on Hot Topics in Operating Systems	\N	\N
1896	Formal Program Development	Formal Program Development	\N	\N
1897	Generic Programming	Generic Programming	\N	\N
1898	AIIDE	AIIDE	\N	\N
1899	Intelligent Narrative Technologies	Intelligent Narrative Technologies	\N	\N
1900	Artificial Intelligence in the Game Design Process	Artificial Intelligence in the Game Design Process	\N	\N
1901	VMCAI	VMCAI	\N	\N
1902	CVE	CVE	\N	\N
1903	JCDL	JCDL	\N	\N
1904	Visual Interfaces to Digital Libraries	Visual Interfaces to Digital Libraries	\N	\N
1905	CAMA	CAMA	\N	\N
1906	Timing Issues in the Specification and Synthesis of Digital Systems	Timing Issues in the Specification and Synthesis of Digital Systems	\N	\N
1907	DRW	DRW	\N	\N
1908	SEWCN	SEWCN	\N	\N
1909	PICS	PICS	\N	\N
1910	Cognitive Ergonomics	Cognitive Ergonomics	\N	\N
1911	SustainIT	SustainIT	\N	\N
1912	PMCCN	PMCCN	\N	\N
1913	PERFORM	PERFORM	\N	\N
1914	WIESS	WIESS	\N	\N
1915	ICITST	ICITST	\N	\N
1916	OKCon	OKCon	\N	\N
1917	Semantic Mining in Biomedicine	Semantic Mining in Biomedicine	\N	\N
1918	EJC	EJC	\N	\N
1919	KES (2)	KES (2)	\N	\N
1920	KES (3)	KES (3)	\N	\N
1921	KES (1)	KES (1)	\N	\N
1922	KES	KES	\N	\N
1923	KES (4)	KES (4)	\N	\N
1924	KES (Selected Papers)	KES (Selected Papers)	\N	\N
1925	UKSim	UKSim	\N	\N
1926	WEDELMUSIC	WEDELMUSIC	\N	\N
1927	Nachhaltiges Software Management	Nachhaltiges Software Management	\N	\N
1928	Vom Projekt zum Produkt	Vom Projekt zum Produkt	\N	\N
1929	Industrialisierung des Software Management	Industrialisierung des Software Management	\N	\N
1930	Beratung in der Softwareentwicklung	Beratung in der Softwareentwicklung	\N	\N
1931	ISMM	ISMM	\N	\N
1932	Diagrams	Diagrams	\N	\N
1933	Information Hiding	Information Hiding	\N	\N
1934	C++ Conference	C++ Conference	\N	\N
1935	C++ Workshop	C++ Workshop	\N	\N
1936	ICCNSM	ICCNSM	\N	\N
1937	ACL	ACL	\N	\N
1938	ACL (1)	ACL (1)	\N	\N
1939	COLING-ACL	COLING-ACL	\N	\N
1940	ACL/IJCNLP (Short Papers)	ACL/IJCNLP (Short Papers)	\N	\N
1941	ACL (Companion Volume)	ACL (Companion Volume)	\N	\N
1942	ACL (Short Papers)	ACL (Short Papers)	\N	\N
1943	ACL (2)	ACL (2)	\N	\N
1944	ACL (System Demonstrations)	ACL (System Demonstrations)	\N	\N
1945	ACL (Student Research Workshop)	ACL (Student Research Workshop)	\N	\N
1946	ACL (Student Session)	ACL (Student Session)	\N	\N
1947	ACL (Tutorial Abstracts)	ACL (Tutorial Abstracts)	\N	\N
1948	ACL/IJCNLP	ACL/IJCNLP	\N	\N
1949	ACL Workshop on Natural Language Processing in the Biomedical Domain	ACL Workshop on Natural Language Processing in the Biomedical Domain	\N	\N
1950	ACL (Companion)	ACL (Companion)	\N	\N
1951	ACL/IJCNLP (Student Research Workshop)	ACL/IJCNLP (Student Research Workshop)	\N	\N
1952	ACL (Demo Papers)	ACL (Demo Papers)	\N	\N
1953	ACL/IJCNLP (Software Demonstrations)	ACL/IJCNLP (Software Demonstrations)	\N	\N
1954	Application and Theory of Petri Nets	Application and Theory of Petri Nets	\N	\N
1955	Applications and Theory of Petri Nets	Applications and Theory of Petri Nets	\N	\N
1956	PNSE	PNSE	\N	\N
1957	ICATPN	ICATPN	\N	\N
1958	Selected Papers from the First and the Second European Workshop on Application and Theory of Petri Nets	Selected Papers from the First and the Second European Workshop on Application and Theory of Petri Nets	\N	\N
1959	European Workshop on Applications and Theory in Petri Nets	European Workshop on Applications and Theory in Petri Nets	\N	\N
1960	Petri Nets	Petri Nets	\N	\N
1961	Unifying Petri Nets	Unifying Petri Nets	\N	\N
1962	PNSE+ModPE	PNSE+ModPE	\N	\N
1963	BioPPN@Petri Nets	BioPPN@Petri Nets	\N	\N
1964	Advances in Petri Nets: The DEMON Project	Advances in Petri Nets: The DEMON Project	\N	\N
1965	Application of Petri Nets to Communication Networks	Application of Petri Nets to Communication Networks	\N	\N
1966	ISIA	ISIA	\N	\N
1967	ICARIS	ICARIS	\N	\N
1968	Proc. 15èmes Journées Bases de Données Avancées, BDA	Proc. 15èmes Journées Bases de Données Avancées, BDA	\N	\N
1969	ISRR	ISRR	\N	\N
1970	VRST	VRST	\N	\N
1971	SAT	SAT	\N	\N
1972	SAT (Selected Papers	SAT (Selected Papers	\N	\N
1973	POS@SAT	POS@SAT	\N	\N
1974	CitiSens	CitiSens	\N	\N
1975	ISAAC	ISAAC	\N	\N
1976	ISAAC (2)	ISAAC (2)	\N	\N
1977	ISAAC (1)	ISAAC (1)	\N	\N
1978	ADBIS (2)	ADBIS (2)	\N	\N
1979	ADBIS	ADBIS	\N	\N
1980	ADBIS (Workshops)	ADBIS (Workshops)	\N	\N
1981	ADBIS Research Communications	ADBIS Research Communications	\N	\N
1982	ADBIS (Short Papers)	ADBIS (Short Papers)	\N	\N
1983	ADBIS-DASFAA Symposium	ADBIS-DASFAA Symposium	\N	\N
1984	ADBIS-DASFAA	ADBIS-DASFAA	\N	\N
1985	ADBIS (local proceedings)	ADBIS (local proceedings)	\N	\N
1986	TAMODIA	TAMODIA	\N	\N
1987	TAMODIA/HCSE	TAMODIA/HCSE	\N	\N
1988	ICIMTH	ICIMTH	\N	\N
1989	WSC	WSC	\N	\N
1990	PEPM	PEPM	\N	\N
1991	ASIA-PEPM	ASIA-PEPM	\N	\N
1992	Partial Evaluation	Partial Evaluation	\N	\N
1993	Conference on Information Security Management & Small Systems Security	Conference on Information Security Management & Small Systems Security	\N	\N
1994	BAIP	BAIP	\N	\N
1995	EUROVAV	EUROVAV	\N	\N
1996	EURASIP Workshop	EURASIP Workshop	\N	\N
1997	FQAS	FQAS	\N	\N
1998	ECCB/JBI	ECCB/JBI	\N	\N
1999	ECCB	ECCB	\N	\N
2000	AIMM	AIMM	\N	\N
2001	PFE	PFE	\N	\N
2002	ICAL	ICAL	\N	\N
2003	ISNN (1)	ISNN (1)	\N	\N
2004	ISNN (3)	ISNN (3)	\N	\N
2005	ISNN (2)	ISNN (2)	\N	\N
2006	ISNN (4)	ISNN (4)	\N	\N
2007	CRW	CRW	\N	\N
2008	Sichtsysteme	Sichtsysteme	\N	\N
2009	PSTV	PSTV	\N	\N
2010	ACM Symposium on User Interface Software and Technology	ACM Symposium on User Interface Software and Technology	\N	\N
2011	UIST	UIST	\N	\N
2012	UIST (Adjunct Volume)	UIST (Adjunct Volume)	\N	\N
2013	Active Middleware Services	Active Middleware Services	\N	\N
2014	DPDS	DPDS	\N	\N
2015	CAEPIA	CAEPIA	\N	\N
2016	Hypertext/Hypermedia	Hypertext/Hypermedia	\N	\N
2017	HIM	HIM	\N	\N
2018	Hypertext und Hypermedia	Hypertext und Hypermedia	\N	\N
2019	WISES	WISES	\N	\N
2020	Jerusalem Conference on Information Technology	Jerusalem Conference on Information Technology	\N	\N
2021	Annual Simulation Symposium	Annual Simulation Symposium	\N	\N
2022	ISMAR	ISMAR	\N	\N
2023	ISAR	ISAR	\N	\N
2024	ISMAR-AMH	ISMAR-AMH	\N	\N
2025	COOP	COOP	\N	\N
2026	ICIAP (2)	ICIAP (2)	\N	\N
2027	ICIAP	ICIAP	\N	\N
2028	ICIAP Workshops	ICIAP Workshops	\N	\N
2029	ICIAP (1)	ICIAP (1)	\N	\N
2030	IEEE VAST	IEEE VAST	\N	\N
2031	Theory and Practice of Parallel Programming	Theory and Practice of Parallel Programming	\N	\N
2032	BCI (Local)	BCI (Local)	\N	\N
2033	BCI	BCI	\N	\N
2034	SCOR	SCOR	\N	\N
2035	CASFE	CASFE	\N	\N
2036	Spatio-Temporal Database Management	Spatio-Temporal Database Management	\N	\N
2037	STDBM	STDBM	\N	\N
2038	ATACCS	ATACCS	\N	\N
2039	ZEUS	ZEUS	\N	\N
2040	ICIT	ICIT	\N	\N
2041	CIT	CIT	\N	\N
2042	High Performance Computing Workshop	High Performance Computing Workshop	\N	\N
2043	APCCM	APCCM	\N	\N
2044	ANNES	ANNES	\N	\N
2045	ALPIT	ALPIT	\N	\N
2046	LESS	LESS	\N	\N
2047	Euro-Par, Vol. II	Euro-Par, Vol. II	\N	\N
2048	Euro-Par (1)	Euro-Par (1)	\N	\N
2049	Euro-Par	Euro-Par	\N	\N
2050	Euro-Par Workshops	Euro-Par Workshops	\N	\N
2051	Euro-Par Workshops (1)	Euro-Par Workshops (1)	\N	\N
2052	Euro-Par (2)	Euro-Par (2)	\N	\N
2053	Euro-Par Workshops (2)	Euro-Par Workshops (2)	\N	\N
2054	Euro-Par, Vol. I	Euro-Par, Vol. I	\N	\N
2055	MDAI	MDAI	\N	\N
2056	ASIS SIG/CR Classification Research Workshop	ASIS SIG/CR Classification Research Workshop	\N	\N
2057	PuK	PuK	\N	\N
2058	CSA	CSA	\N	\N
2059	HCOMP (Works in Progress / Demos)	HCOMP (Works in Progress / Demos)	\N	\N
2060	HCOMP	HCOMP	\N	\N
2061	DBTA	DBTA	\N	\N
2062	WebMine	WebMine	\N	\N
2063	NASA Formal Methods	NASA Formal Methods	\N	\N
2064	Self-star Properties in Complex Information Systems	Self-star Properties in Complex Information Systems	\N	\N
2065	KONT/KPP	KONT/KPP	\N	\N
2066	WSTST	WSTST	\N	\N
2067	CSTST	CSTST	\N	\N
2068	JFLA	JFLA	\N	\N
2069	UK Workshop on Case-Based Reasoning	UK Workshop on Case-Based Reasoning	\N	\N
2070	High-Performance Web Databases	High-Performance Web Databases	\N	\N
2071	Constraint-Based Mining and Inductive Databases	Constraint-Based Mining and Inductive Databases	\N	\N
2072	Database Support for Data Mining Applications	Database Support for Data Mining Applications	\N	\N
2073	Asia-Pacific Computer Systems Architecture Conference	Asia-Pacific Computer Systems Architecture Conference	\N	\N
2074	ACAC	ACAC	\N	\N
2075	UbiMob	UbiMob	\N	\N
2076	Algebraic Logic and Universal Algebra in Computer Science	Algebraic Logic and Universal Algebra in Computer Science	\N	\N
2077	MIRAGE	MIRAGE	\N	\N
2078	MobIS Workshops	MobIS Workshops	\N	\N
2079	APSCC	APSCC	\N	\N
2080	Designing Augmented Reality Environments	Designing Augmented Reality Environments	\N	\N
2081	I-USED	I-USED	\N	\N
2082	I-UxSED	I-UxSED	\N	\N
2083	MSPE	MSPE	\N	\N
2084	DRR	DRR	\N	\N
2085	DIAL	DIAL	\N	\N
2086	IPSN	IPSN	\N	\N
2087	CONET/UBICITEC	CONET/UBICITEC	\N	\N
2088	AutoID	AutoID	\N	\N
2089	CAMAD	CAMAD	\N	\N
2090	ICHIM	ICHIM	\N	\N
2091	ICHIM (1)	ICHIM (1)	\N	\N
2092	ICHIM, Hands on: Hypermedia and Interactivity in Museums	ICHIM, Hands on: Hypermedia and Interactivity in Museums	\N	\N
2093	ICHIM, Multimedia Computing and Museums	ICHIM, Multimedia Computing and Museums	\N	\N
2094	ICHIM (2)	ICHIM (2)	\N	\N
2095	RR	RR	\N	\N
2096	FAIR	FAIR	\N	\N
2097	GEM	GEM	\N	\N
2098	ICDL	ICDL	\N	\N
2099	ZB	ZB	\N	\N
2100	Z User Workshop	Z User Workshop	\N	\N
2101	ZUM	ZUM	\N	\N
2102	Object Orientation in Z	Object Orientation in Z	\N	\N
2103	PCS	PCS	\N	\N
2104	OAS	OAS	\N	\N
2105	Fun and Games	Fun and Games	\N	\N
2106	eBISS	eBISS	\N	\N
2107	WebMedia	WebMedia	\N	\N
2108	VLDS	VLDS	\N	\N
2109	Nonmonotonic and Inductive Logic	Nonmonotonic and Inductive Logic	\N	\N
2110	SLaTE	SLaTE	\N	\N
2111	ArtsIT	ArtsIT	\N	\N
2112	MALLOW	MALLOW	\N	\N
2113	FoIKS	FoIKS	\N	\N
2114	FICS	FICS	\N	\N
2115	MAVEBA	MAVEBA	\N	\N
2116	CCBR	CCBR	\N	\N
2117	AMLTA	AMLTA	\N	\N
2118	CAMP	CAMP	\N	\N
2119	IWVF	IWVF	\N	\N
2120	COST 237 Workshop	COST 237 Workshop	\N	\N
2121	COST 2102 Conference (Prague)	COST 2102 Conference (Prague)	\N	\N
2122	COST 2101/2102 Conference	COST 2101/2102 Conference	\N	\N
2123	COST 2102 Training School	COST 2102 Training School	\N	\N
2124	Telecommunication Economics	Telecommunication Economics	\N	\N
2125	COST 2102 Workshop (Vietri)	COST 2102 Workshop (Vietri)	\N	\N
2126	COST 2102 Workshop (Patras)	COST 2102 Workshop (Patras)	\N	\N
2127	COST 2102 School (Vietri)	COST 2102 School (Vietri)	\N	\N
2128	COST TD0904 International Workshop	COST TD0904 International Workshop	\N	\N
2129	COST 2102 Conference	COST 2102 Conference	\N	\N
2130	COST Action 291 Final Report	COST Action 291 Final Report	\N	\N
2131	EE-LSDS	EE-LSDS	\N	\N
2132	PervasiveHealth	PervasiveHealth	\N	\N
2133	DAGM-Symposium	DAGM-Symposium	\N	\N
2134	DAGM/OAGM Symposium	DAGM/OAGM Symposium	\N	\N
2135	Dyn3D	Dyn3D	\N	\N
2136	Time-of-Flight and Depth Imaging	Time-of-Flight and Depth Imaging	\N	\N
2137	Digital Image Processing	Digital Image Processing	\N	\N
2138	GCPR	GCPR	\N	\N
2139	ECIR	ECIR	\N	\N
2140	BCS-IRSG Annual Colloquium on IR Research	BCS-IRSG Annual Colloquium on IR Research	\N	\N
2141	Digital Cities	Digital Cities	\N	\N
2142	Community Computing and Support Systems	Community Computing and Support Systems	\N	\N
2143	Microcomputing	Microcomputing	\N	\N
2144	D-CSCW	D-CSCW	\N	\N
2145	Herausforderung Telekooperation	Herausforderung Telekooperation	\N	\N
2146	Natural Language Processing	Natural Language Processing	\N	\N
2147	NGI	NGI	\N	\N
2148	PaRMa	PaRMa	\N	\N
2149	Security and Management	Security and Management	\N	\N
2150	LICS	LICS	\N	\N
2151	LAM@LICS	LAM@LICS	\N	\N
2152	PSPL@LICS	PSPL@LICS	\N	\N
2153	PROSPECTRA Book	PROSPECTRA Book	\N	\N
2154	Symposium on Mobile and Location-Independent Computing	Symposium on Mobile and Location-Independent Computing	\N	\N
2155	DCAI	DCAI	\N	\N
2156	Complex Adaptive Systems	Complex Adaptive Systems	\N	\N
2157	WASPAA	WASPAA	\N	\N
2158	L@S	L@S	\N	\N
2159	ICSC	ICSC	\N	\N
2160	SERVICES	SERVICES	\N	\N
2161	SERVICES I	SERVICES I	\N	\N
2162	SERVICES II	SERVICES II	\N	\N
2163	XQuery Implementation Paradigms	XQuery Implementation Paradigms	\N	\N
2164	Duplication, Redundancy, and Similarity in Software	Duplication, Redundancy, and Similarity in Software	\N	\N
2165	Annotating, Extracting and Reasoning about Time and Events	Annotating, Extracting and Reasoning about Time and Events	\N	\N
2166	Graphics and Robotics	Graphics and Robotics	\N	\N
2167	Assisted Living Systems - Models, Architectures and Engineering Approaches	Assisted Living Systems - Models, Architectures and Engineering Approaches	\N	\N
2168	Software Verification: Infinite-State Model Checking and Static Program Analysis	Software Verification: Infinite-State Model Checking and Static Program Analysis	\N	\N
2169	Challenges in Symbolic Computation Software	Challenges in Symbolic Computation Software	\N	\N
2170	Negotiation, Auctions, and Market Engineering	Negotiation, Auctions, and Market Engineering	\N	\N
2171	AlgoSyn	AlgoSyn	\N	\N
2172	Integration von Umweltdaten	Integration von Umweltdaten	\N	\N
2173	Advances in Plan-Based Control of Robotic Agents	Advances in Plan-Based Control of Robotic Agents	\N	\N
2174	Human-Centered Visualization Environments	Human-Centered Visualization Environments	\N	\N
2175	Entwurf und Betrieb verteilter Systeme	Entwurf und Betrieb verteilter Systeme	\N	\N
2176	Empirical Software Engineering Issues	Empirical Software Engineering Issues	\N	\N
2177	Digital Historical Corpora	Digital Historical Corpora	\N	\N
2178	Semantic Interoperability and Integration	Semantic Interoperability and Integration	\N	\N
2179	Experimental Algorithmics	Experimental Algorithmics	\N	\N
2180	Scientific Visualization	Scientific Visualization	\N	\N
2181	Practical Approaches to Multi-Objective Optimization	Practical Approaches to Multi-Objective Optimization	\N	\N
2182	Preferences	Preferences	\N	\N
2183	Computing and Markets	Computing and Markets	\N	\N
2184	Numerical Validation in Current Hardware Architectures	Numerical Validation in Current Hardware Architectures	\N	\N
2185	Dagstuhl Seminar on Graph Transformations in Computer Science	Dagstuhl Seminar on Graph Transformations in Computer Science	\N	\N
2186	Deduction and Applications	Deduction and Applications	\N	\N
2187	Algorithms for Optimization with Incomplete Information	Algorithms for Optimization with Incomplete Information	\N	\N
2188	Scheduling	Scheduling	\N	\N
2189	Model-Based Engineering of Embedded Real-Time Systems	Model-Based Engineering of Embedded Real-Time Systems	\N	\N
2190	Computational Proteomics	Computational Proteomics	\N	\N
2191	Virtual Realities	Virtual Realities	\N	\N
2192	Future Generation Grids	Future Generation Grids	\N	\N
2193	Architecture and Protocols for High-Speed Networks	Architecture and Protocols for High-Speed Networks	\N	\N
2194	Nonmonotonic Reasoning, Answer Set Programming and Constraints	Nonmonotonic Reasoning, Answer Set Programming and Constraints	\N	\N
2195	Intuitive Human Interfaces for Organizing and Accessing Intellectual Assets	Intuitive Human Interfaces for Organizing and Accessing Intellectual Assets	\N	\N
2196	Gene Regulations and Metabolism	Gene Regulations and Metabolism	\N	\N
2197	Proof Theory in Computer Science	Proof Theory in Computer Science	\N	\N
2198	Form and Content in Sensor Networks	Form and Content in Sensor Networks	\N	\N
2199	Operating Systems of the 90s and Beyond	Operating Systems of the 90s and Beyond	\N	\N
2200	Sensor Based Intelligent Robots	Sensor Based Intelligent Robots	\N	\N
2201	Numerical Software with Result Verification	Numerical Software with Result Verification	\N	\N
2202	Power-aware Computing Systems	Power-aware Computing Systems	\N	\N
2203	Multiobjective Optimization	Multiobjective Optimization	\N	\N
2204	Language Engineering for Model-Driven Software Development	Language Engineering for Model-Driven Software Development	\N	\N
2205	Online Algorithms	Online Algorithms	\N	\N
2206	High-Speed Networking for Multimedia Applications	High-Speed Networking for Multimedia Applications	\N	\N
2207	Dagstuhl Seminar on Distributed Systems	Dagstuhl Seminar on Distributed Systems	\N	\N
2208	Probabilistic, Logical and Relational Learning	Probabilistic, Logical and Relational Learning	\N	\N
2209	Data Visualization: The State of the Art	Data Visualization: The State of the Art	\N	\N
2210	Software Engineering for Self-Adaptive Systems	Software Engineering for Self-Adaptive Systems	\N	\N
2211	Scientific Visualization: Interactions, Features, Metaphors	Scientific Visualization: Interactions, Features, Metaphors	\N	\N
2212	Complexity of Boolean Functions	Complexity of Boolean Functions	\N	\N
2213	Frauen in Mathematik und Informatik	Frauen in Mathematik und Informatik	\N	\N
2214	Automata, Logics, and Infinite Games	Automata, Logics, and Infinite Games	\N	\N
2215	Mathematics, Algorithms, Proofs	Mathematics, Algorithms, Proofs	\N	\N
2216	The Evolution of Conceptual Modeling	The Evolution of Conceptual Modeling	\N	\N
2217	Normative Multi-agent Systems	Normative Multi-agent Systems	\N	\N
2218	Content-Based Retrieval	Content-Based Retrieval	\N	\N
2219	Social Science Microsimulation	Social Science Microsimulation	\N	\N
2220	Grand Challenges for Discrete Event Logistics Systems	Grand Challenges for Discrete Event Logistics Systems	\N	\N
2221	Dependability Metrics	Dependability Metrics	\N	\N
2222	Effiziente Methoden der geometrischen Modellierung und der wissenschaftlichen Visualisierung	Effiziente Methoden der geometrischen Modellierung und der wissenschaftlichen Visualisierung	\N	\N
2223	Mobility, Ubiquity and Security	Mobility, Ubiquity and Security	\N	\N
2224	Experimental Software Engineering Issues	Experimental Software Engineering Issues	\N	\N
2225	Perspektiven der Informatik	Perspektiven der Informatik	\N	\N
2226	Foundations of Global Computing	Foundations of Global Computing	\N	\N
2227	Tools and Techniques for Social Science Simulation	Tools and Techniques for Social Science Simulation	\N	\N
2228	Formal Models of Belief Change in Rational Agents	Formal Models of Belief Change in Rational Agents	\N	\N
2229	CAD Systems Development	CAD Systems Development	\N	\N
2230	Fair Division	Fair Division	\N	\N
2231	Spatial Cognition: Specialization and Integration	Spatial Cognition: Specialization and Integration	\N	\N
2232	Computational Social Systems and the Internet	Computational Social Systems and the Internet	\N	\N
2233	Efficient Algorithms for Global Optimization Methods in Computer Vision	Efficient Algorithms for Global Optimization Methods in Computer Vision	\N	\N
2234	Logics for Databases and Information Systems	Logics for Databases and Information Systems	\N	\N
2235	Data Always and Everywhere - Management of Mobile, Ubiquitous, Pervasive, and Sensor Data	Data Always and Everywhere - Management of Mobile, Ubiquitous, Pervasive, and Sensor Data	\N	\N
2236	Tools for the Model-based Development of Certifiable, Dependable Systems	Tools for the Model-based Development of Certifiable, Dependable Systems	\N	\N
2237	Formal Methods for Industrial Applications	Formal Methods for Industrial Applications	\N	\N
2238	Dagstuhl Seminar on Parallelization in Inference Systems	Dagstuhl Seminar on Parallelization in Inference Systems	\N	\N
2239	Social Thinking - Software Practice	Social Thinking - Software Practice	\N	\N
2240	Formal Systems Specification	Formal Systems Specification	\N	\N
2241	Artificial and Computational Intelligence in Games	Artificial and Computational Intelligence in Games	\N	\N
2242	Informatics	Informatics	\N	\N
2243	Objects, Agents, and Features	Objects, Agents, and Features	\N	\N
2244	Algorithms for Memory Hierarchies	Algorithms for Memory Hierarchies	\N	\N
2245	Algorithms for Sensor and Ad Hoc Networks	Algorithms for Sensor and Ad Hoc Networks	\N	\N
2246	Belief Change in Rational Agents	Belief Change in Rational Agents	\N	\N
2247	Beyond Program Slicing	Beyond Program Slicing	\N	\N
2248	Logics for Emerging Applications of Databases	Logics for Emerging Applications of Databases	\N	\N
2249	Service Management and Self-Organization in IP-based Networks	Service Management and Self-Organization in IP-based Networks	\N	\N
2250	Architecting Systems with Trustworthy Components	Architecting Systems with Trustworthy Components	\N	\N
2251	Intelligent Robots	Intelligent Robots	\N	\N
2252	Aspects For Legacy Applications	Aspects For Legacy Applications	\N	\N
2253	Cognitive Vision Systems	Cognitive Vision Systems	\N	\N
2254	Modelling and Planning for Sensor Based Intelligent Robot Systems	Modelling and Planning for Sensor Based Intelligent Robot Systems	\N	\N
2255	Performance Evaluation	Performance Evaluation	\N	\N
2256	Object Orientation with Parallelism and Persistence	Object Orientation with Parallelism and Persistence	\N	\N
2257	Simulation and Verification of Dynamic Systems	Simulation and Verification of Dynamic Systems	\N	\N
2258	Foundations of Semistructured Data	Foundations of Semistructured Data	\N	\N
2259	End-User Software Engineering	End-User Software Engineering	\N	\N
2260	Lectures on Proof Verification and Approximation Algorithms	Lectures on Proof Verification and Approximation Algorithms	\N	\N
2261	Algebraic and Numerical Algorithms and Computer-assisted Proofs	Algebraic and Numerical Algorithms and Computer-assisted Proofs	\N	\N
2262	Model-Based Testing of Reactive Systems	Model-Based Testing of Reactive Systems	\N	\N
2263	Software Visualization	Software Visualization	\N	\N
2264	Probabilistic, Logical and Relational Learning - A Further Synthesis	Probabilistic, Logical and Relational Learning - A Further Synthesis	\N	\N
2265	Deduction and Decision Procedures	Deduction and Decision Procedures	\N	\N
2266	Informatik und Philisophie	Informatik und Philisophie	\N	\N
2267	Algebraic Methods in Computational Complexity	Algebraic Methods in Computational Complexity	\N	\N
2268	CoCoME	CoCoME	\N	\N
2269	Types, Logics and Semantics for State	Types, Logics and Semantics for State	\N	\N
2270	Dynamically Reconfigurable Architectures	Dynamically Reconfigurable Architectures	\N	\N
2271	Algorithms and Complexity for Continuous Problems	Algorithms and Complexity for Continuous Problems	\N	\N
2272	Dagstuhl Seminar on Partial Evaluation	Dagstuhl Seminar on Partial Evaluation	\N	\N
2273	Video Processing and Computational Video	Video Processing and Computational Video	\N	\N
2274	Peer-to-Peer-Systems and -Applications	Peer-to-Peer-Systems and -Applications	\N	\N
2275	Numerical Methods for Structured Markov Chains	Numerical Methods for Structured Markov Chains	\N	\N
2276	Complexity Theory: Current Research	Complexity Theory: Current Research	\N	\N
2277	Embodied Artificial Intelligence	Embodied Artificial Intelligence	\N	\N
2278	Web Information Retrieval and Linear Algebra Algorithms	Web Information Retrieval and Linear Algebra Algorithms	\N	\N
2279	Cryptography	Cryptography	\N	\N
2280	Semantic Grid	Semantic Grid	\N	\N
2281	Service Oriented Computing	Service Oriented Computing	\N	\N
2282	Autonomous and Adaptive Web Services	Autonomous and Adaptive Web Services	\N	\N
2283	Focus on Scientific Visualization	Focus on Scientific Visualization	\N	\N
2284	Perspectives of Model-Based Testing	Perspectives of Model-Based Testing	\N	\N
2285	Constraint Databases, Geometric Elimination and Geographic Information Systems	Constraint Databases, Geometric Elimination and Geographic Information Systems	\N	\N
2286	From Security to Dependability	From Security to Dependability	\N	\N
2287	Runtime Verification	Runtime Verification	\N	\N
2288	Principles and Practices of Semantic Web Reasoning	Principles and Practices of Semantic Web Reasoning	\N	\N
2289	Mobile Computing and Ambient Intelligence	Mobile Computing and Ambient Intelligence	\N	\N
2290	Equilibrium Computation	Equilibrium Computation	\N	\N
2291	Disruption Tolerant Networking	Disruption Tolerant Networking	\N	\N
2292	Federation over the Web	Federation over the Web	\N	\N
2293	Spinning the Semantic Web	Spinning the Semantic Web	\N	\N
2294	Frontiers of Electronic Voting	Frontiers of Electronic Voting	\N	\N
2295	Parallel Universes and Local Patterns	Parallel Universes and Local Patterns	\N	\N
2296	Transformation Techniques in Software Engineering	Transformation Techniques in Software Engineering	\N	\N
2297	Domain-Specific Program Generation	Domain-Specific Program Generation	\N	\N
2298	Ontologies and Text Mining for Life Sciences	Ontologies and Text Mining for Life Sciences	\N	\N
2299	Programming Models for Ubiquitous Parallelism	Programming Models for Ubiquitous Parallelism	\N	\N
2300	Multimodal Music Processing	Multimodal Music Processing	\N	\N
2301	MMOSS	MMOSS	\N	\N
2302	Reliable Implementation of Real Number Algorithms	Reliable Implementation of Real Number Algorithms	\N	\N
2303	Negotiation and Market Engineering	Negotiation and Market Engineering	\N	\N
2304	Trustworthy Software	Trustworthy Software	\N	\N
2305	Spatial Representation	Spatial Representation	\N	\N
2306	Temporal Databases, Dagstuhl	Temporal Databases, Dagstuhl	\N	\N
2307	Code Generation for Embedded Processors	Code Generation for Embedded Processors	\N	\N
2308	Information Visualization - Human-Centered Issues in Visual Representation, Interaction, and Evaluation	Information Visualization - Human-Centered Issues in Visual Representation, Interaction, and Evaluation	\N	\N
2309	Algebra, Geometry, and Software Systems	Algebra, Geometry, and Software Systems	\N	\N
2310	Symmetric Cryptography	Symmetric Cryptography	\N	\N
2311	State-of-the-Art in Content-Based Image and Video Retrieval	State-of-the-Art in Content-Based Image and Video Retrieval	\N	\N
2312	CAD Tools and Algorithms for Product Design	CAD Tools and Algorithms for Product Design	\N	\N
2313	Sensor Data and Information Fusion in Computer Vision and Medicine	Sensor Data and Information Fusion in Computer Vision and Medicine	\N	\N
2314	Scientific Visualization: Advanced Concepts	Scientific Visualization: Advanced Concepts	\N	\N
2315	Data Exchange, Information, and Streams	Data Exchange, Information, and Streams	\N	\N
2316	Robot Navigation	Robot Navigation	\N	\N
2317	Component-Base Modeling and Simulation	Component-Base Modeling and Simulation	\N	\N
2318	Formal Protocol Verification Applied	Formal Protocol Verification Applied	\N	\N
2319	Kolmogorov Complexity and Applications	Kolmogorov Complexity and Applications	\N	\N
2320	Organic Computing - Controlled Emergence	Organic Computing - Controlled Emergence	\N	\N
2321	Complexity of Constraints	Complexity of Constraints	\N	\N
2322	Drawing Graphs	Drawing Graphs	\N	\N
2323	Combinatorial and Algorithmic Foundations of Pattern and Association Discovery	Combinatorial and Algorithmic Foundations of Pattern and Association Discovery	\N	\N
2324	Digital and Image Geometry	Digital and Image Geometry	\N	\N
2325	Event Processing	Event Processing	\N	\N
2326	Code Generation	Code Generation	\N	\N
2327	Sublinear Algorithms	Sublinear Algorithms	\N	\N
2328	Anonymous Communication and its Applications	Anonymous Communication and its Applications	\N	\N
2329	Atomicity: A Unifying Concept in Computer Science	Atomicity: A Unifying Concept in Computer Science	\N	\N
2330	Similarity-Based Clustering	Similarity-Based Clustering	\N	\N
2331	Local Pattern Detection	Local Pattern Detection	\N	\N
2332	Structure Theory and FPT Algorithmics for Graphs, Digraphs and Hypergraphs	Structure Theory and FPT Algorithmics for Graphs, Digraphs and Hypergraphs	\N	\N
2333	Transactions and Change in Logic Databases	Transactions and Change in Logic Databases	\N	\N
2334	Exact, Approximative, Robust and Certifying Algorithms on Particular Graph Classes	Exact, Approximative, Robust and Certifying Algorithms on Particular Graph Classes	\N	\N
2335	SYNCHRON	SYNCHRON	\N	\N
2336	Similarity-based Clustering and its Application to Medicine and Biology	Similarity-based Clustering and its Application to Medicine and Biology	\N	\N
2337	Network Analysis	Network Analysis	\N	\N
2338	Algorithmic-Logical Theory of Infinite Structures	Algorithmic-Logical Theory of Infinite Structures	\N	\N
2339	Cutting, Packing, Layout and Space Allocation	Cutting, Packing, Layout and Space Allocation	\N	\N
2340	Computational Structures for Modelling Space, Time and Causality	Computational Structures for Modelling Space, Time and Causality	\N	\N
2341	Directed Model Checking	Directed Model Checking	\N	\N
2342	Circuits, Logic, and Games	Circuits, Logic, and Games	\N	\N
2343	The Role of Business Processes in Service Oriented Architectures	The Role of Business Processes in Service Oriented Architectures	\N	\N
2344	Knowledge Representation for Intelligent Music Processing	Knowledge Representation for Intelligent Music Processing	\N	\N
2345	Theory of Evolutionary Algorithms	Theory of Evolutionary Algorithms	\N	\N
2346	Algorithmic Aspects of Large and Complex Networks	Algorithmic Aspects of Large and Complex Networks	\N	\N
2347	Probabilistic Methods in the Design and Analysis of Algorithms	Probabilistic Methods in the Design and Analysis of Algorithms	\N	\N
2348	Scalable Data Management in Evolving Networks	Scalable Data Management in Evolving Networks	\N	\N
2349	Data Structures	Data Structures	\N	\N
2350	Design of Systems with Predictable Behaviour	Design of Systems with Predictable Behaviour	\N	\N
2351	Inconsistency Tolerance	Inconsistency Tolerance	\N	\N
2352	Scenarios: Models, Transformations and Tools	Scenarios: Models, Transformations and Tools	\N	\N
2353	Multi-Version Program Analysis	Multi-Version Program Analysis	\N	\N
2354	Network Attack Detection and Defense	Network Attack Detection and Defense	\N	\N
2355	Simulation & Scheduling	Simulation & Scheduling	\N	\N
2356	Automatic Performance Analysis	Automatic Performance Analysis	\N	\N
2357	Algorithm Engineering	Algorithm Engineering	\N	\N
2358	Graph Transformations and Process Algebras for Modeling Distributed and Mobile Systems	Graph Transformations and Process Algebras for Modeling Distributed and Mobile Systems	\N	\N
2359	Efficient Text Entry	Efficient Text Entry	\N	\N
2360	Cache-Oblivious and Cache-Aware Algorithms	Cache-Oblivious and Cache-Aware Algorithms	\N	\N
2361	Geometry in Sensor Networks	Geometry in Sensor Networks	\N	\N
2362	Spatial Data: mining, processing and communicating	Spatial Data: mining, processing and communicating	\N	\N
2363	Mobile Information Management	Mobile Information Management	\N	\N
2364	Programming Paradigms for the Web: Web Programming and Web Services	Programming Paradigms for the Web: Web Programming and Web Services	\N	\N
2365	Evaluating Embodied Conversational Agents	Evaluating Embodied Conversational Agents	\N	\N
2366	Foundations and Practice of Programming Multi-Agent Systems	Foundations and Practice of Programming Multi-Agent Systems	\N	\N
2367	Quantitative Aspects of Embedded Systems	Quantitative Aspects of Embedded Systems	\N	\N
2368	Managing and Mining Genome Information	Managing and Mining Genome Information	\N	\N
2369	Scheduling for Parallel Architectures	Scheduling for Parallel Architectures	\N	\N
2370	Naming and Addressing for Next-Generation Internetworks	Naming and Addressing for Next-Generation Internetworks	\N	\N
2371	Visual Computing - Convergence of Computer Graphics and Computer Vision	Visual Computing - Convergence of Computer Graphics and Computer Vision	\N	\N
2372	Computational Issues in Social Choice	Computational Issues in Social Choice	\N	\N
2373	Recurrent Neural Networks	Recurrent Neural Networks	\N	\N
2374	Computer Science in Sport	Computer Science in Sport	\N	\N
2375	Computing Media and Languages for Space-Oriented Computation	Computing Media and Languages for Space-Oriented Computation	\N	\N
2376	Geometric Networks and Metric Space Embeddings	Geometric Networks and Metric Space Embeddings	\N	\N
2377	Synthesis and Planning	Synthesis and Planning	\N	\N
2378	Real Computation and Complexity	Real Computation and Complexity	\N	\N
2379	Empirical Theory and the Science of Software Engineering	Empirical Theory and the Science of Software Engineering	\N	\N
2380	Exact Algorithms and Fixed-Parameter Tractability	Exact Algorithms and Fixed-Parameter Tractability	\N	\N
2381	Language Based Security	Language Based Security	\N	\N
2382	Peer-to-Peer Mobile Ad Hoc Networks	Peer-to-Peer Mobile Ad Hoc Networks	\N	\N
2383	Code Instrumentation and Modeling for Parallel Performance Analysis	Code Instrumentation and Modeling for Parallel Performance Analysis	\N	\N
2384	ExpDB	ExpDB	\N	\N
2385	ARCS	ARCS	\N	\N
2386	LISA	LISA	\N	\N
2387	TASE	TASE	\N	\N
2388	PSIVT	PSIVT	\N	\N
2389	PSIVT (2)	PSIVT (2)	\N	\N
2390	PSIVT Workshops	PSIVT Workshops	\N	\N
2391	PSIVT (1)	PSIVT (1)	\N	\N
2392	INFOVIS	INFOVIS	\N	\N
2393	IC3	IC3	\N	\N
2394	IC3 (1)	IC3 (1)	\N	\N
2395	IC3 (2)	IC3 (2)	\N	\N
2396	HASE	HASE	\N	\N
2397	iiWAS	iiWAS	\N	\N
2398	IICAI	IICAI	\N	\N
2399	GeoS	GeoS	\N	\N
2400	CS&P	CS&P	\N	\N
2401	ISWC	ISWC	\N	\N
2402	SWC	SWC	\N	\N
2403	EWSP	EWSP	\N	\N
2404	JIISIC	JIISIC	\N	\N
2405	QuaCon	QuaCon	\N	\N
2406	HPCS	HPCS	\N	\N
2407	SIGSMALL/SIGMOD Symposium	SIGSMALL/SIGMOD Symposium	\N	\N
2408	SIGSMALL/PC	SIGSMALL/PC	\N	\N
2409	SIGSMALL/PC Symposium	SIGSMALL/PC Symposium	\N	\N
2410	Agents and Computational Autonomy	Agents and Computational Autonomy	\N	\N
2411	AAMAS-TRUST	AAMAS-TRUST	\N	\N
2412	AAMAS (1)	AAMAS (1)	\N	\N
2413	COIN@AAMAS&IJCAI&MALLOW	COIN@AAMAS&IJCAI&MALLOW	\N	\N
2414	AAMAS (2)	AAMAS (2)	\N	\N
2415	AAMAS (3)	AAMAS (3)	\N	\N
2416	ATAL	ATAL	\N	\N
2417	AMEC/TADA	AMEC/TADA	\N	\N
2418	Trust, Reputation, and Security	Trust, Reputation, and Security	\N	\N
2419	AAMAS-OAMAS	AAMAS-OAMAS	\N	\N
2420	Engineering Self-Organising Systems	Engineering Self-Organising Systems	\N	\N
2421	COIN@AAMAS&AAAI	COIN@AAMAS&AAAI	\N	\N
2422	EMAS@AAMAS	EMAS@AAMAS	\N	\N
2423	AAMAS Workshops	AAMAS Workshops	\N	\N
2424	AAMAS (PhD)	AAMAS (PhD)	\N	\N
2425	AAMAS (Industry Track)	AAMAS (Industry Track)	\N	\N
2426	CAVE	CAVE	\N	\N
2427	COIN@AAMAS&MALLOW	COIN@AAMAS&MALLOW	\N	\N
2428	ALA	ALA	\N	\N
2429	Trusting Agents for Trusting Electronic Societies	Trusting Agents for Trusting Electronic Societies	\N	\N
2430	AAMAS (Demos)	AAMAS (Demos)	\N	\N
2431	AAMAS Industrial Applications	AAMAS Industrial Applications	\N	\N
2432	COIN	COIN	\N	\N
2433	Communication in Multiagent Systems	Communication in Multiagent Systems	\N	\N
2434	MMAS/LSMAS/CCMMS	MMAS/LSMAS/CCMMS	\N	\N
2435	COIN@AAMAS	COIN@AAMAS	\N	\N
2436	TADA/AMEC	TADA/AMEC	\N	\N
2437	COIN@AAMAS&WI-IAT	COIN@AAMAS&WI-IAT	\N	\N
2438	Canadian Conference on AI	Canadian Conference on AI	\N	\N
2439	WCC	WCC	\N	\N
2440	ISCA Conference on Intelligent Systems	ISCA Conference on Intelligent Systems	\N	\N
2441	PARELEC	PARELEC	\N	\N
2442	C5	C5	\N	\N
2443	SPIRE	SPIRE	\N	\N
2444	SPIRE/CRIWG	SPIRE/CRIWG	\N	\N
2445	MESOCA	MESOCA	\N	\N
2446	FIRB-Perf	FIRB-Perf	\N	\N
2447	PACS	PACS	\N	\N
2448	Exploring a New Partnership: Children, Teachers and Technology	Exploring a New Partnership: Children, Teachers and Technology	\N	\N
2449	Learning in School, Home and Community	Learning in School, Home and Community	\N	\N
2450	SEKE	SEKE	\N	\N
2451	RO-MAN	RO-MAN	\N	\N
2452	Informatics and Psychology Workshop	Informatics and Psychology Workshop	\N	\N
2453	ITCH	ITCH	\N	\N
2454	Knowledge Intensive CAD	Knowledge Intensive CAD	\N	\N
2455	perspeGKtive	perspeGKtive	\N	\N
2456	Essen Symposium	Essen Symposium	\N	\N
2457	MCPS	MCPS	\N	\N
2458	LATINCRYPT	LATINCRYPT	\N	\N
2459	ISEC	ISEC	\N	\N
2460	GENSiPS	GENSiPS	\N	\N
2461	Parallel Symbolic Computing	Parallel Symbolic Computing	\N	\N
2462	ADIS	ADIS	\N	\N
2463	C3S2E	C3S2E	\N	\N
2464	APPROX-RANDOM	APPROX-RANDOM	\N	\N
2465	APPROX	APPROX	\N	\N
2466	Advances in Computer Graphics	Advances in Computer Graphics	\N	\N
2467	BCS Int. Acad. Conf.	BCS Int. Acad. Conf.	\N	\N
2468	T4E	T4E	\N	\N
2469	NOLISP	NOLISP	\N	\N
2470	ADMI	ADMI	\N	\N
2471	Formal Methods and Testing	Formal Methods and Testing	\N	\N
2472	Culture and Computing	Culture and Computing	\N	\N
2473	WPMC	WPMC	\N	\N
2474	Compiler Optimizations for Scalable Parallel Systems Languages	Compiler Optimizations for Scalable Parallel Systems Languages	\N	\N
2475	Programmierumgebungen und Compiler	Programmierumgebungen und Compiler	\N	\N
2476	Entwurf großer Software-Systeme	Entwurf großer Software-Systeme	\N	\N
2477	Objektorientierte Software- und Hardwarearchitekturen	Objektorientierte Software- und Hardwarearchitekturen	\N	\N
2478	Implementierungssprachen für nichtsequentielle Programmsysteme	Implementierungssprachen für nichtsequentielle Programmsysteme	\N	\N
2479	Hardware für Software	Hardware für Software	\N	\N
2480	Software-Qualitätssicherung	Software-Qualitätssicherung	\N	\N
2481	Intelligenztechnologie	Intelligenztechnologie	\N	\N
2482	Wissenschaftliches Rechnen und Programmiersprachen	Wissenschaftliches Rechnen und Programmiersprachen	\N	\N
2483	EON	EON	\N	\N
2484	ICWI	ICWI	\N	\N
2485	e-Learning	e-Learning	\N	\N
2486	CELDA	CELDA	\N	\N
2487	IADIS European Conf. Data Mining	IADIS European Conf. Data Mining	\N	\N
2488	IADIS AC	IADIS AC	\N	\N
2489	IADIS AC (1)	IADIS AC (1)	\N	\N
2490	IADIS AC (2)	IADIS AC (2)	\N	\N
2491	EEE	EEE	\N	\N
2492	LCTES	LCTES	\N	\N
2493	LCTES-SCOPES	LCTES-SCOPES	\N	\N
2494	Workshop on Languages, Compilers, & Tools for Real-Time Systems	Workshop on Languages, Compilers, & Tools for Real-Time Systems	\N	\N
2495	LCTES/OM	LCTES/OM	\N	\N
2496	Workshop on Languages, Compilers, and Tools for Embedded Systems	Workshop on Languages, Compilers, and Tools for Embedded Systems	\N	\N
2497	PROLAMAT	PROLAMAT	\N	\N
2498	NEW PROLAMAT	NEW PROLAMAT	\N	\N
2499	Cooperative Knowledge Processing for Engineering Design	Cooperative Knowledge Processing for Engineering Design	\N	\N
2500	MMDB	MMDB	\N	\N
2501	European Across Grids Conference	European Across Grids Conference	\N	\N
2502	BICA	BICA	\N	\N
2503	GTIT-C	GTIT-C	\N	\N
2504	SEDE	SEDE	\N	\N
2505	BROADNETS	BROADNETS	\N	\N
2506	PATMOS	PATMOS	\N	\N
2507	Formal Aspects in Security and Trust	Formal Aspects in Security and Trust	\N	\N
2508	ARSPA-WITS	ARSPA-WITS	\N	\N
2509	EDUCON	EDUCON	\N	\N
2510	ISDOC	ISDOC	\N	\N
2511	ICSTM	ICSTM	\N	\N
2512	SPLST	SPLST	\N	\N
2513	COODBSE	COODBSE	\N	\N
2514	USENIX Annual Technical Conference, General Track	USENIX Annual Technical Conference, General Track	\N	\N
2515	USENIX Annual Technical Conference	USENIX Annual Technical Conference	\N	\N
2516	USENIX Winter	USENIX Winter	\N	\N
2517	USENIX Summer	USENIX Summer	\N	\N
2518	USENIX Annual Technical Conference, FREENIX Track	USENIX Annual Technical Conference, FREENIX Track	\N	\N
2519	LASCO	LASCO	\N	\N
2520	ICSEA	ICSEA	\N	\N
2521	ALGOL 68 Implementation	ALGOL 68 Implementation	\N	\N
2522	ACRI	ACRI	\N	\N
2523	DIAL-M	DIAL-M	\N	\N
2524	DIALM-POMC	DIALM-POMC	\N	\N
2525	FOMC	FOMC	\N	\N
2526	DIALM-PODC	DIALM-PODC	\N	\N
2527	PPOPP	PPOPP	\N	\N
2528	PPOPP/PPEALS	PPOPP/PPEALS	\N	\N
2529	PMAM	PMAM	\N	\N
2530	CASDMKM	CASDMKM	\N	\N
2531	SoCC	SoCC	\N	\N
2532	INTERACT	INTERACT	\N	\N
2533	HCIV	HCIV	\N	\N
2534	INTERACT (2)	INTERACT (2)	\N	\N
2535	INTERACT (3)	INTERACT (3)	\N	\N
2536	INTERACT (4)	INTERACT (4)	\N	\N
2537	INTERACT (1)	INTERACT (1)	\N	\N
2538	DEGAS	DEGAS	\N	\N
2539	NACLP	NACLP	\N	\N
2540	ILPS	ILPS	\N	\N
2541	SLP	SLP	\N	\N
2542	ISLP	ISLP	\N	\N
2543	ILPS Workshop: Implementation Techniques for Logic Programming Languages	ILPS Workshop: Implementation Techniques for Logic Programming Languages	\N	\N
2544	ILPS Workshop: Constraints and Databases	ILPS Workshop: Constraints and Databases	\N	\N
2545	Workshop on Design and Impl. of Parallel Logic Programming Systems	Workshop on Design and Impl. of Parallel Logic Programming Systems	\N	\N
2546	CAiSE	CAiSE	\N	\N
2547	EOMAS@CAiSE	EOMAS@CAiSE	\N	\N
2548	BMMDS/EMMSAD	BMMDS/EMMSAD	\N	\N
2549	CAiSE Forum	CAiSE Forum	\N	\N
2550	PhiSE	PhiSE	\N	\N
2551	CA(i)SE	CA(i)SE	\N	\N
2552	CAiSE Forum (Selected Papers)	CAiSE Forum (Selected Papers)	\N	\N
2553	CAiSE Workshops	CAiSE Workshops	\N	\N
2554	EOMAS	EOMAS	\N	\N
2555	UMICS	UMICS	\N	\N
2556	CAiSE (Doctoral Consortium)	CAiSE (Doctoral Consortium)	\N	\N
2557	EMOI-INTEROP	EMOI-INTEROP	\N	\N
2558	CAiSE Short Paper Proceedings	CAiSE Short Paper Proceedings	\N	\N
2559	CAiSE Workshops (2)	CAiSE Workshops (2)	\N	\N
2560	CAiSE Industrial Track	CAiSE Industrial Track	\N	\N
2561	BPMDS	BPMDS	\N	\N
2562	CAiSE Workshops (3)	CAiSE Workshops (3)	\N	\N
2563	ReMo2V	ReMo2V	\N	\N
2564	CAiSE Workshops (1)	CAiSE Workshops (1)	\N	\N
2565	DISWEB	DISWEB	\N	\N
2566	ONTOSE	ONTOSE	\N	\N
2567	CIAO! / EOMAS	CIAO! / EOMAS	\N	\N
2568	WISM	WISM	\N	\N
2569	MoDISE-EUS	MoDISE-EUS	\N	\N
2570	BUSITAL	BUSITAL	\N	\N
2571	NGEBIS Short Papers	NGEBIS Short Papers	\N	\N
2572	NGEBIS	NGEBIS	\N	\N
2573	NSS	NSS	\N	\N
2574	EvoWorkshops	EvoWorkshops	\N	\N
2575	EvoBIO	EvoBIO	\N	\N
2576	EvoCOP	EvoCOP	\N	\N
2577	EvoRobots	EvoRobots	\N	\N
2578	EvoApplications	EvoApplications	\N	\N
2579	EvoApplications (2)	EvoApplications (2)	\N	\N
2580	EvoApplications (1)	EvoApplications (1)	\N	\N
2581	EvoMUSART	EvoMUSART	\N	\N
2582	Evo Workshops	Evo Workshops	\N	\N
2583	World Conference on Information Security Education	World Conference on Information Security Education	\N	\N
2584	ACM Southeast Regional Conference (1)	ACM Southeast Regional Conference (1)	\N	\N
2585	ACM Southeast Regional Conference	ACM Southeast Regional Conference	\N	\N
2586	ACM Southeast Regional Conference (2)	ACM Southeast Regional Conference (2)	\N	\N
2587	CIRA	CIRA	\N	\N
2588	MIPRO	MIPRO	\N	\N
2589	ACM Policy	ACM Policy	\N	\N
2590	ESEC	ESEC	\N	\N
2591	ESEC / SIGSOFT FSE	ESEC / SIGSOFT FSE	\N	\N
2592	CoreGRID	CoreGRID	\N	\N
2593	CoreGRID Workshop on Grid Middleware	CoreGRID Workshop on Grid Middleware	\N	\N
2594	CoreGRID Workshop - Making Grids Work	CoreGRID Workshop - Making Grids Work	\N	\N
2595	International Conference on Wireless Networks	International Conference on Wireless Networks	\N	\N
2596	ICWN	ICWN	\N	\N
2597	GfKl	GfKl	\N	\N
2598	Workshop on Geometric Modeling	Workshop on Geometric Modeling	\N	\N
2599	ICANNGA (2)	ICANNGA (2)	\N	\N
2600	ICANNGA	ICANNGA	\N	\N
2601	ICANNGA (1)	ICANNGA (1)	\N	\N
2602	ISDA (2)	ISDA (2)	\N	\N
2603	ISDA (1)	ISDA (1)	\N	\N
2604	ISDA	ISDA	\N	\N
2605	ISDA (3)	ISDA (3)	\N	\N
2606	ICDCS	ICDCS	\N	\N
2607	AMIF	AMIF	\N	\N
2608	MedAlg	MedAlg	\N	\N
2609	MoCoMed	MoCoMed	\N	\N
2610	Multimodal Human-Computer Communication	Multimodal Human-Computer Communication	\N	\N
2611	Cooperative Multimodal Communication	Cooperative Multimodal Communication	\N	\N
2612	BIBE	BIBE	\N	\N
2613	ACPC	ACPC	\N	\N
2614	SBLP	SBLP	\N	\N
2615	TIME	TIME	\N	\N
2616	IEEE Symposium on Security and Privacy	IEEE Symposium on Security and Privacy	\N	\N
2617	IEEE Symposium on Security and Privacy Workshops	IEEE Symposium on Security and Privacy Workshops	\N	\N
2618	INDC	INDC	\N	\N
2619	CSC	CSC	\N	\N
2620	PDSE	PDSE	\N	\N
2621	MCO	MCO	\N	\N
2622	Artifical Intelligence for Human Computing	Artifical Intelligence for Human Computing	\N	\N
2623	ACM SIGMOD Workshop on Research Issues in Data Mining and Knowledge Discovery	ACM SIGMOD Workshop on Research Issues in Data Mining and Knowledge Discovery	\N	\N
2624	1999 ACM SIGMOD Workshop on Research Issues in Data Mining and Knowledge Discovery	1999 ACM SIGMOD Workshop on Research Issues in Data Mining and Knowledge Discovery	\N	\N
2625	DMKD	DMKD	\N	\N
2626	SMPS	SMPS	\N	\N
2627	ROBOTIK	ROBOTIK	\N	\N
2628	IPAW	IPAW	\N	\N
2629	CSWWS	CSWWS	\N	\N
2630	SYNASC	SYNASC	\N	\N
2631	UCAmI	UCAmI	\N	\N
2632	KSE (1)	KSE (1)	\N	\N
2633	KSE	KSE	\N	\N
2634	KSE (2)	KSE (2)	\N	\N
2635	CSCL	CSCL	\N	\N
2636	CSCL (1)	CSCL (1)	\N	\N
2637	CSCL (2)	CSCL (2)	\N	\N
2638	PRET	PRET	\N	\N
2639	ICMAS	ICMAS	\N	\N
2640	Advanced Database Machine Architecture	Advanced Database Machine Architecture	\N	\N
2641	Database Machine Performance	Database Machine Performance	\N	\N
2642	NOSTRADAMUS	NOSTRADAMUS	\N	\N
2643	Data Base Design Techniques I	Data Base Design Techniques I	\N	\N
2644	On Knowledge Base Management Systems (Islamorada)	On Knowledge Base Management Systems (Islamorada)	\N	\N
2645	Datenbanken in Rechnernetzen mit Kleinrechnern	Datenbanken in Rechnernetzen mit Kleinrechnern	\N	\N
2646	On Conceptual Modelling (Intervale)	On Conceptual Modelling (Intervale)	\N	\N
2647	Pictorial Information Systems	Pictorial Information Systems	\N	\N
2648	Data Types and Persistence (Appin)	Data Types and Persistence (Appin)	\N	\N
2649	Formal Methods in Databases and Software Engineering	Formal Methods in Databases and Software Engineering	\N	\N
2650	PRISMA Workshop	PRISMA Workshop	\N	\N
2651	Data Base Design Techniques II	Data Base Design Techniques II	\N	\N
2652	Foundations of Knowledge Base Management (Xania)	Foundations of Knowledge Base Management (Xania)	\N	\N
2653	Non-Standard Datenbanken für Anwendungen der Graphischen Datenverarbeitung	Non-Standard Datenbanken für Anwendungen der Graphischen Datenverarbeitung	\N	\N
2654	Natural Language Communication with Computers	Natural Language Communication with Computers	\N	\N
2655	CNSM	CNSM	\N	\N
2656	VIEW	VIEW	\N	\N
2657	NIPS	NIPS	\N	\N
2658	MLINI	MLINI	\N	\N
2659	Neural Networks: Tricks of the Trade	Neural Networks: Tricks of the Trade	\N	\N
2660	HiPEAC	HiPEAC	\N	\N
2661	SAIG	SAIG	\N	\N
2662	TEX, XML, and Digital Typography	TEX, XML, and Digital Typography	\N	\N
2663	TEX for Scientific Documentation	TEX for Scientific Documentation	\N	\N
2664	German-Argentinian Workshop on Information Technology	German-Argentinian Workshop on Information Technology	\N	\N
2665	Socionics	Socionics	\N	\N
2666	ROBOT (1)	ROBOT (1)	\N	\N
2667	ROBOT (2)	ROBOT (2)	\N	\N
2668	WCET	WCET	\N	\N
2669	ILP	ILP	\N	\N
2670	Probabilistic Inductive Logic Programming	Probabilistic Inductive Logic Programming	\N	\N
2671	ILP (Late Breaking Papers)	ILP (Late Breaking Papers)	\N	\N
2672	ILP Work-in-progress reports	ILP Work-in-progress reports	\N	\N
2673	Inductive Logic Programming Workshop	Inductive Logic Programming Workshop	\N	\N
2674	The Analysis of Concurrent Systems	The Analysis of Concurrent Systems	\N	\N
2675	KIT-Nachwuchswissenschaftler-Symposium	KIT-Nachwuchswissenschaftler-Symposium	\N	\N
2676	WDIA	WDIA	\N	\N
2677	CMSB	CMSB	\N	\N
2678	ICSIPA	ICSIPA	\N	\N
2679	TAFA	TAFA	\N	\N
2680	ISIT	ISIT	\N	\N
2681	Computer Applications in the Automation of Shipyard Operation and Ship Design	Computer Applications in the Automation of Shipyard Operation and Ship Design	\N	\N
2682	Functional Programming	Functional Programming	\N	\N
2683	IWSDS	IWSDS	\N	\N
2684	3DIC	3DIC	\N	\N
2685	SwSTE	SwSTE	\N	\N
2686	ESSoS	ESSoS	\N	\N
2687	Accurate Scientific Computations	Accurate Scientific Computations	\N	\N
2688	eCrime Researchers Summit	eCrime Researchers Summit	\N	\N
2689	SARA	SARA	\N	\N
2690	RIMS Symposium on Software Science and Engineering	RIMS Symposium on Software Science and Engineering	\N	\N
2691	RIMS Symposia on Software Science and Engineering	RIMS Symposia on Software Science and Engineering	\N	\N
2692	Cognitive Systems	Cognitive Systems	\N	\N
2693	LCPC	LCPC	\N	\N
2694	Networked Group Communication	Networked Group Communication	\N	\N
2695	FP7 FIRE/EULER	FP7 FIRE/EULER	\N	\N
2696	JOBIM	JOBIM	\N	\N
2697	ALaRT	ALaRT	\N	\N
2698	FSR	FSR	\N	\N
2699	WISA	WISA	\N	\N
2700	ICGEC	ICGEC	\N	\N
2701	DSD	DSD	\N	\N
2702	ICCPS	ICCPS	\N	\N
2703	Mobile Response	Mobile Response	\N	\N
2704	PerDis	PerDis	\N	\N
2705	SC	SC	\N	\N
2706	SC Companion	SC Companion	\N	\N
2707	SC-MTAGS	SC-MTAGS	\N	\N
2708	China HPC	China HPC	\N	\N
2709	HPRCTA	HPRCTA	\N	\N
2710	PDSW	PDSW	\N	\N
2711	SC-GCE	SC-GCE	\N	\N
2712	SC-WORKS	SC-WORKS	\N	\N
2713	SC-WHPCF	SC-WHPCF	\N	\N
2714	SC-HPRCTA	SC-HPRCTA	\N	\N
2715	Organisation informationstechnik-gestützter öffentlicher Verwaltung	Organisation informationstechnik-gestützter öffentlicher Verwaltung	\N	\N
2716	Neue Informationstechnologien und Verwaltung	Neue Informationstechnologien und Verwaltung	\N	\N
2717	Koordination von Informationen	Koordination von Informationen	\N	\N
2718	Öffentliche Verwaltung und Informationstechnik	Öffentliche Verwaltung und Informationstechnik	\N	\N
2719	MobiHoc	MobiHoc	\N	\N
2720	MobilityModels	MobilityModels	\N	\N
2721	HeterSanet	HeterSanet	\N	\N
2722	FOWANC	FOWANC	\N	\N
2723	ICTIR	ICTIR	\N	\N
2724	EISIC	EISIC	\N	\N
2725	Towards the Learning Grid	Towards the Learning Grid	\N	\N
2726	LeGE-WG 3	LeGE-WG 3	\N	\N
2727	LeGE-WG 2	LeGE-WG 2	\N	\N
2728	LeGE-WG 1	LeGE-WG 1	\N	\N
2729	LeGE-WG 4	LeGE-WG 4	\N	\N
2730	Broadband Networking Technologies	Broadband Networking Technologies	\N	\N
2731	SelfMan	SelfMan	\N	\N
2732	RSFDGrC (2)	RSFDGrC (2)	\N	\N
2733	RSFDGrC	RSFDGrC	\N	\N
2734	RSFDGrC (1)	RSFDGrC (1)	\N	\N
2735	NLG	NLG	\N	\N
2736	CHIMIT	CHIMIT	\N	\N
2737	QSIC	QSIC	\N	\N
2738	FACS	FACS	\N	\N
2739	ACML	ACML	\N	\N
2740	WILF	WILF	\N	\N
2741	Frauenwelt - Computerräme	Frauenwelt - Computerräme	\N	\N
2742	FODO	FODO	\N	\N
2743	SCVMA	SCVMA	\N	\N
2744	APGV	APGV	\N	\N
2745	SAP	SAP	\N	\N
2746	VDMB	VDMB	\N	\N
2747	CPA	CPA	\N	\N
2748	Heinz Nixdorf Symposium	Heinz Nixdorf Symposium	\N	\N
2749	TELECARE	TELECARE	\N	\N
2750	NGITS	NGITS	\N	\N
2751	ICCASA	ICCASA	\N	\N
2752	WAOA	WAOA	\N	\N
2753	Digital Identity Management	Digital Identity Management	\N	\N
2754	WIAMIS	WIAMIS	\N	\N
2755	Algorithmic Foundations of Geographic Information Systems	Algorithmic Foundations of Geographic Information Systems	\N	\N
2756	CISM - Advances in Database Systems	CISM - Advances in Database Systems	\N	\N
2757	CSSE (2)	CSSE (2)	\N	\N
2758	CSSE (5)	CSSE (5)	\N	\N
2759	CSSE (6)	CSSE (6)	\N	\N
2760	CSSE (1)	CSSE (1)	\N	\N
2761	CSSE (3)	CSSE (3)	\N	\N
2762	CSSE (4)	CSSE (4)	\N	\N
2763	MAAMAW	MAAMAW	\N	\N
2764	ACCV (3)	ACCV (3)	\N	\N
2765	ACCV	ACCV	\N	\N
2766	ACCV (4)	ACCV (4)	\N	\N
2767	ACCV (1)	ACCV (1)	\N	\N
2768	ACCV (2)	ACCV (2)	\N	\N
2769	ACCV Workshops (1)	ACCV Workshops (1)	\N	\N
2770	ACCV Workshops (2)	ACCV Workshops (2)	\N	\N
2771	TPCD	TPCD	\N	\N
2772	EPK	EPK	\N	\N
2773	SCM	SCM	\N	\N
2774	FSEN	FSEN	\N	\N
2775	ITI	ITI	\N	\N
2776	MCETECH	MCETECH	\N	\N
2777	Impacts of Artificial Intelligence	Impacts of Artificial Intelligence	\N	\N
2778	Software Agents and Soft Computing	Software Agents and Soft Computing	\N	\N
2779	PragWeb	PragWeb	\N	\N
2780	MSV	MSV	\N	\N
2781	MSV/AMCS	MSV/AMCS	\N	\N
2782	Visual Information Processing	Visual Information Processing	\N	\N
2783	SSBSE	SSBSE	\N	\N
2784	Geometry and Robotics	Geometry and Robotics	\N	\N
2785	DOOD	DOOD	\N	\N
2786	KDOOD/TDOOD	KDOOD/TDOOD	\N	\N
2787	SIGSOFT FSE	SIGSOFT FSE	\N	\N
2788	ESEC/SIGSOFT FSE (Companion)	ESEC/SIGSOFT FSE (Companion)	\N	\N
2789	FoSER	FoSER	\N	\N
2790	EFTS	EFTS	\N	\N
2791	SAVCBS	SAVCBS	\N	\N
2792	IW-SOSWE	IW-SOSWE	\N	\N
2793	ESSPE	ESSPE	\N	\N
2794	WEA	WEA	\N	\N
2795	Workshop on Exception Handling	Workshop on Exception Handling	\N	\N
2796	SYANCO	SYANCO	\N	\N
2797	DOSTA	DOSTA	\N	\N
2798	NTMS	NTMS	\N	\N
2799	PLDI	PLDI	\N	\N
2800	MSPC@PLDI	MSPC@PLDI	\N	\N
2801	MSPC	MSPC	\N	\N
2802	Best of PLDI	Best of PLDI	\N	\N
2803	PLAS	PLAS	\N	\N
2804	PPSC	PPSC	\N	\N
2805	GridNets	GridNets	\N	\N
2806	ISSPA	ISSPA	\N	\N
2807	ISSPA (1)	ISSPA (1)	\N	\N
2808	ISSPA (2)	ISSPA (2)	\N	\N
2809	COCOA	COCOA	\N	\N
2810	COCOA (1)	COCOA (1)	\N	\N
2811	COCOA (2)	COCOA (2)	\N	\N
2812	AFPAC	AFPAC	\N	\N
2813	SeCO Workshop	SeCO Workshop	\N	\N
2814	INDOCRYPT	INDOCRYPT	\N	\N
2815	DUX	DUX	\N	\N
2816	MTDT	MTDT	\N	\N
2817	TRUST	TRUST	\N	\N
2818	WASH	WASH	\N	\N
2819	Trust in Cyber-societies	Trust in Cyber-societies	\N	\N
2820	Agents	Agents	\N	\N
2821	Agents Workshop on Infrastructure for Multi-Agent Systems	Agents Workshop on Infrastructure for Multi-Agent Systems	\N	\N
2822	CQRE	CQRE	\N	\N
2823	TbiLLC	TbiLLC	\N	\N
2824	TPCTC	TPCTC	\N	\N
2825	ICISP	ICISP	\N	\N
2826	Automata	Automata	\N	\N
2827	Automatentheorie und Formale Sprachen	Automatentheorie und Formale Sprachen	\N	\N
2828	Automata Theory and Formal Languages	Automata Theory and Formal Languages	\N	\N
2829	ARTCom	ARTCom	\N	\N
2830	IESS	IESS	\N	\N
2831	JAC	JAC	\N	\N
2832	SODA	SODA	\N	\N
2833	ISIPTA	ISIPTA	\N	\N
2834	AMCP	AMCP	\N	\N
2835	WOW	WOW	\N	\N
2836	FAA	FAA	\N	\N
2837	VS-GAMES	VS-GAMES	\N	\N
2838	IVA	IVA	\N	\N
2839	CODATA	CODATA	\N	\N
2840	WISER	WISER	\N	\N
2841	VLSI-SoC (Selected Papers)	VLSI-SoC (Selected Papers)	\N	\N
2842	VLSI Engineering	VLSI Engineering	\N	\N
2843	ICC	ICC	\N	\N
2844	ICC (3)	ICC (3)	\N	\N
2845	ICC (1)	ICC (1)	\N	\N
2846	ICC (2)	ICC (2)	\N	\N
2847	Parallel Computing in Science and Engineering	Parallel Computing in Science and Engineering	\N	\N
2848	NEW2AN	NEW2AN	\N	\N
2849	Advances in Computer Graphics Hardware	Advances in Computer Graphics Hardware	\N	\N
2850	Graphics Hardware	Graphics Hardware	\N	\N
2851	High Performance Graphics	High Performance Graphics	\N	\N
2852	Advances in Computer Graphics Hardware (Machines)	Advances in Computer Graphics Hardware (Machines)	\N	\N
2853	Open Distributed Processing	Open Distributed Processing	\N	\N
2854	PDCAT	PDCAT	\N	\N
2855	CODASPY	CODASPY	\N	\N
2856	EDCC	EDCC	\N	\N
2857	EDCC-CARS	EDCC-CARS	\N	\N
2858	CHI Extended Abstracts	CHI Extended Abstracts	\N	\N
2859	CHI	CHI	\N	\N
2860	CHI Conference Companion	CHI Conference Companion	\N	\N
2861	CHI 95 Conference Companion	CHI 95 Conference Companion	\N	\N
2862	INTERCHI Adjunct Proceedings	INTERCHI Adjunct Proceedings	\N	\N
2863	INTERCHI	INTERCHI	\N	\N
2864	Ambient Intelligence for Scientific Discovery	Ambient Intelligence for Scientific Discovery	\N	\N
2865	RepliCHI	RepliCHI	\N	\N
2866	BELIV	BELIV	\N	\N
2867	MLMTA	MLMTA	\N	\N
2868	IMIS	IMIS	\N	\N
2869	Workshop on Programming with Logic Databases (Book), ILPS	Workshop on Programming with Logic Databases (Book), ILPS	\N	\N
2870	Workshop on Programming with Logic Databases (Informal Proceedings), ILPS	Workshop on Programming with Logic Databases (Informal Proceedings), ILPS	\N	\N
2871	DDLP	DDLP	\N	\N
2872	Workshop on Deductive Databases	Workshop on Deductive Databases	\N	\N
2873	Workshop on Deductive Databases, JICSLP	Workshop on Deductive Databases, JICSLP	\N	\N
2874	Deductive Databases / Abduction in Deductive Databases	Deductive Databases / Abduction in Deductive Databases	\N	\N
2875	Workshop on Deductive Databases and Logic Programming	Workshop on Deductive Databases and Logic Programming	\N	\N
2876	Parallel and Distributed Computing and Networks	Parallel and Distributed Computing and Networks	\N	\N
2877	SCAM	SCAM	\N	\N
2878	E-Business: Multidisciplinary Research and Practice	E-Business: Multidisciplinary Research and Practice	\N	\N
2879	Local Area Network Applications	Local Area Network Applications	\N	\N
2880	CCL	CCL	\N	\N
2881	Communications and Multimedia Security	Communications and Multimedia Security	\N	\N
2882	IPTC	IPTC	\N	\N
2883	PAKM	PAKM	\N	\N
2884	ECMDA-FA	ECMDA-FA	\N	\N
2885	ECMFA	ECMFA	\N	\N
2886	ECMFA-TW	ECMFA-TW	\N	\N
2887	MSE	MSE	\N	\N
2888	ISMSE	ISMSE	\N	\N
2889	ANTS	ANTS	\N	\N
2890	IDS	IDS	\N	\N
2891	ACST	ACST	\N	\N
2892	RISSEF	RISSEF	\N	\N
2893	Asia International Conference on Modelling and Simulation	Asia International Conference on Modelling and Simulation	\N	\N
2894	ICUCT	ICUCT	\N	\N
2895	IW-MMDBMS	IW-MMDBMS	\N	\N
2896	WiOpt	WiOpt	\N	\N
2897	DBSec	DBSec	\N	\N
2898	MFDBS	MFDBS	\N	\N
2899	IF&GIS	IF&GIS	\N	\N
2900	ISESE	ISESE	\N	\N
2901	SPDECE	SPDECE	\N	\N
2902	Fachtagung Prozessrechner	Fachtagung Prozessrechner	\N	\N
2903	Prozeßrechnersysteme	Prozeßrechnersysteme	\N	\N
2904	LAPTEC	LAPTEC	\N	\N
2905	Lessons from Learning	Lessons from Learning	\N	\N
2906	CRV	CRV	\N	\N
2907	CDS	CDS	\N	\N
2908	FEWS	FEWS	\N	\N
2909	DMG	DMG	\N	\N
2910	IJCBS	IJCBS	\N	\N
2911	Datenschutz und Datensicherung	Datenschutz und Datensicherung	\N	\N
2912	Adaptive Multimedia Retrieval	Adaptive Multimedia Retrieval	\N	\N
2913	MTV	MTV	\N	\N
2914	Grundlagen und Anwendungen mobiler Informationstechnologie	Grundlagen und Anwendungen mobiler Informationstechnologie	\N	\N
2915	Mobilität und Informationssysteme	Mobilität und Informationssysteme	\N	\N
2916	Database Mechanisms for Mobile Applications	Database Mechanisms for Mobile Applications	\N	\N
2917	ITCS	ITCS	\N	\N
2918	ICS	ICS	\N	\N
2919	SYRCoDIS	SYRCoDIS	\N	\N
2920	Global Computing	Global Computing	\N	\N
2921	FDG	FDG	\N	\N
2922	ICMCTA	ICMCTA	\N	\N
2923	CALCO	CALCO	\N	\N
2924	GI Jahrestagung	GI Jahrestagung	\N	\N
2925	GI Jahrestagung (2)	GI Jahrestagung (2)	\N	\N
2926	GI Jahrestagung (1)	GI Jahrestagung (1)	\N	\N
2927	GI Jahrestagung (Schwerpunkt "Sicherheit - Schutz und Zuverlässigkeit")	GI Jahrestagung (Schwerpunkt "Sicherheit - Schutz und Zuverlässigkeit")	\N	\N
2928	Workshop Data Mining und Data Warehousing	Workshop Data Mining und Data Warehousing	\N	\N
2929	Workshop Integration heterogener Softwaresysteme	Workshop Integration heterogener Softwaresysteme	\N	\N
2930	GI Jahrestagung (Fachgespräche)	GI Jahrestagung (Fachgespräche)	\N	\N
2931	Ausgezeichnete Informatikdissertationen	Ausgezeichnete Informatikdissertationen	\N	\N
2932	Workshop Multimedia-Systeme, GI Jahrestagung	Workshop Multimedia-Systeme, GI Jahrestagung	\N	\N
2933	GI Jahrestagung (3)	GI Jahrestagung (3)	\N	\N
2934	GI-Workshop Internet-Datenbanken	GI-Workshop Internet-Datenbanken	\N	\N
2935	GI Jahrestagung (Ergänzungsband)	GI Jahrestagung (Ergänzungsband)	\N	\N
2936	Workshop on Human Motion	Workshop on Human Motion	\N	\N
2937	Nonclassical Logics and Information Processing	Nonclassical Logics and Information Processing	\N	\N
2938	Logic, Action, and Information	Logic, Action, and Information	\N	\N
2939	Semantics of Specification Languages	Semantics of Specification Languages	\N	\N
2940	CompLife	CompLife	\N	\N
2941	RSKT	RSKT	\N	\N
2942	SBM	SBM	\N	\N
2943	VISSOFT	VISSOFT	\N	\N
2944	PPSWR	PPSWR	\N	\N
2945	IASTED Conf. on Software Engineering and Applications	IASTED Conf. on Software Engineering and Applications	\N	\N
2946	COM.Geo	COM.Geo	\N	\N
2947	SBAC-PAD	SBAC-PAD	\N	\N
2948	Net-Con	Net-Con	\N	\N
2949	IHN	IHN	\N	\N
2950	PROFES	PROFES	\N	\N
2951	DMSN	DMSN	\N	\N
2952	Natural Language Understanding and Logic Programming Workshop	Natural Language Understanding and Logic Programming Workshop	\N	\N
2953	Natural Language Understanding and Natural Language Understanding Workshop	Natural Language Understanding and Natural Language Understanding Workshop	\N	\N
2954	IAS	IAS	\N	\N
2955	Berliner XML Tage	Berliner XML Tage	\N	\N
2956	FGCS	FGCS	\N	\N
2957	GSEM	GSEM	\N	\N
2958	NODe/GSEM	NODe/GSEM	\N	\N
2959	IDMAN	IDMAN	\N	\N
2960	FIFF Jahrestagung	FIFF Jahrestagung	\N	\N
2961	APWeb/WAIM	APWeb/WAIM	\N	\N
2962	WAIM Workshops	WAIM Workshops	\N	\N
2963	WAIM	WAIM	\N	\N
2964	Web-Age Information Management	Web-Age Information Management	\N	\N
2965	IEEM	IEEM	\N	\N
2966	SocProS	SocProS	\N	\N
2967	SocProS (2)	SocProS (2)	\N	\N
2968	SocProS (1)	SocProS (1)	\N	\N
2969	ICPE	ICPE	\N	\N
2970	WOSP/SIPEW	WOSP/SIPEW	\N	\N
2971	Workshop on Software and Performance	Workshop on Software and Performance	\N	\N
2972	WOSP	WOSP	\N	\N
2973	HotTopiCS	HotTopiCS	\N	\N
2974	DSV-IS	DSV-IS	\N	\N
2975	DSV-IS (2)	DSV-IS (2)	\N	\N
2976	AGS	AGS	\N	\N
2977	Description Logics	Description Logics	\N	\N
2978	Description Logic Handbook	Description Logic Handbook	\N	\N
2979	DESRIST	DESRIST	\N	\N
2980	FCT	FCT	\N	\N
2981	WorldCIST	WorldCIST	\N	\N
2982	BSB	BSB	\N	\N
2983	WOB	WOB	\N	\N
2984	GRAPP	GRAPP	\N	\N
2985	GRAPP/IVAPP	GRAPP/IVAPP	\N	\N
2986	GRAPP (AS/IE)	GRAPP (AS/IE)	\N	\N
2987	GRAPP (GM/R)	GRAPP (GM/R)	\N	\N
2988	IWCM	IWCM	\N	\N
2989	Algebraic Methods	Algebraic Methods	\N	\N
2990	AMKM	AMKM	\N	\N
2991	Sagamore Computer Conference	Sagamore Computer Conference	\N	\N
2992	Towards Trustworthy Elections	Towards Trustworthy Elections	\N	\N
2993	Speaker Classification (1)	Speaker Classification (1)	\N	\N
2994	Speaker Classification (2)	Speaker Classification (2)	\N	\N
2995	SECRYPT	SECRYPT	\N	\N
2996	ACE	ACE	\N	\N
2997	ICECCS	ICECCS	\N	\N
2998	SAMT	SAMT	\N	\N
2999	KAMC	KAMC	\N	\N
3000	SAMT (Posters and Demos)	SAMT (Posters and Demos)	\N	\N
3001	ISR	ISR	\N	\N
3002	ISR/ROBOTIK	ISR/ROBOTIK	\N	\N
3003	Software-Ergonomie	Software-Ergonomie	\N	\N
3004	PAKDD	PAKDD	\N	\N
3005	PAKDD Workshops	PAKDD Workshops	\N	\N
3006	PAKDD (1)	PAKDD (1)	\N	\N
3007	PAKDD (2)	PAKDD (2)	\N	\N
3008	BioDM	BioDM	\N	\N
3009	KDLL	KDLL	\N	\N
3010	KDMCD	KDMCD	\N	\N
3011	WSMAI	WSMAI	\N	\N
3012	WSMDEIS	WSMDEIS	\N	\N
3013	ACL2	ACL2	\N	\N
3014	ELPUB	ELPUB	\N	\N
3015	AOSE	AOSE	\N	\N
3016	SQAMIA	SQAMIA	\N	\N
3017	Dublin Core Conference	Dublin Core Conference	\N	\N
3018	Electronic Imaging	Electronic Imaging	\N	\N
3019	Parallel Tools Workshop	Parallel Tools Workshop	\N	\N
3020	SNePS	SNePS	\N	\N
3021	COMMA	COMMA	\N	\N
3022	Discovery Science	Discovery Science	\N	\N
3023	Computational Discovery of Scientific Knowledge	Computational Discovery of Scientific Knowledge	\N	\N
3024	TEEM	TEEM	\N	\N
3025	POS	POS	\N	\N
3026	Data Types and Persistence (Appin), Informal Proceedings	Data Types and Persistence (Appin), Informal Proceedings	\N	\N
3027	POS/PJW	POS/PJW	\N	\N
3028	MedInfo	MedInfo	\N	\N
3029	TAINN	TAINN	\N	\N
3030	ESA (1)	ESA (1)	\N	\N
3031	ESA (2)	ESA (2)	\N	\N
3032	IC-AI	IC-AI	\N	\N
3033	AAAI Spring Symposium: Artificial Intelligence and Sustainable Design	AAAI Spring Symposium: Artificial Intelligence and Sustainable Design	\N	\N
3034	AAAI Spring Symposium: Between a Rock and a Hard Place: Cognitive Science Principles Meet AI-Hard Problems	AAAI Spring Symposium: Between a Rock and a Hard Place: Cognitive Science Principles Meet AI-Hard Problems	\N	\N
3035	AAAI Spring Symposium: Creative Intelligent Systems	AAAI Spring Symposium: Creative Intelligent Systems	\N	\N
3036	AAAI Spring Symposium: Game Theoretic and Decision Theoretic Agents	AAAI Spring Symposium: Game Theoretic and Decision Theoretic Agents	\N	\N
3037	AAAI Spring Symposium: Shikakeology	AAAI Spring Symposium: Shikakeology	\N	\N
3038	AAAI Spring Symposium: Logical Formalizations of Commonsense Reasoning	AAAI Spring Symposium: Logical Formalizations of Commonsense Reasoning	\N	\N
3039	AAAI Spring Symposium: AI Meets Business Rules and Process Management	AAAI Spring Symposium: AI Meets Business Rules and Process Management	\N	\N
3040	AAAI Spring Symposium: Designing Intelligent Robots	AAAI Spring Symposium: Designing Intelligent Robots	\N	\N
3041	AAAI Spring Symposium: Semantic Scientific Knowledge Integration	AAAI Spring Symposium: Semantic Scientific Knowledge Integration	\N	\N
3042	AAAI Spring Symposium: Trust and Autonomous Systems	AAAI Spring Symposium: Trust and Autonomous Systems	\N	\N
3043	AAAI Spring Symposium: Data Driven Wellness	AAAI Spring Symposium: Data Driven Wellness	\N	\N
3044	AAAI Spring Symposium: Argumentation for Consumers of Healthcare	AAAI Spring Symposium: Argumentation for Consumers of Healthcare	\N	\N
3045	AAAI Spring Symposium: Linked Data Meets Artificial Intelligence	AAAI Spring Symposium: Linked Data Meets Artificial Intelligence	\N	\N
3046	AAAI Spring Symposium: Creativity and (Early) Cognitive Development	AAAI Spring Symposium: Creativity and (Early) Cognitive Development	\N	\N
3047	AAAI Spring Symposium: Quantum Interaction	AAAI Spring Symposium: Quantum Interaction	\N	\N
3048	AAAI Spring Symposium: Challenges to Decision Support in a Changing World	AAAI Spring Symposium: Challenges to Decision Support in a Changing World	\N	\N
3049	AAAI Spring Symposium: Persistent Assistants: Living and Working with AI	AAAI Spring Symposium: Persistent Assistants: Living and Working with AI	\N	\N
3050	AAAI Spring Symposium: Knowledge Collection from Volunteer Contributors	AAAI Spring Symposium: Knowledge Collection from Volunteer Contributors	\N	\N
3051	AAAI Spring Symposium: Computational Approaches to Analyzing Weblogs	AAAI Spring Symposium: Computational Approaches to Analyzing Weblogs	\N	\N
3052	AAAI Spring Symposium: Intelligent Information Privacy Management	AAAI Spring Symposium: Intelligent Information Privacy Management	\N	\N
3053	AAAI Spring Symposium: Wisdom of the Crowd	AAAI Spring Symposium: Wisdom of the Crowd	\N	\N
3054	AAAI Spring Symposium: Semantic Web Meets eGovernment	AAAI Spring Symposium: Semantic Web Meets eGovernment	\N	\N
3055	AAAI Spring Symposium: Distributed Plan and Schedule Management	AAAI Spring Symposium: Distributed Plan and Schedule Management	\N	\N
3056	AAAI Spring Symposium: Learning by Reading and Learning to Read	AAAI Spring Symposium: Learning by Reading and Learning to Read	\N	\N
3057	AAAI Spring Symposium: Game Theory for Security, Sustainability, and Health	AAAI Spring Symposium: Game Theory for Security, Sustainability, and Health	\N	\N
3058	AAAI Spring Symposium: What Went Wrong and Why: Lessons from AI Research and Applications	AAAI Spring Symposium: What Went Wrong and Why: Lessons from AI Research and Applications	\N	\N
3059	AAAI Spring Symposium: Analyzing Microtext	AAAI Spring Symposium: Analyzing Microtext	\N	\N
3060	AAAI Spring Symposium: Intelligent Narrative Technologies II	AAAI Spring Symposium: Intelligent Narrative Technologies II	\N	\N
3061	AAAI Spring Symposium: AI, The Fundamental Social Aggregation Challenge	AAAI Spring Symposium: AI, The Fundamental Social Aggregation Challenge	\N	\N
3062	AAAI Spring Symposium: Control Mechanisms for Spatial Knowledge Processing in Cognitive / Intelligent Systems	AAAI Spring Symposium: Control Mechanisms for Spatial Knowledge Processing in Cognitive / Intelligent Systems	\N	\N
3063	AAAI Spring Symposium: Social Information Processing	AAAI Spring Symposium: Social Information Processing	\N	\N
3064	AAAI Spring Symposium: Self-Tracking and Collective Intelligence for Personal Wellness	AAAI Spring Symposium: Self-Tracking and Collective Intelligence for Personal Wellness	\N	\N
3065	AAAI Spring Symposium: Emotion, Personality, and Social Behavior	AAAI Spring Symposium: Emotion, Personality, and Social Behavior	\N	\N
3066	AAAI Spring Symposium: Artificial Intelligence for Development	AAAI Spring Symposium: Artificial Intelligence for Development	\N	\N
3067	AAAI Spring Symposium: Experimental Design for Real-World Systems	AAAI Spring Symposium: Experimental Design for Real-World Systems	\N	\N
3068	AAAI Spring Symposium: AI for Business Agility	AAAI Spring Symposium: AI for Business Agility	\N	\N
3069	AAAI Spring Symposium: Educational Robotics and Beyond	AAAI Spring Symposium: Educational Robotics and Beyond	\N	\N
3070	AAAI Spring Symposium: Agents that Learn from Human Teachers	AAAI Spring Symposium: Agents that Learn from Human Teachers	\N	\N
3071	AAAI Spring Symposium: Reasoning with Mental and External Diagrams: Computational Modeling and Spatial Assistance	AAAI Spring Symposium: Reasoning with Mental and External Diagrams: Computational Modeling and Spatial Assistance	\N	\N
3072	AAAI Spring Symposium: Human Behavior Modeling	AAAI Spring Symposium: Human Behavior Modeling	\N	\N
3073	AAAI Spring Symposium: Interaction Challenges for Intelligent Assistants	AAAI Spring Symposium: Interaction Challenges for Intelligent Assistants	\N	\N
3074	AAAI Spring Symposium: Symbiotic Relationships between Semantic Web and Knowledge Engineering	AAAI Spring Symposium: Symbiotic Relationships between Semantic Web and Knowledge Engineering	\N	\N
3075	AAAI Spring Symposium: Intelligent Web Services Meet Social Computing	AAAI Spring Symposium: Intelligent Web Services Meet Social Computing	\N	\N
3076	AAAI Spring Symposium: It's All in the Timing	AAAI Spring Symposium: It's All in the Timing	\N	\N
3077	AAAI Spring Symposium: Intentions in Intelligent Systems	AAAI Spring Symposium: Intentions in Intelligent Systems	\N	\N
3078	AAAI Spring Symposium: Multidisciplinary Collaboration for Socially Assistive Robotics	AAAI Spring Symposium: Multidisciplinary Collaboration for Socially Assistive Robotics	\N	\N
3079	AAAI Spring Symposium: Cognitive Shape Processing	AAAI Spring Symposium: Cognitive Shape Processing	\N	\N
3080	AAAI Spring Symposium: Social Semantic Web: Where Web 2.0 Meets Web 3.0	AAAI Spring Symposium: Social Semantic Web: Where Web 2.0 Meets Web 3.0	\N	\N
3081	AAAI Spring Symposium: AI Technologies for Homeland Security	AAAI Spring Symposium: AI Technologies for Homeland Security	\N	\N
3082	AAAI Spring Symposium: Technosocial Predictive Analytics	AAAI Spring Symposium: Technosocial Predictive Analytics	\N	\N
3083	AAAI Spring Symposium: Lifelong Machine Learning	AAAI Spring Symposium: Lifelong Machine Learning	\N	\N
3084	AAAI Spring Symposium: Machine Reading	AAAI Spring Symposium: Machine Reading	\N	\N
3085	AAAI Spring Symposium: Using AI to Motivate Greater Participation in Computer Science	AAAI Spring Symposium: Using AI to Motivate Greater Participation in Computer Science	\N	\N
3086	AAAI Spring Symposium: AI and Health Communication	AAAI Spring Symposium: AI and Health Communication	\N	\N
3087	AAAI Spring Symposium: Embedded Reasoning	AAAI Spring Symposium: Embedded Reasoning	\N	\N
3088	AAAI Spring Symposium: Formalizing and Compiling Background Knowledge and Its Applications to Knowledge Representation and Question Answering	AAAI Spring Symposium: Formalizing and Compiling Background Knowledge and Its Applications to Knowledge Representation and Question Answering	\N	\N
3089	AAAI Spring Symposium: Intelligent Event Processing	AAAI Spring Symposium: Intelligent Event Processing	\N	\N
3090	AAAI Spring Symposium: To Boldly Go Where No Human-Robot Team Has Gone Before	AAAI Spring Symposium: To Boldly Go Where No Human-Robot Team Has Gone Before	\N	\N
3091	AAAI Spring Symposium: Multirobot Systems and Physical Data Structures	AAAI Spring Symposium: Multirobot Systems and Physical Data Structures	\N	\N
3092	AAAI Spring Symposium: Help Me Help You: Bridging the Gaps in Human-Agent Collaboration	AAAI Spring Symposium: Help Me Help You: Bridging the Gaps in Human-Agent Collaboration	\N	\N
3093	AAAI Spring Symposium: Computational Physiology	AAAI Spring Symposium: Computational Physiology	\N	\N
3094	AAAI Spring Symposium: Modeling Complex Adaptive Systems as if They Were Voting Processes	AAAI Spring Symposium: Modeling Complex Adaptive Systems as if They Were Voting Processes	\N	\N
3095	AAAI Spring Symposium: Benchmarking of Qualitative Spatial and Temporal Reasoning Systems	AAAI Spring Symposium: Benchmarking of Qualitative Spatial and Temporal Reasoning Systems	\N	\N
3096	ICSCS	ICSCS	\N	\N
3097	IGARSS (2)	IGARSS (2)	\N	\N
3098	IGARSS (4)	IGARSS (4)	\N	\N
3099	IGARSS	IGARSS	\N	\N
3100	IGARSS (3)	IGARSS (3)	\N	\N
3101	IGARSS (1)	IGARSS (1)	\N	\N
3102	IGARSS (5)	IGARSS (5)	\N	\N
3103	IOT	IOT	\N	\N
3104	Quality Education @ a Distance	Quality Education @ a Distance	\N	\N
3105	Geometric Reasoning for Perception and Action	Geometric Reasoning for Perception and Action	\N	\N
3106	FAABS	FAABS	\N	\N
3107	International Conference on Finite Fields and Applications	International Conference on Finite Fields and Applications	\N	\N
3108	SEBD	SEBD	\N	\N
3109	LTC	LTC	\N	\N
3110	Formal Theories of Information	Formal Theories of Information	\N	\N
3111	ESOA	ESOA	\N	\N
3112	RobVis	RobVis	\N	\N
3113	NordiCHI	NordiCHI	\N	\N
3114	MUSEPAT	MUSEPAT	\N	\N
3115	Graph-based Methods for Natural Language Processing	Graph-based Methods for Natural Language Processing	\N	\N
3116	DSS	DSS	\N	\N
3117	Decision Support Systems: Experiences and Expectations	Decision Support Systems: Experiences and Expectations	\N	\N
3118	Context Sensitive Decision Support Systems	Context Sensitive Decision Support Systems	\N	\N
3119	CDM	CDM	\N	\N
3120	Decision Support in Public Administration	Decision Support in Public Administration	\N	\N
3121	CDC	CDC	\N	\N
3122	CDC-ECE	CDC-ECE	\N	\N
3123	IEEE Conf. of Intelligent Systems	IEEE Conf. of Intelligent Systems	\N	\N
3124	EUSFLAT Conf.	EUSFLAT Conf.	\N	\N
3125	IFSA/EUSFLAT Conf.	IFSA/EUSFLAT Conf.	\N	\N
3126	EUSFLAT Conf. (1)	EUSFLAT Conf. (1)	\N	\N
3127	EUSFLAT Conf. (2)	EUSFLAT Conf. (2)	\N	\N
3128	EUSFLAT-ESTYLF Joint Conf.	EUSFLAT-ESTYLF Joint Conf.	\N	\N
3129	ARSO	ARSO	\N	\N
3130	DS-RT	DS-RT	\N	\N
3131	DIS-RT	DIS-RT	\N	\N
3132	CompIMAGE	CompIMAGE	\N	\N
3133	CIBB	CIBB	\N	\N
3134	IWCIA	IWCIA	\N	\N
3135	ICSOC	ICSOC	\N	\N
3136	ICSOC Workshops	ICSOC Workshops	\N	\N
3137	ICSOC/ServiceWave	ICSOC/ServiceWave	\N	\N
3138	ICSOC/ServiceWave Workshops	ICSOC/ServiceWave Workshops	\N	\N
3139	ICSOC PhD Symposium	ICSOC PhD Symposium	\N	\N
3140	DMS	DMS	\N	\N
3141	DDoPS	DDoPS	\N	\N
3142	European Conference on Computer Algebra (2)	European Conference on Computer Algebra (2)	\N	\N
3143	EUROCAL	EUROCAL	\N	\N
3144	EUROCAM	EUROCAM	\N	\N
3145	European Conference on Computer Algebra (1)	European Conference on Computer Algebra (1)	\N	\N
3146	WADS	WADS	\N	\N
3147	Multimedia Technology and Applications	Multimedia Technology and Applications	\N	\N
3148	Advances in Exception Handling Techniques	Advances in Exception Handling Techniques	\N	\N
3149	Advanced Topics in Exception Handling Techniques	Advanced Topics in Exception Handling Techniques	\N	\N
3150	AICOL	AICOL	\N	\N
3151	ISSRE	ISSRE	\N	\N
3152	ISSRE (Supplemental Proceedings)	ISSRE (Supplemental Proceedings)	\N	\N
3153	ISSRE Workshops	ISSRE Workshops	\N	\N
3154	WOSOCER	WOSOCER	\N	\N
3155	IWBRS	IWBRS	\N	\N
3156	HAISA	HAISA	\N	\N
3157	SAISMC	SAISMC	\N	\N
3158	EuroSSC	EuroSSC	\N	\N
3159	EHCI/DS-VIS	EHCI/DS-VIS	\N	\N
3160	EHCI	EHCI	\N	\N
3161	ICAD	ICAD	\N	\N
3162	CLOSER	CLOSER	\N	\N
3163	Forum Wissenschaft und Technik	Forum Wissenschaft und Technik	\N	\N
3164	EST	EST	\N	\N
3165	GameDays	GameDays	\N	\N
3166	ICPCA/SWS	ICPCA/SWS	\N	\N
3167	LATIN	LATIN	\N	\N
3168	CloudComp	CloudComp	\N	\N
3169	EuroMed	EuroMed	\N	\N
3170	SOCO-CISIS-ICEUTE	SOCO-CISIS-ICEUTE	\N	\N
3171	CISIS/ICEUTE/SOCO Special Sessions	CISIS/ICEUTE/SOCO Special Sessions	\N	\N
3172	SOCO	SOCO	\N	\N
3173	WSKS (1)	WSKS (1)	\N	\N
3174	WSKS (2)	WSKS (2)	\N	\N
3175	WSKS	WSKS	\N	\N
3176	IMYCS	IMYCS	\N	\N
3177	Software Composition	Software Composition	\N	\N
3178	Easter Conference on Model Theory	Easter Conference on Model Theory	\N	\N
3179	DFN-Arbeitstagung über Kommunikationsnetze	DFN-Arbeitstagung über Kommunikationsnetze	\N	\N
3180	DFN-Forum Kommunikationstechnologien	DFN-Forum Kommunikationstechnologien	\N	\N
3181	PVM/MPI	PVM/MPI	\N	\N
3182	EuroMPI	EuroMPI	\N	\N
3183	PVM	PVM	\N	\N
3184	CISMOD	CISMOD	\N	\N
3185	ACISP	ACISP	\N	\N
3186	ESOP	ESOP	\N	\N
3187	UYMS	UYMS	\N	\N
3188	ACG	ACG	\N	\N
3189	WISEC	WISEC	\N	\N
3190	BLISS	BLISS	\N	\N
3191	ANT/SEIT	ANT/SEIT	\N	\N
3192	IPCV	IPCV	\N	\N
3193	EuroSys	EuroSys	\N	\N
3194	MAI	MAI	\N	\N
3195	NPH	NPH	\N	\N
3196	CSCLP	CSCLP	\N	\N
3197	BTW	BTW	\N	\N
3198	BTW Workshops	BTW Workshops	\N	\N
3199	Sprachen für Datenbanken	Sprachen für Datenbanken	\N	\N
3200	BTW Studierendenprogramm	BTW Studierendenprogramm	\N	\N
3201	BTW Studierenden-Programm	BTW Studierenden-Programm	\N	\N
3202	ISBI	ISBI	\N	\N
3203	Universal Access in Health Telematics	Universal Access in Health Telematics	\N	\N
3204	Universal Access in Ambient Intelligence Environments	Universal Access in Ambient Intelligence Environments	\N	\N
3205	GCA	GCA	\N	\N
3206	CGO	CGO	\N	\N
3207	EUVIP	EUVIP	\N	\N
3208	IRREGULAR	IRREGULAR	\N	\N
3209	Workshop Farbbildverarbeitung	Workshop Farbbildverarbeitung	\N	\N
3210	Analyse dynamischer Systeme in Medizin, Biologie und Ökologie	Analyse dynamischer Systeme in Medizin, Biologie und Ökologie	\N	\N
3211	ICCL	ICCL	\N	\N
3212	LerNet ALFA Summer School	LerNet ALFA Summer School	\N	\N
3213	Living Machines	Living Machines	\N	\N
3214	Network Security	Network Security	\N	\N
3215	DSML	DSML	\N	\N
3216	WMTE	WMTE	\N	\N
3217	WMUTE	WMUTE	\N	\N
3218	ESWC	ESWC	\N	\N
3219	ESWC (Satellite Events)	ESWC (Satellite Events)	\N	\N
3220	ESWC (1)	ESWC (1)	\N	\N
3221	WoDOOM	WoDOOM	\N	\N
3222	ESWC (2)	ESWC (2)	\N	\N
3223	ESWC Workshops	ESWC Workshops	\N	\N
3224	ESWS	ESWS	\N	\N
3225	SFSW	SFSW	\N	\N
3226	SePublica	SePublica	\N	\N
3227	SeMMA	SeMMA	\N	\N
3228	KWEPSY	KWEPSY	\N	\N
3229	SBPM	SBPM	\N	\N
3230	SALAD@ESWC	SALAD@ESWC	\N	\N
3231	KNOW@LOD	KNOW@LOD	\N	\N
3232	IRSW	IRSW	\N	\N
3233	SemSearch	SemSearch	\N	\N
3234	New Directions in Question Answering	New Directions in Question Answering	\N	\N
3235	IITA	IITA	\N	\N
3236	CoLIS	CoLIS	\N	\N
3237	MIWAI	MIWAI	\N	\N
3238	PSL	PSL	\N	\N
3239	Sicherheit	Sicherheit	\N	\N
3240	VISSAS	VISSAS	\N	\N
3241	BMVC	BMVC	\N	\N
3242	Alvey Vision Conference	Alvey Vision Conference	\N	\N
3243	LSMS (2)	LSMS (2)	\N	\N
3244	LSMS/ICSEE (1)	LSMS/ICSEE (1)	\N	\N
3245	LSMS/ICSEE (2)	LSMS/ICSEE (2)	\N	\N
3246	LSMS/ICSEE	LSMS/ICSEE	\N	\N
3247	LSMS (1)	LSMS (1)	\N	\N
3248	Researching the Future in Information Systems	Researching the Future in Information Systems	\N	\N
3249	New Information Technologies in Organizational Processes	New Information Technologies in Organizational Processes	\N	\N
3250	Social Inclusion	Social Inclusion	\N	\N
3251	Information Systems Perspectives and Challenges in the Context of Globalization	Information Systems Perspectives and Challenges in the Context of Globalization	\N	\N
3252	Virtuality and Virtualization	Virtuality and Virtualization	\N	\N
3253	Organizational and Social Perspectives on IT	Organizational and Social Perspectives on IT	\N	\N
3254	Realigning Research and Practice in Information Systems Development	Realigning Research and Practice in Information Systems Development	\N	\N
3255	Global and Organizational Discourse about Information Technology	Global and Organizational Discourse about Information Technology	\N	\N
3256	CreativeSME	CreativeSME	\N	\N
3257	Human, Organizational, and Social Dimensions of Information Systems Development	Human, Organizational, and Social Dimensions of Information Systems Development	\N	\N
3258	The Impact of Computer Supported Technologies in Information Systems Development	The Impact of Computer Supported Technologies in Information Systems Development	\N	\N
3259	Shaping the Future of ICT Research	Shaping the Future of ICT Research	\N	\N
3260	Transforming Organizations with Information Technology	Transforming Organizations with Information Technology	\N	\N
3261	Synthesis for Control Dominated Circuits	Synthesis for Control Dominated Circuits	\N	\N
3262	Electronic Design Automation Frameworks	Electronic Design Automation Frameworks	\N	\N
3263	Designing Correct Circuits	Designing Correct Circuits	\N	\N
3264	ECCTD	ECCTD	\N	\N
3265	Emergent Neural Computational Architectures Based on Neuroscience	Emergent Neural Computational Architectures Based on Neuroscience	\N	\N
3266	MCTA	MCTA	\N	\N
3267	Digital Photography	Digital Photography	\N	\N
3268	WKDD	WKDD	\N	\N
3269	CSEE (1)	CSEE (1)	\N	\N
3270	CSEE (2)	CSEE (2)	\N	\N
3271	CSEE (3)	CSEE (3)	\N	\N
3272	CSEE (4)	CSEE (4)	\N	\N
3273	CSEE (5)	CSEE (5)	\N	\N
3274	Workshop on Parallel and Distributed Debugging	Workshop on Parallel and Distributed Debugging	\N	\N
3275	CSE (3)	CSE (3)	\N	\N
3276	CSE (2)	CSE (2)	\N	\N
3277	CSE	CSE	\N	\N
3278	CSE (1)	CSE (1)	\N	\N
3279	CSE (4)	CSE (4)	\N	\N
3280	Automatic Verification Methods for Finite State Systems	Automatic Verification Methods for Finite State Systems	\N	\N
3281	APCHI	APCHI	\N	\N
3282	ICMS	ICMS	\N	\N
3283	Knowledge Construction in E-learning Context	Knowledge Construction in E-learning Context	\N	\N
3284	MS	MS	\N	\N
3285	ICVW	ICVW	\N	\N
3286	Infoscale	Infoscale	\N	\N
3287	Codes for Boundary-Value Problems in Ordinary Differential Equations	Codes for Boundary-Value Problems in Ordinary Differential Equations	\N	\N
3288	SERENE	SERENE	\N	\N
3289	GECCO (2)	GECCO (2)	\N	\N
3290	GECCO (Companion)	GECCO (Companion)	\N	\N
3291	GECCO	GECCO	\N	\N
3292	GEC Summit	GEC Summit	\N	\N
3293	GECCO (1)	GECCO (1)	\N	\N
3294	GECCO Late Breaking Papers	GECCO Late Breaking Papers	\N	\N
3295	GECCO Workshops	GECCO Workshops	\N	\N
3296	ACM Workshop on Role-Based Access Control	ACM Workshop on Role-Based Access Control	\N	\N
3297	ESTImedia	ESTImedia	\N	\N
3298	COEA	COEA	\N	\N
3299	EUROCON	EUROCON	\N	\N
3300	DSDE	DSDE	\N	\N
3301	DET	DET	\N	\N
3302	EMMCVPR	EMMCVPR	\N	\N
3303	CAD/Graphics	CAD/Graphics	\N	\N
3304	Repräsentation und Verarbeitung räumlichen Wissens	Repräsentation und Verarbeitung räumlichen Wissens	\N	\N
3305	Machine Intelligence 15	Machine Intelligence 15	\N	\N
3306	Machine Intelligence 14	Machine Intelligence 14	\N	\N
3307	Machine Intelligence 13	Machine Intelligence 13	\N	\N
3308	Workshop on Object-Oriented Graphics	Workshop on Object-Oriented Graphics	\N	\N
3309	Workshops on Object-Oriented Graphics (1)	Workshops on Object-Oriented Graphics (1)	\N	\N
3310	Eurographics Workshop on Programming Paradigms in Graphics	Eurographics Workshop on Programming Paradigms in Graphics	\N	\N
3311	Workshops on Object-Oriented Graphics (2)	Workshops on Object-Oriented Graphics (2)	\N	\N
3312	GAME-ON	GAME-ON	\N	\N
3313	GAMEON	GAMEON	\N	\N
3314	CHARME	CHARME	\N	\N
3315	RSCTC	RSCTC	\N	\N
3316	RSKD	RSKD	\N	\N
3317	Rough Sets and Current Trends in Computing	Rough Sets and Current Trends in Computing	\N	\N
3318	IEA/AIE	IEA/AIE	\N	\N
3319	IEA/AIE (2)	IEA/AIE (2)	\N	\N
3320	IEA/AIE (1)	IEA/AIE (1)	\N	\N
3321	IEA/AIE (Vol. 2)	IEA/AIE (Vol. 2)	\N	\N
3322	IEA/AIE (Vol. 1)	IEA/AIE (Vol. 1)	\N	\N
3323	IEA/AIE (3)	IEA/AIE (3)	\N	\N
3324	CEEMAS	CEEMAS	\N	\N
3325	ESSA	ESSA	\N	\N
3326	WAPCV	WAPCV	\N	\N
3327	Portability of Numerical Software	Portability of Numerical Software	\N	\N
3328	Artificial Intelligence in Higher Education	Artificial Intelligence in Higher Education	\N	\N
3329	WOPPLOT	WOPPLOT	\N	\N
3330	Parallelism, Learning, Evolution	Parallelism, Learning, Evolution	\N	\N
3331	NCCA	NCCA	\N	\N
3332	UK Hypertext	UK Hypertext	\N	\N
3333	ICCPOL	ICCPOL	\N	\N
3334	MWCN	MWCN	\N	\N
3335	MWCN/PWC	MWCN/PWC	\N	\N
3336	WMNC	WMNC	\N	\N
3337	WMNC/PWC	WMNC/PWC	\N	\N
3338	Mobile Computing in Medicine	Mobile Computing in Medicine	\N	\N
3339	ICCMS	ICCMS	\N	\N
3340	PDPTA	PDPTA	\N	\N
3341	MindTrek	MindTrek	\N	\N
3342	WMAN	WMAN	\N	\N
3343	ORDAL	ORDAL	\N	\N
3344	IROS	IROS	\N	\N
3345	IROS (1)	IROS (1)	\N	\N
3346	IROS (3)	IROS (3)	\N	\N
3347	IROS (2)	IROS (2)	\N	\N
3348	Artificial Intelligence and Soft Computing	Artificial Intelligence and Soft Computing	\N	\N
3349	SISY	SISY	\N	\N
3350	TADDS	TADDS	\N	\N
3351	ICCSCE	ICCSCE	\N	\N
3352	Modelling and Simulation	Modelling and Simulation	\N	\N
3353	CD-ARES	CD-ARES	\N	\N
3354	ESPRIT ARES Workshop	ESPRIT ARES Workshop	\N	\N
3355	CD-ARES Workshops	CD-ARES Workshops	\N	\N
3356	CNSR	CNSR	\N	\N
3357	SOFA	SOFA	\N	\N
3358	MSR	MSR	\N	\N
3359	Methods of Programming	Methods of Programming	\N	\N
3360	Programming Languages and System Architectures	Programming Languages and System Architectures	\N	\N
3361	East/West Database Workshop	East/West Database Workshop	\N	\N
3362	ALT	ALT	\N	\N
3363	AII/ALT	AII/ALT	\N	\N
3364	ICQNM	ICQNM	\N	\N
3365	ISSNIP	ISSNIP	\N	\N
3366	APWeb	APWeb	\N	\N
3367	APWeb Workshops	APWeb Workshops	\N	\N
3368	APWeb/WAIM Workshops	APWeb/WAIM Workshops	\N	\N
3369	DAPSYS	DAPSYS	\N	\N
3370	IEEE International Workshop on Rapid System Prototyping	IEEE International Workshop on Rapid System Prototyping	\N	\N
3371	RSP	RSP	\N	\N
3372	International Workshop on Rapid System Prototyping	International Workshop on Rapid System Prototyping	\N	\N
3373	International Symposium on Rapid System Prototyping	International Symposium on Rapid System Prototyping	\N	\N
3374	ICIS	ICIS	\N	\N
3375	Mobile Object Systems	Mobile Object Systems	\N	\N
3376	Summit on Computing Education in China	Summit on Computing Education in China	\N	\N
3377	IASSE	IASSE	\N	\N
3378	ICFIE	ICFIE	\N	\N
3379	EVOL/IWPSE	EVOL/IWPSE	\N	\N
3380	IWPSE	IWPSE	\N	\N
3381	CCMB	CCMB	\N	\N
3382	ICAIS	ICAIS	\N	\N
3383	EMNLP-CoNLL	EMNLP-CoNLL	\N	\N
3384	EMNLP	EMNLP	\N	\N
3385	CNL	CNL	\N	\N
3386	IFMT	IFMT	\N	\N
3387	NETYS	NETYS	\N	\N
3388	ALP	ALP	\N	\N
3389	ALP/HOA	ALP/HOA	\N	\N
3390	InterSense	InterSense	\N	\N
3391	SIGDOC	SIGDOC	\N	\N
3392	PECCS	PECCS	\N	\N
3393	WebDB	WebDB	\N	\N
3394	WebDB (Informal Proceedings)	WebDB (Informal Proceedings)	\N	\N
3395	WebDB (Selected Papers)	WebDB (Selected Papers)	\N	\N
3396	RIVF	RIVF	\N	\N
3397	UCMedia	UCMedia	\N	\N
3398	TFM	TFM	\N	\N
3399	EPIA Workshops	EPIA Workshops	\N	\N
3400	EPIA	EPIA	\N	\N
3401	Electronic Voting in Europe	Electronic Voting in Europe	\N	\N
3402	3PGCIC	3PGCIC	\N	\N
3403	Computer Performance Evaluation	Computer Performance Evaluation	\N	\N
3404	Computer Performance Evaluation / TOOLS	Computer Performance Evaluation / TOOLS	\N	\N
3405	CPP	CPP	\N	\N
3406	CAIA	CAIA	\N	\N
3407	GPCE	GPCE	\N	\N
3408	FOSD@GPCE	FOSD@GPCE	\N	\N
3409	FOSD	FOSD	\N	\N
3410	JURIX	JURIX	\N	\N
3411	DoCoPe@JURIX	DoCoPe@JURIX	\N	\N
3412	AICOL Workshops	AICOL Workshops	\N	\N
3413	ICEEI	ICEEI	\N	\N
3414	RFID-TA	RFID-TA	\N	\N
3415	Spanish Bioinformatics Conference	Spanish Bioinformatics Conference	\N	\N
3416	JBI	JBI	\N	\N
3417	SCSS (2)	SCSS (2)	\N	\N
3418	SCSS (1)	SCSS (1)	\N	\N
3419	SCSS	SCSS	\N	\N
3420	TeNe	TeNe	\N	\N
3421	EIAT/IETA	EIAT/IETA	\N	\N
3422	BIR	BIR	\N	\N
3423	BIR Workshops	BIR Workshops	\N	\N
3424	ILOG@BIR	ILOG@BIR	\N	\N
3425	RAM	RAM	\N	\N
3426	ASWSD	ASWSD	\N	\N
3427	Object Modeling with the OCL	Object Modeling with the OCL	\N	\N
3428	LAK	LAK	\N	\N
3429	LAK Workshops	LAK Workshops	\N	\N
3430	LAK (Data Challenge)	LAK (Data Challenge)	\N	\N
3431	IWTA@LAK	IWTA@LAK	\N	\N
3432	DANTE	DANTE	\N	\N
3433	ICHIT (2)	ICHIT (2)	\N	\N
3434	ICHIT	ICHIT	\N	\N
3435	ICHIT (1)	ICHIT (1)	\N	\N
3436	GI-BIFOA	GI-BIFOA	\N	\N
3437	WCCE	WCCE	\N	\N
3438	ICITA (1)	ICITA (1)	\N	\N
3439	ICITA (2)	ICITA (2)	\N	\N
3440	NMELP	NMELP	\N	\N
3441	ICCL Workshop: Internet Programming Languages	ICCL Workshop: Internet Programming Languages	\N	\N
3442	AFRICACRYPT	AFRICACRYPT	\N	\N
3443	TGC	TGC	\N	\N
3444	MACOM	MACOM	\N	\N
3445	ICDEM	ICDEM	\N	\N
3446	IWWERT	IWWERT	\N	\N
3447	DATESO	DATESO	\N	\N
3448	SoCPaR	SoCPaR	\N	\N
3449	SEA	SEA	\N	\N
3450	HLDVT	HLDVT	\N	\N
3451	Programs as Data Objects	Programs as Data Objects	\N	\N
3452	SRII Global Conference	SRII Global Conference	\N	\N
3453	ICCE	ICCE	\N	\N
3454	EP	EP	\N	\N
3455	PODDP	PODDP	\N	\N
3456	EWDC	EWDC	\N	\N
3457	SeGAH	SeGAH	\N	\N
3458	Objective Software Quality	Objective Software Quality	\N	\N
3459	TreDS	TreDS	\N	\N
3460	Electronic Commerce	Electronic Commerce	\N	\N
3461	VSTTE	VSTTE	\N	\N
3462	ICPRAM (1)	ICPRAM (1)	\N	\N
3463	ICPRAM (2)	ICPRAM (2)	\N	\N
3464	ICPRAM	ICPRAM	\N	\N
3465	IceTAL	IceTAL	\N	\N
3466	GoTAL	GoTAL	\N	\N
3467	EsTAL	EsTAL	\N	\N
3468	JapTAL	JapTAL	\N	\N
3469	Datalog	Datalog	\N	\N
3470	Component-Based Software Quality	Component-Based Software Quality	\N	\N
3471	CHDL	CHDL	\N	\N
3472	PADL	PADL	\N	\N
3473	WRAC	WRAC	\N	\N
3474	ISICT	ISICT	\N	\N
3475	Enterprise Information Systems and Web Technologies	Enterprise Information Systems and Web Technologies	\N	\N
3476	ISDB	ISDB	\N	\N
3477	AAIP	AAIP	\N	\N
3478	SSV	SSV	\N	\N
3479	MBUI	MBUI	\N	\N
3480	NSIP	NSIP	\N	\N
3481	Kurt Gödel Colloquium	Kurt Gödel Colloquium	\N	\N
3482	ARCS Workshops	ARCS Workshops	\N	\N
3483	PASA	PASA	\N	\N
3484	Computer Architecture	Computer Architecture	\N	\N
3485	The MeDoc Approach	The MeDoc Approach	\N	\N
3486	ICVS	ICVS	\N	\N
3487	ASST	ASST	\N	\N
3488	KiVS	KiVS	\N	\N
3489	Kommunikation in Verteilten Systemen	Kommunikation in Verteilten Systemen	\N	\N
3490	Kommunikation in Verteilten Systemen (1)	Kommunikation in Verteilten Systemen (1)	\N	\N
3491	KiVS Kurzbeiträge	KiVS Kurzbeiträge	\N	\N
3492	Data Networks with Satellites	Data Networks with Satellites	\N	\N
3493	KiVS Kurzbeiträge und Workshop	KiVS Kurzbeiträge und Workshop	\N	\N
3494	Offene Multifunktionale Büroarbeitsplätze und Bildschirmtext	Offene Multifunktionale Büroarbeitsplätze und Bildschirmtext	\N	\N
3495	NetSys	NetSys	\N	\N
3496	Rechnernetze und Datenfernverarbeitung	Rechnernetze und Datenfernverarbeitung	\N	\N
3497	Kommunikation in Verteilten Systemen (2)	Kommunikation in Verteilten Systemen (2)	\N	\N
3498	CANPC	CANPC	\N	\N
3499	REALWSN	REALWSN	\N	\N
3500	Privacy in Statistical Databases	Privacy in Statistical Databases	\N	\N
3501	EUROSPEECH	EUROSPEECH	\N	\N
3502	INTERSPEECH	INTERSPEECH	\N	\N
3503	ICSLP	ICSLP	\N	\N
3504	ECST	ECST	\N	\N
3505	SAPA@INTERSPEECH	SAPA@INTERSPEECH	\N	\N
3506	SLAM@INTERSPEECH	SLAM@INTERSPEECH	\N	\N
3507	COOTS	COOTS	\N	\N
3508	RASTA	RASTA	\N	\N
3509	ARVLSI	ARVLSI	\N	\N
3510	Pervasive	Pervasive	\N	\N
3511	Ambient Information Systems	Ambient Information Systems	\N	\N
3512	CASEMANS	CASEMANS	\N	\N
3513	PERMID	PERMID	\N	\N
3514	KICSS	KICSS	\N	\N
3515	SOFL	SOFL	\N	\N
3516	SOFL+MSVL	SOFL+MSVL	\N	\N
3517	Richard Tapia Celebration of Diversity in Computing Conference	Richard Tapia Celebration of Diversity in Computing Conference	\N	\N
3518	FIRA RoboWorld Congress	FIRA RoboWorld Congress	\N	\N
3519	ODRL Workshop	ODRL Workshop	\N	\N
3520	ICST E-Energy	ICST E-Energy	\N	\N
3521	WORM	WORM	\N	\N
3522	ICCVG (1)	ICCVG (1)	\N	\N
3523	ICCVG	ICCVG	\N	\N
3524	ICCVG (2)	ICCVG (2)	\N	\N
3525	Reasoning Web	Reasoning Web	\N	\N
3526	IWEC	IWEC	\N	\N
3527	Creativity & Cognition	Creativity & Cognition	\N	\N
3528	INTRUST	INTRUST	\N	\N
3529	IWINAC (2)	IWINAC (2)	\N	\N
3530	IWINAC (1)	IWINAC (1)	\N	\N
3531	HPCC	HPCC	\N	\N
3532	HPCC-ICESS	HPCC-ICESS	\N	\N
3533	German Workshop on Experience Management	German Workshop on Experience Management	\N	\N
3534	GHTC	GHTC	\N	\N
3535	Med-Hoc-Net	Med-Hoc-Net	\N	\N
3536	Advanced Functional Programming	Advanced Functional Programming	\N	\N
3537	Semantic Web Workshop	Semantic Web Workshop	\N	\N
3538	RAID	RAID	\N	\N
3539	Recent Advances in Intrusion Detection	Recent Advances in Intrusion Detection	\N	\N
3540	MODELSWARD	MODELSWARD	\N	\N
3541	SAB	SAB	\N	\N
3542	Swarm Robotics	Swarm Robotics	\N	\N
3543	SAB ABiALS	SAB ABiALS	\N	\N
3544	PRICAI	PRICAI	\N	\N
3545	PRICAI Workshop on Intelligent Agent Systems	PRICAI Workshop on Intelligent Agent Systems	\N	\N
3546	PRICAI Workshops	PRICAI Workshops	\N	\N
3547	PRIMA	PRIMA	\N	\N
3548	PRICAI Workshop on Text and Web Mining	PRICAI Workshop on Text and Web Mining	\N	\N
3549	FOMI	FOMI	\N	\N
3550	PNPM	PNPM	\N	\N
3551	EWSPT	EWSPT	\N	\N
3552	Software Process: Principles, Methodology, Technology	Software Process: Principles, Methodology, Technology	\N	\N
3553	CW	CW	\N	\N
3554	Virtual Worlds	Virtual Worlds	\N	\N
3555	AICT	AICT	\N	\N
3556	AICT/ICIW	AICT/ICIW	\N	\N
3557	AICT/SAPIR/ELETE	AICT/SAPIR/ELETE	\N	\N
3558	Performance	Performance	\N	\N
3559	TAMC	TAMC	\N	\N
3560	AmI Workshops	AmI Workshops	\N	\N
3561	Arbeit und Informationstechnik	Arbeit und Informationstechnik	\N	\N
3562	Menschengerechte Software als Wettbewerbsfaktor	Menschengerechte Software als Wettbewerbsfaktor	\N	\N
3563	Informatik cui bono?	Informatik cui bono?	\N	\N
3564	Informatik und "Dritte Welt"	Informatik und "Dritte Welt"	\N	\N
3565	GPTP	GPTP	\N	\N
3566	Electronic Information and Communication in Mathematics	Electronic Information and Communication in Mathematics	\N	\N
3567	Protocols for High-Speed Networks	Protocols for High-Speed Networks	\N	\N
3568	Digital Rights Management	Digital Rights Management	\N	\N
3569	Digital Rights Management Workshop	Digital Rights Management Workshop	\N	\N
3570	Theory and Formal Methods	Theory and Formal Methods	\N	\N
3571	SASN	SASN	\N	\N
3572	CITA	CITA	\N	\N
3573	IFITA (3)	IFITA (3)	\N	\N
3574	MIKE	MIKE	\N	\N
3575	SPC	SPC	\N	\N
3576	IEEE Symposium on Mass Storage Systems	IEEE Symposium on Mass Storage Systems	\N	\N
3577	MSST	MSST	\N	\N
3578	SSC	SSC	\N	\N
3579	ICCSW	ICCSW	\N	\N
3580	I-KNOW	I-KNOW	\N	\N
3581	IASTED Conf. on Software Engineering	IASTED Conf. on Software Engineering	\N	\N
3582	COSADE	COSADE	\N	\N
3583	Artificial Evolution	Artificial Evolution	\N	\N
3584	BIRD	BIRD	\N	\N
3585	STACS	STACS	\N	\N
3586	ESSIR	ESSIR	\N	\N
3587	STM	STM	\N	\N
3588	MAICS	MAICS	\N	\N
3589	Wissensmanagement	Wissensmanagement	\N	\N
3590	Wissensmanagement (LNCS Volume)	Wissensmanagement (LNCS Volume)	\N	\N
3591	PRO-VE	PRO-VE	\N	\N
3592	DoCEIS	DoCEIS	\N	\N
3593	Virtual Enterprises and Collaborative Networks	Virtual Enterprises and Collaborative Networks	\N	\N
3594	SPPRA	SPPRA	\N	\N
3595	CONPAR	CONPAR	\N	\N
3596	Erlang Workshop	Erlang Workshop	\N	\N
3597	Communication Systems and Applications	Communication Systems and Applications	\N	\N
3598	Collaboration between Human and Artificial Societies	Collaboration between Human and Artificial Societies	\N	\N
3599	MTW	MTW	\N	\N
3600	TDIT	TDIT	\N	\N
3601	Open IT-Based Innovation	Open IT-Based Innovation	\N	\N
3602	Diffusing Software Products and Process Innovations	Diffusing Software Products and Process Innovations	\N	\N
3603	The Transfer and Diffusion of Information Technology for Organizational Resilience	The Transfer and Diffusion of Information Technology for Organizational Resilience	\N	\N
3604	Governance and Sustainability in Information Systems	Governance and Sustainability in Information Systems	\N	\N
3605	FDTC	FDTC	\N	\N
3606	Workshop on Universal Accessibility of Ubiquitous Computing	Workshop on Universal Accessibility of Ubiquitous Computing	\N	\N
3607	ICSOFT (ISDM/ABF)	ICSOFT (ISDM/ABF)	\N	\N
3608	ICSOFT	ICSOFT	\N	\N
3609	ICSOFT (1)	ICSOFT (1)	\N	\N
3610	ICSOFT (2)	ICSOFT (2)	\N	\N
3611	ICSOFT (PL/DPS/KE)	ICSOFT (PL/DPS/KE)	\N	\N
3612	ICSOFT (SE)	ICSOFT (SE)	\N	\N
3613	ICSOFT (PL/DPS/KE/MUSE)	ICSOFT (PL/DPS/KE/MUSE)	\N	\N
3614	ICSOFT (ISDM/EHST/DC)	ICSOFT (ISDM/EHST/DC)	\N	\N
3615	EHST	EHST	\N	\N
3616	DCSOFT	DCSOFT	\N	\N
3617	ICSOFT (SE/MUSE/GSDCA)	ICSOFT (SE/MUSE/GSDCA)	\N	\N
3618	ACT4SOC	ACT4SOC	\N	\N
3619	MobiQuitous	MobiQuitous	\N	\N
3620	SMARTNET	SMARTNET	\N	\N
3621	Great Lakes Computer Science Conference	Great Lakes Computer Science Conference	\N	\N
3622	WCLP	WCLP	\N	\N
3623	CONTEXT	CONTEXT	\N	\N
3624	C&O:RR	C&O:RR	\N	\N
3625	CIR	CIR	\N	\N
3626	CONTEXT Workshop on Safety and Context	CONTEXT Workshop on Safety and Context	\N	\N
3627	ReTIeL	ReTIeL	\N	\N
3628	WS-REST	WS-REST	\N	\N
3629	VisSym	VisSym	\N	\N
3630	EuroVis	EuroVis	\N	\N
3631	Assistive Technology and Artificial Intelligence	Assistive Technology and Artificial Intelligence	\N	\N
3632	FMLDO	FMLDO	\N	\N
3633	FMLDO - Selected Papers	FMLDO - Selected Papers	\N	\N
3634	IFIP PPAI	IFIP PPAI	\N	\N
3635	AIAI	AIAI	\N	\N
3636	CCTA (2)	CCTA (2)	\N	\N
3637	CCTA (3)	CCTA (3)	\N	\N
3638	CCTA (4)	CCTA (4)	\N	\N
3639	CCTA	CCTA	\N	\N
3640	EANN/AIAI (2)	EANN/AIAI (2)	\N	\N
3641	Intelligent Information Processing	Intelligent Information Processing	\N	\N
3642	AIAI Workshops	AIAI Workshops	\N	\N
3643	EANN/AIAI (1)	EANN/AIAI (1)	\N	\N
3644	CCTA (1)	CCTA (1)	\N	\N
3645	AIAI (1)	AIAI (1)	\N	\N
3646	IFIP AI	IFIP AI	\N	\N
3647	AIAI (2)	AIAI (2)	\N	\N
3648	CASA	CASA	\N	\N
3649	CA	CA	\N	\N
3650	Optimization Techniques	Optimization Techniques	\N	\N
3651	Modelling the Innovation	Modelling the Innovation	\N	\N
3652	Systems, Control, Modeling and Optimization	Systems, Control, Modeling and Optimization	\N	\N
3653	System Modelling and Optimization	System Modelling and Optimization	\N	\N
3654	ICEIS Doctoral Consortium	ICEIS Doctoral Consortium	\N	\N
3655	DEXA	DEXA	\N	\N
3656	DEXA (2)	DEXA (2)	\N	\N
3657	DEXA (1)	DEXA (1)	\N	\N
3658	CASSIS	CASSIS	\N	\N
3659	PIT	PIT	\N	\N
3660	World Congress on Engineering	World Congress on Engineering	\N	\N
3661	World Congress on Engineering (Selected Papers)	World Congress on Engineering (Selected Papers)	\N	\N
3662	PROPOR	PROPOR	\N	\N
3663	IPOM	IPOM	\N	\N
3664	DCC	DCC	\N	\N
3665	Data Compression Conference	Data Compression Conference	\N	\N
3666	PERSUASIVE	PERSUASIVE	\N	\N
3667	PERSUASIVE (Adjunct Proceedings)	PERSUASIVE (Adjunct Proceedings)	\N	\N
3668	ICDMA	ICDMA	\N	\N
3669	SCCG	SCCG	\N	\N
3670	SCC	SCC	\N	\N
3671	Rigorous Object-Oriented Methods	Rigorous Object-Oriented Methods	\N	\N
3672	GECON	GECON	\N	\N
3673	Informatik in den Biowissenschaften	Informatik in den Biowissenschaften	\N	\N
3674	Industrial Conference on Data Mining - Poster and Industry Proceedings	Industrial Conference on Data Mining - Poster and Industry Proceedings	\N	\N
3675	ICDM	ICDM	\N	\N
3676	Industrial Conference on Data Mining - Workshops	Industrial Conference on Data Mining - Workshops	\N	\N
3677	Industrial Conference on Data Mining	Industrial Conference on Data Mining	\N	\N
3678	Industrial Conference on Data Mining - Workshop DMM	Industrial Conference on Data Mining - Workshop DMM	\N	\N
3679	Industrial Conference on Data Mining - Posters and Workshops	Industrial Conference on Data Mining - Posters and Workshops	\N	\N
3680	Industrial Conference on Data Mining - Posters	Industrial Conference on Data Mining - Posters	\N	\N
3681	Industrial Conference on Data Mining - Industry Proceedings	Industrial Conference on Data Mining - Industry Proceedings	\N	\N
3682	W2GIS	W2GIS	\N	\N
3683	ICALP	ICALP	\N	\N
3684	ICALP (1)	ICALP (1)	\N	\N
3685	ICALP (2)	ICALP (2)	\N	\N
3686	ICALP Satellite Workshops	ICALP Satellite Workshops	\N	\N
3687	AMDO	AMDO	\N	\N
3688	VLSI Design	VLSI Design	\N	\N
3689	ICDAR	ICDAR	\N	\N
3690	AFHA	AFHA	\N	\N
3691	DEECS	DEECS	\N	\N
3692	DEEC	DEEC	\N	\N
3693	EWNLG	EWNLG	\N	\N
3694	MMVR	MMVR	\N	\N
3695	FJCC	FJCC	\N	\N
3696	ISVLSI	ISVLSI	\N	\N
3697	PACCS	PACCS	\N	\N
3698	IEEE Congress on Evolutionary Computation	IEEE Congress on Evolutionary Computation	\N	\N
3699	Congress on Evolutionary Computation	Congress on Evolutionary Computation	\N	\N
3700	IEEE Congress on Evolutionary Computation (1)	IEEE Congress on Evolutionary Computation (1)	\N	\N
3701	ICSECS (3)	ICSECS (3)	\N	\N
3702	ICSECS (1)	ICSECS (1)	\N	\N
3703	ICSECS (2)	ICSECS (2)	\N	\N
3704	Mobile Agents	Mobile Agents	\N	\N
3705	ASA/MA	ASA/MA	\N	\N
3706	IUCS	IUCS	\N	\N
3707	ISUC	ISUC	\N	\N
3708	John Vincent Atanasoff Symposium	John Vincent Atanasoff Symposium	\N	\N
3709	CAINE	CAINE	\N	\N
3710	Inscrypt	Inscrypt	\N	\N
3711	CISC	CISC	\N	\N
3712	IWSC	IWSC	\N	\N
3713	CETS	CETS	\N	\N
3714	SEFM	SEFM	\N	\N
3715	SEFM Satellite Events	SEFM Satellite Events	\N	\N
3716	SEFM Workshops	SEFM Workshops	\N	\N
3717	IUKM	IUKM	\N	\N
3718	REX Workshop	REX Workshop	\N	\N
3719	REX School/Symposium	REX School/Symposium	\N	\N
3720	DIISM	DIISM	\N	\N
3721	BASYS	BASYS	\N	\N
3722	ITAMS	ITAMS	\N	\N
3723	Advanced Network Enterprises	Advanced Network Enterprises	\N	\N
3724	Towards World Class Manufacturing	Towards World Class Manufacturing	\N	\N
3725	KNOWHSEM	KNOWHSEM	\N	\N
3726	Manufacturing in the Era of Concurrent Engineering	Manufacturing in the Era of Concurrent Engineering	\N	\N
3727	SSM	SSM	\N	\N
3728	E-Business and Virtual Enterprises	E-Business and Virtual Enterprises	\N	\N
3729	IWHD	IWHD	\N	\N
3730	VMV	VMV	\N	\N
3731	EUROSAM	EUROSAM	\N	\N
3732	Performance of Distributed Systems and Integrated Communication Networks	Performance of Distributed Systems and Integrated Communication Networks	\N	\N
3733	MCS	MCS	\N	\N
3734	Multiple Classifier Systems	Multiple Classifier Systems	\N	\N
3735	SLE	SLE	\N	\N
3736	SLE (Doctoral Symposium)	SLE (Doctoral Symposium)	\N	\N
3737	IWICPAS	IWICPAS	\N	\N
3738	Semantics of Concurrent Computation	Semantics of Concurrent Computation	\N	\N
3739	CSISE (3)	CSISE (3)	\N	\N
3740	CSISE (2)	CSISE (2)	\N	\N
3741	CSISE (1)	CSISE (1)	\N	\N
3742	PACIS	PACIS	\N	\N
3743	BioVis	BioVis	\N	\N
3744	NanoNet	NanoNet	\N	\N
3745	ICER	ICER	\N	\N
3746	SNS	SNS	\N	\N
3747	Int. Conf. Interaction Sciences	Int. Conf. Interaction Sciences	\N	\N
3748	ADT	ADT	\N	\N
3749	NETWORKING	NETWORKING	\N	\N
3750	NETWORKING Tutorials	NETWORKING Tutorials	\N	\N
3751	Networking (1)	Networking (1)	\N	\N
3752	Networking Workshops	Networking Workshops	\N	\N
3753	Networking (2)	Networking (2)	\N	\N
3754	Mobile and Wireless Communication Networks	Mobile and Wireless Communication Networks	\N	\N
3755	TMA	TMA	\N	\N
3756	HRI	HRI	\N	\N
3757	InetBib	InetBib	\N	\N
3758	CloudCom	CloudCom	\N	\N
3759	CloudCom (1)	CloudCom (1)	\N	\N
3760	CloudCom (2)	CloudCom (2)	\N	\N
3761	FECS	FECS	\N	\N
3762	CaLC	CaLC	\N	\N
3763	SIAM Conf. on Control and its Applications	SIAM Conf. on Control and its Applications	\N	\N
3764	GPC	GPC	\N	\N
3765	GPC Workshops	GPC Workshops	\N	\N
3766	IWRIDL	IWRIDL	\N	\N
3767	ICT	ICT	\N	\N
3768	RIDE	RIDE	\N	\N
3769	RIDE-IMS	RIDE-IMS	\N	\N
3770	RIDE-DOM	RIDE-DOM	\N	\N
3771	RIDE-TQP	RIDE-TQP	\N	\N
3772	RIDE-NDS	RIDE-NDS	\N	\N
3773	RIDE-DM	RIDE-DM	\N	\N
3774	RIDE-ADS	RIDE-ADS	\N	\N
3775	GIS-HPDGIS	GIS-HPDGIS	\N	\N
3776	SPRINGL	SPRINGL	\N	\N
3777	MobiGIS	MobiGIS	\N	\N
3778	GIS	GIS	\N	\N
3779	SIGSPATIAL/GIS	SIGSPATIAL/GIS	\N	\N
3780	ACM-GIS	ACM-GIS	\N	\N
3781	GIS-LBSN	GIS-LBSN	\N	\N
3782	GEOCROWD	GEOCROWD	\N	\N
3783	CTS@GIS	CTS@GIS	\N	\N
3784	Computational Transportation Science	Computational Transportation Science	\N	\N
3785	CTS@SIGSPATIAL	CTS@SIGSPATIAL	\N	\N
3786	GIS-IWGS	GIS-IWGS	\N	\N
3787	GIS-DMG	GIS-DMG	\N	\N
3788	QUeST@GIS	QUeST@GIS	\N	\N
3789	HealthGIS	HealthGIS	\N	\N
3790	Spatio-Temporal Reasoning	Spatio-Temporal Reasoning	\N	\N
3791	LBSN	LBSN	\N	\N
3792	GEOGROWD	GEOGROWD	\N	\N
3793	GIS-SSO	GIS-SSO	\N	\N
3794	ISA	ISA	\N	\N
3795	GIS-IWCTS	GIS-IWCTS	\N	\N
3796	DFRWS	DFRWS	\N	\N
3797	IWBBIO	IWBBIO	\N	\N
3798	ISAIM	ISAIM	\N	\N
3799	LaTiCE	LaTiCE	\N	\N
3800	ICSM	ICSM	\N	\N
3801	ICSM (Industrial and Tool Volume)	ICSM (Industrial and Tool Volume)	\N	\N
3802	CPSM@ICSM	CPSM@ICSM	\N	\N
3803	Services and Visualization: Towards User-Friendly Design	Services and Visualization: Towards User-Friendly Design	\N	\N
3804	TACAS	TACAS	\N	\N
3805	WNSP	WNSP	\N	\N
3806	Pairing	Pairing	\N	\N
3807	EWSDN	EWSDN	\N	\N
3808	EUC Workshops	EUC Workshops	\N	\N
3809	EUC	EUC	\N	\N
3810	EUC (2)	EUC (2)	\N	\N
3811	EUC (1)	EUC (1)	\N	\N
3812	ROCLING	ROCLING	\N	\N
3813	ROCLING (Posters)	ROCLING (Posters)	\N	\N
3814	SAPIR	SAPIR	\N	\N
3815	EICS	EICS	\N	\N
3816	DUI@EICS	DUI@EICS	\N	\N
3817	MOBILIGHT	MOBILIGHT	\N	\N
3818	IEEE Security in Storage Workshop	IEEE Security in Storage Workshop	\N	\N
3819	IDEAS	IDEAS	\N	\N
3820	CHItaly	CHItaly	\N	\N
3821	CHItaly (Doctoral Consortium)	CHItaly (Doctoral Consortium)	\N	\N
3822	MeMeA	MeMeA	\N	\N
3823	KDID	KDID	\N	\N
3824	FBT	FBT	\N	\N
3825	ServiceWave	ServiceWave	\N	\N
3826	ServiceWave Workshops	ServiceWave Workshops	\N	\N
3827	SBMF	SBMF	\N	\N
3828	PLC	PLC	\N	\N
3829	e-Energy	e-Energy	\N	\N
3830	PKDD	PKDD	\N	\N
3831	ECML/PKDD (3)	ECML/PKDD (3)	\N	\N
3832	ECML/PKDD (2)	ECML/PKDD (2)	\N	\N
3833	ECML/PKDD (1)	ECML/PKDD (1)	\N	\N
3834	PSDML	PSDML	\N	\N
3835	NFMCP	NFMCP	\N	\N
3836	NyNaK	NyNaK	\N	\N
3837	ECML/PKDD	ECML/PKDD	\N	\N
3838	AsiaJCIS	AsiaJCIS	\N	\N
3839	ICEGOV	ICEGOV	\N	\N
3840	EuroPACS	EuroPACS	\N	\N
3841	IWACA	IWACA	\N	\N
3842	APDC	APDC	\N	\N
3843	Applications in Parallel and Distributed Computing	Applications in Parallel and Distributed Computing	\N	\N
3844	AIR	AIR	\N	\N
3845	FPLE	FPLE	\N	\N
3846	ICLS (2)	ICLS (2)	\N	\N
3847	ICLS	ICLS	\N	\N
3848	ICLS (1)	ICLS (1)	\N	\N
3849	ICLS (3)	ICLS (3)	\N	\N
3850	MPRSS	MPRSS	\N	\N
3851	OMER	OMER	\N	\N
3852	ISDF	ISDF	\N	\N
3853	Int. CMG Conference	Int. CMG Conference	\N	\N
3854	SIGDIAL Conference	SIGDIAL Conference	\N	\N
3855	EANN (1)	EANN (1)	\N	\N
3856	EANN (2)	EANN (2)	\N	\N
3857	EANN	EANN	\N	\N
3858	ICETC	ICETC	\N	\N
3859	Formal Concept Analysis	Formal Concept Analysis	\N	\N
3860	Fault-Tolerant Distributed Computing	Fault-Tolerant Distributed Computing	\N	\N
3861	ACSW Frontiers	ACSW Frontiers	\N	\N
3862	Mardi Gras Conference	Mardi Gras Conference	\N	\N
3863	PODS	PODS	\N	\N
3864	CICA	CICA	\N	\N
3865	FOIS	FOIS	\N	\N
3866	EVOLVE	EVOLVE	\N	\N
3867	EVOLVE (III)	EVOLVE (III)	\N	\N
3868	Stringology	Stringology	\N	\N
3869	IWSAS	IWSAS	\N	\N
3870	ADCS	ADCS	\N	\N
3871	ICAPS	ICAPS	\N	\N
3872	Expert Planning Systems	Expert Planning Systems	\N	\N
3873	AIPS	AIPS	\N	\N
3874	AIPS Workshop on Planning for Temporal Domains	AIPS Workshop on Planning for Temporal Domains	\N	\N
3875	Humans and Computers	Humans and Computers	\N	\N
3876	HCCE	HCCE	\N	\N
3877	ECAI	ECAI	\N	\N
3878	RuleApps	RuleApps	\N	\N
3879	ECAI Workshop LDAIS / ICMAS Workshop LIOME	ECAI Workshop LDAIS / ICMAS Workshop LIOME	\N	\N
3880	PAN	PAN	\N	\N
3881	ECAI Workshop on Dialogue Processing in Spoken Language Systems	ECAI Workshop on Dialogue Processing in Spoken Language Systems	\N	\N
3882	AISB (ECAI)	AISB (ECAI)	\N	\N
3883	AISB/GI (ECAI)	AISB/GI (ECAI)	\N	\N
3884	ECAI Workshop on Knowledge Representation and Reasoning	ECAI Workshop on Knowledge Representation and Reasoning	\N	\N
3885	ECAI Workshop on Ontology Learning	ECAI Workshop on Ontology Learning	\N	\N
3886	EternalS@ECAI	EternalS@ECAI	\N	\N
3887	ECAI Workshop on Application of Semantic Web Technologies to Web Communities	ECAI Workshop on Application of Semantic Web Technologies to Web Communities	\N	\N
3888	Truth Maintenance Systems (ECAI Workshop)	Truth Maintenance Systems (ECAI Workshop)	\N	\N
3889	DIMEA	DIMEA	\N	\N
3890	B	B	\N	\N
3891	FOSAD	FOSAD	\N	\N
3892	WPES	WPES	\N	\N
3893	IIiX	IIiX	\N	\N
3894	ICLA	ICLA	\N	\N
3895	Pacific Conference on Computer Graphics and Applications	Pacific Conference on Computer Graphics and Applications	\N	\N
3896	AAAI Spring Symposium: Metacognition in Computation	AAAI Spring Symposium: Metacognition in Computation	\N	\N
3897	Logic and Machines	Logic and Machines	\N	\N
3898	ICSNC	ICSNC	\N	\N
3899	IMCSIT	IMCSIT	\N	\N
3900	XML Security	XML Security	\N	\N
3901	MLMI	MLMI	\N	\N
3902	AMS	AMS	\N	\N
3903	ACoTA	ACoTA	\N	\N
3904	ESM	ESM	\N	\N
3905	ICISS	ICISS	\N	\N
3906	AI*IA	AI*IA	\N	\N
3907	ESSEM@AI*IA	ESSEM@AI*IA	\N	\N
3908	AIC@AI*IA	AIC@AI*IA	\N	\N
3909	DART@AI*IA	DART@AI*IA	\N	\N
3910	WOA@AI*IA	WOA@AI*IA	\N	\N
3911	AIBP@AI*IA	AIBP@AI*IA	\N	\N
3912	PAI@AI*IA	PAI@AI*IA	\N	\N
3913	DWAI@AI*IA	DWAI@AI*IA	\N	\N
3914	Green Computing Conference	Green Computing Conference	\N	\N
3915	IGCC	IGCC	\N	\N
3916	CC	CC	\N	\N
3917	Semantics-Directed Compiler Generation	Semantics-Directed Compiler Generation	\N	\N
3918	Ant Algorithms	Ant Algorithms	\N	\N
3919	SII	SII	\N	\N
3920	Scalable Coherent Interface	Scalable Coherent Interface	\N	\N
3921	AP2PS	AP2PS	\N	\N
3922	SIGIR	SIGIR	\N	\N
3923	Workshop on Peer-to-Peer Information Retrieval	Workshop on Peer-to-Peer Information Retrieval	\N	\N
3924	Distributed Multimedia Information Retrieval	Distributed Multimedia Information Retrieval	\N	\N
3925	SIGIR Workshop: Information Retrieval Techniques for Speech Applications	SIGIR Workshop: Information Retrieval Techniques for Speech Applications	\N	\N
3926	Security, Steganography, and Watermarking of Multimedia Contents	Security, Steganography, and Watermarking of Multimedia Contents	\N	\N
3927	MFPS	MFPS	\N	\N
3928	Mathematical Foundations of Programming Semantics	Mathematical Foundations of Programming Semantics	\N	\N
3929	NTII	NTII	\N	\N
3930	AAECC	AAECC	\N	\N
3931	VIEWS	VIEWS	\N	\N
3932	IPTPS	IPTPS	\N	\N
3933	Mensch-Maschine-Dialog	Mensch-Maschine-Dialog	\N	\N
3934	Feature Based Product Life-Cycle Modelling	Feature Based Product Life-Cycle Modelling	\N	\N
3935	Geometric Modeling	Geometric Modeling	\N	\N
3936	Formal Design Methods for CAD	Formal Design Methods for CAD	\N	\N
3937	IntCAD	IntCAD	\N	\N
3938	NF²	NF²	\N	\N
3939	WISM (2)	WISM (2)	\N	\N
3940	WISM (3)	WISM (3)	\N	\N
3941	WISM (1)	WISM (1)	\N	\N
3942	MAMUS	MAMUS	\N	\N
3943	ADNTIIC	ADNTIIC	\N	\N
3944	GMAI	GMAI	\N	\N
3945	ICPIA	ICPIA	\N	\N
3946	EuroCOLT	EuroCOLT	\N	\N
3947	AICS	AICS	\N	\N
3948	TPCG	TPCG	\N	\N
3949	DM-CCG	DM-CCG	\N	\N
3950	IRFC	IRFC	\N	\N
3951	Fuzzy Days	Fuzzy Days	\N	\N
3952	DAIS	DAIS	\N	\N
3953	HCC	HCC	\N	\N
3954	IJCNN	IJCNN	\N	\N
3955	IJCNN (6)	IJCNN (6)	\N	\N
3956	IJCNN (2)	IJCNN (2)	\N	\N
3957	IJCNN (5)	IJCNN (5)	\N	\N
3958	IJCNN (3)	IJCNN (3)	\N	\N
3959	IJCNN (4)	IJCNN (4)	\N	\N
3960	IJCNN (1)	IJCNN (1)	\N	\N
3961	IMA Int. Conf.	IMA Int. Conf.	\N	\N
3962	IMA Conf.	IMA Conf.	\N	\N
3963	ISSEP	ISSEP	\N	\N
3964	SIMBAD	SIMBAD	\N	\N
3965	ISPE CE	ISPE CE	\N	\N
3966	DIGRA Conf.	DIGRA Conf.	\N	\N
3967	CGDC Conf.	CGDC Conf.	\N	\N
3968	ADCONS	ADCONS	\N	\N
3969	L Systems	L Systems	\N	\N
3970	WiVeC	WiVeC	\N	\N
3971	EEMMAS	EEMMAS	\N	\N
3972	LANSEC	LANSEC	\N	\N
3973	CAPTECH	CAPTECH	\N	\N
3974	Informatik in der DDR	Informatik in der DDR	\N	\N
3975	ICEB	ICEB	\N	\N
3976	NOCS	NOCS	\N	\N
3977	IMA Conference on the Mathematics of Surfaces	IMA Conference on the Mathematics of Surfaces	\N	\N
3978	Sequence Learning	Sequence Learning	\N	\N
3979	PLoP	PLoP	\N	\N
3980	Paraconsistent Computational Logic	Paraconsistent Computational Logic	\N	\N
3981	ICCM	ICCM	\N	\N
3982	Workshop de Agentes Físicos	Workshop de Agentes Físicos	\N	\N
3983	CMC	CMC	\N	\N
3984	IWSLT	IWSLT	\N	\N
3985	ISCID (2)	ISCID (2)	\N	\N
3986	ISCID (1)	ISCID (1)	\N	\N
3987	A2CWiC	A2CWiC	\N	\N
3988	SOAS	SOAS	\N	\N
3989	ICDCS Workshops	ICDCS Workshops	\N	\N
3990	ICDCS Workshop on Distributed Real-Time Systems	ICDCS Workshop on Distributed Real-Time Systems	\N	\N
3991	ICDCS Workshop on Wireless Networks and Mobile Computing	ICDCS Workshop on Wireless Networks and Mobile Computing	\N	\N
3992	ICDCS Workshop of Knowledge Discovery and Data Mining in the World-Wide Web	ICDCS Workshop of Knowledge Discovery and Data Mining in the World-Wide Web	\N	\N
3993	ICDCS Workshop on Distributed System Validation and Verification	ICDCS Workshop on Distributed System Validation and Verification	\N	\N
3994	ICDCS Workshop on Internet	ICDCS Workshop on Internet	\N	\N
3995	ICDCS Workshop on Group Communications and Computations	ICDCS Workshop on Group Communications and Computations	\N	\N
3996	LA-NMR	LA-NMR	\N	\N
3997	WOCFAI	WOCFAI	\N	\N
3998	Graphik in Dokumenten	Graphik in Dokumenten	\N	\N
3999	Graphik im Bürobereich	Graphik im Bürobereich	\N	\N
4000	Graphik und KI	Graphik und KI	\N	\N
4001	MDA	MDA	\N	\N
4002	HPN	HPN	\N	\N
4003	Logic Programming Summer School	Logic Programming Summer School	\N	\N
4004	HSNMC	HSNMC	\N	\N
4005	IWLS	IWLS	\N	\N
4006	FORMATS	FORMATS	\N	\N
4007	FORMATS/FTRTFT	FORMATS/FTRTFT	\N	\N
4008	Calculemus/MKM	Calculemus/MKM	\N	\N
4009	MKM/Calculemus/DML	MKM/Calculemus/DML	\N	\N
4010	MKM	MKM	\N	\N
4011	CICM Workshops	CICM Workshops	\N	\N
4012	SIPEW	SIPEW	\N	\N
4013	SPEC Benchmark Workshop	SPEC Benchmark Workshop	\N	\N
4014	DPPI	DPPI	\N	\N
4015	PorTAL	PorTAL	\N	\N
4016	NLUCS	NLUCS	\N	\N
4017	NLPCS	NLPCS	\N	\N
4018	COMPASS/ADT	COMPASS/ADT	\N	\N
4019	Mobile Datenbanken und Informationssysteme	Mobile Datenbanken und Informationssysteme	\N	\N
4020	AST/UCMA/ISA/ACN	AST/UCMA/ISA/ACN	\N	\N
4021	OHS-7/SC-3/AH-3	OHS-7/SC-3/AH-3	\N	\N
4022	OHS-6/SC-2	OHS-6/SC-2	\N	\N
4023	ECSQ	ECSQ	\N	\N
4024	ALPUK	ALPUK	\N	\N
4025	COMAD	COMAD	\N	\N
4026	ASCILITE	ASCILITE	\N	\N
4027	ICDIM	ICDIM	\N	\N
4028	KBCS	KBCS	\N	\N
4029	DNA	DNA	\N	\N
4030	DNA Computing	DNA Computing	\N	\N
4031	FG	FG	\N	\N
4032	ISOTAS	ISOTAS	\N	\N
4033	Haifa Verification Conference	Haifa Verification Conference	\N	\N
4034	Media Forensics and Security	Media Forensics and Security	\N	\N
4035	Simulationstechnik	Simulationstechnik	\N	\N
4036	TARK	TARK	\N	\N
4037	Menschengerechte Groupware	Menschengerechte Groupware	\N	\N
4038	CEFP	CEFP	\N	\N
4039	KnowRight	KnowRight	\N	\N
4040	ICOIN	ICOIN	\N	\N
4041	ICOIN (1)	ICOIN (1)	\N	\N
4042	ICOIN (2)	ICOIN (2)	\N	\N
4043	WSTFEUS	WSTFEUS	\N	\N
4044	LSGRID	LSGRID	\N	\N
4045	ETM	ETM	\N	\N
4046	IVIC	IVIC	\N	\N
4047	IVIC (1)	IVIC (1)	\N	\N
4048	IVIC (2)	IVIC (2)	\N	\N
4049	TSDM	TSDM	\N	\N
4050	DCOSS	DCOSS	\N	\N
4051	NESEA	NESEA	\N	\N
4052	Tweet-Norm@SEPLN	Tweet-Norm@SEPLN	\N	\N
4053	E-LKR	E-LKR	\N	\N
4054	Conf. Computing Frontiers	Conf. Computing Frontiers	\N	\N
4055	Evolutionary Computing, AISB Workshop	Evolutionary Computing, AISB Workshop	\N	\N
4056	AISB Convention	AISB Convention	\N	\N
4057	Objektbanken für Experten	Objektbanken für Experten	\N	\N
4058	Evolvable Hardware	Evolvable Hardware	\N	\N
4059	FTDCS	FTDCS	\N	\N
4060	Reflection	Reflection	\N	\N
4061	PODP	PODP	\N	\N
4062	DESIRE	DESIRE	\N	\N
4063	CIDU	CIDU	\N	\N
4064	EDOC	EDOC	\N	\N
4065	EDOCW	EDOCW	\N	\N
4066	EDOC Workshops	EDOC Workshops	\N	\N
4067	Rechner- und sensorgestützte Chirurgie	Rechner- und sensorgestützte Chirurgie	\N	\N
4068	Experiences with Distributed Systems	Experiences with Distributed Systems	\N	\N
4069	Visualization of Large and Unstructured Data Sets	Visualization of Large and Unstructured Data Sets	\N	\N
4070	Petri Net Technology for Communication-Based Systems	Petri Net Technology for Communication-Based Systems	\N	\N
4071	SoftSpez Final Report	SoftSpez Final Report	\N	\N
4072	Algorithmics of Large and Complex Networks	Algorithmics of Large and Complex Networks	\N	\N
4073	Parallel Computer Architectures	Parallel Computer Architectures	\N	\N
4074	Data Structures and Efficient Algorithms	Data Structures and Efficient Algorithms	\N	\N
4075	GreenCom	GreenCom	\N	\N
4076	ICCV Workshops	ICCV Workshops	\N	\N
4077	Workshop on Vision Algorithms	Workshop on Vision Algorithms	\N	\N
4078	Australian Conference on Artificial Intelligence	Australian Conference on Artificial Intelligence	\N	\N
4079	Australasian Conference on Artificial Intelligence	Australasian Conference on Artificial Intelligence	\N	\N
4080	Australian Joint Conference on Artificial Intelligence	Australian Joint Conference on Artificial Intelligence	\N	\N
4081	AIH+CARE@AUS-AI	AIH+CARE@AUS-AI	\N	\N
4082	Agents and Multi-Agent Systems Formalisms, Methodologies, and Applications	Agents and Multi-Agent Systems Formalisms, Methodologies, and Applications	\N	\N
4083	MLSDA@AUS-AI	MLSDA@AUS-AI	\N	\N
4084	CleanDB	CleanDB	\N	\N
4085	SBBD	SBBD	\N	\N
4086	IWDM	IWDM	\N	\N
4087	PIA	PIA	\N	\N
4088	Grammatical Models of Multi-Agent Systems	Grammatical Models of Multi-Agent Systems	\N	\N
4089	ICISO	ICISO	\N	\N
4090	International Teletraffic Congress	International Teletraffic Congress	\N	\N
4091	AIMSA	AIMSA	\N	\N
4092	SCCC	SCCC	\N	\N
4093	Electronic Technology Directions	Electronic Technology Directions	\N	\N
4094	WALCOM	WALCOM	\N	\N
4095	AFL	AFL	\N	\N
4096	State of the Art in Applied Cryptography	State of the Art in Applied Cryptography	\N	\N
4097	Embedded Systems	Embedded Systems	\N	\N
4098	Petri Nets (2)	Petri Nets (2)	\N	\N
4099	Compiler Construction	Compiler Construction	\N	\N
4100	Lectures on Concurrency and Petri Nets	Lectures on Concurrency and Petri Nets	\N	\N
4101	Advanced Course: Microcomputer System Design	Advanced Course: Microcomputer System Design	\N	\N
4102	Mobile Communications	Mobile Communications	\N	\N
4103	Advanced Topics in Artificial Intelligence	Advanced Topics in Artificial Intelligence	\N	\N
4104	APPSEM	APPSEM	\N	\N
4105	Theoretical Aspects of Computer Science	Theoretical Aspects of Computer Science	\N	\N
4106	Advanced Course: Operating Systems	Advanced Course: Operating Systems	\N	\N
4107	Domain Modeling and the Duration Calculus	Domain Modeling and the Duration Calculus	\N	\N
4108	Term Rewriting	Term Rewriting	\N	\N
4109	Future Directions in Distributed Computing	Future Directions in Distributed Computing	\N	\N
4110	Advanced Course: Software Engineering	Advanced Course: Software Engineering	\N	\N
4111	Mathematical Models for the Semantics of Parallelism	Mathematical Models for the Semantics of Parallelism	\N	\N
4112	Advances in Distributed Systems	Advances in Distributed Systems	\N	\N
4113	Future Parallel Computers	Future Parallel Computers	\N	\N
4114	Lectures on Data Security	Lectures on Data Security	\N	\N
4115	Analysis of Dynamical and Cognitive Systems	Analysis of Dynamical and Cognitive Systems	\N	\N
4116	Advances in Petri Nets	Advances in Petri Nets	\N	\N
4117	Advanced Course: Net Theory and Applications	Advanced Course: Net Theory and Applications	\N	\N
4118	Advanced Course: Distributed Systems	Advanced Course: Distributed Systems	\N	\N
4119	Advanced Course: Local Area Networks	Advanced Course: Local Area Networks	\N	\N
4120	Machine Learning and Its Applications	Machine Learning and Its Applications	\N	\N
4121	Computer Security and Industrial Cryptography	Computer Security and Industrial Cryptography	\N	\N
4122	Language Hierarchies and Interfaces	Language Hierarchies and Interfaces	\N	\N
4123	Advanced Studies in Biometrics	Advanced Studies in Biometrics	\N	\N
4124	Advanced Lectures on Machine Learning	Advanced Lectures on Machine Learning	\N	\N
4125	Method and tools for compiler construction	Method and tools for compiler construction	\N	\N
4126	The Data Parallel Programming Model	The Data Parallel Programming Model	\N	\N
4127	Abstract Software Specifications	Abstract Software Specifications	\N	\N
4128	Computational Discrete Mathematics	Computational Discrete Mathematics	\N	\N
4129	Komplexität von Entscheidungsproblemen 1976	Komplexität von Entscheidungsproblemen 1976	\N	\N
4130	Advanced Course: Fundamentals of Artificial Intelligence	Advanced Course: Fundamentals of Artificial Intelligence	\N	\N
4131	Software Reliability Modelling and Identification	Software Reliability Modelling and Identification	\N	\N
4132	Concurrency and Hardware Design	Concurrency and Hardware Design	\N	\N
4133	WSOM	WSOM	\N	\N
4134	AIRWeb	AIRWeb	\N	\N
4135	AMAST	AMAST	\N	\N
4136	EuroCG	EuroCG	\N	\N
4137	PRIMIUM	PRIMIUM	\N	\N
4138	CLIMA	CLIMA	\N	\N
4139	AutomotiveUI	AutomotiveUI	\N	\N
4140	BIRTE	BIRTE	\N	\N
4141	BIRTE (Informal Proceedings)	BIRTE (Informal Proceedings)	\N	\N
4142	SIGMAP	SIGMAP	\N	\N
4143	MSVVEIS	MSVVEIS	\N	\N
4144	VVEIS	VVEIS	\N	\N
4145	IVM/FTMDD/RTSOABIS/MSVVEIS	IVM/FTMDD/RTSOABIS/MSVVEIS	\N	\N
4146	DSSCV	DSSCV	\N	\N
4147	OSS	OSS	\N	\N
4148	POPL	POPL	\N	\N
4149	WITS	WITS	\N	\N
4150	DDFP	DDFP	\N	\N
4151	PPREW@POPL	PPREW@POPL	\N	\N
4152	DAMP	DAMP	\N	\N
4153	MIT-JSME Workshop	MIT-JSME Workshop	\N	\N
4154	ABP	ABP	\N	\N
4155	HPEC	HPEC	\N	\N
4156	EnviroInfo	EnviroInfo	\N	\N
4157	LREC	LREC	\N	\N
4158	Semantic Processing of Legal Texts	Semantic Processing of Legal Texts	\N	\N
4159	Software-Entwicklung	Software-Entwicklung	\N	\N
4160	Workshop on Wireless Security	Workshop on Wireless Security	\N	\N
4161	MSP/ISMM	MSP/ISMM	\N	\N
4162	IWMM	IWMM	\N	\N
4163	ISI	ISI	\N	\N
4164	ISI Workshops	ISI Workshops	\N	\N
4165	CASoN	CASoN	\N	\N
4166	PASTE	PASTE	\N	\N
4167	BIOWIRE	BIOWIRE	\N	\N
4168	TAPAS	TAPAS	\N	\N
4169	IWIC	IWIC	\N	\N
4170	Electronic Voting	Electronic Voting	\N	\N
4171	Security Protocols Workshop	Security Protocols Workshop	\N	\N
4172	Wireless Health	Wireless Health	\N	\N
4173	Three-Dimensional Image Capture and Applications	Three-Dimensional Image Capture and Applications	\N	\N
4174	VEE	VEE	\N	\N
4175	Formal Aspects of Cognitive Processes	Formal Aspects of Cognitive Processes	\N	\N
4176	Virtual Reality: Cognitive Foundations, Technological Issues & Philosophical Implications	Virtual Reality: Cognitive Foundations, Technological Issues & Philosophical Implications	\N	\N
4177	VBC	VBC	\N	\N
4178	WEC (5)	WEC (5)	\N	\N
4179	IEC (Prague)	IEC (Prague)	\N	\N
4180	WEC (2)	WEC (2)	\N	\N
4181	ER	ER	\N	\N
4182	ER Workshops	ER Workshops	\N	\N
4183	ER (Tutorials, Posters, Panels & Industrial Contributions)	ER (Tutorials, Posters, Panels & Industrial Contributions)	\N	\N
4184	Conceptual Modeling	Conceptual Modeling	\N	\N
4185	OOER	OOER	\N	\N
4186	ER Workshop Challenges of Application and Challenges of Design	ER Workshop Challenges of Application and Challenges of Design	\N	\N
4187	Active Conceptual Modeling of Learning	Active Conceptual Modeling of Learning	\N	\N
4188	ER PhD Colloquium	ER PhD Colloquium	\N	\N
4189	ER CASE Tools	ER CASE Tools	\N	\N
4190	TNC	TNC	\N	\N
4191	TERENA Networking Conference	TERENA Networking Conference	\N	\N
4192	Computer and Telecommunications Performance Engineering	Computer and Telecommunications Performance Engineering	\N	\N
4193	JCIS	JCIS	\N	\N
4194	EUROMICRO-SEAA	EUROMICRO-SEAA	\N	\N
4195	SOSP	SOSP	\N	\N
4196	BIFE	BIFE	\N	\N
4197	IWCMC	IWCMC	\N	\N
4198	MCAM	MCAM	\N	\N
4199	CBSE	CBSE	\N	\N
4200	AIRS	AIRS	\N	\N
4201	Concurrent Object-Oriented Programming and Petri Nets	Concurrent Object-Oriented Programming and Petri Nets	\N	\N
4202	CLIN	CLIN	\N	\N
4203	Interaction Challenges for Intelligent Assistants	Interaction Challenges for Intelligent Assistants	\N	\N
4204	SWAP	SWAP	\N	\N
4205	DASIP	DASIP	\N	\N
4206	Conference on Network Administration	Conference on Network Administration	\N	\N
4207	Extreme Markup Languages®	Extreme Markup Languages®	\N	\N
4208	Advanced Information Processing Techniques for LAN and MAN Management	Advanced Information Processing Techniques for LAN and MAN Management	\N	\N
4209	Australasian Database Conference	Australasian Database Conference	\N	\N
4210	ADC	ADC	\N	\N
4211	Australian Database Conference	Australian Database Conference	\N	\N
4212	New Trends in Constraints	New Trends in Constraints	\N	\N
4213	Machine Learning: From Theory to Applications	Machine Learning: From Theory to Applications	\N	\N
4214	Programierumgebungen	Programierumgebungen	\N	\N
4215	MMM-ACNS	MMM-ACNS	\N	\N
4216	TACS	TACS	\N	\N
4217	PerMIn	PerMIn	\N	\N
4218	e-Forensics	e-Forensics	\N	\N
4219	MIXER	MIXER	\N	\N
4220	AMW	AMW	\N	\N
4221	VCBM	VCBM	\N	\N
4222	COCOON	COCOON	\N	\N
4223	SITIS	SITIS	\N	\N
4224	LANC	LANC	\N	\N
4225	OpenSHMEM	OpenSHMEM	\N	\N
4226	KONVENS	KONVENS	\N	\N
4227	GREENS	GREENS	\N	\N
4228	LA-WEB	LA-WEB	\N	\N
4229	LA-WEB/CLIHC	LA-WEB/CLIHC	\N	\N
4230	WebMedia/LA-WEB	WebMedia/LA-WEB	\N	\N
4231	IWFHR	IWFHR	\N	\N
4232	ICFHR	ICFHR	\N	\N
4233	ECSA	ECSA	\N	\N
4234	ECSA Companion Volume	ECSA Companion Volume	\N	\N
4235	CHES	CHES	\N	\N
4236	OpNeTec	OpNeTec	\N	\N
4237	EWIMT	EWIMT	\N	\N
4238	ICONS	ICONS	\N	\N
4239	GIScience	GIScience	\N	\N
4240	Arbeitsplätze morgen	Arbeitsplätze morgen	\N	\N
4241	Formal Hardware Verification	Formal Hardware Verification	\N	\N
4242	ICIST	ICIST	\N	\N
4243	PADS	PADS	\N	\N
4244	Workshop on Parallel and Distributed Simulation	Workshop on Parallel and Distributed Simulation	\N	\N
4245	CCECE	CCECE	\N	\N
4246	LFMTP	LFMTP	\N	\N
4247	VRIPHYS	VRIPHYS	\N	\N
4248	ISMS	ISMS	\N	\N
4249	Learning Language in Logic	Learning Language in Logic	\N	\N
4250	Volviz	Volviz	\N	\N
4251	VVS	VVS	\N	\N
4252	VolVis	VolVis	\N	\N
4253	SAG	SAG	\N	\N
4254	BioSecure	BioSecure	\N	\N
4255	BioSurveillance	BioSurveillance	\N	\N
4256	IScIDE	IScIDE	\N	\N
4257	MCDM	MCDM	\N	\N
4258	Document Analysis Systems	Document Analysis Systems	\N	\N
4259	MOZ	MOZ	\N	\N
4260	SNA	SNA	\N	\N
4261	WASA	WASA	\N	\N
4262	ITCC (1)	ITCC (1)	\N	\N
4263	ITCC	ITCC	\N	\N
4264	ITCC (2)	ITCC (2)	\N	\N
4265	ICCHP	ICCHP	\N	\N
4266	ICCHP (2)	ICCHP (2)	\N	\N
4267	ICCHP (1)	ICCHP (1)	\N	\N
4268	WLP	WLP	\N	\N
4269	15. WLP	15. WLP	\N	\N
4270	W(C)LP	W(C)LP	\N	\N
4271	ITBAM	ITBAM	\N	\N
4272	IWDC	IWDC	\N	\N
4273	E2DC	E2DC	\N	\N
4274	ACSD	ACSD	\N	\N
4275	ACSD/Petri Nets Workshops	ACSD/Petri Nets Workshops	\N	\N
4276	ITP	ITP	\N	\N
4277	ISSE	ISSE	\N	\N
4278	IPCAT	IPCAT	\N	\N
4279	CENTERIS (2)	CENTERIS (2)	\N	\N
4280	CENTERIS (1)	CENTERIS (1)	\N	\N
4281	Intelligent Systems and Soft Computing	Intelligent Systems and Soft Computing	\N	\N
4282	AUIC	AUIC	\N	\N
4283	Austrographics	Austrographics	\N	\N
4284	Pattern Recognition	Pattern Recognition	\N	\N
4285	Recent Issues in Pattern Analysis and Recognition	Recent Issues in Pattern Analysis and Recognition	\N	\N
4286	Infrastructure for Mobile and Wireless Systems	Infrastructure for Mobile and Wireless Systems	\N	\N
4287	CIA	CIA	\N	\N
4288	NOSSDAV	NOSSDAV	\N	\N
4289	VCIP	VCIP	\N	\N
4290	ICES	ICES	\N	\N
4291	Towards Evolvable Hardware	Towards Evolvable Hardware	\N	\N
4292	IJCNLP	IJCNLP	\N	\N
4293	Wireless and Optical Communications	Wireless and Optical Communications	\N	\N
4294	ITAT	ITAT	\N	\N
4295	ACC (3)	ACC (3)	\N	\N
4296	ACC (1)	ACC (1)	\N	\N
4297	ACC (2)	ACC (2)	\N	\N
4298	ACC (4)	ACC (4)	\N	\N
4299	SOCA	SOCA	\N	\N
4300	INFOCOM	INFOCOM	\N	\N
4301	INFOCOM Workshops	INFOCOM Workshops	\N	\N
4302	ICACCI	ICACCI	\N	\N
4303	Declarative Programming	Declarative Programming	\N	\N
4304	ICDCN	ICDCN	\N	\N
4305	CVM	CVM	\N	\N
4306	Ada-Europe	Ada-Europe	\N	\N
4307	Ada Software Tools Interfaces	Ada Software Tools Interfaces	\N	\N
4308	System Development and Ada	System Development and Ada	\N	\N
4309	KELSI	KELSI	\N	\N
4310	MUE	MUE	\N	\N
4311	MobiCASE	MobiCASE	\N	\N
4312	Volume Graphics	Volume Graphics	\N	\N
4313	Constructivity in Computer Science	Constructivity in Computer Science	\N	\N
4314	IPCAI	IPCAI	\N	\N
4315	Algorithms and Parallel VLSI Architectures	Algorithms and Parallel VLSI Architectures	\N	\N
4316	VIS	VIS	\N	\N
4317	DDB	DDB	\N	\N
4318	AISC	AISC	\N	\N
4319	AISC/MKM/Calculemus	AISC/MKM/Calculemus	\N	\N
4320	AISMC	AISMC	\N	\N
4321	IWSOS	IWSOS	\N	\N
4322	CBMI	CBMI	\N	\N
4323	PDK	PDK	\N	\N
4324	CADE	CADE	\N	\N
4325	VERIFY@IJCAR	VERIFY@IJCAR	\N	\N
4326	PAAR@IJCAR	PAAR@IJCAR	\N	\N
4327	IJCAR	IJCAR	\N	\N
4328	PxTP@CADE	PxTP@CADE	\N	\N
4329	VERIFY	VERIFY	\N	\N
4330	WING@ETAPS/IJCAR	WING@ETAPS/IJCAR	\N	\N
4331	EMSQMS@IJCAR	EMSQMS@IJCAR	\N	\N
4332	SMT@IJCAR	SMT@IJCAR	\N	\N
4333	IJCAR Doctoral Programme	IJCAR Doctoral Programme	\N	\N
4334	COMPARE	COMPARE	\N	\N
4335	PAAR/ESHOL	PAAR/ESHOL	\N	\N
4336	ESARLT	ESARLT	\N	\N
4337	ATx/WInG@IJCAR	ATx/WInG@IJCAR	\N	\N
4338	UniDL	UniDL	\N	\N
4339	CMMR	CMMR	\N	\N
4340	CMMR/ICAD	CMMR/ICAD	\N	\N
4341	CMMR/FRSM	CMMR/FRSM	\N	\N
4342	SBES	SBES	\N	\N
4343	SIGCPR	SIGCPR	\N	\N
4344	CPR	CPR	\N	\N
4345	IUI	IUI	\N	\N
4346	IUI Companion	IUI Companion	\N	\N
4347	CSKGOI	CSKGOI	\N	\N
4348	MPC	MPC	\N	\N
4349	MASS	MASS	\N	\N
4350	MASS Workshops	MASS Workshops	\N	\N
4351	CATS	CATS	\N	\N
4352	APPT	APPT	\N	\N
4353	MCU	MCU	\N	\N
4354	MCU (2)	MCU (2)	\N	\N
4355	MCU (1)	MCU (1)	\N	\N
4356	International Conference on Evolutionary Computation	International Conference on Evolutionary Computation	\N	\N
4357	EGPGV	EGPGV	\N	\N
4358	TRIDENTCOM	TRIDENTCOM	\N	\N
4359	CompSysTech	CompSysTech	\N	\N
4360	IHIS	IHIS	\N	\N
4361	RTA	RTA	\N	\N
4362	UNIF@RTA/TLCA	UNIF@RTA/TLCA	\N	\N
4363	ICTAI	ICTAI	\N	\N
4364	ICTAI (2)	ICTAI (2)	\N	\N
4365	ICTAI (1)	ICTAI (1)	\N	\N
4366	IBICA	IBICA	\N	\N
4367	ICUC	ICUC	\N	\N
4368	ISSADS	ISSADS	\N	\N
4369	ECBS	ECBS	\N	\N
4370	Communications and Computer Networks	Communications and Computer Networks	\N	\N
4371	AgentLink	AgentLink	\N	\N
4372	RANLP	RANLP	\N	\N
4373	RANLP Student Research Workshop	RANLP Student Research Workshop	\N	\N
4374	RANLP Text Mining Workshop	RANLP Text Mining Workshop	\N	\N
4375	IWCF	IWCF	\N	\N
4376	ICWF	ICWF	\N	\N
4377	ISPW	ISPW	\N	\N
4378	ICSSP	ICSSP	\N	\N
4379	SPW/ProSim	SPW/ProSim	\N	\N
4380	BIS (Workshops)	BIS (Workshops)	\N	\N
4381	BIS	BIS	\N	\N
4382	SAW	SAW	\N	\N
4383	ICADL	ICADL	\N	\N
4384	Nanotechnology: Science and Computation	Nanotechnology: Science and Computation	\N	\N
4385	The Art of Artificial Evolution	The Art of Artificial Evolution	\N	\N
4386	SEMCCO (1)	SEMCCO (1)	\N	\N
4387	SEMCCO (2)	SEMCCO (2)	\N	\N
4388	SEMCCO	SEMCCO	\N	\N
4389	LBM (Short Papers)	LBM (Short Papers)	\N	\N
4390	AXMEDIS	AXMEDIS	\N	\N
4391	BMSD	BMSD	\N	\N
4392	SIGGRAPH	SIGGRAPH	\N	\N
4393	SIGGRAPH Talks	SIGGRAPH Talks	\N	\N
4394	SIGGRAPH Posters	SIGGRAPH Posters	\N	\N
4395	SIGGRAPH Educators Program	SIGGRAPH Educators Program	\N	\N
4396	SIGGRAPH New Tech Demos	SIGGRAPH New Tech Demos	\N	\N
4397	SIGGRAPH Emerging Technologies	SIGGRAPH Emerging Technologies	\N	\N
4398	SIGGRAPH (Panels)	SIGGRAPH (Panels)	\N	\N
4399	SIGGRAPH ASIA Posters	SIGGRAPH ASIA Posters	\N	\N
4400	SIGGRAPH Web Graphics	SIGGRAPH Web Graphics	\N	\N
4401	SIGGRAPH ASIA Art Gallery & Emerging Technologies	SIGGRAPH ASIA Art Gallery & Emerging Technologies	\N	\N
4402	SIGGRAPH ASIA Animations	SIGGRAPH ASIA Animations	\N	\N
4403	SIGGRAPH ASIA Educators Program	SIGGRAPH ASIA Educators Program	\N	\N
4404	EDT	EDT	\N	\N
4405	SIGGRAPH ASIA Courses	SIGGRAPH ASIA Courses	\N	\N
4406	SIGGRAPH Music & Audio	SIGGRAPH Music & Audio	\N	\N
4407	VL/HCC	VL/HCC	\N	\N
4408	VL	VL	\N	\N
4409	VLL	VLL	\N	\N
4410	ICCCI (2)	ICCCI (2)	\N	\N
4411	ICCCI (1)	ICCCI (1)	\N	\N
4412	ICCCI	ICCCI	\N	\N
4413	ICCCI (3)	ICCCI (3)	\N	\N
4414	ICCCI (SCI Volume)	ICCCI (SCI Volume)	\N	\N
4415	UKCI	UKCI	\N	\N
4416	COSIT	COSIT	\N	\N
4417	MCD	MCD	\N	\N
4418	ECML	ECML	\N	\N
4419	EWSL	EWSL	\N	\N
4420	ECML Workshop on Learning Contex-Free Grammars	ECML Workshop on Learning Contex-Free Grammars	\N	\N
4421	Innovative Informations-Infrastrukturen	Innovative Informations-Infrastrukturen	\N	\N
4422	SCS	SCS	\N	\N
4423	SSPR/SPR	SSPR/SPR	\N	\N
4424	SSPR	SSPR	\N	\N
4425	OPODIS	OPODIS	\N	\N
4426	CyberSecurity	CyberSecurity	\N	\N
4427	International Semantic Web Conference (Posters & Demos)	International Semantic Web Conference (Posters & Demos)	\N	\N
4428	WOP	WOP	\N	\N
4429	ISWC/ASWC	ISWC/ASWC	\N	\N
4430	International Semantic Web Conference	International Semantic Web Conference	\N	\N
4431	URSW (LNCS Vol.)	URSW (LNCS Vol.)	\N	\N
4432	ISWC Posters&Demos	ISWC Posters&Demos	\N	\N
4433	URSW	URSW	\N	\N
4434	ESOE	ESOE	\N	\N
4435	OBI	OBI	\N	\N
4436	NatuReS	NatuReS	\N	\N
4437	Semantic Web Challenge	Semantic Web Challenge	\N	\N
4438	Law and the Semantic Web	Law and the Semantic Web	\N	\N
4439	COLD	COLD	\N	\N
4440	International Semantic Web Conference (1)	International Semantic Web Conference (1)	\N	\N
4441	International Semantic Web Conference (2)	International Semantic Web Conference (2)	\N	\N
4442	SWPM	SWPM	\N	\N
4443	Semantic Desktop Workshop	Semantic Desktop Workshop	\N	\N
4444	LD4IE@ISWC	LD4IE@ISWC	\N	\N
4445	The Emerging Semantic Web	The Emerging Semantic Web	\N	\N
4446	Ontology Matching	Ontology Matching	\N	\N
4447	SWDB	SWDB	\N	\N
4448	SSN	SSN	\N	\N
4449	SMRR	SMRR	\N	\N
4450	SATBI+SWIM	SATBI+SWIM	\N	\N
4451	SPIM	SPIM	\N	\N
4452	WaSABi@ISWC	WaSABi@ISWC	\N	\N
4453	SWSWPC	SWSWPC	\N	\N
4454	SSWS@ISWC	SSWS@ISWC	\N	\N
4455	ISWC-DC	ISWC-DC	\N	\N
4456	SEMPS	SEMPS	\N	\N
4457	LISC	LISC	\N	\N
4458	SSN@ISWC	SSN@ISWC	\N	\N
4459	NLP-DBPEDIA@ISWC	NLP-DBPEDIA@ISWC	\N	\N
4460	CrowdSem	CrowdSem	\N	\N
4461	PEAS	PEAS	\N	\N
4462	ISWC-URSW	ISWC-URSW	\N	\N
4463	New Forms of Reasoning for the Semantic Web	New Forms of Reasoning for the Semantic Web	\N	\N
4464	SeRSy	SeRSy	\N	\N
4465	SWW 2.0	SWW 2.0	\N	\N
4466	SemWeb	SemWeb	\N	\N
4467	FIRST	FIRST	\N	\N
4468	SemDesk	SemDesk	\N	\N
4469	ISWC Workshop on Trust, Security, and Reputation on the Semantic Web	ISWC Workshop on Trust, Security, and Reputation on the Semantic Web	\N	\N
4470	OrdRing@ISWC	OrdRing@ISWC	\N	\N
4471	SEBIZ	SEBIZ	\N	\N
4472	IAIT	IAIT	\N	\N
4473	WETICE	WETICE	\N	\N
4474	ETFA	ETFA	\N	\N
4475	ETFA (1)	ETFA (1)	\N	\N
4476	ETFA (2)	ETFA (2)	\N	\N
4477	ECIS	ECIS	\N	\N
4478	IEETel@ECIS	IEETel@ECIS	\N	\N
4479	APL	APL	\N	\N
4480	RV	RV	\N	\N
4481	WMC-CdeA	WMC-CdeA	\N	\N
4482	WMP	WMP	\N	\N
4483	Vorgehensmodelle	Vorgehensmodelle	\N	\N
4484	IDAACS (2)	IDAACS (2)	\N	\N
4485	IDAACS (1)	IDAACS (1)	\N	\N
4486	Hot Interconnects	Hot Interconnects	\N	\N
4487	NATO ASI OODBS	NATO ASI OODBS	\N	\N
4488	NATO ASI DPD	NATO ASI DPD	\N	\N
4489	International Conference on Supercomputing	International Conference on Supercomputing	\N	\N
4490	Woman into Computing	Woman into Computing	\N	\N
4491	AINTEC	AINTEC	\N	\N
4492	HC	HC	\N	\N
4493	Managing Information Technology's Organisational Impact	Managing Information Technology's Organisational Impact	\N	\N
4494	SoRuCom	SoRuCom	\N	\N
4495	UNIX - Konzepte und Anwendungen	UNIX - Konzepte und Anwendungen	\N	\N
4496	AFRICOMM	AFRICOMM	\N	\N
4497	AFRICOM	AFRICOM	\N	\N
4498	IWAAL	IWAAL	\N	\N
4499	TABLEAUX	TABLEAUX	\N	\N
4500	AccessNets	AccessNets	\N	\N
4501	Facing the Multicore-Challenge	Facing the Multicore-Challenge	\N	\N
4502	IPDPS	IPDPS	\N	\N
4503	IPPS	IPPS	\N	\N
4504	IPDPS Workshops	IPDPS Workshops	\N	\N
4505	IPPS/SPDP	IPPS/SPDP	\N	\N
4506	IPPS/SPDP Workshops	IPPS/SPDP Workshops	\N	\N
4507	IPDPS Next Generation Software Program - NSFNGS - PI Workshop	IPDPS Next Generation Software Program - NSFNGS - PI Workshop	\N	\N
4508	MOL	MOL	\N	\N
4509	Humanoids	Humanoids	\N	\N
4510	Algebraic and Coalgebraic Methods in the Mathematics of Program Construction	Algebraic and Coalgebraic Methods in the Mathematics of Program Construction	\N	\N
4511	Geoinformatics	Geoinformatics	\N	\N
4512	NLPRS	NLPRS	\N	\N
4513	PLILP	PLILP	\N	\N
4514	PLILP/ALP	PLILP/ALP	\N	\N
4515	FPGA	FPGA	\N	\N
4516	FPL	FPL	\N	\N
4517	Bildverarbeitung für die Medizin	Bildverarbeitung für die Medizin	\N	\N
4518	ETRICS	ETRICS	\N	\N
4519	International Conference on Internet Computing (1)	International Conference on Internet Computing (1)	\N	\N
4520	International Conference on Internet Computing	International Conference on Internet Computing	\N	\N
4521	FPS	FPS	\N	\N
4522	IPC	IPC	\N	\N
4523	VISUAL	VISUAL	\N	\N
4524	K4HelP	K4HelP	\N	\N
4525	Local Search for Planning and Scheduling	Local Search for Planning and Scheduling	\N	\N
4526	ECAI Workshop on Agent Theories, Architectures, and Languages	ECAI Workshop on Agent Theories, Architectures, and Languages	\N	\N
4527	Balancing Reactivity and Social Deliberation in Multi-Agent Systems	Balancing Reactivity and Social Deliberation in Multi-Agent Systems	\N	\N
4528	Biologically Motivated Computer Vision	Biologically Motivated Computer Vision	\N	\N
4529	ECLAP	ECLAP	\N	\N
4530	SNSC	SNSC	\N	\N
4531	Financial Cryptography	Financial Cryptography	\N	\N
4532	Financial Cryptography Workshops	Financial Cryptography Workshops	\N	\N
4533	Computational Logic	Computational Logic	\N	\N
4534	CL-2000 Workshop on Computational Logic in Multi-Agent Systems	CL-2000 Workshop on Computational Logic in Multi-Agent Systems	\N	\N
4535	MMAS	MMAS	\N	\N
4536	QUATIC	QUATIC	\N	\N
4537	TAPSOFT, Vol.1	TAPSOFT, Vol.1	\N	\N
4538	TAPSOFT	TAPSOFT	\N	\N
4539	TAPSOFT, Vol.2	TAPSOFT, Vol.2	\N	\N
4540	FinanceCom	FinanceCom	\N	\N
4541	Optimal Algorithms	Optimal Algorithms	\N	\N
4542	ACM DL	ACM DL	\N	\N
4543	DL	DL	\N	\N
4544	WOWS	WOWS	\N	\N
4545	Digital Libraries	Digital Libraries	\N	\N
4546	FASE	FASE	\N	\N
4547	Mathematical Methods for Protein Structure Analysis and Design	Mathematical Methods for Protein Structure Analysis and Design	\N	\N
4548	EUROS	EUROS	\N	\N
4549	Analysis and Optimization of Differential Systems	Analysis and Optimization of Differential Systems	\N	\N
4550	Control of Distributed Parameter and Stochastic Systems	Control of Distributed Parameter and Stochastic Systems	\N	\N
4551	Categorial Methods in Computer Science	Categorial Methods in Computer Science	\N	\N
4552	Category Theory Applied to Computation and Control	Category Theory Applied to Computation and Control	\N	\N
4553	CVRMed	CVRMed	\N	\N
4554	FIW	FIW	\N	\N
4555	ICFI	ICFI	\N	\N
4556	CLIHC	CLIHC	\N	\N
4557	MDIC	MDIC	\N	\N
4558	MICCAI (2)	MICCAI (2)	\N	\N
4559	MICCAI (3)	MICCAI (3)	\N	\N
4560	MICCAI (1)	MICCAI (1)	\N	\N
4561	Prostate Cancer Imaging	Prostate Cancer Imaging	\N	\N
4562	MCV	MCV	\N	\N
4563	MICCAI	MICCAI	\N	\N
4564	STACOM/CESC	STACOM/CESC	\N	\N
4565	STACOM	STACOM	\N	\N
4566	MeshMed	MeshMed	\N	\N
4567	MBIA	MBIA	\N	\N
4568	CLIP	CLIP	\N	\N
4569	AE-CAI	AE-CAI	\N	\N
4570	Abdominal Imaging	Abdominal Imaging	\N	\N
4571	Virtual Colonoscopy and Abdominal Imaging	Virtual Colonoscopy and Abdominal Imaging	\N	\N
4572	MCBR-CDS	MCBR-CDS	\N	\N
4573	STIA	STIA	\N	\N
4574	Modelling, Identification and Control	Modelling, Identification and Control	\N	\N
4575	SAGA	SAGA	\N	\N
4576	Attribute Grammars, Applications and Systems	Attribute Grammars, Applications and Systems	\N	\N
4577	ENASE	ENASE	\N	\N
4578	EAST	EAST	\N	\N
4579	MDA/MDSD	MDA/MDSD	\N	\N
4580	MDA/MTDD	MDA/MTDD	\N	\N
4581	ANB	ANB	\N	\N
4582	MIRO	MIRO	\N	\N
4583	MIRA	MIRA	\N	\N
4584	CICAC	CICAC	\N	\N
4585	Reasoning with Uncertainty in Robotics	Reasoning with Uncertainty in Robotics	\N	\N
4586	ELP	ELP	\N	\N
4587	Cognitive Technology	Cognitive Technology	\N	\N
4588	MLDM	MLDM	\N	\N
4589	MLDM Posters	MLDM Posters	\N	\N
4590	TDM	TDM	\N	\N
4591	NAA	NAA	\N	\N
4592	WNAA	WNAA	\N	\N
4593	IWOCA	IWOCA	\N	\N
4594	Workshop on Computational Geometry	Workshop on Computational Geometry	\N	\N
4595	Hardware Specification, Verification and Synthesis	Hardware Specification, Verification and Synthesis	\N	\N
4596	AMET	AMET	\N	\N
4597	FIMI	FIMI	\N	\N
4598	HPTS	HPTS	\N	\N
4599	JFSMA	JFSMA	\N	\N
4600	JFIADSMA	JFIADSMA	\N	\N
4601	NordSec	NordSec	\N	\N
4602	Workstations for Experiments	Workstations for Experiments	\N	\N
4603	RGU	RGU	\N	\N
4604	SFCM	SFCM	\N	\N
4605	FICTA	FICTA	\N	\N
4606	TrustCom	TrustCom	\N	\N
4607	TrustCom/ISPA/IUCC	TrustCom/ISPA/IUCC	\N	\N
4608	AMMA	AMMA	\N	\N
4609	DAARC	DAARC	\N	\N
4610	Sanskrit Computational Linguistics	Sanskrit Computational Linguistics	\N	\N
4611	CIDE	CIDE	\N	\N
4612	ICAC	ICAC	\N	\N
4613	ICMAI	ICMAI	\N	\N
4614	SECURWARE	SECURWARE	\N	\N
4615	WSCG (Short Papers)	WSCG (Short Papers)	\N	\N
4616	WSCG	WSCG	\N	\N
4617	WSCG (Full Papers)	WSCG (Full Papers)	\N	\N
4618	WSCG (Posters)	WSCG (Posters)	\N	\N
4619	Summer School on Neural Networks	Summer School on Neural Networks	\N	\N
4620	HPCNCS	HPCNCS	\N	\N
4621	CSER	CSER	\N	\N
4622	FTCS	FTCS	\N	\N
4623	Specification and Verification of Concurrent Systems	Specification and Verification of Concurrent Systems	\N	\N
4624	Formal Aspects of Measurement	Formal Aspects of Measurement	\N	\N
4625	LATA	LATA	\N	\N
4626	ICWSM	ICWSM	\N	\N
4627	Social Innovation and Social Media	Social Innovation and Social Media	\N	\N
4628	The Social Mobile Web	The Social Mobile Web	\N	\N
4629	The Future of the Social Web	The Future of the Social Web	\N	\N
4630	Firmware Engineering	Firmware Engineering	\N	\N
4631	ITEE	ITEE	\N	\N
4632	Workshop on Membrane Computing	Workshop on Membrane Computing	\N	\N
4633	Int. Conf. on Membrane Computing	Int. Conf. on Membrane Computing	\N	\N
4634	FMCO	FMCO	\N	\N
4635	CBMS	CBMS	\N	\N
4636	ICARCV	ICARCV	\N	\N
4637	HCIS	HCIS	\N	\N
4638	Human Error, Safety and Systems Development	Human Error, Safety and Systems Development	\N	\N
4639	HWID	HWID	\N	\N
4640	Usability	Usability	\N	\N
4641	WOMPAT	WOMPAT	\N	\N
4642	PROCOMET	PROCOMET	\N	\N
4643	IMSCCS	IMSCCS	\N	\N
4644	IMSCCS (1)	IMSCCS (1)	\N	\N
4645	IMSCCS (2)	IMSCCS (2)	\N	\N
4646	Middleware	Middleware	\N	\N
4647	MPAC	MPAC	\N	\N
4648	Middleware Workshops	Middleware Workshops	\N	\N
4649	MNCNA	MNCNA	\N	\N
4650	MW4SOC	MW4SOC	\N	\N
4651	Middleware (Companion)	Middleware (Companion)	\N	\N
4652	Adaptive and Reflective Middleware	Adaptive and Reflective Middleware	\N	\N
4653	Mobile Middleware	Mobile Middleware	\N	\N
4654	MGC	MGC	\N	\N
4655	Middleware for Pervasive and Ad-hoc Computing	Middleware for Pervasive and Ad-hoc Computing	\N	\N
4656	ARM	ARM	\N	\N
4657	MidSens	MidSens	\N	\N
4658	Middleware for Grid Computing	Middleware for Grid Computing	\N	\N
4659	Middleware (Demos and Posters)	Middleware (Demos and Posters)	\N	\N
4660	Doctoral Symposium on Middleware	Doctoral Symposium on Middleware	\N	\N
4661	Middleware (Doctoral Symposium)	Middleware (Doctoral Symposium)	\N	\N
4662	Middleware Security	Middleware Security	\N	\N
4663	MODDM	MODDM	\N	\N
4664	ULPAA	ULPAA	\N	\N
4665	GSN	GSN	\N	\N
4666	WWCA	WWCA	\N	\N
4667	ICCAD	ICCAD	\N	\N
4668	MLSLP	MLSLP	\N	\N
4669	FASec	FASec	\N	\N
4670	Fuji International Symposium on Functional and Logic Programming	Fuji International Symposium on Functional and Logic Programming	\N	\N
4671	FLOPS	FLOPS	\N	\N
4672	FTRTFT	FTRTFT	\N	\N
4673	ePart	ePart	\N	\N
4674	Requirements Targeting Software and Systems Engineering	Requirements Targeting Software and Systems Engineering	\N	\N
4675	ICINCO (2)	ICINCO (2)	\N	\N
4676	ICINCO-ICSO	ICINCO-ICSO	\N	\N
4677	ICINCO	ICINCO	\N	\N
4678	ICINCO-RA (1)	ICINCO-RA (1)	\N	\N
4679	ICINCO (1)	ICINCO (1)	\N	\N
4680	ICINCO (3)	ICINCO (3)	\N	\N
4681	ICINCO-RA (2)	ICINCO-RA (2)	\N	\N
4682	ICINCO-RA	ICINCO-RA	\N	\N
4683	ICINCO-SPSMC	ICINCO-SPSMC	\N	\N
4684	ICINCO (Invited Speakers)	ICINCO (Invited Speakers)	\N	\N
4685	LPAR	LPAR	\N	\N
4686	RCLP	RCLP	\N	\N
4687	LPAR (Yogyakarta)	LPAR (Yogyakarta)	\N	\N
4688	LPAR Workshops	LPAR Workshops	\N	\N
4689	LPAR short papers(Yogyakarta)	LPAR short papers(Yogyakarta)	\N	\N
4690	LPAR (Dakar)	LPAR (Dakar)	\N	\N
4691	IWIL@LPAR	IWIL@LPAR	\N	\N
4692	ICCA	ICCA	\N	\N
4693	Mathematical Studies of Information Processing	Mathematical Studies of Information Processing	\N	\N
4694	COMSNETS	COMSNETS	\N	\N
4695	STOC	STOC	\N	\N
4696	IVEVA	IVEVA	\N	\N
4697	ESORICS	ESORICS	\N	\N
4698	DPM/SETOP	DPM/SETOP	\N	\N
4699	Privacy in Location-Based Applications	Privacy in Location-Based Applications	\N	\N
4700	PiLBA	PiLBA	\N	\N
4701	Validation of Stochastic Systems	Validation of Stochastic Systems	\N	\N
4702	APCCAS	APCCAS	\N	\N
4703	APCCAS (2)	APCCAS (2)	\N	\N
4704	APCCAS (1)	APCCAS (1)	\N	\N
4705	Privacy Enhancing Technologies	Privacy Enhancing Technologies	\N	\N
4706	PETS	PETS	\N	\N
4707	IWAI	IWAI	\N	\N
4708	EATIS	EATIS	\N	\N
4709	Informatiktage	Informatiktage	\N	\N
4710	Formal to Practical Security	Formal to Practical Security	\N	\N
4711	CSREA HCI	CSREA HCI	\N	\N
4712	SLTU	SLTU	\N	\N
4713	COSN	COSN	\N	\N
4714	RCDL	RCDL	\N	\N
4715	LOMAPS	LOMAPS	\N	\N
4716	ISIP	ISIP	\N	\N
4717	ONDM	ONDM	\N	\N
4718	QoS-IP	QoS-IP	\N	\N
4719	FIDIS	FIDIS	\N	\N
4720	Security and Control of Information Technology in Society	Security and Control of Information Technology in Society	\N	\N
4721	SSR	SSR	\N	\N
4722	IKE	IKE	\N	\N
4723	IEEE ICCI	IEEE ICCI	\N	\N
4724	ICCI*CC	ICCI*CC	\N	\N
4725	IEEE ICCI*CC	IEEE ICCI*CC	\N	\N
4726	Larch	Larch	\N	\N
4727	SAC	SAC	\N	\N
4728	SAC (2)	SAC (2)	\N	\N
4729	SAC (1)	SAC (1)	\N	\N
4730	IEEE Symposium on Computer Arithmetic	IEEE Symposium on Computer Arithmetic	\N	\N
4731	CEC/EEE	CEC/EEE	\N	\N
4732	WECWIS	WECWIS	\N	\N
4733	CEC	CEC	\N	\N
4734	CBI	CBI	\N	\N
4735	CEC Workshops	CEC Workshops	\N	\N
4736	CCA	CCA	\N	\N
4737	CCA/ISIC	CCA/ISIC	\N	\N
4738	ITIB	ITIB	\N	\N
4739	ICIN	ICIN	\N	\N
4740	CCCG	CCCG	\N	\N
4741	WCRE	WCRE	\N	\N
4742	BIC-TA	BIC-TA	\N	\N
4743	BIC-TA (1)	BIC-TA (1)	\N	\N
4744	BIC-TA (2)	BIC-TA (2)	\N	\N
4745	ICALT	ICALT	\N	\N
4746	DRCN	DRCN	\N	\N
4747	Program Construction	Program Construction	\N	\N
4748	PCM	PCM	\N	\N
4749	PCM (2)	PCM (2)	\N	\N
4750	PCM (1)	PCM (1)	\N	\N
4751	IEEE Pacific Rim Conference on Multimedia	IEEE Pacific Rim Conference on Multimedia	\N	\N
4752	PCM (3)	PCM (3)	\N	\N
4753	EUROCAST (1)	EUROCAST (1)	\N	\N
4754	EUROCAST	EUROCAST	\N	\N
4755	EUROCAST (2)	EUROCAST (2)	\N	\N
4756	CAST	CAST	\N	\N
4757	ISHPC	ISHPC	\N	\N
4758	DASC	DASC	\N	\N
4759	IHC	IHC	\N	\N
4760	IHC (Companion)	IHC (Companion)	\N	\N
4761	WAIHCWS	WAIHCWS	\N	\N
4762	IHC+CLIHC	IHC+CLIHC	\N	\N
4763	WEIHC	WEIHC	\N	\N
4764	ISCSLP	ISCSLP	\N	\N
4765	FMICS	FMICS	\N	\N
4766	FMICS/PDMC	FMICS/PDMC	\N	\N
4767	MIG	MIG	\N	\N
4768	ESCAPE	ESCAPE	\N	\N
4769	COMPENG	COMPENG	\N	\N
4770	AMTA	AMTA	\N	\N
4771	HCITOCH	HCITOCH	\N	\N
4772	ICTAC	ICTAC	\N	\N
4773	ICTAC Training School on Software Engineering	ICTAC Training School on Software Engineering	\N	\N
4774	CVMP	CVMP	\N	\N
4775	Engineering for Human-Computer Interaction	Engineering for Human-Computer Interaction	\N	\N
4776	ISSAC	ISSAC	\N	\N
4777	SYMSACC	SYMSACC	\N	\N
4778	SNC	SNC	\N	\N
4779	SYMSAC	SYMSAC	\N	\N
4780	PASCO	PASCO	\N	\N
4781	SEM	SEM	\N	\N
4782	NetGCoop	NetGCoop	\N	\N
4783	NET-COOP	NET-COOP	\N	\N
4784	MoDELS	MoDELS	\N	\N
4785	UML	UML	\N	\N
4786	MDDAUI	MDDAUI	\N	\N
4787	pUML	pUML	\N	\N
4788	UML Satellite Activities	UML Satellite Activities	\N	\N
4789	UML Workshop	UML Workshop	\N	\N
4790	MoDELS Satellite Events	MoDELS Satellite Events	\N	\N
4791	ACM SIGBDP Conference on Trends and Directions in Expert Systems	ACM SIGBDP Conference on Trends and Directions in Expert Systems	\N	\N
4792	SIGBDP-SIGCPR	SIGBDP-SIGCPR	\N	\N
4793	SIGBDP	SIGBDP	\N	\N
4794	ADVIS	ADVIS	\N	\N
4795	SAICSIT Conf.	SAICSIT Conf.	\N	\N
4796	SemWiki	SemWiki	\N	\N
4797	RED	RED	\N	\N
4798	WITASI	WITASI	\N	\N
4799	EurAsia-ICT	EurAsia-ICT	\N	\N
4800	SIIT	SIIT	\N	\N
4801	Shape, Contour and Grouping in Computer Vision	Shape, Contour and Grouping in Computer Vision	\N	\N
4802	EMCR	EMCR	\N	\N
4803	PE-WASUN	PE-WASUN	\N	\N
4804	ICBO	ICBO	\N	\N
4805	VDOS+DO@ICBO	VDOS+DO@ICBO	\N	\N
4806	Temporal Logic in Specification	Temporal Logic in Specification	\N	\N
4807	DigCurV	DigCurV	\N	\N
4808	ACPR	ACPR	\N	\N
4809	GIR	GIR	\N	\N
4810	COLT	COLT	\N	\N
4811	COLT/EuroCOLT	COLT/EuroCOLT	\N	\N
4812	SEARIS	SEARIS	\N	\N
4813	EWHCI	EWHCI	\N	\N
4814	ECI	ECI	\N	\N
4815	Performance Engineering	Performance Engineering	\N	\N
4816	Advances in Modal Logic	Advances in Modal Logic	\N	\N
4817	BICC	BICC	\N	\N
4818	USM	USM	\N	\N
4819	CAI	CAI	\N	\N
4820	WES	WES	\N	\N
4821	IICIS	IICIS	\N	\N
4822	DDSS	DDSS	\N	\N
4823	ERSA	ERSA	\N	\N
4824	Engineering of Reconfigurable Systems and Algorithms	Engineering of Reconfigurable Systems and Algorithms	\N	\N
4825	IWNAS	IWNAS	\N	\N
4826	Belief Functions	Belief Functions	\N	\N
4827	MoDELS Workshops	MoDELS Workshops	\N	\N
4828	MDsec	MDsec	\N	\N
4829	ACESMB@MoDELS	ACESMB@MoDELS	\N	\N
4830	EduSymp@MoDELS	EduSymp@MoDELS	\N	\N
4831	EESSMod	EESSMod	\N	\N
4832	GEMOC+AMINO@MoDELS	GEMOC+AMINO@MoDELS	\N	\N
4833	MoDELS@Run.time	MoDELS@Run.time	\N	\N
4834	Demos/Posters/StudentResearch@MoDELS	Demos/Posters/StudentResearch@MoDELS	\N	\N
4835	OCL and Textual Modelling	OCL and Textual Modelling	\N	\N
4836	MoDELS (2)	MoDELS (2)	\N	\N
4837	EduSym	EduSym	\N	\N
4838	MoDELS (Doctoral Symposium)	MoDELS (Doctoral Symposium)	\N	\N
4839	MDEBE@MoDELS	MDEBE@MoDELS	\N	\N
4840	MoDELS (1)	MoDELS (1)	\N	\N
4841	MoDeVVa@MoDELS	MoDeVVa@MoDELS	\N	\N
4842	OCL@MoDELS	OCL@MoDELS	\N	\N
4843	DocSymp@MoDELS	DocSymp@MoDELS	\N	\N
4844	EESSMOD@MoDELS	EESSMOD@MoDELS	\N	\N
4845	AMT@MoDELS	AMT@MoDELS	\N	\N
4846	MPM@MoDELS	MPM@MoDELS	\N	\N
4847	ME@MoDELS	ME@MoDELS	\N	\N
4848	CMA@MoDELS	CMA@MoDELS	\N	\N
4849	NiM-ALP@MoDELS	NiM-ALP@MoDELS	\N	\N
4850	MDHPCL@MoDELS	MDHPCL@MoDELS	\N	\N
4851	TWOMD	TWOMD	\N	\N
4852	NFPinDSML@MoDELS	NFPinDSML@MoDELS	\N	\N
4853	XM@MoDELS	XM@MoDELS	\N	\N
4854	Conference on Computer Logic	Conference on Computer Logic	\N	\N
4855	ICSDM	ICSDM	\N	\N
4856	ICGI	ICGI	\N	\N
4857	3DPVT	3DPVT	\N	\N
4858	Autonomics	Autonomics	\N	\N
4859	VISION	VISION	\N	\N
4860	PSC	PSC	\N	\N
4861	Graph Reduction	Graph Reduction	\N	\N
4862	USENIX MACH Symposium	USENIX MACH Symposium	\N	\N
4863	CP	CP	\N	\N
4864	Over-Constrained Systems	Over-Constrained Systems	\N	\N
4865	Constraint Processing, Selected Papers	Constraint Processing, Selected Papers	\N	\N
4866	MUSCLE	MUSCLE	\N	\N
4867	EUNICE	EUNICE	\N	\N
4868	MSA	MSA	\N	\N
4869	EWSN	EWSN	\N	\N
4870	KMO	KMO	\N	\N
4871	ECEH	ECEH	\N	\N
4872	AVBPA	AVBPA	\N	\N
4873	NLPKE	NLPKE	\N	\N
4874	SmartGridSec	SmartGridSec	\N	\N
4875	MADNES	MADNES	\N	\N
4876	ICAPR (2)	ICAPR (2)	\N	\N
4877	ICAPR	ICAPR	\N	\N
4878	ICAPR (1)	ICAPR (1)	\N	\N
4879	International Conference on Virtual Storytelling	International Conference on Virtual Storytelling	\N	\N
4880	CIG	CIG	\N	\N
4881	ISBRA	ISBRA	\N	\N
4882	VizSEC	VizSEC	\N	\N
4883	IHCI	IHCI	\N	\N
4884	ICANN (1)	ICANN (1)	\N	\N
4885	ICANN	ICANN	\N	\N
4886	ICANN (2)	ICANN (2)	\N	\N
4887	ICANN (3)	ICANN (3)	\N	\N
4888	Software Engineering	Software Engineering	\N	\N
4889	Software Engineering (Workshops)	Software Engineering (Workshops)	\N	\N
4890	BigData Conference	BigData Conference	\N	\N
4891	CISIM	CISIM	\N	\N
4892	WoT	WoT	\N	\N
4893	PoEM	PoEM	\N	\N
4894	Information System Development Process	Information System Development Process	\N	\N
4895	ME	ME	\N	\N
4896	Methods and Associated Tools for the Information Systems Life Cycle	Methods and Associated Tools for the Information Systems Life Cycle	\N	\N
4897	Situational Method Engineering	Situational Method Engineering	\N	\N
4898	PoEM (Short Papers)	PoEM (Short Papers)	\N	\N
4899	Organizational Semiotics	Organizational Semiotics	\N	\N
4900	Information Systems in the WWW Environment	Information Systems in the WWW Environment	\N	\N
4901	Engineering Information Systems in the Internet Context	Engineering Information Systems in the Internet Context	\N	\N
4902	ICUIMC	ICUIMC	\N	\N
4903	SIGMOD Conference	SIGMOD Conference	\N	\N
4904	Computer Architecture for Non-Numeric Processing	Computer Architecture for Non-Numeric Processing	\N	\N
4905	SIGMOD Workshop, Vol. 1	SIGMOD Workshop, Vol. 1	\N	\N
4906	SIGFIDET Workshop	SIGFIDET Workshop	\N	\N
4907	SWIM	SWIM	\N	\N
4908	Databases for Business and Office Applications	Databases for Business and Office Applications	\N	\N
4909	Workshop on Data Abstraction, Databases and Conceptual Modelling	Workshop on Data Abstraction, Databases and Conceptual Modelling	\N	\N
4910	Engineering Design Applications	Engineering Design Applications	\N	\N
4911	DBTest	DBTest	\N	\N
4912	Data Bases for Interactive Design	Data Bases for Interactive Design	\N	\N
4913	SIGMOD/PODS Ph.D. Symposium	SIGMOD/PODS Ph.D. Symposium	\N	\N
4914	KEYS	KEYS	\N	\N
4915	GRADES	GRADES	\N	\N
4916	SIGMOD Workshop, Vol. 2	SIGMOD Workshop, Vol. 2	\N	\N
4917	SIGMOD/PODS PhD Symposium	SIGMOD/PODS PhD Symposium	\N	\N
4918	SIGFIDET Workshop, Vol. 2	SIGFIDET Workshop, Vol. 2	\N	\N
4919	NNP	NNP	\N	\N
4920	SIGFIDET Workshop, Vol. 1	SIGFIDET Workshop, Vol. 1	\N	\N
4921	NDSS	NDSS	\N	\N
4922	S-CUBE	S-CUBE	\N	\N
4923	S-CUBE Book	S-CUBE Book	\N	\N
4924	AC	AC	\N	\N
4925	Workshop on the Management of Replicated Data	Workshop on the Management of Replicated Data	\N	\N
4926	DIMVA	DIMVA	\N	\N
4927	ACAI	ACAI	\N	\N
4928	CVHI	CVHI	\N	\N
4929	SWAT4LS	SWAT4LS	\N	\N
4930	QuantumComm	QuantumComm	\N	\N
4931	FCS	FCS	\N	\N
4932	European Educational Forum: School on Embedded Systems	European Educational Forum: School on Embedded Systems	\N	\N
4933	European Educational Forum: School on Formal Methods and Performance Analysis	European Educational Forum: School on Formal Methods and Performance Analysis	\N	\N
4934	APF	APF	\N	\N
4935	SRDS	SRDS	\N	\N
4936	Symposium on Reliability in Distributed Software and Database Systems	Symposium on Reliability in Distributed Software and Database Systems	\N	\N
4937	WOSS	WOSS	\N	\N
4938	DIPES	DIPES	\N	\N
4939	Decentralized and Distributed Systems	Decentralized and Distributed Systems	\N	\N
4940	Architectures and Compilation Techniques for Fine and Medium Grain Parallelism	Architectures and Compilation Techniques for Fine and Medium Grain Parallelism	\N	\N
4941	DIPES/BICC	DIPES/BICC	\N	\N
4942	WACV	WACV	\N	\N
4943	WACV/MOTION	WACV/MOTION	\N	\N
4944	IS/KI	IS/KI	\N	\N
4945	HiCoNS	HiCoNS	\N	\N
4946	ReTIS	ReTIS	\N	\N
4947	HLK	HLK	\N	\N
4948	NCM	NCM	\N	\N
4949	NCM (2)	NCM (2)	\N	\N
4950	NCM (1)	NCM (1)	\N	\N
4951	SFM	SFM	\N	\N
4952	FOCI	FOCI	\N	\N
4953	CIKM	CIKM	\N	\N
4954	DTMBIO	DTMBIO	\N	\N
4955	CloudDb	CloudDb	\N	\N
4956	BooksOnline	BooksOnline	\N	\N
4957	CIKM-CNIKM	CIKM-CNIKM	\N	\N
4958	Intelligent Hypertext	Intelligent Hypertext	\N	\N
4959	Workshop on New Paradigms in Information Visualization and Manipulation	Workshop on New Paradigms in Information Visualization and Manipulation	\N	\N
4960	PIKM	PIKM	\N	\N
4961	CIKM-KRAS	CIKM-KRAS	\N	\N
4962	ESAIR	ESAIR	\N	\N
4963	CIKM-SWSM	CIKM-SWSM	\N	\N
4964	CIKM-DSMM	CIKM-DSMM	\N	\N
4965	SHB	SHB	\N	\N
4966	DUBMMSM	DUBMMSM	\N	\N
4967	DUBMOD@CIKM	DUBMOD@CIKM	\N	\N
4968	LSDS-IR	LSDS-IR	\N	\N
4969	CIKM-iNEWS	CIKM-iNEWS	\N	\N
4970	SMUC	SMUC	\N	\N
4971	PaIR	PaIR	\N	\N
4972	MIX-HS	MIX-HS	\N	\N
4973	CIKM-PAVLAD	CIKM-PAVLAD	\N	\N
4974	ONISW	ONISW	\N	\N
4975	CIMS	CIMS	\N	\N
4976	ADB	ADB	\N	\N
4977	CASC	CASC	\N	\N
4978	FGIT-FGCN (2)	FGIT-FGCN (2)	\N	\N
4979	FGIT	FGIT	\N	\N
4980	FGIT-ASEA	FGIT-ASEA	\N	\N
4981	FGIT-CA/CES3	FGIT-CA/CES3	\N	\N
4982	FGIT-FGCN (1)	FGIT-FGCN (1)	\N	\N
4983	FGIT-DTA/BSBT	FGIT-DTA/BSBT	\N	\N
4984	FGIT-ASEA/DRBC/EL	FGIT-ASEA/DRBC/EL	\N	\N
4985	FGIT-SecTech	FGIT-SecTech	\N	\N
4986	FGIT-SIP/MulGraB	FGIT-SIP/MulGraB	\N	\N
4987	FGIT-UNESST	FGIT-UNESST	\N	\N
4988	FGIT-GDC	FGIT-GDC	\N	\N
4989	FGIT-MulGraB (2)	FGIT-MulGraB (2)	\N	\N
4990	FGIT-SecTech/DRBC	FGIT-SecTech/DRBC	\N	\N
4991	FGIT-BSBT	FGIT-BSBT	\N	\N
4992	FGIT-MulGraB (1)	FGIT-MulGraB (1)	\N	\N
4993	FGIT-FGCN	FGIT-FGCN	\N	\N
4994	FGIT-DTA	FGIT-DTA	\N	\N
4995	FGIT-SIP	FGIT-SIP	\N	\N
4996	FGIT-GDC/CA	FGIT-GDC/CA	\N	\N
4997	SenSys	SenSys	\N	\N
4998	ICCBR	ICCBR	\N	\N
4999	Case-Based Reasoning Technology	Case-Based Reasoning Technology	\N	\N
5000	ICCBR Workshops	ICCBR Workshops	\N	\N
5001	ACM SIGOPS European Workshop	ACM SIGOPS European Workshop	\N	\N
5002	ENTER	ENTER	\N	\N
5003	European Test Symposium	European Test Symposium	\N	\N
5004	ETS	ETS	\N	\N
5005	ITC	ITC	\N	\N
5006	Instinctive Computing Workshop	Instinctive Computing Workshop	\N	\N
5007	GCCB	GCCB	\N	\N
5008	ATVA	ATVA	\N	\N
5009	LATW	LATW	\N	\N
5010	EMISA	EMISA	\N	\N
5011	Promise	Promise	\N	\N
5012	BIOSIGNALS	BIOSIGNALS	\N	\N
5013	BIODEVICES	BIODEVICES	\N	\N
5014	HEALTHINF (2)	HEALTHINF (2)	\N	\N
5015	BIOSTEC (Selected Papers)	BIOSTEC (Selected Papers)	\N	\N
5016	HEALTHINF	HEALTHINF	\N	\N
5017	BIODEVICES (1)	BIODEVICES (1)	\N	\N
5018	BIOINFORMATICS	BIOINFORMATICS	\N	\N
5019	BIOSIGNALS (1)	BIOSIGNALS (1)	\N	\N
5020	BIOSIGNALS (2)	BIOSIGNALS (2)	\N	\N
5021	HEALTHINF (1)	HEALTHINF (1)	\N	\N
5022	AAL	AAL	\N	\N
5023	BIODEVICES (2)	BIODEVICES (2)	\N	\N
5024	MIAD	MIAD	\N	\N
5025	B-Interface	B-Interface	\N	\N
5026	WCW	WCW	\N	\N
5027	Nursing Informatics	Nursing Informatics	\N	\N
5028	MMSys	MMSys	\N	\N
5029	CTS	CTS	\N	\N
5030	ICTA	ICTA	\N	\N
5031	FHIES	FHIES	\N	\N
5032	EOOLT	EOOLT	\N	\N
5033	NetCoM	NetCoM	\N	\N
5034	SETN	SETN	\N	\N
5035	NOTERE	NOTERE	\N	\N
5036	DIWeb	DIWeb	\N	\N
5037	IISWC	IISWC	\N	\N
5038	PROMS	PROMS	\N	\N
5039	IWSOC	IWSOC	\N	\N
5040	SocialCom/PASSAT	SocialCom/PASSAT	\N	\N
5041	SocialCom	SocialCom	\N	\N
5042	MSM/MUSE	MSM/MUSE	\N	\N
5043	EG-ICE	EG-ICE	\N	\N
5044	MobiMedia	MobiMedia	\N	\N
5045	WoCoUQ	WoCoUQ	\N	\N
5046	The Architecture of Scientific Software	The Architecture of Scientific Software	\N	\N
5047	Programming Environments for High-Level Scientific Problem Solving	Programming Environments for High-Level Scientific Problem Solving	\N	\N
5048	iConference	iConference	\N	\N
5049	MindTheGap@iConference	MindTheGap@iConference	\N	\N
5050	ETT	ETT	\N	\N
5051	QL	QL	\N	\N
5052	Rule Languages for Interoperability	Rule Languages for Interoperability	\N	\N
5053	VIRTUAL-LAB	VIRTUAL-LAB	\N	\N
5054	Sorts and Types in Artificial Intelligence	Sorts and Types in Artificial Intelligence	\N	\N
5055	Ontologie und Axiomatik der Wissensbasis von LILOG	Ontologie und Axiomatik der Wissensbasis von LILOG	\N	\N
5056	3DUI	3DUI	\N	\N
5057	Brain Informatics	Brain Informatics	\N	\N
5058	Brain and Health Informatics	Brain and Health Informatics	\N	\N
5059	SOFSEM (1)	SOFSEM (1)	\N	\N
5060	SOFSEM	SOFSEM	\N	\N
5061	SOFSEM (2)	SOFSEM (2)	\N	\N
5062	IMR	IMR	\N	\N
5063	SIGLEX Workshop	SIGLEX Workshop	\N	\N
5064	DBISP2P	DBISP2P	\N	\N
5065	Australian Software Engineering Conference	Australian Software Engineering Conference	\N	\N
5066	ASWEC	ASWEC	\N	\N
5067	HOPL Preprints	HOPL Preprints	\N	\N
5068	HOPL	HOPL	\N	\N
5069	SIGPLAN Workshop	SIGPLAN Workshop	\N	\N
5070	CIAC	CIAC	\N	\N
5071	IWSEC	IWSEC	\N	\N
5072	IWSEC (Short Papers)	IWSEC (Short Papers)	\N	\N
5073	ARTDB	ARTDB	\N	\N
5074	Kyoto International Conference on Digital Libraries	Kyoto International Conference on Digital Libraries	\N	\N
5075	NICSO	NICSO	\N	\N
5076	ICT-GLOW	ICT-GLOW	\N	\N
5077	ICSE	ICSE	\N	\N
5078	ICSE Companion	ICSE Companion	\N	\N
5079	AST	AST	\N	\N
5080	FOSE	FOSE	\N	\N
5081	ICSE (2)	ICSE (2)	\N	\N
5082	CHASE	CHASE	\N	\N
5083	ICSE - Future of SE Track	ICSE - Future of SE Track	\N	\N
5084	CMSBSE@ICSE	CMSBSE@ICSE	\N	\N
5085	ICSE Workshop on SE-HCI	ICSE Workshop on SE-HCI	\N	\N
5086	SEAMS	SEAMS	\N	\N
5087	ICSE (1)	ICSE (1)	\N	\N
5088	PESOS@ICSE	PESOS@ICSE	\N	\N
5089	STRAW	STRAW	\N	\N
5090	SESS	SESS	\N	\N
5091	ICSE Workshop on Studies of Software Design	ICSE Workshop on Studies of Software Design	\N	\N
5092	SHARK	SHARK	\N	\N
5093	Software Education and Training Sessions @ ICSE	Software Education and Training Sessions @ ICSE	\N	\N
5094	QUOVADIS@ICSE	QUOVADIS@ICSE	\N	\N
5095	APWCS	APWCS	\N	\N
5096	Physik und Informatik	Physik und Informatik	\N	\N
5097	Applications of Uncertainty Formalisms	Applications of Uncertainty Formalisms	\N	\N
5098	Expert Database Conf.	Expert Database Conf.	\N	\N
5099	Expert Database Workshop	Expert Database Workshop	\N	\N
5100	IEEE IA	IEEE IA	\N	\N
5101	WAW	WAW	\N	\N
5102	ICUMT	ICUMT	\N	\N
5103	ALGOSENSORS	ALGOSENSORS	\N	\N
5104	GLOBECOM	GLOBECOM	\N	\N
5105	GLOBECOM Workshops	GLOBECOM Workshops	\N	\N
5106	SEUH	SEUH	\N	\N
5107	SBP	SBP	\N	\N
5108	ITRE	ITRE	\N	\N
5109	ISLPED	ISLPED	\N	\N
5110	ISLPD	ISLPD	\N	\N
5111	AMT	AMT	\N	\N
5112	Active Media Technology	Active Media Technology	\N	\N
5113	BIOID	BIOID	\N	\N
5114	FOCS	FOCS	\N	\N
5115	SWAT (FOCS)	SWAT (FOCS)	\N	\N
5116	SWCT (FOCS)	SWCT (FOCS)	\N	\N
5117	VOTE-ID	VOTE-ID	\N	\N
5118	DMO	DMO	\N	\N
5119	Modellierung	Modellierung	\N	\N
5120	FTP (LNCS Selection)	FTP (LNCS Selection)	\N	\N
5121	SIS	SIS	\N	\N
5122	WOSIS	WOSIS	\N	\N
5123	MACE	MACE	\N	\N
5124	ASE	ASE	\N	\N
5125	ASE Workshops	ASE Workshops	\N	\N
5126	KBSE	KBSE	\N	\N
5127	FroCos	FroCos	\N	\N
5128	CVDB	CVDB	\N	\N
5129	ICT-EurAsia	ICT-EurAsia	\N	\N
5130	VCHCI	VCHCI	\N	\N
5131	Data Mining and Knowledge Discovery: Theory, Tools, and Technology	Data Mining and Knowledge Discovery: Theory, Tools, and Technology	\N	\N
5132	INCoS	INCoS	\N	\N
5133	ACM Conference on Computer Science	ACM Conference on Computer Science	\N	\N
5134	ACM Annual Conference - The range of computing: mid-80's perspective	ACM Annual Conference - The range of computing: mid-80's perspective	\N	\N
5135	ACM Annual Conference (1)	ACM Annual Conference (1)	\N	\N
5136	ACM Annual Conference (2)	ACM Annual Conference (2)	\N	\N
5137	IPMU (2)	IPMU (2)	\N	\N
5138	IPMU (1)	IPMU (1)	\N	\N
5139	IPMU	IPMU	\N	\N
5140	IPMU (3)	IPMU (3)	\N	\N
5141	IPMU (4)	IPMU (4)	\N	\N
5142	IQIS	IQIS	\N	\N
5143	QDB/MUD	QDB/MUD	\N	\N
5144	QDB	QDB	\N	\N
5145	Formal Methods in Programming and Their Applications	Formal Methods in Programming and Their Applications	\N	\N
5146	Ershov Memorial Conference	Ershov Memorial Conference	\N	\N
5147	Logic at Botik	Logic at Botik	\N	\N
5148	Methods of Algorithmic Language Implementation	Methods of Algorithmic Language Implementation	\N	\N
5149	Algorithms in Modern Mathematics and Computer Science	Algorithms in Modern Mathematics and Computer Science	\N	\N
5150	International Sympoisum on Theoretical Programming	International Sympoisum on Theoretical Programming	\N	\N
5151	APMS	APMS	\N	\N
5152	APMS (1)	APMS (1)	\N	\N
5153	One-Of-A-Kind Production	One-Of-A-Kind Production	\N	\N
5154	Games in Production Management	Games in Production Management	\N	\N
5155	APMS (2)	APMS (2)	\N	\N
5156	Production Management Methods	Production Management Methods	\N	\N
5157	Integration in Production Management Systems	Integration in Production Management Systems	\N	\N
5158	Strategic Management of the Manufacturing Value Chain	Strategic Management of the Manufacturing Value Chain	\N	\N
5159	ISAGA	ISAGA	\N	\N
5160	Games in Operations Management	Games in Operations Management	\N	\N
5161	Computer-Aided Production Management	Computer-Aided Production Management	\N	\N
5162	Knowledge-Based Reactive Scheduling	Knowledge-Based Reactive Scheduling	\N	\N
5163	Organizing the Extended Enterprise	Organizing the Extended Enterprise	\N	\N
5164	ICEE	ICEE	\N	\N
5165	IAAI	IAAI	\N	\N
5166	ICAART (1)	ICAART (1)	\N	\N
5167	ICAART	ICAART	\N	\N
5168	ICAART (2)	ICAART (2)	\N	\N
5169	EUSPN/ICTH	EUSPN/ICTH	\N	\N
5170	PSLS	PSLS	\N	\N
5171	VLUDS	VLUDS	\N	\N
5172	ICAS	ICAS	\N	\N
5173	ICAS/ICNS	ICAS/ICNS	\N	\N
5174	XSEDE	XSEDE	\N	\N
5175	Workshop on Agent Communication Languages	Workshop on Agent Communication Languages	\N	\N
5176	Issues in Agent Communication	Issues in Agent Communication	\N	\N
5177	ISARCS	ISARCS	\N	\N
5178	EWLR	EWLR	\N	\N
5179	AAAI Fall Symposium: Naturally-Inspired Artificial Intelligence	AAAI Fall Symposium: Naturally-Inspired Artificial Intelligence	\N	\N
5180	AAAI Fall Symposium: Manifold Learning and Its Applications	AAAI Fall Symposium: Manifold Learning and Its Applications	\N	\N
5181	AAAI Fall Symposium: Building Representations of Common Ground with Intelligent Agents	AAAI Fall Symposium: Building Representations of Common Ground with Intelligent Agents	\N	\N
5182	AAAI Fall Symposium: Robots Learning Interactively from Human Teachers	AAAI Fall Symposium: Robots Learning Interactively from Human Teachers	\N	\N
5183	AAAI Fall Symposium: Biologically Inspired Cognitive Architectures	AAAI Fall Symposium: Biologically Inspired Cognitive Architectures	\N	\N
5184	AAAI Fall Symposium: Complex Adaptive Systems	AAAI Fall Symposium: Complex Adaptive Systems	\N	\N
5185	AAAI Fall Symposium: Machine Aggregation of Human Judgment	AAAI Fall Symposium: Machine Aggregation of Human Judgment	\N	\N
5186	AAAI Fall Symposium: Question Generation	AAAI Fall Symposium: Question Generation	\N	\N
5187	AAAI Fall Symposium: Artificial Intelligence of Humor	AAAI Fall Symposium: Artificial Intelligence of Humor	\N	\N
5188	AAAI Fall Symposium: AI in Eldercare: New Solutions to Old Problems	AAAI Fall Symposium: AI in Eldercare: New Solutions to Old Problems	\N	\N
5189	AAAI Fall Symposium: Quantum Informatics for Cognitive, Social, and Semantic Processes	AAAI Fall Symposium: Quantum Informatics for Cognitive, Social, and Semantic Processes	\N	\N
5190	AAAI Fall Symposium: Commonsense Knowledge	AAAI Fall Symposium: Commonsense Knowledge	\N	\N
5191	AAAI Fall Symposium: Discovery Informatics	AAAI Fall Symposium: Discovery Informatics	\N	\N
5192	AAAI Fall Symposium: The Uses of Computational Argumentation	AAAI Fall Symposium: The Uses of Computational Argumentation	\N	\N
5193	AAAI Fall Symposium: Advances in Cognitive Systems	AAAI Fall Symposium: Advances in Cognitive Systems	\N	\N
5194	AAAI Fall Symposium: Cognitive and Metacognitive Educational Systems	AAAI Fall Symposium: Cognitive and Metacognitive Educational Systems	\N	\N
5195	AAAI Fall Symposium: Adaptive Agents in Cultural Contexts	AAAI Fall Symposium: Adaptive Agents in Cultural Contexts	\N	\N
5196	AAAI Fall Symposium: Proactive Assistant Agents	AAAI Fall Symposium: Proactive Assistant Agents	\N	\N
5197	AAAI Fall Symposium: Multimedia Information Extraction	AAAI Fall Symposium: Multimedia Information Extraction	\N	\N
5198	AAAI Fall Symposium: Automated Scientific Discovery	AAAI Fall Symposium: Automated Scientific Discovery	\N	\N
5199	AAAI Fall Symposium: Dialog with Robots	AAAI Fall Symposium: Dialog with Robots	\N	\N
5200	AAAI Fall Symposium: Artificial Intelligence for Gerontechnology	AAAI Fall Symposium: Artificial Intelligence for Gerontechnology	\N	\N
5201	AAAI Fall Symposium: Information Retrieval and Knowledge Discovery in Biomedical Text	AAAI Fall Symposium: Information Retrieval and Knowledge Discovery in Biomedical Text	\N	\N
5202	AAAI Fall Symposium: Complex Adaptive Systems and the Threshold Effect	AAAI Fall Symposium: Complex Adaptive Systems and the Threshold Effect	\N	\N
5203	AAAI Fall Symposium: Virtual Healthcare Interaction	AAAI Fall Symposium: Virtual Healthcare Interaction	\N	\N
5204	AAAI Fall Symposium: Computational Models of Narrative	AAAI Fall Symposium: Computational Models of Narrative	\N	\N
5205	AAAI Fall Symposium: Human Control of Bioinspired Swarms	AAAI Fall Symposium: Human Control of Bioinspired Swarms	\N	\N
5206	AAAI Fall Symposium: Multi-Representational Architectures for Human-Level Intelligence	AAAI Fall Symposium: Multi-Representational Architectures for Human-Level Intelligence	\N	\N
5207	AAAI Fall Symposium: Robot-Human Teamwork in Dynamic Adverse Environment	AAAI Fall Symposium: Robot-Human Teamwork in Dynamic Adverse Environment	\N	\N
5208	AAAI Fall Symposium: Social Networks and Social Contagion	AAAI Fall Symposium: Social Networks and Social Contagion	\N	\N
5209	DTIS	DTIS	\N	\N
5210	DOA	DOA	\N	\N
5211	3DIM	3DIM	\N	\N
5212	3DIMPVT	3DIMPVT	\N	\N
5213	3DV	3DV	\N	\N
5214	ISVC	ISVC	\N	\N
5215	ISVC (1)	ISVC (1)	\N	\N
5216	ISVC (2)	ISVC (2)	\N	\N
5217	ISVC (3)	ISVC (3)	\N	\N
5218	DELOS Workshop: Information Seeking, Searching and Querying in Digital Libraries	DELOS Workshop: Information Seeking, Searching and Querying in Digital Libraries	\N	\N
5219	DELOS Workshop: Digital Library Architectures	DELOS Workshop: Digital Library Architectures	\N	\N
5220	DELOS Conference	DELOS Conference	\N	\N
5221	DELOS Workshop: Personalisation and Recommender Systems in Digital Libraries	DELOS Workshop: Personalisation and Recommender Systems in Digital Libraries	\N	\N
5222	DELOS Workshop: Digital Library Architectures - LNCS Volume	DELOS Workshop: Digital Library Architectures - LNCS Volume	\N	\N
5223	NBiS	NBiS	\N	\N
5224	FAW	FAW	\N	\N
5225	CPM	CPM	\N	\N
5226	Panhellenic Conference on Informatics	Panhellenic Conference on Informatics	\N	\N
5227	IHM	IHM	\N	\N
5228	ICSOB	ICSOB	\N	\N
5229	IWSECO@ICSOB	IWSECO@ICSOB	\N	\N
5230	IW-LCSP@ICSOB	IW-LCSP@ICSOB	\N	\N
5231	MMS	MMS	\N	\N
5232	Wide Area Networks and High Performance Computing	Wide Area Networks and High Performance Computing	\N	\N
5233	AMEC	AMEC	\N	\N
5234	SUM	SUM	\N	\N
5235	GRID	GRID	\N	\N
5236	SPICE	SPICE	\N	\N
5237	WINE	WINE	\N	\N
5238	WAIFI	WAIFI	\N	\N
5239	USENIX Security Symposium	USENIX Security Symposium	\N	\N
5240	HotSec	HotSec	\N	\N
5241	WOOT	WOOT	\N	\N
5242	CSET	CSET	\N	\N
5243	EVT	EVT	\N	\N
5244	TAROS	TAROS	\N	\N
5245	CDVE	CDVE	\N	\N
5246	SOFTVIS	SOFTVIS	\N	\N
5247	APNOMS	APNOMS	\N	\N
5248	IBM Symposium: Database Systems of the 90s	IBM Symposium: Database Systems of the 90s	\N	\N
5249	Data Base Techniques for Pictorial Applications	Data Base Techniques for Pictorial Applications	\N	\N
5250	Networking in Open Systems	Networking in Open Systems	\N	\N
5251	Programming Methodology	Programming Methodology	\N	\N
5252	Operating Systems Engineering	Operating Systems Engineering	\N	\N
5253	IBM Symposium: Interactive Systems	IBM Symposium: Interactive Systems	\N	\N
5254	Enduser Systems and Their Human Factors	Enduser Systems and Their Human Factors	\N	\N
5255	Trends in Computer Algebra	Trends in Computer Algebra	\N	\N
5256	IBM Symposium: Data Base Systems	IBM Symposium: Data Base Systems	\N	\N
5257	Natural Language and Logic	Natural Language and Logic	\N	\N
5258	Programming Languages and Their Definition	Programming Languages and Their Definition	\N	\N
5259	Natural Language at the Computer	Natural Language at the Computer	\N	\N
5260	Wissensrepräsentation in Expertensystemen	Wissensrepräsentation in Expertensystemen	\N	\N
5261	OOIS	OOIS	\N	\N
5262	OOIS Workshops	OOIS Workshops	\N	\N
5263	Designing Effective and Usable Multimedia Systems	Designing Effective and Usable Multimedia Systems	\N	\N
5264	VaMoS	VaMoS	\N	\N
5265	Woman, Work and Computerization	Woman, Work and Computerization	\N	\N
5266	FUZZ-IEEE	FUZZ-IEEE	\N	\N
5267	JCAI	JCAI	\N	\N
5268	W4A	W4A	\N	\N
5269	SACMAT	SACMAT	\N	\N
5270	Baltic HLT	Baltic HLT	\N	\N
5271	Pascal - The Language and its Implementation	Pascal - The Language and its Implementation	\N	\N
5272	PASCAL	PASCAL	\N	\N
5273	ISMDA	ISMDA	\N	\N
5274	ISBMDA	ISBMDA	\N	\N
5275	WEIT	WEIT	\N	\N
5276	ISPEC	ISPEC	\N	\N
5277	WEIS	WEIS	\N	\N
5278	HotMobile	HotMobile	\N	\N
5279	WMCSA	WMCSA	\N	\N
5280	POLICY	POLICY	\N	\N
5281	Web Intelligence	Web Intelligence	\N	\N
5282	Workshop on Web-based Support Systems	Workshop on Web-based Support Systems	\N	\N
5283	CLEAR	CLEAR	\N	\N
5284	MMNS	MMNS	\N	\N
5285	CSEE	CSEE	\N	\N
5286	CSEE&T	CSEE&T	\N	\N
5287	SIGMETRICS	SIGMETRICS	\N	\N
5288	SIGMETRICS/Performance	SIGMETRICS/Performance	\N	\N
5289	Performance/SIGMETRICS Tutorials	Performance/SIGMETRICS Tutorials	\N	\N
5290	CODES+ISSS	CODES+ISSS	\N	\N
5291	CODES	CODES	\N	\N
5292	Kognitive Aspekte der Mensch-Computer-Interaktion	Kognitive Aspekte der Mensch-Computer-Interaktion	\N	\N
5293	PerCom Workshops	PerCom Workshops	\N	\N
5294	PerCom	PerCom	\N	\N
5295	ISECS	ISECS	\N	\N
5296	MMM (1)	MMM (1)	\N	\N
5297	MMM (2)	MMM (2)	\N	\N
5298	MMM	MMM	\N	\N
5299	NORMAS	NORMAS	\N	\N
5300	SenseCam	SenseCam	\N	\N
5301	FOGA	FOGA	\N	\N
5302	ISBAST	ISBAST	\N	\N
5303	IICS	IICS	\N	\N
5304	IEEE SCC	IEEE SCC	\N	\N
5305	IEEE SCW	IEEE SCW	\N	\N
5306	IEEE SCC (1)	IEEE SCC (1)	\N	\N
5307	IEEE SCC (2)	IEEE SCC (2)	\N	\N
5308	DS-5	DS-5	\N	\N
5309	IFIP Working Conference on Modelling in Data Base Management Systems	IFIP Working Conference on Modelling in Data Base Management Systems	\N	\N
5310	DS-6	DS-6	\N	\N
5311	DS-7	DS-7	\N	\N
5312	DS-9	DS-9	\N	\N
5313	IFIP Working Conference Data Base Management	IFIP Working Conference Data Base Management	\N	\N
5314	IFIP TC-2 Working Conference on Data Base Architecture	IFIP TC-2 Working Conference on Data Base Architecture	\N	\N
5315	DS-1	DS-1	\N	\N
5316	IFIP TC-2 Special Working Conference on Data Base Description	IFIP TC-2 Special Working Conference on Data Base Description	\N	\N
5317	DS-8	DS-8	\N	\N
5318	DS-2	DS-2	\N	\N
5319	DS-4	DS-4	\N	\N
5320	DS-3	DS-3	\N	\N
5321	UC	UC	\N	\N
5322	UCNC	UCNC	\N	\N
5323	ICCCS	ICCCS	\N	\N
5324	CSO	CSO	\N	\N
5325	CSO (2)	CSO (2)	\N	\N
5326	CSO (1)	CSO (1)	\N	\N
5327	MMCS	MMCS	\N	\N
5328	UNISCON	UNISCON	\N	\N
5329	ISTA	ISTA	\N	\N
5330	ACM DEV	ACM DEV	\N	\N
5331	ACM DEV (3)	ACM DEV (3)	\N	\N
5332	ACM DEV (4)	ACM DEV (4)	\N	\N
5333	LOFT	LOFT	\N	\N
5334	AWPN	AWPN	\N	\N
5335	AWIC	AWIC	\N	\N
5336	TQC	TQC	\N	\N
5337	TCQ	TCQ	\N	\N
5338	CIT (1)	CIT (1)	\N	\N
5339	CIT (2)	CIT (2)	\N	\N
5340	SPECOM	SPECOM	\N	\N
5341	Bonn Workshop of Combinatorial Optimization	Bonn Workshop of Combinatorial Optimization	\N	\N
5342	Systems Implementation 2000	Systems Implementation 2000	\N	\N
5343	Workshop Software Reengineering	Workshop Software Reengineering	\N	\N
5344	Cryptography: Policy and Algorithms	Cryptography: Policy and Algorithms	\N	\N
5345	BVAI	BVAI	\N	\N
5346	Net.ObjectDays	Net.ObjectDays	\N	\N
5347	NetObjectDays	NetObjectDays	\N	\N
5348	Web, Web-Services, and Database Systems	Web, Web-Services, and Database Systems	\N	\N
5349	Java-Informations-Tage	Java-Informations-Tage	\N	\N
5350	Agent Technologies, Infrastructures, Tools, and Applications for E-Services	Agent Technologies, Infrastructures, Tools, and Applications for E-Services	\N	\N
5351	VALUETOOLS	VALUETOOLS	\N	\N
5352	Web Engineering	Web Engineering	\N	\N
5353	ICON	ICON	\N	\N
5354	ASAP	ASAP	\N	\N
5355	PAAMS	PAAMS	\N	\N
5356	PAAMS (Special Sessions)	PAAMS (Special Sessions)	\N	\N
5357	PAAMS (Special Sessions and Workshops)	PAAMS (Special Sessions and Workshops)	\N	\N
5358	PAAMS (Workshops)	PAAMS (Workshops)	\N	\N
5359	MKWI	MKWI	\N	\N
5360	Multikonferenz Wirtschaftsinformatik	Multikonferenz Wirtschaftsinformatik	\N	\N
5361	Service Oriented Electronic Commerce	Service Oriented Electronic Commerce	\N	\N
5362	E-Business - Integration industriellerERP-Architekturen	E-Business - Integration industriellerERP-Architekturen	\N	\N
5363	MKWI (E-Business)	MKWI (E-Business)	\N	\N
5364	Mobile and Collaborative Business	Mobile and Collaborative Business	\N	\N
5365	Intelligente Systeme zur Entscheidungsunterstützung	Intelligente Systeme zur Entscheidungsunterstützung	\N	\N
5366	PAPM-PROBMIV	PAPM-PROBMIV	\N	\N
5367	Information Management in Computer Integrated Manufacturing	Information Management in Computer Integrated Manufacturing	\N	\N
5368	SIMPDA	SIMPDA	\N	\N
5369	SLSP	SLSP	\N	\N
5370	DCFS	DCFS	\N	\N
5371	IFIP CAI	IFIP CAI	\N	\N
5372	Symposium on Geometry Processing	Symposium on Geometry Processing	\N	\N
5373	ECCE	ECCE	\N	\N
5374	MEMICS	MEMICS	\N	\N
5375	MCSS	MCSS	\N	\N
5376	UDM	UDM	\N	\N
5377	PDC	PDC	\N	\N
5378	PDC (2)	PDC (2)	\N	\N
5379	PDC (1)	PDC (1)	\N	\N
5380	ACIS-ICIS	ACIS-ICIS	\N	\N
5381	SNPD	SNPD	\N	\N
5382	SNPD (2)	SNPD (2)	\N	\N
5383	SNPD (3)	SNPD (3)	\N	\N
5384	SNPD (1)	SNPD (1)	\N	\N
5385	SNPD (Selected Papers)	SNPD (Selected Papers)	\N	\N
5386	ACM SIGPLAN Workshop on Rule-Based Programming	ACM SIGPLAN Workshop on Rule-Based Programming	\N	\N
5387	INTEROP	INTEROP	\N	\N
5388	Java Card Workshop	Java Card Workshop	\N	\N
5389	BSDCon	BSDCon	\N	\N
5390	PRIMA Workshops	PRIMA Workshops	\N	\N
5391	E-Commerce Agents	E-Commerce Agents	\N	\N
5392	WSPI	WSPI	\N	\N
5393	ACAL	ACAL	\N	\N
5394	SWS	SWS	\N	\N
5395	IWEI	IWEI	\N	\N
5396	KPDAYS	KPDAYS	\N	\N
5397	DARS	DARS	\N	\N
5398	ISSSE	ISSSE	\N	\N
5399	The Disappearing Computer	The Disappearing Computer	\N	\N
5400	WBDB	WBDB	\N	\N
5401	IAS (1)	IAS (1)	\N	\N
5402	IAS (2)	IAS (2)	\N	\N
5403	AGDM	AGDM	\N	\N
5404	VLBV	VLBV	\N	\N
5405	CAL	CAL	\N	\N
5406	PSSS	PSSS	\N	\N
5407	ACM Conference on Computer and Communications Security	ACM Conference on Computer and Communications Security	\N	\N
5408	ASIACCS	ASIACCS	\N	\N
5409	FMSE	FMSE	\N	\N
5410	CCSW	CCSW	\N	\N
5411	CSAW	CSAW	\N	\N
5412	AISec	AISec	\N	\N
5413	STC	STC	\N	\N
5414	SPSM@CCS	SPSM@CCS	\N	\N
5415	QoP	QoP	\N	\N
5416	SEGS@CCS	SEGS@CCS	\N	\N
5417	AsiaPKC@AsiaCCS	AsiaPKC@AsiaCCS	\N	\N
5418	PETShop@CCS	PETShop@CCS	\N	\N
5419	CyCAR@CCS	CyCAR@CCS	\N	\N
5420	NDA	NDA	\N	\N
5421	VMSec	VMSec	\N	\N
5422	TrustED@CCS	TrustED@CCS	\N	\N
5423	Cryptographic Algorithms and their Uses	Cryptographic Algorithms and their Uses	\N	\N
5424	Color Imaging Conference	Color Imaging Conference	\N	\N
5425	ICSS	ICSS	\N	\N
5426	CISST	CISST	\N	\N
5427	AI in Structural Engineering	AI in Structural Engineering	\N	\N
5428	CAD	CAD	\N	\N
5429	CAD-Fachgespräch	CAD-Fachgespräch	\N	\N
5430	Rechnerunterstütztes Entwerfen und Konstruieren (CAD)	Rechnerunterstütztes Entwerfen und Konstruieren (CAD)	\N	\N
5431	Geometrisches Modellieren	Geometrisches Modellieren	\N	\N
5432	CAD Advanced Course	CAD Advanced Course	\N	\N
5433	ISPA	ISPA	\N	\N
5434	ISPA Workshops	ISPA Workshops	\N	\N
5435	Die unendliche Bibliothek	Die unendliche Bibliothek	\N	\N
5436	Computerlinguistik und ihre theoretischen Grundlagen	Computerlinguistik und ihre theoretischen Grundlagen	\N	\N
5437	Sprachverarbeitung in Information und Dokumentation	Sprachverarbeitung in Information und Dokumentation	\N	\N
5438	GIL Jahrestagung	GIL Jahrestagung	\N	\N
5439	Logic of Programs	Logic of Programs	\N	\N
5440	ICIRA (1)	ICIRA (1)	\N	\N
5441	ICIRA (2)	ICIRA (2)	\N	\N
5442	ICIRA (3)	ICIRA (3)	\N	\N
5443	ICIRA	ICIRA	\N	\N
5444	CSS	CSS	\N	\N
5445	LightSec	LightSec	\N	\N
5446	Xsym	Xsym	\N	\N
5447	S3	S3	\N	\N
5448	WACG	WACG	\N	\N
5449	DBPL	DBPL	\N	\N
5450	TFAIS	TFAIS	\N	\N
5451	Computers and Games	Computers and Games	\N	\N
5452	Parcella	Parcella	\N	\N
5453	Hypertext	Hypertext	\N	\N
5454	HT	HT	\N	\N
5455	MSM	MSM	\N	\N
5456	DOLAP	DOLAP	\N	\N
5457	IMTCI	IMTCI	\N	\N
5458	PADO	PADO	\N	\N
5459	IRAL	IRAL	\N	\N
5460	ACIVS	ACIVS	\N	\N
5461	ACIVS (2)	ACIVS (2)	\N	\N
5462	ACIVS (1)	ACIVS (1)	\N	\N
5463	RFIDSec	RFIDSec	\N	\N
5464	APAQS	APAQS	\N	\N
5465	EPOS	EPOS	\N	\N
5466	EDM	EDM	\N	\N
5467	MSEPT	MSEPT	\N	\N
5468	Multimedia Information Retrieval	Multimedia Information Retrieval	\N	\N
5469	ICMR	ICMR	\N	\N
5470	MIE	MIE	\N	\N
5471	ISSS/BPSC	ISSS/BPSC	\N	\N
5472	BPSC	BPSC	\N	\N
5473	CIMCA/IAWTIC	CIMCA/IAWTIC	\N	\N
5474	CIMCA/IAWTIC/ISE	CIMCA/IAWTIC/ISE	\N	\N
5475	QSHINE	QSHINE	\N	\N
5476	ANNPR	ANNPR	\N	\N
5477	MMSP	MMSP	\N	\N
5478	EWSA	EWSA	\N	\N
5479	ECSCW	ECSCW	\N	\N
5480	MoRoCo@ECSCW	MoRoCo@ECSCW	\N	\N
5481	FUSION	FUSION	\N	\N
5482	IWFM	IWFM	\N	\N
5483	SIES	SIES	\N	\N
5484	SCIE	SCIE	\N	\N
5485	CSEIA	CSEIA	\N	\N
5486	Koli Calling	Koli Calling	\N	\N
5487	SmartGridComm	SmartGridComm	\N	\N
5488	SIMULTECH	SIMULTECH	\N	\N
5489	SIMULTECH (Selected Papers)	SIMULTECH (Selected Papers)	\N	\N
5490	DIR	DIR	\N	\N
5491	ISMB	ISMB	\N	\N
5492	ISMB/ECCB (Supplement of Bioinformatics)	ISMB/ECCB (Supplement of Bioinformatics)	\N	\N
5493	ISMB (Supplement of Bioinformatics)	ISMB (Supplement of Bioinformatics)	\N	\N
5494	Robotics: Science and Systems	Robotics: Science and Systems	\N	\N
5495	MFCS	MFCS	\N	\N
5496	MFCS Workshop on Grammar Systems	MFCS Workshop on Grammar Systems	\N	\N
5497	CIIA	CIIA	\N	\N
5498	Problems and Methodologies in Mathematical Software Production	Problems and Methodologies in Mathematical Software Production	\N	\N
5499	Software Audit and Metrics	Software Audit and Metrics	\N	\N
5500	MobiSys	MobiSys	\N	\N
5501	Vehicular Ad Hoc Networks	Vehicular Ad Hoc Networks	\N	\N
5502	MobiVirt	MobiVirt	\N	\N
5503	HealthNet	HealthNet	\N	\N
5504	STeP	STeP	\N	\N
5505	TCGOV	TCGOV	\N	\N
5506	AACC	AACC	\N	\N
5507	FSKD (2)	FSKD (2)	\N	\N
5508	FSKD	FSKD	\N	\N
5509	FSKD (4)	FSKD (4)	\N	\N
5510	FSKD (1)	FSKD (1)	\N	\N
5511	FSKD (6)	FSKD (6)	\N	\N
5512	FSKD (3)	FSKD (3)	\N	\N
5513	FSKD (5)	FSKD (5)	\N	\N
5514	KSEM	KSEM	\N	\N
5515	UbiComp	UbiComp	\N	\N
5516	UbiComp (Adjunct Publication)	UbiComp (Adjunct Publication)	\N	\N
5517	UbiComp (Adjunct Papers)	UbiComp (Adjunct Papers)	\N	\N
5518	HUC	HUC	\N	\N
5519	MELT	MELT	\N	\N
5520	MobiWIS	MobiWIS	\N	\N
5521	SLSFS	SLSFS	\N	\N
5522	RiTA	RiTA	\N	\N
5523	QoSA	QoSA	\N	\N
5524	QoSA/ISARCS	QoSA/ISARCS	\N	\N
5525	MMAR	MMAR	\N	\N
5526	Banff Higher Order Workshop	Banff Higher Order Workshop	\N	\N
5527	ProvSec	ProvSec	\N	\N
5528	Wirtschaftsinformatik (2)	Wirtschaftsinformatik (2)	\N	\N
5529	Wirtschaftsinformatik (1)	Wirtschaftsinformatik (1)	\N	\N
5530	Wirtschaftsinformatik	Wirtschaftsinformatik	\N	\N
5531	Evolution and Biocomputation	Evolution and Biocomputation	\N	\N
5532	Geometric Modelling	Geometric Modelling	\N	\N
5533	FSTTCS	FSTTCS	\N	\N
5534	AVSS	AVSS	\N	\N
5535	ETVC	ETVC	\N	\N
5536	FLAIRS Conference	FLAIRS Conference	\N	\N
5537	LADS	LADS	\N	\N
5538	XIME-P	XIME-P	\N	\N
5539	ECOOP	ECOOP	\N	\N
5540	RAM-SE	RAM-SE	\N	\N
5541	WRT	WRT	\N	\N
5542	SESoS	SESoS	\N	\N
5543	OSDI	OSDI	\N	\N
5544	HotPower	HotPower	\N	\N
5545	SysML	SysML	\N	\N
5546	WASL	WASL	\N	\N
5547	Workshop on I/O Virtualization	Workshop on I/O Virtualization	\N	\N
5548	CASE	CASE	\N	\N
5549	IHI	IHI	\N	\N
5550	Conference on Analysis of Neural Network Applications	Conference on Analysis of Neural Network Applications	\N	\N
5551	WIRN	WIRN	\N	\N
5552	WIRN/NAIS	WIRN/NAIS	\N	\N
5553	WiFlex	WiFlex	\N	\N
5554	Semantics of Data Types	Semantics of Data Types	\N	\N
5555	ENC	ENC	\N	\N
5556	Human Vision and Electronic Imaging	Human Vision and Electronic Imaging	\N	\N
5557	POST	POST	\N	\N
5558	SERE	SERE	\N	\N
5559	SSIRI	SSIRI	\N	\N
5560	SSIRI (Companion)	SSIRI (Companion)	\N	\N
5561	SERE (Companion)	SERE (Companion)	\N	\N
5562	SCIA	SCIA	\N	\N
5563	IMDM	IMDM	\N	\N
5564	WG	WG	\N	\N
5565	EASE	EASE	\N	\N
5566	ETRA	ETRA	\N	\N
5567	CONIELECOMP	CONIELECOMP	\N	\N
5568	ROBOCOMM	ROBOCOMM	\N	\N
5569	ASMTA	ASMTA	\N	\N
5570	IS&N	IS&N	\N	\N
5571	IWUC	IWUC	\N	\N
5572	AISTATS	AISTATS	\N	\N
5573	ESIAT (2)	ESIAT (2)	\N	\N
5574	ESIAT (1)	ESIAT (1)	\N	\N
5575	CogART	CogART	\N	\N
5576	ISOOMS	ISOOMS	\N	\N
5577	iTrust	iTrust	\N	\N
5578	ModelAge Workshop	ModelAge Workshop	\N	\N
5579	ISIPS	ISIPS	\N	\N
5580	LASER Summer School	LASER Summer School	\N	\N
5581	RTSS	RTSS	\N	\N
5582	REACTION	REACTION	\N	\N
5583	Reading and Learning	Reading and Learning	\N	\N
5584	IWQoS	IWQoS	\N	\N
5585	USENIX Workshop on Microkernels and Other Kernel Architectures	USENIX Workshop on Microkernels and Other Kernel Architectures	\N	\N
5586	USENIX Microkernels and Other Kernel Architectures Symposium	USENIX Microkernels and Other Kernel Architectures Symposium	\N	\N
5587	SAGT	SAGT	\N	\N
5588	POSTA	POSTA	\N	\N
5589	AWOC	AWOC	\N	\N
5590	Aegean Workshop on Computing	Aegean Workshop on Computing	\N	\N
5591	ISM	ISM	\N	\N
5592	AIS-ADM	AIS-ADM	\N	\N
5593	Asian Test Symposium	Asian Test Symposium	\N	\N
5594	iNetSeC	iNetSeC	\N	\N
5595	HOA	HOA	\N	\N
5596	VIETCRYPT	VIETCRYPT	\N	\N
5597	IWIPS	IWIPS	\N	\N
5598	WISI	WISI	\N	\N
5599	NOMS	NOMS	\N	\N
5600	NOMS (1)	NOMS (1)	\N	\N
5601	NOMS (2)	NOMS (2)	\N	\N
5602	CIARP	CIARP	\N	\N
5603	CIARP (2)	CIARP (2)	\N	\N
5604	CIARP (1)	CIARP (1)	\N	\N
5605	Deterministic and Statistical Methods in Machine Learning	Deterministic and Statistical Methods in Machine Learning	\N	\N
5606	IberSPEECH	IberSPEECH	\N	\N
5607	CIVR	CIVR	\N	\N
5608	ACiD	ACiD	\N	\N
5609	The Logic of Theory Change	The Logic of Theory Change	\N	\N
5610	AISM	AISM	\N	\N
5611	ISITA	ISITA	\N	\N
5612	FSE	FSE	\N	\N
5613	ARES	ARES	\N	\N
5614	ACHI	ACHI	\N	\N
5615	Property Testing	Property Testing	\N	\N
5616	VLSM	VLSM	\N	\N
5617	ANTS Workshop	ANTS Workshop	\N	\N
5618	WSBI	WSBI	\N	\N
5619	FKBI	FKBI	\N	\N
5620	ICCSA Workshops	ICCSA Workshops	\N	\N
5621	ICCSA (4)	ICCSA (4)	\N	\N
5622	ICCSA (3)	ICCSA (3)	\N	\N
5623	ICCSA (2)	ICCSA (2)	\N	\N
5624	ICCSA (1)	ICCSA (1)	\N	\N
5625	ICCSA (5)	ICCSA (5)	\N	\N
5626	ICCSA (6)	ICCSA (6)	\N	\N
5627	CCGRID	CCGRID	\N	\N
5628	ASONAM	ASONAM	\N	\N
5629	EuroHCIR	EuroHCIR	\N	\N
5630	LMO	LMO	\N	\N
5631	Spatio-Temporal Databases: The CHOROCHRONOS Approach	Spatio-Temporal Databases: The CHOROCHRONOS Approach	\N	\N
5632	C&T	C&T	\N	\N
5633	LFCS	LFCS	\N	\N
5634	RTCSA	RTCSA	\N	\N
5635	RTCSA (2)	RTCSA (2)	\N	\N
5636	RTCSA (1)	RTCSA (1)	\N	\N
5637	MoMM	MoMM	\N	\N
5638	SEW	SEW	\N	\N
5639	SEW Tutorial Notes	SEW Tutorial Notes	\N	\N
5640	ICIDS	ICIDS	\N	\N
5641	SYSTOR	SYSTOR	\N	\N
5642	MOBICOM	MOBICOM	\N	\N
5643	Underwater Networks	Underwater Networks	\N	\N
5644	WINTECH	WINTECH	\N	\N
5645	Sensor and Actor Networks	Sensor and Actor Networks	\N	\N
5646	WSNA	WSNA	\N	\N
5647	Mobility Management & Wireless Access Protocols	Mobility Management & Wireless Access Protocols	\N	\N
5648	Challenged Networks	Challenged Networks	\N	\N
5649	Wireless Networks and Systems for Developing Regions	Wireless Networks and Systems for Developing Regions	\N	\N
5650	MOBICOM-CoRoNet	MOBICOM-CoRoNet	\N	\N
5651	WAGA	WAGA	\N	\N
5652	IEEE CLOUD	IEEE CLOUD	\N	\N
5653	WMPI	WMPI	\N	\N
5654	Business Process Management	Business Process Management	\N	\N
5655	Business Process Management Workshops	Business Process Management Workshops	\N	\N
5656	BPIC@BPM	BPIC@BPM	\N	\N
5657	BPM	BPM	\N	\N
5658	Business Process Management Workshops (1)	Business Process Management Workshops (1)	\N	\N
5659	BPM (Demos)	BPM (Demos)	\N	\N
5660	Business Process Management Workshops (2)	Business Process Management Workshops (2)	\N	\N
5661	ProHealth/KR4HC	ProHealth/KR4HC	\N	\N
5662	DMIN	DMIN	\N	\N
5663	LORI	LORI	\N	\N
5664	GRAPHITE	GRAPHITE	\N	\N
5665	KDD	KDD	\N	\N
5666	KDD Workshop on Knowledge Discovery from Sensor Data	KDD Workshop on Knowledge Discovery from Sensor Data	\N	\N
5667	Revised Papers from MDM/KDD and PAKDD/KDMCD	Revised Papers from MDM/KDD and PAKDD/KDMCD	\N	\N
5668	WEBKDD	WEBKDD	\N	\N
5669	BIOKDD	BIOKDD	\N	\N
5670	KDD Workshop	KDD Workshop	\N	\N
5671	KDD Workshop on Human Computation	KDD Workshop on Human Computation	\N	\N
5672	WebKDD/SNA-KDD	WebKDD/SNA-KDD	\N	\N
5673	MDM/KDD	MDM/KDD	\N	\N
5674	WISDOM	WISDOM	\N	\N
5675	PinKDD	PinKDD	\N	\N
5676	BigMine	BigMine	\N	\N
5677	SNAKDD	SNAKDD	\N	\N
5678	KDD Tutorials	KDD Tutorials	\N	\N
5679	Large-Scale Parallel Data Mining	Large-Scale Parallel Data Mining	\N	\N
5680	Software Mining	Software Mining	\N	\N
5681	KDD Workshop on CyberSecurity and Intelligence Informatics	KDD Workshop on CyberSecurity and Intelligence Informatics	\N	\N
5682	KDD Workshop on Visual Analytics and Knowledge Discovery	KDD Workshop on Visual Analytics and Knowledge Discovery	\N	\N
5683	KDD Tutorial Notes	KDD Tutorial Notes	\N	\N
5684	KDD Workshop on Data Mining and Audience Intelligence for Advertising	KDD Workshop on Data Mining and Audience Intelligence for Advertising	\N	\N
5685	KDD Workshop on Statistical and Relational Learning in Bioinformatics	KDD Workshop on Statistical and Relational Learning in Bioinformatics	\N	\N
5686	KDD Workshop on Data Mining using Matrices and Tensors	KDD Workshop on Data Mining using Matrices and Tensors	\N	\N
5687	KDD Workshop on Knowledge Discovery from Uncertain Data	KDD Workshop on Knowledge Discovery from Uncertain Data	\N	\N
5688	ESCQARU	ESCQARU	\N	\N
5689	ECSQARU	ECSQARU	\N	\N
5690	ECSQARU-FAPR	ECSQARU-FAPR	\N	\N
5691	MIRW	MIRW	\N	\N
5692	Mobile HCI	Mobile HCI	\N	\N
5693	Mobile HCI Workshop on Mobile and Ubiquitous Information Access	Mobile HCI Workshop on Mobile and Ubiquitous Information Access	\N	\N
5694	Mobile HCI (Companion)	Mobile HCI (Companion)	\N	\N
5695	MCPR	MCPR	\N	\N
5696	EDCIS	EDCIS	\N	\N
5697	IFSA/NAFIPS	IFSA/NAFIPS	\N	\N
5698	IFSA (1)	IFSA (1)	\N	\N
5699	IFSA	IFSA	\N	\N
5700	IFSA (2)	IFSA (2)	\N	\N
5701	BlogTalk	BlogTalk	\N	\N
5702	SBCCI	SBCCI	\N	\N
5703	TJJCCGG	TJJCCGG	\N	\N
5704	LACL	LACL	\N	\N
5705	ICONIP	ICONIP	\N	\N
5706	ICONIP (1)	ICONIP (1)	\N	\N
5707	ICONIP (2)	ICONIP (2)	\N	\N
5708	ICONIP (3)	ICONIP (3)	\N	\N
5709	ICONIP (4)	ICONIP (4)	\N	\N
5710	ICONIP (5)	ICONIP (5)	\N	\N
5711	JSAI	JSAI	\N	\N
5712	JSAI Workshops	JSAI Workshops	\N	\N
5713	JSAI-isAI Workshops	JSAI-isAI Workshops	\N	\N
5714	Australian Computer, Network & Information Forensics Conference	Australian Computer, Network & Information Forensics Conference	\N	\N
5715	IWSG	IWSG	\N	\N
5716	IWSG-Life	IWSG-Life	\N	\N
5717	UAI	UAI	\N	\N
5718	BMA	BMA	\N	\N
5719	UAI Application Workshops	UAI Application Workshops	\N	\N
5720	FDL	FDL	\N	\N
5721	BDIM	BDIM	\N	\N
5722	Leipziger Informatik-Tage	Leipziger Informatik-Tage	\N	\N
5723	Secure Data Management	Secure Data Management	\N	\N
5724	FOAL	FOAL	\N	\N
5725	ReCoSoC	ReCoSoC	\N	\N
5726	WGEC	WGEC	\N	\N
5727	IV	IV	\N	\N
5728	CSNDSP	CSNDSP	\N	\N
5729	Metainformatics	Metainformatics	\N	\N
5730	HART	HART	\N	\N
5731	HSCC	HSCC	\N	\N
5732	Hybrid Systems	Hybrid Systems	\N	\N
5733	Hybrid Neural Systems	Hybrid Neural Systems	\N	\N
5734	SIMPAR	SIMPAR	\N	\N
5735	DANCE	DANCE	\N	\N
5736	LPKR	LPKR	\N	\N
5737	FMCAD	FMCAD	\N	\N
5738	DIFTS@FMCAD	DIFTS@FMCAD	\N	\N
5739	EUMAS	EUMAS	\N	\N
5740	IJCAI	IJCAI	\N	\N
5741	NeSy	NeSy	\N	\N
5742	IJCAI (2)	IJCAI (2)	\N	\N
5743	IIWeb	IIWeb	\N	\N
5744	ITWP	ITWP	\N	\N
5745	Agent Mediated Electronic Commerce (IJCAI Workshop)	Agent Mediated Electronic Commerce (IJCAI Workshop)	\N	\N
5746	Fuzzy Logic in Artificial Intelligence (IJCAI Workshop)	Fuzzy Logic in Artificial Intelligence (IJCAI Workshop)	\N	\N
5747	IJCAI (1)	IJCAI (1)	\N	\N
5748	Executable Modal and Temporal Logics	Executable Modal and Temporal Logics	\N	\N
5749	FCA4AI@IJCAI	FCA4AI@IJCAI	\N	\N
5750	Learning for Natural Language Processing	Learning for Natural Language Processing	\N	\N
5751	Adaption and Learning in Multi-Agent Systems	Adaption and Learning in Multi-Agent Systems	\N	\N
5752	Fuzzy Logic in Artificial Intelligence	Fuzzy Logic in Artificial Intelligence	\N	\N
5753	Workshop on Ontology Learning	Workshop on Ontology Learning	\N	\N
5754	CGW@IJCAI	CGW@IJCAI	\N	\N
5755	LDH	LDH	\N	\N
5756	Fuzzy Logic and Fuzzy Control	Fuzzy Logic and Fuzzy Control	\N	\N
5757	Intelligent Information Integration	Intelligent Information Integration	\N	\N
5758	The Next Generation of Information Systems	The Next Generation of Information Systems	\N	\N
5759	UDM@IJCAI	UDM@IJCAI	\N	\N
5760	ISCOPE	ISCOPE	\N	\N
5761	AIMDM	AIMDM	\N	\N
5762	Referenzmodellierung	Referenzmodellierung	\N	\N
5763	WOCCI	WOCCI	\N	\N
5764	FMOODS	FMOODS	\N	\N
5765	EUROMICRO	EUROMICRO	\N	\N
5766	IITSI	IITSI	\N	\N
5767	ISWS	ISWS	\N	\N
5768	ACM Symposium on Document Engineering	ACM Symposium on Document Engineering	\N	\N
5769	DChanges	DChanges	\N	\N
5770	StorageSS	StorageSS	\N	\N
5771	GeNeMe	GeNeMe	\N	\N
5772	PRDC	PRDC	\N	\N
5773	SMARTGREENS	SMARTGREENS	\N	\N
5774	CICC	CICC	\N	\N
5775	AIED	AIED	\N	\N
5776	AIED Workshops	AIED Workshops	\N	\N
5777	Music Education: An Artificial Intelligence Approach	Music Education: An Artificial Intelligence Approach	\N	\N
5778	NSDI	NSDI	\N	\N
5779	WOWCS	WOWCS	\N	\N
5780	UPSEC	UPSEC	\N	\N
5781	LEET	LEET	\N	\N
5782	JELIA	JELIA	\N	\N
5783	MONAMI	MONAMI	\N	\N
5784	CARDIS	CARDIS	\N	\N
5785	ICCV	ICCV	\N	\N
5786	ICCV-HCI	ICCV-HCI	\N	\N
5787	Language Engineering Conference	Language Engineering Conference	\N	\N
5788	IWMM/GIAE	IWMM/GIAE	\N	\N
5789	IMAGAPP/IVAPP	IMAGAPP/IVAPP	\N	\N
5790	IMAGAPP	IMAGAPP	\N	\N
5791	PLM	PLM	\N	\N
5792	Modelle im E-Business	Modelle im E-Business	\N	\N
5793	Innovationen im E-Business	Innovationen im E-Business	\N	\N
5794	PBFT	PBFT	\N	\N
5795	ICNP	ICNP	\N	\N
5796	IWPEC	IWPEC	\N	\N
5797	IPEC	IPEC	\N	\N
5798	EIDWT	EIDWT	\N	\N
5799	SCW	SCW	\N	\N
5800	MobiSec	MobiSec	\N	\N
5801	CORIA	CORIA	\N	\N
5802	MOVEP	MOVEP	\N	\N
5803	Multimedia Information Systems	Multimedia Information Systems	\N	\N
5804	ISESS	ISESS	\N	\N
5805	MTPP	MTPP	\N	\N
5806	ECMS	ECMS	\N	\N
5807	Dynamo	Dynamo	\N	\N
5808	SPDP	SPDP	\N	\N
5809	KES-AMSTA	KES-AMSTA	\N	\N
5810	KES-AMSTA (1)	KES-AMSTA (1)	\N	\N
5811	KES-AMSTA (2)	KES-AMSTA (2)	\N	\N
5812	ATE	ATE	\N	\N
5813	MBMV	MBMV	\N	\N
5814	MBMV (1)	MBMV (1)	\N	\N
5815	MBMV (2)	MBMV (2)	\N	\N
5816	GBPM	GBPM	\N	\N
5817	Peer-to-Peer Computing	Peer-to-Peer Computing	\N	\N
5818	P2P	P2P	\N	\N
5819	Logic and Data Bases	Logic and Data Bases	\N	\N
5820	Advances in Data Base Theory	Advances in Data Base Theory	\N	\N
5821	DDECS	DDECS	\N	\N
5822	ICSNW	ICSNW	\N	\N
5823	SSVM	SSVM	\N	\N
5824	Scale-Space	Scale-Space	\N	\N
5825	CRIWG	CRIWG	\N	\N
5826	ADHOC-NOW	ADHOC-NOW	\N	\N
5827	Experimental Computer Science	Experimental Computer Science	\N	\N
5828	TLDI	TLDI	\N	\N
5829	Rechnergestützter Entwurf und Architektur mikroelektronischer Systeme	Rechnergestützter Entwurf und Architektur mikroelektronischer Systeme	\N	\N
5830	IOLTS	IOLTS	\N	\N
5831	IOLTW	IOLTW	\N	\N
5832	UIC	UIC	\N	\N
5833	UIC/ATC	UIC/ATC	\N	\N
5834	SPLT	SPLT	\N	\N
5835	JFPLC	JFPLC	\N	\N
5836	JFPL	JFPL	\N	\N
5837	Future Play	Future Play	\N	\N
5838	DEXA Workshop	DEXA Workshop	\N	\N
5839	DEXA Workshops	DEXA Workshops	\N	\N
5840	Joint International Conference on Cognitive and Systematic Musicology	Joint International Conference on Cognitive and Systematic Musicology	\N	\N
5841	MMEDIA	MMEDIA	\N	\N
5842	DEBS	DEBS	\N	\N
5843	CGGA	CGGA	\N	\N
5844	SOUPS	SOUPS	\N	\N
5845	WMASH	WMASH	\N	\N
5846	FMSB	FMSB	\N	\N
5847	Computer Supported Acitivity Coordination	Computer Supported Acitivity Coordination	\N	\N
5848	Computer Supported Activity Coordination	Computer Supported Activity Coordination	\N	\N
5849	DATE	DATE	\N	\N
5850	ED&TC	ED&TC	\N	\N
5851	DATE Designers' Forum	DATE Designers' Forum	\N	\N
5852	ES4CPS@DATE	ES4CPS@DATE	\N	\N
5853	PPES	PPES	\N	\N
5854	German Conference on Bioinformatics	German Conference on Bioinformatics	\N	\N
5855	German Conference on Bioinformatics - Selected Papers	German Conference on Bioinformatics - Selected Papers	\N	\N
5856	GCB	GCB	\N	\N
5857	EWMF	EWMF	\N	\N
5858	EWMF/KDO	EWMF/KDO	\N	\N
5859	WFLP	WFLP	\N	\N
5860	SSCC	SSCC	\N	\N
5861	ITA	ITA	\N	\N
5862	Information Theory and Applications	Information Theory and Applications	\N	\N
5863	AAAI Mobile Robot Competition	AAAI Mobile Robot Competition	\N	\N
5864	WiMob	WiMob	\N	\N
5865	WiMob (1)	WiMob (1)	\N	\N
5866	WiMob (2)	WiMob (2)	\N	\N
5867	WiMob (4)	WiMob (4)	\N	\N
5868	WiMob (3)	WiMob (3)	\N	\N
5869	MMNET	MMNET	\N	\N
5870	CIDM	CIDM	\N	\N
5871	Fachtagung über Programmiersprachen	Fachtagung über Programmiersprachen	\N	\N
5872	Werkzeuge der Programmiertechnik	Werkzeuge der Programmiertechnik	\N	\N
5873	Methods and Tools for Computer Integrated Manufacturing	Methods and Tools for Computer Integrated Manufacturing	\N	\N
5874	FIRE	FIRE	\N	\N
5875	Begründungsverwaltung	Begründungsverwaltung	\N	\N
5876	Heterogeneous Computing Workshop	Heterogeneous Computing Workshop	\N	\N
5877	CSSW	CSSW	\N	\N
5878	FATES	FATES	\N	\N
5879	FATES/RV	FATES/RV	\N	\N
5880	NIME	NIME	\N	\N
5881	Temporal Aspects in Information Systems	Temporal Aspects in Information Systems	\N	\N
5882	Temporal Databases	Temporal Databases	\N	\N
5883	IWPC	IWPC	\N	\N
5884	ICPC	ICPC	\N	\N
5885	WPC	WPC	\N	\N
5886	ICTL	ICTL	\N	\N
5887	ISMIS	ISMIS	\N	\N
5888	ISMIS Industrial Session	ISMIS Industrial Session	\N	\N
5889	CIASG	CIASG	\N	\N
5890	CORES	CORES	\N	\N
5891	All About Maude	All About Maude	\N	\N
5892	DATA	DATA	\N	\N
5893	Intelligent Environments (Workshops)	Intelligent Environments (Workshops)	\N	\N
5894	Intelligent Environments	Intelligent Environments	\N	\N
5895	ISAmI	ISAmI	\N	\N
5896	IIMSS	IIMSS	\N	\N
5897	Virtuelle Maschinen	Virtuelle Maschinen	\N	\N
5898	ICFCE	ICFCE	\N	\N
5899	SSME	SSME	\N	\N
5900	ICNS	ICNS	\N	\N
5901	HCSE	HCSE	\N	\N
5902	ICIP	ICIP	\N	\N
5903	ICIP (4)	ICIP (4)	\N	\N
5904	ICIP (2)	ICIP (2)	\N	\N
5905	ICIP (3)	ICIP (3)	\N	\N
5906	ICIP (1)	ICIP (1)	\N	\N
5907	ICIP (5)	ICIP (5)	\N	\N
5908	ICIP (6)	ICIP (6)	\N	\N
5909	CCIA	CCIA	\N	\N
5910	Interaction between Compilers and Computer Architectures	Interaction between Compilers and Computer Architectures	\N	\N
5911	PETRA	PETRA	\N	\N
5912	WSE	WSE	\N	\N
5913	Spatial Cognition	Spatial Cognition	\N	\N
5914	KR	KR	\N	\N
5915	BIBM	BIBM	\N	\N
5916	BIBM Workshops	BIBM Workshops	\N	\N
5917	KI	KI	\N	\N
5918	GWAI	GWAI	\N	\N
5919	KI/ÖGAI	KI/ÖGAI	\N	\N
5920	KIFS	KIFS	\N	\N
5921	KESE	KESE	\N	\N
5922	BMI	BMI	\N	\N
5923	BMI Book	BMI Book	\N	\N
5924	KI Workshop on Reference Ontologies and Application Ontologies	KI Workshop on Reference Ontologies and Application Ontologies	\N	\N
5925	FAInt	FAInt	\N	\N
5926	KIK@KI	KIK@KI	\N	\N
5927	CAP	CAP	\N	\N
5928	EDA	EDA	\N	\N
5929	GrC	GrC	\N	\N
5930	Smart Graphics	Smart Graphics	\N	\N
5931	AIPR	AIPR	\N	\N
5932	RelMiCS	RelMiCS	\N	\N
5933	RAMICS	RAMICS	\N	\N
5934	Theory and Applications of Relational Structures as Knowledge Instruments	Theory and Applications of Relational Structures as Knowledge Instruments	\N	\N
5935	EuropeComm	EuropeComm	\N	\N
5936	CAR	CAR	\N	\N
5937	Actes d'IC	Actes d'IC	\N	\N
5938	AP-BPM	AP-BPM	\N	\N
5939	MATES	MATES	\N	\N
5940	ITHET	ITHET	\N	\N
5941	International Information Security Workshops	International Information Security Workshops	\N	\N
5942	Certification and Security in E-Services	Certification and Security in E-Services	\N	\N
5943	FAST	FAST	\N	\N
5944	Workshop on the Theory and Practice of Provenance	Workshop on the Theory and Practice of Provenance	\N	\N
5945	UTP	UTP	\N	\N
5946	Replication	Replication	\N	\N
5947	NSPW	NSPW	\N	\N
5948	Workshop on New Security Paradigms	Workshop on New Security Paradigms	\N	\N
5949	SLS	SLS	\N	\N
5950	GMDS	GMDS	\N	\N
5951	ECRTS	ECRTS	\N	\N
5952	RTS	RTS	\N	\N
5953	CSLP	CSLP	\N	\N
5954	LION	LION	\N	\N
5955	ICTCS	ICTCS	\N	\N
5956	Broadband Islands	Broadband Islands	\N	\N
5957	WDFIA	WDFIA	\N	\N
5958	ICWS	ICWS	\N	\N
5959	ICWS-Europe	ICWS-Europe	\N	\N
5960	Gesture Workshop	Gesture Workshop	\N	\N
5961	ISICA	ISICA	\N	\N
5962	ISICA (1)	ISICA (1)	\N	\N
5963	ISICA (2)	ISICA (2)	\N	\N
5964	WCII	WCII	\N	\N
5965	Active Mining	Active Mining	\N	\N
5966	BIOSIG	BIOSIG	\N	\N
5967	AMiRE	AMiRE	\N	\N
5968	CSF	CSF	\N	\N
5969	CSFW	CSFW	\N	\N
5970	IRI	IRI	\N	\N
5971	IRI (best papers)	IRI (best papers)	\N	\N
5972	miproBIS	miproBIS	\N	\N
5973	IPCO	IPCO	\N	\N
5974	ISMVL	ISMVL	\N	\N
5975	ECEG	ECEG	\N	\N
5976	VARE	VARE	\N	\N
5977	RP	RP	\N	\N
5978	TICTTL	TICTTL	\N	\N
5979	Logic in Databases	Logic in Databases	\N	\N
5980	LID	LID	\N	\N
5981	Lambda-Calculus and Computer Science Theory	Lambda-Calculus and Computer Science Theory	\N	\N
5982	TES	TES	\N	\N
5983	ICDM Workshops	ICDM Workshops	\N	\N
5984	IIR	IIR	\N	\N
5985	3DPH	3DPH	\N	\N
5986	MM&Sec	MM&Sec	\N	\N
5987	VVG	VVG	\N	\N
5988	AB	AB	\N	\N
5989	ADHOCNETS	ADHOCNETS	\N	\N
5990	CLA	CLA	\N	\N
5991	MVA	MVA	\N	\N
5992	IWANN (2)	IWANN (2)	\N	\N
5993	IWANN (1)	IWANN (1)	\N	\N
5994	IWANN	IWANN	\N	\N
5995	FSMNLP	FSMNLP	\N	\N
5996	FORMS/FORMAT	FORMS/FORMAT	\N	\N
5997	MMGPS	MMGPS	\N	\N
5998	PDIS	PDIS	\N	\N
5999	HoloMAS	HoloMAS	\N	\N
6000	ANZIIS	ANZIIS	\N	\N
6001	Computational Imaging	Computational Imaging	\N	\N
6002	MOBIWAC	MOBIWAC	\N	\N
6003	ISUVR	ISUVR	\N	\N
6004	DEON	DEON	\N	\N
6005	EASSS	EASSS	\N	\N
6006	ICFCA	ICFCA	\N	\N
6007	LDAV	LDAV	\N	\N
6008	PWC	PWC	\N	\N
6009	CIDR	CIDR	\N	\N
6010	DALT	DALT	\N	\N
6011	ESSCIRC	ESSCIRC	\N	\N
6012	DAMAS	DAMAS	\N	\N
6013	ALENEX	ALENEX	\N	\N
6014	ALENEX/ANALC	ALENEX/ANALC	\N	\N
6015	ALENEX/ANALCO	ALENEX/ANALCO	\N	\N
6016	WAFR	WAFR	\N	\N
6017	TOOLS (26)	TOOLS (26)	\N	\N
6018	TOOLS (34)	TOOLS (34)	\N	\N
6019	TOOLS (13)	TOOLS (13)	\N	\N
6020	TOOLS (47)	TOOLS (47)	\N	\N
6021	TOOLS (36)	TOOLS (36)	\N	\N
6022	TOOLS (37)	TOOLS (37)	\N	\N
6023	TOOLS (8)	TOOLS (8)	\N	\N
6024	TOOLS (25)	TOOLS (25)	\N	\N
6025	TOOLS (24)	TOOLS (24)	\N	\N
6026	TOOLS (39)	TOOLS (39)	\N	\N
6027	TOOLS (7)	TOOLS (7)	\N	\N
6028	TOOLS (11)	TOOLS (11)	\N	\N
6029	TOOLS (12/9)	TOOLS (12/9)	\N	\N
6030	TOOLS (27)	TOOLS (27)	\N	\N
6031	TOOLS (33)	TOOLS (33)	\N	\N
6032	TOOLS (29)	TOOLS (29)	\N	\N
6033	TOOLS (31)	TOOLS (31)	\N	\N
6034	TOOLS (28)	TOOLS (28)	\N	\N
6035	TOOLS (30)	TOOLS (30)	\N	\N
6036	TOOLS (46)	TOOLS (46)	\N	\N
6037	TOOLS (49)	TOOLS (49)	\N	\N
6038	TOOLS (38)	TOOLS (38)	\N	\N
6039	TOOLS (10)	TOOLS (10)	\N	\N
6040	TOOLS (50)	TOOLS (50)	\N	\N
6041	TOOLS (23)	TOOLS (23)	\N	\N
6042	TOOLS (5)	TOOLS (5)	\N	\N
6043	BSME	BSME	\N	\N
6044	TOOLS (48)	TOOLS (48)	\N	\N
6045	TOOLS (6)	TOOLS (6)	\N	\N
6046	TOOLS (32)	TOOLS (32)	\N	\N
6047	MTSR	MTSR	\N	\N
6048	PrimeLife	PrimeLife	\N	\N
6049	WEWoRC	WEWoRC	\N	\N
6050	ICICA (2)	ICICA (2)	\N	\N
6051	ICICA (LNCS)	ICICA (LNCS)	\N	\N
6052	ICICA (1)	ICICA (1)	\N	\N
6053	ICCCN	ICCCN	\N	\N
6054	Solving Combinatorial Optimization Problems in Parallel	Solving Combinatorial Optimization Problems in Parallel	\N	\N
6055	ICICIC (3)	ICICIC (3)	\N	\N
6056	ICICIC (1)	ICICIC (1)	\N	\N
6057	ICICIC (2)	ICICIC (2)	\N	\N
6058	EKAW	EKAW	\N	\N
6059	SWAIE	SWAIE	\N	\N
6060	CLAWAR	CLAWAR	\N	\N
6061	NEMS	NEMS	\N	\N
6062	IEEE Real-Time and Embedded Technology and Applications Symposium	IEEE Real-Time and Embedded Technology and Applications Symposium	\N	\N
6063	IEEE Real Time Technology and Applications Symposium	IEEE Real Time Technology and Applications Symposium	\N	\N
6064	IOPADS	IOPADS	\N	\N
6065	Haskell	Haskell	\N	\N
6066	CSWS	CSWS	\N	\N
6067	WCNIS	WCNIS	\N	\N
6068	WBIR	WBIR	\N	\N
6069	RISE	RISE	\N	\N
6070	CSB	CSB	\N	\N
6071	CSB Workshops	CSB Workshops	\N	\N
6072	ICNC (2)	ICNC (2)	\N	\N
6073	ICNC (1)	ICNC (1)	\N	\N
6074	ICNC (3)	ICNC (3)	\N	\N
6075	ICNC (6)	ICNC (6)	\N	\N
6076	ICNC (5)	ICNC (5)	\N	\N
6077	ICNC (4)	ICNC (4)	\N	\N
6078	AADEBUG	AADEBUG	\N	\N
6079	CICSyN	CICSyN	\N	\N
6080	DMDW	DMDW	\N	\N
6081	SimuTools	SimuTools	\N	\N
6082	ACM Multimedia	ACM Multimedia	\N	\N
6083	AREA	AREA	\N	\N
6084	ACM Multimedia (2)	ACM Multimedia (2)	\N	\N
6085	ACM Multimedia Workshops	ACM Multimedia Workshops	\N	\N
6086	ACM Multimedia (1)	ACM Multimedia (1)	\N	\N
6087	MIRUM	MIRUM	\N	\N
6088	TVS	TVS	\N	\N
6089	SAME	SAME	\N	\N
6090	VNBA	VNBA	\N	\N
6091	ACM Multimedia EMME Workshop	ACM Multimedia EMME Workshop	\N	\N
6092	SRMC	SRMC	\N	\N
6093	CommunicabilityMS	CommunicabilityMS	\N	\N
6094	TCC	TCC	\N	\N
6095	BNAIC	BNAIC	\N	\N
6096	ScalCom-EmbeddedCom	ScalCom-EmbeddedCom	\N	\N
6097	Wireless Days	Wireless Days	\N	\N
6098	PLPV	PLPV	\N	\N
6099	SEUS	SEUS	\N	\N
6100	GROUP	GROUP	\N	\N
6101	COOCS	COOCS	\N	\N
6102	ICPADS	ICPADS	\N	\N
6103	ICPADS (1)	ICPADS (1)	\N	\N
6104	ICPADS (2)	ICPADS (2)	\N	\N
6105	ICN (2)	ICN (2)	\N	\N
6106	ICN	ICN	\N	\N
6107	ICN/ICONS/MCL	ICN/ICONS/MCL	\N	\N
6108	ICN (1)	ICN (1)	\N	\N
6109	Workshop on Interface Definition Languages	Workshop on Interface Definition Languages	\N	\N
6110	ICPP Workshops	ICPP Workshops	\N	\N
6111	LP	LP	\N	\N
6112	QCQC	QCQC	\N	\N
6113	SDM	SDM	\N	\N
6114	APVIS	APVIS	\N	\N
6115	PacificVis	PacificVis	\N	\N
6116	InVis.au	InVis.au	\N	\N
6117	UPP	UPP	\N	\N
6118	SAINT Workshops	SAINT Workshops	\N	\N
6119	SAINT	SAINT	\N	\N
6120	EmNets	EmNets	\N	\N
6121	IMTIC	IMTIC	\N	\N
6122	FITraMEn	FITraMEn	\N	\N
6123	WORDS (Fall)	WORDS (Fall)	\N	\N
6124	WORDS (Jan.)	WORDS (Jan.)	\N	\N
6125	SecureComm	SecureComm	\N	\N
6126	Java Grande	Java Grande	\N	\N
6127	Formal Syntax and Semantics of Java	Formal Syntax and Semantics of Java	\N	\N
6128	MCIS	MCIS	\N	\N
6129	Intelligent Vehicles Symposium	Intelligent Vehicles Symposium	\N	\N
6130	WACC	WACC	\N	\N
6131	NLDB	NLDB	\N	\N
6132	CJCDGCGT	CJCDGCGT	\N	\N
6133	ISCAS (4)	ISCAS (4)	\N	\N
6134	ISCAS	ISCAS	\N	\N
6135	ISCAS (1)	ISCAS (1)	\N	\N
6136	ISCAS (3)	ISCAS (3)	\N	\N
6137	ISCAS (2)	ISCAS (2)	\N	\N
6138	ISCAS (5)	ISCAS (5)	\N	\N
6139	ISCAS (6)	ISCAS (6)	\N	\N
6140	ADS	ADS	\N	\N
6141	Critical Infrastructure Protection	Critical Infrastructure Protection	\N	\N
6142	PPSN	PPSN	\N	\N
6143	PPSN (2)	PPSN (2)	\N	\N
6144	PPSN (1)	PPSN (1)	\N	\N
6145	Tangible and Embedded Interaction	Tangible and Embedded Interaction	\N	\N
6146	DEFORM/AVATARS	DEFORM/AVATARS	\N	\N
6147	SIIS	SIIS	\N	\N
6148	Intelligent Information Systems	Intelligent Information Systems	\N	\N
6149	IIS	IIS	\N	\N
6150	RODIN Book	RODIN Book	\N	\N
6151	Research Results of the DICS Program	Research Results of the DICS Program	\N	\N
6152	CMN	CMN	\N	\N
6153	MediaEval	MediaEval	\N	\N
6154	GOSLER Final Report	GOSLER Final Report	\N	\N
6155	MMCP	MMCP	\N	\N
6156	Allerton Conference	Allerton Conference	\N	\N
6157	Language Design for Reliable Software	Language Design for Reliable Software	\N	\N
6158	QoMEX	QoMEX	\N	\N
6159	MEDES	MEDES	\N	\N
6160	Surveys in Combinatorics	Surveys in Combinatorics	\N	\N
6161	Art-QoS	Art-QoS	\N	\N
6162	RTDB	RTDB	\N	\N
6163	Real-Time Database Systems	Real-Time Database Systems	\N	\N
6164	XP	XP	\N	\N
6165	XP/Agile Universe	XP/Agile Universe	\N	\N
6166	InfoSecHiComNet	InfoSecHiComNet	\N	\N
6167	SIP	SIP	\N	\N
6168	SDE	SDE	\N	\N
6169	Software Development Environments (SDE)	Software Development Environments (SDE)	\N	\N
6170	Software Development Environments and CASE Technology	Software Development Environments and CASE Technology	\N	\N
6171	EGVE/ICAT/EuroVR	EGVE/ICAT/EuroVR	\N	\N
6172	IPT/EGVE	IPT/EGVE	\N	\N
6173	EGVE	EGVE	\N	\N
6174	EGVE/EuroVR	EGVE/EuroVR	\N	\N
6175	ICAT/EGVE/EuroVR	ICAT/EGVE/EuroVR	\N	\N
6176	EGVE/EuroVR/VEC	EGVE/EuroVR/VEC	\N	\N
6177	ASIACRYPT	ASIACRYPT	\N	\N
6178	AUSCRYPT	AUSCRYPT	\N	\N
6179	ASIACRYPT (1)	ASIACRYPT (1)	\N	\N
6180	ASIACRYPT (2)	ASIACRYPT (2)	\N	\N
6181	IDtrust	IDtrust	\N	\N
6182	ISPAN	ISPAN	\N	\N
6183	SBIA	SBIA	\N	\N
6184	IBERAMIA-SBIA 2000 Open Discussion Track	IBERAMIA-SBIA 2000 Open Discussion Track	\N	\N
6185	IBERAMIA-SBIA	IBERAMIA-SBIA	\N	\N
6186	AVSP	AVSP	\N	\N
6187	IWPT	IWPT	\N	\N
6188	INTENSIVE	INTENSIVE	\N	\N
6189	Automotive - Safety & Security	Automotive - Safety & Security	\N	\N
6190	VIP	VIP	\N	\N
6191	eScience	eScience	\N	\N
6192	e-Science	e-Science	\N	\N
6193	e-Science Workshops	e-Science Workshops	\N	\N
6194	DCW	DCW	\N	\N
6195	DELTA	DELTA	\N	\N
6196	GKR	GKR	\N	\N
6197	WiPSCE	WiPSCE	\N	\N
6198	BigData Congress	BigData Congress	\N	\N
6199	KESW	KESW	\N	\N
6200	WDAS	WDAS	\N	\N
6201	Haptic Human-Computer Interaction	Haptic Human-Computer Interaction	\N	\N
6202	LCC	LCC	\N	\N
6203	NPC	NPC	\N	\N
6204	NPC Workshops	NPC Workshops	\N	\N
6205	HRPR	HRPR	\N	\N
6206	Grundlagen von Datenbanken	Grundlagen von Datenbanken	\N	\N
6207	Relational Databases and their Extensions	Relational Databases and their Extensions	\N	\N
6208	S-BPM ONE	S-BPM ONE	\N	\N
6209	S-BPM ONE Application Studies	S-BPM ONE Application Studies	\N	\N
6210	S-BPM ONE (Scientific Research)	S-BPM ONE (Scientific Research)	\N	\N
6211	WBL	WBL	\N	\N
6212	ISPASS	ISPASS	\N	\N
6213	IPCC	IPCC	\N	\N
6214	IPCC (2)	IPCC (2)	\N	\N
6215	Interval Mathematics	Interval Mathematics	\N	\N
6216	Afrigraph	Afrigraph	\N	\N
6217	ICCBSS	ICCBSS	\N	\N
6218	Rules in Database Systems	Rules in Database Systems	\N	\N
6219	WAA	WAA	\N	\N
6220	DMTCS	DMTCS	\N	\N
6221	ICORES	ICORES	\N	\N
6222	NordiCloud	NordiCloud	\N	\N
6223	Expertensysteme	Expertensysteme	\N	\N
6224	XPS	XPS	\N	\N
6225	Das PLAKON-Buch	Das PLAKON-Buch	\N	\N
6226	IWAENC	IWAENC	\N	\N
6227	TAIC PART	TAIC PART	\N	\N
6228	eHealth	eHealth	\N	\N
6229	mLearn	mLearn	\N	\N
6230	Applied Informatics	Applied Informatics	\N	\N
6231	OZCHI	OZCHI	\N	\N
6232	Web3D	Web3D	\N	\N
6233	VRML	VRML	\N	\N
6234	SWQD	SWQD	\N	\N
6235	TOSCA	TOSCA	\N	\N
6236	AP2PC	AP2PC	\N	\N
6237	Programming Environments for Parallel Computing	Programming Environments for Parallel Computing	\N	\N
6238	IEEE Symposium on Parallel and Large-Data Visualization and Graphics	IEEE Symposium on Parallel and Large-Data Visualization and Graphics	\N	\N
6239	Workshop on Digital and Computational Video	Workshop on Digital and Computational Video	\N	\N
6240	COMPCON	COMPCON	\N	\N
6241	WCCI	WCCI	\N	\N
6242	ISGT	ISGT	\N	\N
6243	ICOODB	ICOODB	\N	\N
6244	Workshop on Design Issues in Anonymity and Unobservability	Workshop on Design Issues in Anonymity and Unobservability	\N	\N
6245	SELMAS	SELMAS	\N	\N
6246	PIMRC	PIMRC	\N	\N
6247	PIMRC Workshops	PIMRC Workshops	\N	\N
6248	EISMC	EISMC	\N	\N
6249	TST	TST	\N	\N
6250	Modelling with Words	Modelling with Words	\N	\N
6251	ICETET	ICETET	\N	\N
6252	ICCG	ICCG	\N	\N
6253	HIS (1)	HIS (1)	\N	\N
6254	HIS (2)	HIS (2)	\N	\N
6255	HIS (3)	HIS (3)	\N	\N
6256	AFSS	AFSS	\N	\N
6257	ASWC	ASWC	\N	\N
6258	JIST	JIST	\N	\N
6259	RAPIDO	RAPIDO	\N	\N
6260	MobiHealth	MobiHealth	\N	\N
6261	KR-MED	KR-MED	\N	\N
6262	Storage and Retrieval for Image and Video Databases (SPIE)	Storage and Retrieval for Image and Video Databases (SPIE)	\N	\N
6263	Storage and Retrieval for Media Databases	Storage and Retrieval for Media Databases	\N	\N
6264	Storage and Retrieval Methods and Applications for Multimedia	Storage and Retrieval Methods and Applications for Multimedia	\N	\N
6265	INEX	INEX	\N	\N
6266	INEX Workshop	INEX Workshop	\N	\N
6267	The Adaptive Web	The Adaptive Web	\N	\N
6268	SCIS	SCIS	\N	\N
6269	SocInfo	SocInfo	\N	\N
6270	IDEAL	IDEAL	\N	\N
6271	ICPW	ICPW	\N	\N
6272	SIGPLAN Symposium on Compiler Construction	SIGPLAN Symposium on Compiler Construction	\N	\N
6273	Conference on Data: Abstraction, Definition and Structure	Conference on Data: Abstraction, Definition and Structure	\N	\N
6274	IWAN	IWAN	\N	\N
6275	CAIVD	CAIVD	\N	\N
6276	ICSI (2)	ICSI (2)	\N	\N
6277	ICSI (1)	ICSI (1)	\N	\N
6278	UCC	UCC	\N	\N
6279	ICDL-EPIROB	ICDL-EPIROB	\N	\N
6280	PAM	PAM	\N	\N
6281	WOODPECKER	WOODPECKER	\N	\N
6282	MLG	MLG	\N	\N
6283	ANALCO	ANALCO	\N	\N
6284	PARLE	PARLE	\N	\N
6285	PARLE (1)	PARLE (1)	\N	\N
6286	PARLE (2)	PARLE (2)	\N	\N
6287	Language Design and Programming Methodology	Language Design and Programming Methodology	\N	\N
6288	DSN	DSN	\N	\N
6289	DSN Workshops	DSN Workshops	\N	\N
6290	Symposium on Computational Geometry	Symposium on Computational Geometry	\N	\N
6291	KRDB	KRDB	\N	\N
6292	Data Communications and their Performance	Data Communications and their Performance	\N	\N
6293	Data Communication Networks and their Performance	Data Communication Networks and their Performance	\N	\N
6294	VR/AR	VR/AR	\N	\N
6295	Process in Distributed Operating Systems and Distributed Systems Management	Process in Distributed Operating Systems and Distributed Systems Management	\N	\N
6296	TREC	TREC	\N	\N
6297	DICTAP (1)	DICTAP (1)	\N	\N
6298	DICTAP (2)	DICTAP (2)	\N	\N
6299	DICTAP	DICTAP	\N	\N
6300	LCN	LCN	\N	\N
6301	LCN Workshops	LCN Workshops	\N	\N
6302	IEEE Conference on Computational Complexity	IEEE Conference on Computational Complexity	\N	\N
6303	Structure in Complexity Theory Conference	Structure in Complexity Theory Conference	\N	\N
6304	Complexity of Computer Computations	Complexity of Computer Computations	\N	\N
6305	DMCS	DMCS	\N	\N
6306	GCSE	GCSE	\N	\N
6307	PQCrypto	PQCrypto	\N	\N
6308	I-SEMANTICS	I-SEMANTICS	\N	\N
6309	I-SEMANTICS (Posters & Demos)	I-SEMANTICS (Posters & Demos)	\N	\N
6310	LSO	LSO	\N	\N
6311	MDB/MOMPES	MDB/MOMPES	\N	\N
6312	MOMPES	MOMPES	\N	\N
6313	IIH-MSP	IIH-MSP	\N	\N
6314	FMSP	FMSP	\N	\N
6315	SCN	SCN	\N	\N
6316	FGR	FGR	\N	\N
6317	IRMA Conference	IRMA Conference	\N	\N
6318	BMEI (2)	BMEI (2)	\N	\N
6319	BMEI	BMEI	\N	\N
6320	BMEI (1)	BMEI (1)	\N	\N
6321	LKR	LKR	\N	\N
6322	WebSci	WebSci	\N	\N
6323	BSDIA	BSDIA	\N	\N
6324	NGCA	NGCA	\N	\N
6325	Workshop on Formal Models	Workshop on Formal Models	\N	\N
6326	ISIM	ISIM	\N	\N
6327	Datenverarbeitung im Marketing	Datenverarbeitung im Marketing	\N	\N
6328	PPCP	PPCP	\N	\N
6329	Probabilistic Graphical Models	Probabilistic Graphical Models	\N	\N
6330	WPNC	WPNC	\N	\N
6331	Creating Personalities for Synthetic Actors	Creating Personalities for Synthetic Actors	\N	\N
6332	EC-TEL	EC-TEL	\N	\N
6333	EC-TEL Workshops	EC-TEL Workshops	\N	\N
6334	LODE	LODE	\N	\N
6335	ECTEL-meets-ECSCW	ECTEL-meets-ECSCW	\N	\N
6336	WEILER@EC-TEL	WEILER@EC-TEL	\N	\N
6337	EC-TEL Doctoral Consortium	EC-TEL Doctoral Consortium	\N	\N
6338	COOPER	COOPER	\N	\N
6339	EC-TEL PROLEARN	EC-TEL PROLEARN	\N	\N
6340	ARTEL@EC-TEL	ARTEL@EC-TEL	\N	\N
6341	EC-TEL (Posters)	EC-TEL (Posters)	\N	\N
6342	Digital Literacy	Digital Literacy	\N	\N
6343	EC-TEL PROLEAN	EC-TEL PROLEAN	\N	\N
6344	WWWrong	WWWrong	\N	\N
6345	ICSR	ICSR	\N	\N
6346	IWSR	IWSR	\N	\N
6347	IWSECO@ICSR	IWSECO@ICSR	\N	\N
6348	DISC	DISC	\N	\N
6349	WDAG	WDAG	\N	\N
6350	EuroSPI	EuroSPI	\N	\N
6351	Abstract State Machines	Abstract State Machines	\N	\N
6352	ASM	ASM	\N	\N
6353	ABZ	ABZ	\N	\N
6354	Workshop on Abstract State Machines	Workshop on Abstract State Machines	\N	\N
6355	ASP-DAC	ASP-DAC	\N	\N
6356	ECAL (2)	ECAL (2)	\N	\N
6357	ECAL	ECAL	\N	\N
6358	ECAL (1)	ECAL (1)	\N	\N
6359	Cloud-I	Cloud-I	\N	\N
6360	MBEES	MBEES	\N	\N
6361	SPLC	SPLC	\N	\N
6362	SPLC (2)	SPLC (2)	\N	\N
6363	SPLC Workshops	SPLC Workshops	\N	\N
6364	SPLC (1)	SPLC (1)	\N	\N
6365	Data Warehousing	Data Warehousing	\N	\N
6366	ICHL	ICHL	\N	\N
6367	ICICS	ICICS	\N	\N
6368	Theoretical Foundations of Computer Vision	Theoretical Foundations of Computer Vision	\N	\N
6369	CHI-KDD	CHI-KDD	\N	\N
6370	SouthCHI	SouthCHI	\N	\N
6371	ROBIO	ROBIO	\N	\N
6372	SINOBIOMETRICS	SINOBIOMETRICS	\N	\N
6373	SISAP	SISAP	\N	\N
6374	EAMT Workshop	EAMT Workshop	\N	\N
6375	WAC	WAC	\N	\N
6376	History of Nordic Computing	History of Nordic Computing	\N	\N
6377	EuroISI	EuroISI	\N	\N
6378	Coding Theory and Applications	Coding Theory and Applications	\N	\N
6379	ACNS	ACNS	\N	\N
6380	TPNC	TPNC	\N	\N
6381	ASCM	ASCM	\N	\N
6382	ICML	ICML	\N	\N
6383	ICML (1)	ICML (1)	\N	\N
6384	ICML (3)	ICML (3)	\N	\N
6385	ICML (2)	ICML (2)	\N	\N
6386	VRIC	VRIC	\N	\N
6387	Cooperative Environments for Distributed Systems Engineering	Cooperative Environments for Distributed Systems Engineering	\N	\N
6388	ICDCIT	ICDCIT	\N	\N
6389	IPMI	IPMI	\N	\N
6390	MRCS	MRCS	\N	\N
6391	Computer Mediated Education of Information Technology Professionals and Advanced End-Users	Computer Mediated Education of Information Technology Professionals and Advanced End-Users	\N	\N
6392	Software Engineering Education	Software Engineering Education	\N	\N
6393	OST	OST	\N	\N
6394	Professional Development of Information Technology Professionals	Professional Development of Information Technology Professionals	\N	\N
6395	Educating Professionals for Network-Centric Organisation	Educating Professionals for Network-Centric Organisation	\N	\N
6396	ImViReLL	ImViReLL	\N	\N
6397	COMPSAC	COMPSAC	\N	\N
6398	COMPSAC Workshops	COMPSAC Workshops	\N	\N
6399	COMPSAC (1)	COMPSAC (1)	\N	\N
6400	COMPSAC (2)	COMPSAC (2)	\N	\N
6401	Advances in Computer Entertainment Technology	Advances in Computer Entertainment Technology	\N	\N
6402	Advances in Computer Entertainment	Advances in Computer Entertainment	\N	\N
6403	ICGA	ICGA	\N	\N
6404	NaBIC	NaBIC	\N	\N
6405	DASFAA	DASFAA	\N	\N
6406	DASFAA Workshops	DASFAA Workshops	\N	\N
6407	DASFAA (2)	DASFAA (2)	\N	\N
6408	DASFAA (1)	DASFAA (1)	\N	\N
6409	LISS (3)	LISS (3)	\N	\N
6410	LISS (2)	LISS (2)	\N	\N
6411	LISS (1)	LISS (1)	\N	\N
6412	EDO	EDO	\N	\N
6413	WLPE	WLPE	\N	\N
6414	PROMAS	PROMAS	\N	\N
6415	SMILE	SMILE	\N	\N
6416	MCM	MCM	\N	\N
6417	ISSA	ISSA	\N	\N
6418	ISMIR	ISMIR	\N	\N
6419	ZiF Workshop	ZiF Workshop	\N	\N
6420	ASPLOS	ASPLOS	\N	\N
6421	GPGPU	GPGPU	\N	\N
6422	GPGPU@ASPLOS	GPGPU@ASPLOS	\N	\N
6423	ASID	ASID	\N	\N
6424	PLOS	PLOS	\N	\N
6425	AVI	AVI	\N	\N
6426	Advanced Visual Interfaces	Advanced Visual Interfaces	\N	\N
6427	Odyssey	Odyssey	\N	\N
6428	IC2E	IC2E	\N	\N
6429	FOPARA	FOPARA	\N	\N
6430	SLIP	SLIP	\N	\N
6431	Memory System Performance	Memory System Performance	\N	\N
6432	Memory System Performance and Correctness	Memory System Performance and Correctness	\N	\N
6433	Theoretical Computer Science	Theoretical Computer Science	\N	\N
6434	P2PKM	P2PKM	\N	\N
6435	APBC	APBC	\N	\N
6436	ECMR	ECMR	\N	\N
6437	DaEng	DaEng	\N	\N
6438	ISWSA	ISWSA	\N	\N
6439	ICME	ICME	\N	\N
6440	ICME (1)	ICME (1)	\N	\N
6441	IEEE International Conference on Multimedia and Expo (III)	IEEE International Conference on Multimedia and Expo (III)	\N	\N
6442	ICMCS	ICMCS	\N	\N
6443	ICME (2)	ICME (2)	\N	\N
6444	ICME Workshops	ICME Workshops	\N	\N
6445	ICMCS, Vol. 2	ICMCS, Vol. 2	\N	\N
6446	IEEE International Conference on Multimedia and Expo (I)	IEEE International Conference on Multimedia and Expo (I)	\N	\N
6447	ICMCS, Vol. 1	ICMCS, Vol. 1	\N	\N
6448	IEEE International Conference on Multimedia and Expo (II)	IEEE International Conference on Multimedia and Expo (II)	\N	\N
6449	ICIMCS	ICIMCS	\N	\N
6450	IWDE	IWDE	\N	\N
6451	ISTCS	ISTCS	\N	\N
6452	Mobility Conference	Mobility Conference	\N	\N
6453	INDIN	INDIN	\N	\N
6454	ISPD	ISPD	\N	\N
6455	Global Scourcing Workshop	Global Scourcing Workshop	\N	\N
6456	IWAR	IWAR	\N	\N
6457	ICISC	ICISC	\N	\N
6458	SI3D	SI3D	\N	\N
6459	I3D	I3D	\N	\N
6460	ICMT	ICMT	\N	\N
6461	Web Technologies, Applications, and Services	Web Technologies, Applications, and Services	\N	\N
6462	AIWoRC	AIWoRC	\N	\N
6463	Edutainment	Edutainment	\N	\N
6464	ESOCC Workshops	ESOCC Workshops	\N	\N
6465	ESOCC	ESOCC	\N	\N
6466	STAIRS	STAIRS	\N	\N
6467	AWCC	AWCC	\N	\N
6468	DCE Workshop	DCE Workshop	\N	\N
6469	WRLA	WRLA	\N	\N
6470	IEEE Workshop on Multimedia Signal Processing	IEEE Workshop on Multimedia Signal Processing	\N	\N
6471	USENIX Symposium on Internet Technologies and Systems	USENIX Symposium on Internet Technologies and Systems	\N	\N
6472	USITS	USITS	\N	\N
6473	Shape Modeling International	Shape Modeling International	\N	\N
6474	SMI	SMI	\N	\N
6475	ECP	ECP	\N	\N
6476	Communications in Computing	Communications in Computing	\N	\N
6477	Mensch-Computer Interaktion im 21. Jahrhundert	Mensch-Computer Interaktion im 21. Jahrhundert	\N	\N
6478	Types in Compilation	Types in Compilation	\N	\N
6479	ICCS Supplement	ICCS Supplement	\N	\N
6480	Workshop on Conceptual Graphs	Workshop on Conceptual Graphs	\N	\N
6481	Modeling in Computer Graphics	Modeling in Computer Graphics	\N	\N
6482	Interfaces in Industrial Systems for Production Engineering	Interfaces in Industrial Systems for Production Engineering	\N	\N
6483	WIRI	WIRI	\N	\N
6484	DBSocial	DBSocial	\N	\N
6485	CEAS	CEAS	\N	\N
6486	SVR	SVR	\N	\N
6487	IBERAMIA	IBERAMIA	\N	\N
6488	DigiBiz	DigiBiz	\N	\N
6489	Datenbanktechnologie	Datenbanktechnologie	\N	\N
6490	COLING	COLING	\N	\N
6491	COLING (Posters)	COLING (Posters)	\N	\N
6492	COLING (Demos)	COLING (Demos)	\N	\N
6493	COLING (Tutorials)	COLING (Tutorials)	\N	\N
6494	LSSC	LSSC	\N	\N
6495	CIS	CIS	\N	\N
6496	CIS (1)	CIS (1)	\N	\N
6497	CIS (2)	CIS (2)	\N	\N
6498	HPCA (China)	HPCA (China)	\N	\N
6499	BNCOD	BNCOD	\N	\N
6500	BNCOD Workshops	BNCOD Workshops	\N	\N
6501	BNCOD Posters	BNCOD Posters	\N	\N
6502	BNOD	BNOD	\N	\N
6503	IbPRIA	IbPRIA	\N	\N
6504	IbPRIA (2)	IbPRIA (2)	\N	\N
6505	IbPRIA (1)	IbPRIA (1)	\N	\N
6506	WADT	WADT	\N	\N
6507	ICWET	ICWET	\N	\N
6508	Portable Software	Portable Software	\N	\N
6509	PLAN-X	PLAN-X	\N	\N
6510	ACFIE	ACFIE	\N	\N
6511	Soft-Ware	Soft-Ware	\N	\N
6512	UDMV	UDMV	\N	\N
6513	RCIS	RCIS	\N	\N
6514	IEEE MS	IEEE MS	\N	\N
6515	PDP	PDP	\N	\N
6516	GLDV-Jahrestagung	GLDV-Jahrestagung	\N	\N
6517	GSCL	GSCL	\N	\N
6518	UIMA@GSCL	UIMA@GSCL	\N	\N
6519	EWG-DSS	EWG-DSS	\N	\N
6520	Proc. 11th Int. Symposium on Electromagnetic Compatibility (EMC'94)	Proc. 11th Int. Symposium on Electromagnetic Compatibility (EMC'94)	\N	\N
6521	MBT	MBT	\N	\N
6522	INFINITY	INFINITY	\N	\N
6523	QAPL	QAPL	\N	\N
6524	ACCAT	ACCAT	\N	\N
6525	IWS	IWS	\N	\N
6526	LoCoCo	LoCoCo	\N	\N
6527	FOCLASA	FOCLASA	\N	\N
6528	THedu	THedu	\N	\N
6529	QFM	QFM	\N	\N
6530	GANDALF	GANDALF	\N	\N
6531	LAFM	LAFM	\N	\N
6532	ICE	ICE	\N	\N
6533	SYNT	SYNT	\N	\N
6534	EXPRESS	EXPRESS	\N	\N
6535	SecCo	SecCo	\N	\N
6536	PLACES	PLACES	\N	\N
6537	LSFA	LSFA	\N	\N
6538	CSP	CSP	\N	\N
6539	iWIGP	iWIGP	\N	\N
6540	TTC	TTC	\N	\N
6541	FLACOS	FLACOS	\N	\N
6542	PAR	PAR	\N	\N
6543	TTATT	TTATT	\N	\N
6544	HOR	HOR	\N	\N
6545	FAVO	FAVO	\N	\N
6546	SOS	SOS	\N	\N
6547	AMCA-POP	AMCA-POP	\N	\N
6548	EXPRESS/SOS	EXPRESS/SOS	\N	\N
6549	AiSoS	AiSoS	\N	\N
6550	FBTC	FBTC	\N	\N
6551	RULE	RULE	\N	\N
6552	FMA	FMA	\N	\N
6553	AUTOMATA & JAC	AUTOMATA & JAC	\N	\N
6554	MeCBIC	MeCBIC	\N	\N
6555	HSB	HSB	\N	\N
6556	WRS	WRS	\N	\N
6557	CL&C	CL&C	\N	\N
6558	QPL	QPL	\N	\N
6559	Festschrift for Dave Schmidt	Festschrift for Dave Schmidt	\N	\N
6560	DCM	DCM	\N	\N
6561	HAS	HAS	\N	\N
6562	Refine	Refine	\N	\N
6563	PDMC	PDMC	\N	\N
6564	LSCS	LSCS	\N	\N
6565	YR-SOC	YR-SOC	\N	\N
6566	COMPMOD	COMPMOD	\N	\N
6567	DICE	DICE	\N	\N
6568	COS	COS	\N	\N
6569	TERMGRAPH	TERMGRAPH	\N	\N
6570	ITRS	ITRS	\N	\N
6571	SR	SR	\N	\N
6572	FESCA	FESCA	\N	\N
6573	LINEARITY	LINEARITY	\N	\N
6574	Wivace	Wivace	\N	\N
6575	UITP	UITP	\N	\N
6576	TFPIE	TFPIE	\N	\N
6577	WCSI	WCSI	\N	\N
6578	MSFP	MSFP	\N	\N
6579	WS-FMDS	WS-FMDS	\N	\N
6580	RTRTS	RTRTS	\N	\N
6581	UNIF	UNIF	\N	\N
6582	DCDP	DCDP	\N	\N
6583	HPC	HPC	\N	\N
6584	AMMSE	AMMSE	\N	\N
6585	PACO	PACO	\N	\N
6586	ANT/MobiWIS	ANT/MobiWIS	\N	\N
6587	KDD Cup	KDD Cup	\N	\N
6588	WCCI Causation and Prediction Challenge	WCCI Causation and Prediction Challenge	\N	\N
6589	WAPA	WAPA	\N	\N
6590	FSDM	FSDM	\N	\N
6591	NIPS Mini-Symposium on Causality in Time Series	NIPS Mini-Symposium on Causality in Time Series	\N	\N
6592	MLSB	MLSB	\N	\N
6593	ICML Unsupervised and Transfer Learning	ICML Unsupervised and Transfer Learning	\N	\N
6594	NIPS Causality: Objectives and Assessment	NIPS Causality: Objectives and Assessment	\N	\N
6595	ICML On-line Trading of Exploration and Exploitation	ICML On-line Trading of Exploration and Exploitation	\N	\N
6596	Yahoo! Learning to Rank Challenge	Yahoo! Learning to Rank Challenge	\N	\N
6597	Gaussian Processes in Practice	Gaussian Processes in Practice	\N	\N
6598	Active Learning and Experimental Design @ AISTATS	Active Learning and Experimental Design @ AISTATS	\N	\N
6599	Constraint Programming	Constraint Programming	\N	\N
6600	Advanced Database Systems	Advanced Database Systems	\N	\N
6601	Text Understanding in LILOG	Text Understanding in LILOG	\N	\N
