1	Ca-A Cancer Journal for Clinicians	United States	86.091	Q1	118	4268	299.99
2	Quarterly Journal of Economics	United Kingdom	36.73	Q1	122	2398	14.83
3	Nature Reviews Molecular Cell Biology	United Kingdom	34.201	Q1	328	10804	35.47
4	Cell	United States	26.494	Q1	1637	27609	43.8
5	New England Journal of Medicine	United States	26.015	Q1	4561	14396	33.93
6	Nature Medicine	United Kingdom	24.687	Q1	1245	15256	34.67
7	MMWR Recommendations and Reports	United States	23.962	Q1	138	940	25.28
8	Nature Biotechnology	United Kingdom	22.781	Q1	1038	10852	16.35
9	Nature Reviews Materials	United Kingdom	21.927	Q1	294	11032	40.82
10	American Economic Review	United States	21.833	Q1	355	4237	9.78
11	Nature Reviews Cancer	United Kingdom	20.977	Q1	325	8402	37.34
12	Nature	United Kingdom	20.957	Q1	7467	67627	23.95
13	Journal of Political Economy	United States	20.643	Q1	259	4302	8.11
14	Reviews of Modern Physics	United States	20.343	Q1	107	12520	43.02
15	Nature Energy	United States	19.588	Q1	610	6286	27.05
16	Nature Reviews Genetics	United Kingdom	19.454	Q1	331	8797	17.21
17	Nature Reviews Drug Discovery	United Kingdom	19.423	Q1	674	9158	17.15
18	Chemical Reviews	United States	18.911	Q1	779	144893	58.37
19	Nature Reviews Immunology	United Kingdom	18.141	Q1	527	10795	30.78
20	Morbidity and Mortality Weekly Report	United States	16.786	Q1	931	1309	25.69
21	Nature Genetics	United Kingdom	16.732	Q1	640	12836	19.56
22	Administrative Science Quarterly	United States	16.555	Q1	90	3601	12.87
23	Academy of Management Annals	United States	15.633	Q1	72	6475	23.02
24	Journal of Finance	United Kingdom	15.515	Q1	230	4037	7.14
25	Annual Review of Immunology	United States	15.262	Q1	84	4380	29.82
26	MMWR Surveillance Summaries	United States	15.178	Q1	114	500	26.42
27	Chemical Society Reviews	United Kingdom	15.109	Q1	861	72439	46.22
28	Nature Reviews Clinical Oncology	United Kingdom	14.809	Q1	442	8155	24.11
29	Immunity	United States	14.795	Q1	725	13904	22.23
30	Lancet, The	United Kingdom	14.607	Q1	4401	20483	21.54
31	Review of Economic Studies	United Kingdom	14.432	Q1	235	5015	5.2
32	Nature Methods	United Kingdom	14.358	Q1	1022	9296	13.78
33	World Psychiatry	United States	14.306	Q1	292	4345	15.61
34	IEEE Communications Surveys and Tutorials	United States	14.248	Q1	306	16826	41.05
35	Nature Materials	United Kingdom	13.874	Q1	835	9498	25.26
36	Foundations and Trends in Machine Learning	United States	13.775	Q1	15	173	39.1
37	Physiological Reviews	United States	13.693	Q1	122	17428	32.23
38	Science	United States	13.328	Q1	9273	40993	14.9
39	Nature Catalysis	United States	13.187	Q1	486	6420	22.64
40	Nature Nanotechnology	United Kingdom	13.141	Q1	669	8497	26.34
41	Econometrica	United Kingdom	12.979	Q1	241	4257	5.28
42	Journal of Economic Literature	United States	12.966	Q1	67	2280	11.93
43	American Economic Journal: Applied Economics	United States	12.694	Q1	127	2726	5.7
44	Cancer Cell	United States	12.578	Q1	548	7019	21.28
45	Energy and Environmental Science	United Kingdom	12.306	Q1	993	31909	32.24
46	Joule	United States	12.282	Q1	750	10717	25.22
47	Lancet Oncology, The	United Kingdom	12.27	Q1	1520	6563	13.57
48	Review of Financial Studies	United Kingdom	12.239	Q1	407	6256	9.54
49	Nature Neuroscience	United Kingdom	12.124	Q1	631	10585	17.65
50	Advances in Physics	United Kingdom	12.034	Q1	13	0	29.44
51	Annals of Oncology	United Kingdom	11.945	Q1	840	6095	18.4
52	Nature Photonics	United Kingdom	11.774	Q1	553	5536	22.26
53	Living Reviews in Relativity	Switzerland	11.561	Q1	14	3396	37.13
54	Nature Reviews Disease Primers	United Kingdom	11.388	Q1	282	8198	26.87
55	Lancet Respiratory Medicine,The	United Kingdom	11.204	Q1	939	4770	16.69
56	Science immunology	United States	11.191	Q1	423	10743	19.83
57	Annual Review of Biochemistry	United States	11.154	Q1	94	4437	17.13
58	Nature Reviews Chemistry	United Kingdom	10.967	Q1	265	8804	17.42
59	Nature Electronics	United Kingdom	10.927	Q1	481	4335	17.18
60	Nature Immunology	United Kingdom	10.921	Q1	748	9841	14.94
61	American Economic Journal: Macroeconomics	United States	10.871	Q1	123	1945	5.87
62	Journal of Marketing	United States	10.802	Q1	172	4136	12.42
63	Annual Review of Condensed Matter Physics	United States	10.644	Q1	59	2804	22.92
64	Journal of Financial Economics	Netherlands	10.601	Q1	495	11785	8.5
65	Lancet Public Health, The	United Kingdom	10.591	Q1	493	4394	18.43
66	Nature Reviews Microbiology	United Kingdom	10.396	Q1	509	9138	24.39
67	Annual Review of Economics	United States	10.247	Q1	90	3832	5.55
68	Cell Host and Microbe	United States	10.227	Q1	601	9741	20.53
69	Nature Reviews Gastroenterology and Hepatology	United Kingdom	10.178	Q1	448	9207	21.1
70	Cell Metabolism	United States	10.037	Q1	669	10589	19.45
71	Annual Review of Public Health	United States	9.963	Q1	86	3392	19.43
72	Astronomy and Astrophysics Review	Germany	9.937	Q1	24	2605	22.44
73	Lancet Neurology, The	United Kingdom	9.819	Q1	778	5157	11.88
74	Nature Cancer	United States	9.817	Q1	285	6671	11.84
75	Nature Cell Biology	United Kingdom	9.568	Q1	521	9787	12.11
76	Advanced Materials	United States	9.538	Q1	4328	146585	29.06
77	Nature Reviews Physics	United Kingdom	9.34	Q1	346	7897	12.99
78	Genome Biology	United Kingdom	9.249	Q1	921	17776	11.07
79	Annual Review of Psychology	United States	9.226	Q1	86	4448	26.89
80	Nature Microbiology	United Kingdom	9.187	Q1	668	12162	20.94
81	Cell Stem Cell	United States	9.156	Q1	582	8860	14.43
82	Reviews of Geophysics	United States	9.061	Q1	76	9337	26.25
83	Advanced Energy Materials	Germany	9.044	Q1	2032	69739	27.48
84	Molecular Cancer	United Kingdom	8.703	Q1	484	17736	28.85
85	Annual Review of Pathology: Mechanisms of Disease	United States	8.628	Q1	83	0	26.19
86	Journal of Economic Perspectives	United States	8.59	Q1	128	2638	8.43
87	Gut	United Kingdom	8.588	Q1	995	12826	15.85
88	Progress in Materials Science	United Kingdom	8.515	Q1	174	27307	43.41
89	Strategic Management Journal	United Kingdom	8.497	Q1	278	9819	8.78
90	Annual Review of Neuroscience	United States	8.389	Q1	72	4087	14.22
91	Review of Economics and Statistics	United States	8.371	Q1	197	4125	5.52
92	Journal of the American College of Cardiology	United States	8.343	Q1	2692	20324	8.96
93	Advances in Optics and Photonics	United States	8.332	Q1	51	2951	25.94
94	Nucleic Acids Research	United Kingdom	8.234	Q1	3872	58320	14.16
95	Lancet Diabetes and Endocrinology,The	United Kingdom	8.217	Q1	587	4006	12.79
96	American Economic Journal: Economic Policy	United States	8.175	Q1	152	2600	4.95
97	Lancet Psychiatry,The	United Kingdom	8.167	Q1	941	4591	14.05
98	Nature Chemistry	United Kingdom	8.14	Q1	624	9584	13.85
99	Lancet Infectious Diseases, The	United Kingdom	8.14	Q1	1490	7976	13.21
100	Annual Review of Plant Biology	United States	8.131	Q1	111	4341	19.26
101	Nature Reviews Endocrinology	United Kingdom	8.124	Q1	450	7974	12.99
102	JAMA Oncology	United States	8.103	Q1	1268	6208	8.64
103	Cell Research	United Kingdom	8.06	Q1	442	4997	20.64
104	Nature Physics	United Kingdom	7.955	Q1	990	10708	10.68
105	ACS Energy Letters	United States	7.855	Q1	1329	26258	20.67
106	Circulation	United States	7.8	Q1	2310	21347	13.95
107	Neuron	United States	7.736	Q1	1263	25298	10.37
108	American Political Science Review	United Kingdom	7.734	Q1	269	7667	6.83
109	IEEE Journal on Selected Areas in Communications	United States	7.656	Q1	685	11676	16.98
110	Psychological Bulletin	United States	7.635	Q1	124	6441	22.27
111	Clinical Microbiology Reviews	United States	7.584	Q1	116	10525	25.21
112	Nature Structural and Molecular Biology	United Kingdom	7.549	Q1	498	8286	10.3
113	American Sociological Review	United States	7.412	Q1	126	3821	7.65
114	JAMA Cardiology	United States	7.371	Q1	894	4332	10.37
115	Lancet Global Health,The	United Kingdom	7.37	Q1	1066	6459	8.75
116	Annual Review of Genetics	United States	7.34	Q1	74	3115	10.5
117	Cancer Discovery	United States	7.268	Q1	1160	11262	9.34
118	Living Reviews in Solar Physics	Switzerland	7.235	Q1	13	1522	19.63
119	Endocrine Reviews	United States	7.205	Q1	105	6348	20.05
120	Cell Systems	United States	7.112	Q1	326	5314	7.5
121	Nature Metabolism	Germany	7.045	Q1	467	9000	12.72
122	Annual Review of Organizational Psychology and Organizational Behavior	United States	7.036	Q1	53	2238	14.53
123	Nature Reviews Neuroscience	United Kingdom	6.97	Q1	434	9878	10.42
124	European Urology	Netherlands	6.963	Q1	1401	5961	7.07
125	Nature Reviews Cardiology	United Kingdom	6.932	Q1	511	8843	15.0
126	Annual Review of Biophysics	United States	6.926	Q1	63	3205	12.4
127	Nature Climate Change	United Kingdom	6.849	Q1	815	9408	14.87
128	Materials Science and Engineering: R: Reports	Netherlands	6.842	Q1	77	4386	32.07
129	Chem	United States	6.8	Q1	758	12775	15.42
130	Annals of Mathematics	United States	6.76	Q1	105	1538	4.55
131	Annual Review of Clinical Psychology	United States	6.744	Q1	65	2911	18.98
132	Nature Protocols	United Kingdom	6.732	Q1	537	7568	13.93
133	JAMA Neurology	United States	6.697	Q1	770	4714	11.58
134	JAMA - Journal of the American Medical Association	United States	6.695	Q1	4812	13195	13.62
135	Foundations and Trends in Signal Processing	United States	6.676	Q1	6	223	19.0
136	Signal Transduction and Targeted Therapy	United Kingdom	6.63	Q1	779	40286	18.94
137	Annual Review of Cell and Developmental Biology	United States	6.627	Q1	76	2999	10.33
138	Nature Biomedical Engineering	United States	6.625	Q1	448	9207	17.79
139	Publications Mathematiques de l'Institut des Hautes Etudes Scientifiques	Germany	6.582	Q1	26	366	4.81
140	JAMA Psychiatry	United States	6.578	Q1	699	5673	11.48
141	Nature Sustainability	United Kingdom	6.568	Q1	561	7144	19.8
142	IEEE Wireless Communications	United States	6.556	Q1	467	1737	12.42
143	Organization Science	United States	6.541	Q1	227	9221	5.33
144	Nature Reviews Neurology	United Kingdom	6.536	Q1	474	8538	11.8
145	Nature Reviews Nephrology	United Kingdom	6.494	Q1	416	8709	13.49
146	Annals of the Rheumatic Diseases	United Kingdom	6.489	Q1	1511	9745	8.2
147	Science Robotics	United States	6.479	Q1	293	4518	13.96
148	Lancet Digital Health, The	United Kingdom	6.433	Q1	348	3313	13.09
149	Annual Review of Physiology	United States	6.429	Q1	73	3990	18.17
150	Accounts of Chemical Research	United States	6.382	Q1	974	21965	18.14
151	Science Translational Medicine	United States	6.361	Q1	1193	21378	13.44
152	Acta Numerica	United Kingdom	6.341	Q1	20	1003	13.07
153	Psychological Science in the Public Interest	United States	6.295	Q1	19	576	16.08
154	Physical Review X	United States	6.267	Q1	784	17480	12.28
155	Journal of Experimental Medicine	United States	6.237	Q1	858	11168	12.31
156	American Journal of Respiratory and Critical Care Medicine	United States	6.237	Q1	2207	12527	6.04
157	Intensive Care Medicine	Germany	6.229	Q1	1086	6147	11.66
158	Molecular Systems Biology	United States	6.22	Q1	224	4390	8.76
159	Nature Machine Intelligence	Switzerland	6.21	Q1	338	7112	16.66
160	Materials Today	Netherlands	6.194	Q1	415	19198	22.54
161	Journal of Business and Economic Statistics	United Kingdom	6.15	Q1	208	10921	3.94
162	Journal of Applied Psychology	United States	6.13	Q1	332	14798	11.94
163	Nature Geoscience	United Kingdom	6.11	Q1	555	9879	13.29
164	Journal of Accounting and Economics	Netherlands	6.1	Q1	133	3931	5.66
165	Journal of the European Economic Association	United States	6.087	Q1	219	2443	3.42
166	Journal of Hematology and Oncology	United Kingdom	6.046	Q1	500	18367	20.88
167	Journal of Consumer Research	United Kingdom	6.024	Q1	176	2732	6.82
168	Diabetes Care	United States	6.008	Q1	1471	16743	12.18
169	Trends in Cell Biology	United Kingdom	5.987	Q1	279	8925	14.71
170	Journal of the American Chemical Society	United States	5.945	Q1	7411	157694	14.78
171	Journal of Monetary Economics	Netherlands	5.944	Q1	324	3254	3.85
172	Journal of Thoracic Oncology	United States	5.866	Q1	975	5376	9.09
173	Journal of the American Mathematical Society	United States	5.848	Q1	65	975	3.82
174	Cell Reports Medicine	United States	5.841	Q1	304	12144	11.97
175	Review of Educational Research	United States	5.804	Q1	72	4914	15.24
176	Fungal Diversity	Netherlands	5.784	Q1	69	7054	17.49
177	Genes and Development	United States	5.769	Q1	376	5564	9.28
178	IEEE Transactions on Evolutionary Computation	United States	5.767	Q1	245	6634	13.83
179	Journal of Econometrics	Netherlands	5.744	Q1	501	10836	5.48
180	Personality and Social Psychology Review	United States	5.709	Q1	43	3643	12.86
181	Physics Reports	Netherlands	5.691	Q1	156	19968	29.5
182	Review of Finance	United Kingdom	5.68	Q1	114	1581	4.86
183	Progress in Energy and Combustion Science	United Kingdom	5.679	Q1	91	14615	31.82
184	Progress in Polymer Science	United Kingdom	5.676	Q1	173	13042	26.75
185	Annual Review of Entomology	United States	5.655	Q1	72	3306	23.56
186	Nature Human Behaviour	United Kingdom	5.639	Q1	666	10311	18.24
187	Trends in Cognitive Sciences	United Kingdom	5.615	Q1	369	9628	11.69
188	European Journal of Heart Failure	United States	5.601	Q1	961	10837	8.2
189	Angewandte Chemie - International Edition	United Kingdom	5.573	Q1	9896	219007	16.04
190	Advanced Functional Materials	Germany	5.565	Q1	5461	165514	19.41
191	Proceedings of the IEEE	United States	5.564	Q1	344	11399	21.58
192	Perspectives on Psychological Science	United States	5.529	Q1	259	15307	14.17
193	Nature Chemical Biology	United Kingdom	5.509	Q1	699	8544	8.81
194	EMBO Journal	Germany	5.484	Q1	891	19133	10.0
195	Review of Corporate Finance Studies	United States	5.448	Q1	55	811	12.39
196	Annual Review of Microbiology	United States	5.436	Q1	105	4701	10.77
197	Journal of the National Cancer Institute	United Kingdom	5.409	Q1	656	6552	6.92
198	Light: Science and Applications	United Kingdom	5.406	Q1	521	15394	17.79
199	Developmental Cell	United States	5.385	Q1	911	14673	8.16
200	Journal of Financial Intermediation	United States	5.384	Q1	86	1924	5.44
201	Nature Ecology and Evolution	United States	5.374	Q1	801	14549	10.1
202	IEEE Transactions on Cybernetics	United States	5.365	Q1	1402	54875	14.77
203	JACC: Heart Failure	Netherlands	5.352	Q1	550	2723	5.64
204	Pharmacological Reviews	United States	5.338	Q1	87	12754	20.77
205	Foundations and Trends in Computer Graphics and Vision	United States	5.329	Q1	4	195	50.0
206	Cement and Concrete Research	United Kingdom	5.294	Q1	776	21043	12.35
207	IEEE Communications Magazine	United States	5.285	Q1	686	1904	10.39
208	Nano-Micro Letters	Netherlands	5.276	Q1	491	17881	24.97
209	Annals of Statistics	United States	5.219	Q1	423	7521	4.22
210	Molecular Plant	United States	5.209	Q1	514	9545	17.37
211	Nature Plants	United Kingdom	5.205	Q1	706	7197	9.72
212	Studies in Mycology	Netherlands	5.202	Q1	37	0	15.72
213	Annual Review of Genomics and Human Genetics	United States	5.196	Q1	64	3640	8.83
214	Energy Storage Materials	Netherlands	5.179	Q1	1429	48444	20.44
215	Analytic Methods in Accident Research	United Kingdom	5.17	Q1	74	2422	13.27
216	Journal of Accounting Research	United Kingdom	5.165	Q1	101	3359	4.77
217	Molecular Neurodegeneration	United Kingdom	5.158	Q1	192	9480	13.63
218	American Economic Journal: Microeconomics	United States	5.156	Q1	121	2533	1.69
219	Trends in Ecology and Evolution	United Kingdom	5.127	Q1	427	8360	9.93
220	IEEE Transactions on Smart Grid	United States	5.118	Q1	1461	15031	11.5
221	Journal of Clinical Investigation	United States	5.117	Q1	1754	28750	11.96
222	Nature Communications	United Kingdom	5.116	Q1	18679	459949	15.41
223	JAMA Pediatrics	United States	5.109	Q1	1188	6681	6.41
224	Journal of Public Economics	Netherlands	5.1	Q1	382	6866	10.6
225	Annual Review of Marine Science	United States	5.097	Q1	69	2792	17.04
226	Journal of International Business Studies	United Kingdom	5.093	Q1	233	12105	11.76
227	Nano Energy	Netherlands	5.03	Q1	3163	71281	17.93
228	Journal of Business Venturing	United States	5.029	Q1	178	6515	10.72
229	Journal of Service Research	United States	4.981	Q1	95	4274	15.36
230	Evidence-Based Mental Health	United Kingdom	4.969	Q1	106	1034	4.5
231	American Journal of Human Genetics	United States	4.943	Q1	562	9115	8.26
232	Progress in Retinal and Eye Research	United Kingdom	4.939	Q1	142	21775	18.5
233	Blood	United States	4.927	Q1	2535	30720	8.23
234	JAMA Internal Medicine	United States	4.922	Q1	1553	5067	6.59
235	Genome Research	United States	4.906	Q1	524	9134	6.7
236	Acta Neuropathologica	Germany	4.897	Q1	425	7276	10.34
237	Matter	United States	4.896	Q1	795	17087	11.5
238	Applied Catalysis B: Environmental	Netherlands	4.887	Q1	3252	61196	22.66
239	Progress in Particle and Nuclear Physics	Netherlands	4.855	Q1	111	13377	10.09
240	Genome Medicine	United Kingdom	4.851	Q1	381	10000	11.27
241	Neuro-Oncology	United Kingdom	4.833	Q1	715	5645	9.53
242	Foundations and Trends in Systems and Control	United States	4.816	Q1	9	0	7.0
243	Political Analysis	United Kingdom	4.815	Q1	110	1563	5.78
244	Inventiones Mathematicae	Germany	4.811	Q1	220	4151	2.95
245	Lancet Haematology,The	United Kingdom	4.793	Q1	523	3416	7.25
246	Trends in Neurosciences	United Kingdom	4.784	Q1	292	8117	11.84
247	British Journal of Sports Medicine	United Kingdom	4.764	Q1	988	8474	10.28
248	Information Fusion	Netherlands	4.756	Q1	483	11852	23.14
249	Psychotherapy and Psychosomatics	Switzerland	4.738	Q1	206	2334	10.39
250	ACS Nano	United States	4.728	Q1	4717	118946	16.56
251	Journal of Labor Economics	United States	4.727	Q1	132	1954	3.59
252	European Respiratory Journal	Switzerland	4.722	Q1	1820	14532	8.66
253	Trends in Immunology	United Kingdom	4.689	Q1	332	7238	11.5
254	Annual Review of Virology	United States	4.654	Q1	90	3422	10.36
255	Clinical Cancer Research	United States	4.603	Q1	2240	21421	9.75
256	Science advances	United States	4.598	Q1	5372	139284	13.01
257	Lancet Rheumatology, The	United Kingdom	4.586	Q1	457	2979	6.84
258	eClinicalMedicine	United Kingdom	4.553	Q1	1115	20906	10.9
259	Clinical Psychology Review	United States	4.541	Q1	236	7166	12.73
260	Review of Asset Pricing Studies	United States	4.537	Q1	62	1119	13.21
261	IEEE Vehicular Technology Magazine	United States	4.469	Q1	203	639	6.18
262	Reports on Progress in Physics	United Kingdom	4.467	Q1	131	11553	17.57
263	ACM Computing Surveys	United States	4.457	Q1	450	36137	20.26
264	Journal of the American Society of Nephrology : JASN	United States	4.45	Q1	869	8557	9.06
265	IEEE Transactions on Pattern Analysis and Machine Intelligence	United States	4.447	Q1	802	45508	21.86
266	Accounting Review	United States	4.446	Q1	258	5372	5.03
267	Brain	United Kingdom	4.437	Q1	1195	16682	8.68
268	Trends in Chemistry	United States	4.435	Q1	312	7264	10.48
269	JACC: Cardiovascular Imaging	United States	4.435	Q1	1287	6626	4.99
270	Ecology Letters	United Kingdom	4.426	Q1	625	16783	8.62
271	Annals of PDE	Switzerland	4.425	Q1	57	1149	2.5
272	Drug Resistance Updates	United States	4.391	Q1	65	5855	23.73
273	Biological Reviews	United States	4.388	Q1	328	26337	10.89
274	Mathematical Programming Computation	Germany	4.377	Q1	58	1186	6.62
275	IEEE Transactions on Automatic Control	United States	4.334	Q1	1599	22816	6.48
276	Leadership Quarterly	United States	4.331	Q1	148	8557	7.93
277	Entrepreneurship Theory and Practice	United States	4.323	Q1	166	14131	12.75
278	Radiocarbon	United States	4.271	Q1	327	5179	9.09
279	IEEE Network	United States	4.266	Q1	672	2438	10.65
280	Trends in Biochemical Sciences	United Kingdom	4.265	Q1	320	7438	9.55
281	eLife	United Kingdom	4.251	Q1	5814	143028	7.25
282	Psychological Methods	United States	4.247	Q1	187	7096	6.43
283	Earth System Science Data	Germany	4.24	Q1	584	20093	11.19
284	Annual Review of Medicine	United States	4.233	Q1	91	3457	10.8
285	Annual Review of Physical Chemistry	United States	4.232	Q1	64	2628	15.06
286	American Journal of Psychiatry	United States	4.231	Q1	563	2132	7.48
287	PLoS Medicine	United States	4.223	Q1	934	9759	10.42
288	Review of Accounting Studies	United States	4.212	Q1	124	7109	5.54
289	ACS Catalysis	United States	4.195	Q1	3932	98431	12.88
290	Lancet Child and Adolescent Health, The	Netherlands	4.179	Q1	647	3871	10.16
291	Cell Discovery	United Kingdom	4.179	Q1	269	6129	14.58
292	ACS Central Science	United States	4.171	Q1	760	11124	13.87
293	Eurosurveillance	Sweden	4.145	Q1	774	5276	11.7
294	Applied Physics Reviews	United States	4.143	Q1	300	19518	14.13
295	Coordination Chemistry Reviews	Netherlands	4.121	Q1	1008	90981	20.38
296	JAMA network open	United States	4.108	Q1	4511	58866	8.71
297	Journal of the National Comprehensive Cancer Network : JNCCN	United States	4.098	Q1	609	7146	9.58
298	Optica	United States	4.096	Q1	719	9445	10.6
299	Advanced Science	Germany	4.086	Q1	2160	112454	15.17
300	Radiology	United States	4.073	Q1	1654	9921	10.76
301	Global Change Biology	United Kingdom	4.069	Q1	1362	45786	11.45
302	Remote Sensing of Environment	United States	4.057	Q1	1464	33341	14.01
303	Qualitative Research in Sport, Exercise and Health	United Kingdom	4.045	Q1	157	5287	7.49
304	Communications on Pure and Applied Mathematics	United States	4.044	Q1	166	3274	3.25
305	Current Climate Change Reports	Switzerland	4.042	Q1	53	1093	8.38
306	Proceedings of the National Academy of Sciences of the United States of America	United States	4.026	Q1	12159	200323	9.68
307	Human Reproduction Update	United Kingdom	4.021	Q1	155	5861	11.81
308	Journal of Strategic Information Systems	Netherlands	4.011	Q1	75	1819	7.26
309	Acta Mathematica	Netherlands	4.01	Q1	26	500	3.18
310	Protein Science	United States	4.007	Q1	600	15043	8.08
311	European Journal of Epidemiology	Netherlands	4.007	Q1	361	4931	12.73
312	PLoS Biology	United States	4.005	Q1	1154	23755	9.41
313	IEEE Transactions on Industrial Informatics	United States	4.002	Q1	2128	28640	12.95
314	Clinical Infectious Diseases	United Kingdom	3.995	Q1	4107	16343	7.79
315	Research Synthesis Methods	United Kingdom	3.991	Q1	176	3043	10.36
316	Lancet HIV,The	United Kingdom	3.989	Q1	522	3670	6.42
317	Annals of Neurology	United States	3.977	Q1	748	7920	7.82
318	Journal of the Royal Statistical Society. Series B: Statistical Methodology	United Kingdom	3.976	Q1	127	3726	5.6
319	IEEE Signal Processing Magazine	United States	3.939	Q1	271	2074	11.9
320	EMBO Molecular Medicine	United Kingdom	3.932	Q1	422	7785	9.42
321	Mycosphere	China	3.918	Q1	58	2997	15.42
322	Ophthalmology	United States	3.913	Q1	1178	6100	5.47
323	Journal of Infection	United Kingdom	3.904	Q1	1093	7615	10.38
324	Annual Review of Pharmacology and Toxicology	United States	3.902	Q1	104	485	13.0
325	Annual Review of Statistics and Its Application	United States	3.896	Q1	59	2148	8.32
326	British Journal of Political Science	United Kingdom	3.893	Q1	254	7240	5.16
327	Materials Horizons	United Kingdom	3.88	Q1	746	21986	13.54
328	Acta Crystallographica Section D: Structural Biology	United States	3.87	Q1	374	5265	2.03
329	Nano Today	Netherlands	3.868	Q1	424	21736	17.65
330	Kidney International	United States	3.868	Q1	1370	11546	8.12
331	Cold Spring Harbor perspectives in biology	United States	3.863	Q1	230	9947	6.77
332	Annals of Internal Medicine	United States	3.845	Q1	2609	9789	6.84
333	Earth-Science Reviews	Netherlands	3.807	Q1	880	59940	12.15
334	Arthritis and Rheumatology	United Kingdom	3.788	Q1	967	9033	6.63
335	Journal of Retailing	United Kingdom	3.787	Q1	126	3397	10.02
336	Biological Psychiatry	United States	3.768	Q1	859	15819	6.24
337	Comparative Political Studies	United States	3.766	Q1	217	7447	5.34
338	Communication Methods and Measures	United States	3.757	Q1	53	962	14.91
339	Personnel Psychology	United States	3.749	Q1	74	6562	6.98
340	IEEE Internet of Things Journal	United States	3.747	Q1	3228	85953	11.61
341	IEEE Transactions on Sustainable Energy	United States	3.746	Q1	707	7053	10.39
342	Journal of Allergy and Clinical Immunology	United States	3.742	Q1	1534	21551	9.26
343	Immunological Reviews	United Kingdom	3.729	Q1	267	18834	9.24
344	IEEE Transactions on Power Systems	United States	3.726	Q1	1548	14969	7.82
345	Microbiology and Molecular Biology Reviews	United States	3.719	Q1	78	5703	10.69
346	Microbiome	United Kingdom	3.709	Q1	544	17327	13.78
347	Current Opinion in Cell Biology	United Kingdom	3.703	Q1	343	4284	7.27
348	Journal of Financial and Quantitative Analysis	United Kingdom	3.7	Q1	255	10338	4.16
349	Blood Cancer Journal	United States	3.699	Q1	423	5210	7.69
350	ACM Transactions on Graphics	United States	3.697	Q1	793	17986	7.27
351	GigaScience	United Kingdom	3.697	Q1	411	8312	8.36
352	Annual Review of Animal Biosciences	United States	3.696	Q1	64	3129	11.97
353	IEEE Transactions on Systems, Man, and Cybernetics: Systems	United States	3.688	Q1	1391	29800	9.63
354	Computers and Education	United Kingdom	3.682	Q1	608	14309	15.58
355	Educational Psychologist	United States	3.668	Q1	68	2511	8.96
356	European Business Review	United Kingdom	3.667	Q1	136	4101	4.91
357	Journal of the American Academy of Child and Adolescent Psychiatry	United Kingdom	3.663	Q1	606	6722	5.71
358	Automatica	United Kingdom	3.657	Q1	1599	20845	6.39
359	Plant Cell	United States	3.646	Q1	862	16426	7.77
360	Research Policy	Netherlands	3.634	Q1	495	15916	8.03
361	Small Methods	United Kingdom	3.629	Q1	722	26228	12.33
362	JAMA Surgery	United States	3.623	Q1	1197	5406	4.42
363	ISME Journal	United Kingdom	3.619	Q1	774	18101	11.7
364	Journal of Advances in Modeling Earth Systems	United States	3.605	Q1	651	17908	6.89
365	Progress in Human Geography	United Kingdom	3.604	Q1	230	10061	9.49
366	European Journal of Political Research	United Kingdom	3.59	Q1	152	6485	7.89
367	Cancer Treatment Reviews	United Kingdom	3.589	Q1	281	7990	11.67
368	Lancet Planetary Health, The	Netherlands	3.586	Q1	431	5125	9.41
369	Trends in Genetics	United Kingdom	3.583	Q1	343	9204	6.88
370	Trends in Cancer	United States	3.581	Q1	322	7931	11.28
371	Operations Research	United States	3.579	Q1	305	8832	3.12
372	International Journal of Machine Tools and Manufacture	United Kingdom	3.579	Q1	213	3854	14.12
373	Biometrika	United Kingdom	3.566	Q1	216	1235	3.1
374	Educational Psychology Review	United States	3.566	Q1	159	9927	11.11
375	Cell Death and Differentiation	United Kingdom	3.558	Q1	663	11771	11.63
376	Cancer Immunology Research	United States	3.552	Q1	480	5580	8.13
377	Cellular and Molecular Immunology	United Kingdom	3.545	Q1	640	9563	12.79
378	Molecular Psychiatry	United Kingdom	3.541	Q1	1076	40961	9.29
379	Nano Letters	United States	3.54	Q1	3719	64284	10.74
380	IEEE Transactions on Fuzzy Systems	United States	3.533	Q1	818	20686	11.58
381	Nature Food	United Kingdom	3.525	Q1	399	6471	9.45
382	Journal of Extracellular Vesicles	United States	3.525	Q1	307	7550	14.93
383	Frontiers in Ecology and the Environment	United States	3.51	Q1	369	3044	5.36
384	Human Relations	United Kingdom	3.508	Q1	224	12502	7.86
385	Health Affairs	United States	3.501	Q1	978	2530	5.87
386	Global Strategy Journal	United States	3.471	Q1	85	4853	9.0
387	Trends in Microbiology	United Kingdom	3.468	Q1	367	8936	10.54
388	Nature reviews. Rheumatology	United Kingdom	3.459	Q1	575	7626	8.1
389	Periodontology 2000	Denmark	3.457	Q1	150	7327	18.43
390	Political Behavior	United States	3.456	Q1	217	8167	4.17
391	Autophagy	United States	3.456	Q1	808	13302	9.87
392	IEEE Transactions on Neural Networks and Learning Systems	United States	3.447	Q1	1560	32858	11.06
393	BMC Medicine	United Kingdom	3.447	Q1	947	25498	8.65
394	Philosophical Review, The	United States	3.428	Q1	27	612	4.0
395	Annals of Tourism Research	United Kingdom	3.426	Q1	543	8292	11.74
396	Molecular Therapy	United States	3.425	Q1	733	16958	9.19
397	Molecular Biology and Evolution	United Kingdom	3.423	Q1	952	21842	8.46
398	ACS Materials Letters	United States	3.421	Q1	462	17559	11.24
399	IEEE Transactions on Cognitive Communications and Networking	United States	3.419	Q1	299	6306	9.1
400	Foundations and Trends in Communications and Information Theory	United States	3.415	Q1	11	605	4.0
401	Journal for ImmunoTherapy of Cancer	United Kingdom	3.403	Q1	1397	20980	8.88
402	Journal of the American Statistical Association	United Kingdom	3.397	Q1	583	13692	3.44
403	Small	Germany	3.395	Q1	3483	130598	13.11
404	Experimental and Molecular Medicine	South Korea	3.38	Q1	505	13854	12.5
405	Leukemia	United Kingdom	3.376	Q1	1098	13725	7.59
406	ILR Review	United States	3.37	Q1	137	2799	3.04
407	International Journal of Computer Vision	Netherlands	3.369	Q1	413	11858	16.45
408	Protein and Cell	China	3.367	Q1	282	4426	10.49
409	American Psychologist	United States	3.363	Q1	509	3908	11.12
410	Journal of Clinical Epidemiology	United States	3.362	Q1	867	10241	6.09
411	Journal of the European Mathematical Society	Germany	3.358	Q1	269	2191	2.33
412	Diabetologia	Germany	3.349	Q1	756	8834	7.47
413	Annual Reviews in Control	United Kingdom	3.343	Q1	180	7110	10.37
414	IEEE Transactions on Power Electronics	United States	3.341	Q1	3358	42965	8.26
415	Cement and Concrete Composites	United Kingdom	3.339	Q1	951	27752	11.09
416	Water Research	United Kingdom	3.338	Q1	3236	82394	13.13
417	Journal of Public Administration Research and Theory	United Kingdom	3.337	Q1	127	2892	5.47
418	Journal of Human Resources	United States	3.335	Q1	126	3008	3.29
419	Internet and Higher Education	United Kingdom	3.327	Q1	72	1811	11.78
420	Biofuel Research Journal	Canada	3.313	Q1	46	818	14.29
421	Public Administration Review	United Kingdom	3.311	Q1	328	7884	8.3
422	ISPRS Journal of Photogrammetry and Remote Sensing	Netherlands	3.308	Q1	735	17984	14.03
423	npj Quantum Information	United Kingdom	3.305	Q1	383	7628	7.6
424	Educational Researcher	United States	3.304	Q1	196	3142	9.95
425	Evolution Letters	United Kingdom	3.297	Q1	134	2993	4.33
426	Alzheimer's and Dementia	United States	3.288	Q1	729	19604	8.25
427	Foundations and Trends in Theoretical Computer Science	United States	3.286	Q1	3	0	0.0
428	JCI insight	United States	3.277	Q1	1672	32712	8.04
429	Ecological Monographs	United States	3.273	Q1	128	6278	6.41
430	Persoonia: Molecular Phylogeny and Evolution of Fungi	Netherlands	3.273	Q1	56	1889	9.13
431	EMBO Reports	United States	3.273	Q1	907	16544	5.57
432	Nature Astronomy	United Kingdom	3.269	Q1	808	10719	6.47
433	Educational Research Review	United Kingdom	3.269	Q1	110	5753	12.85
434	Quarterly Journal of the Royal Meteorological Society	United States	3.26	Q1	708	11308	9.82
435	Information Systems Research	United States	3.257	Q1	218	5461	5.64
436	Journal of Travel Research	United Kingdom	3.249	Q1	295	15078	12.18
437	EMS Surveys in Mathematical Sciences	Germany	3.245	Q1	22	0	2.0
438	FEMS Microbiology Reviews	United Kingdom	3.245	Q1	150	6509	10.25
439	Journal of World Business	United States	3.245	Q1	169	7276	10.43
440	Molecular Aspects of Medicine	United Kingdom	3.244	Q1	155	10029	9.7
441	Renewable and Sustainable Energy Reviews	United Kingdom	3.232	Q1	2553	126919	17.42
442	Duke Mathematical Journal	United States	3.217	Q1	201	2148	2.15
443	Trends in Plant Science	United Kingdom	3.213	Q1	439	9051	11.48
444	Current Opinion in Structural Biology	United Kingdom	3.212	Q1	471	10742	6.67
445	Current Opinion in Plant Biology	United Kingdom	3.206	Q1	319	8007	9.13
446	International Materials Reviews	United Kingdom	3.206	Q1	52	10659	14.11
447	Transportation Research Part B: Methodological	United Kingdom	3.205	Q1	482	7139	6.77
448	Surface Science Reports	Netherlands	3.204	Q1	19	1763	9.38
449	npj Vaccines	United Kingdom	3.197	Q1	304	8741	9.11
450	npj Flexible Electronics	United Kingdom	3.197	Q1	85	5477	13.8
451	Medical Image Analysis	Netherlands	3.195	Q1	667	18551	12.41
452	IEEE Transactions on Industrial Electronics	United States	3.194	Q1	3290	37053	8.41
453	Contemporary Educational Psychology	United States	3.187	Q1	231	6575	11.97
454	Systematic Biology	United Kingdom	3.185	Q1	237	8664	6.59
455	Journal of Neurology, Neurosurgery and Psychiatry	United Kingdom	3.178	Q1	773	6121	6.69
456	Strategic Entrepreneurship Journal	United States	3.175	Q1	85	3285	7.22
457	Progress in Lipid Research	United Kingdom	3.158	Q1	84	7467	14.83
458	Journal of Materials Chemistry A	United Kingdom	3.156	Q1	7283	156839	12.19
459	Laser and Photonics Reviews	Germany	3.147	Q1	415	19266	11.49
460	Journal of Business Logistics	United States	3.135	Q1	69	3254	8.96
461	Thorax	United Kingdom	3.133	Q1	639	5847	6.75
462	Foundations and Trends in Information Retrieval	United States	3.128	Q1	10	278	19.0
463	Environmental Science & Technology	United States	3.123	Q1	4900	112398	10.72
464	Physical Review Letters	United States	3.118	Q1	7909	116662	8.57
465	Stata Journal	Germany	3.115	Q1	160	913	4.53
466	Seminars in Cancer Biology	United States	3.115	Q1	465	70432	13.3
467	Health Psychology Review	United Kingdom	3.101	Q1	84	5631	11.12
468	Annals of Probability	United States	3.099	Q1	272	2376	2.28
469	Astrophysical Journal, Supplement Series	United Kingdom	3.086	Q1	705	27032	7.54
470	Journal of Thrombosis and Haemostasis	United Kingdom	3.086	Q1	1109	12603	9.11
471	Conservation Letters	United States	3.083	Q1	221	3124	7.59
472	Journal of the Association of Environmental and Resource Economists	United States	3.078	Q1	117	1947	3.33
473	IUCrJ	United Kingdom	3.072	Q1	333	4046	3.43
474	Blood advances	United States	3.07	Q1	1635	23477	6.69
475	American Journal of Obstetrics and Gynecology	United States	3.068	Q1	1548	21867	5.89
476	Pharmacology and Therapeutics	United States	3.063	Q1	458	45795	13.56
477	Political Communication	United Kingdom	3.061	Q1	130	2774	8.6
478	Journal of Advanced Ceramics	China	3.058	Q1	225	8630	17.26
479	Sleep Medicine Reviews	United Kingdom	3.053	Q1	321	8288	8.73
480	Emerging Infectious Diseases	United States	3.05	Q1	1699	10338	8.19
481	Journal of Politics	United Kingdom	3.048	Q1	418	9025	3.31
482	New Phytologist	United Kingdom	3.047	Q1	2253	53869	8.75
483	IEEE Journal of Solid-State Circuits	United States	3.043	Q1	906	10432	6.09
484	Archive for Rational Mechanics and Analysis	United States	3.041	Q1	428	4942	2.34
485	Current Directions in Psychological Science	United States	3.028	Q1	246	2357	7.86
486	Current Opinion in Neurobiology	United Kingdom	3.026	Q1	442	9154	5.66
487	Journal of Child Psychology and Psychiatry and Allied Disciplines	United Kingdom	3.025	Q1	456	9080	7.07
488	Geometric and Functional Analysis	Switzerland	3.024	Q1	112	1245	2.11
489	Structural Equation Modeling	United Kingdom	3.014	Q1	206	4871	5.98
490	Ageing Research Reviews	Ireland	3.007	Q1	438	30777	13.28
491	Transportation Research, Part E: Logistics and Transportation Review	United Kingdom	3.005	Q1	707	18648	11.42
492	SIAM Review	United States	3.002	Q1	112	2097	6.75
493	Plant Communications	United States	2.985	Q1	122	7832	10.69
494	Review of Research in Education	United States	2.985	Q1	46	1738	7.83
495	Advanced Drug Delivery Reviews	Netherlands	2.982	Q1	621	57388	15.83
496	Journal of Consumer Psychology	United States	2.978	Q1	158	3544	4.69
497	npj Computational Materials	United Kingdom	2.977	Q1	515	17516	9.05
498	International Journal of Production Research	United Kingdom	2.976	Q1	1238	39959	12.56
499	Trends in Molecular Medicine	United Kingdom	2.974	Q1	335	8167	9.01
500	National Science Review	United Kingdom	2.972	Q1	712	8701	11.55
501	Wiley Interdisciplinary Reviews: Climate Change	United States	2.972	Q1	163	6942	10.34
502	American Journal of Kidney Diseases	United Kingdom	2.969	Q1	784	7054	6.64
503	Journal of Sustainable Tourism	United Kingdom	2.966	Q1	378	19257	13.72
504	Business and Society	United Kingdom	2.965	Q1	163	8243	9.15
505	Trends in Pharmacological Sciences	United Kingdom	2.964	Q1	290	6960	10.86
506	Computer-Aided Civil and Infrastructure Engineering	United Kingdom	2.962	Q1	279	9687	10.66
507	Liver Cancer	Switzerland	2.955	Q1	172	1841	9.8
508	Journal of the ACM	United States	2.953	Q1	114	2233	3.37
509	Journal of Differential Geometry	United States	2.952	Q1	115	1488	2.08
510	Annals of Surgery	United States	2.951	Q1	2041	20482	4.89
511	Bioinformatics	United Kingdom	2.94	Q1	2939	22762	6.05
512	Soil Biology and Biochemistry	United Kingdom	2.934	Q1	924	21726	9.47
513	Annales Scientifiques de l'Ecole Normale Superieure	France	2.932	Q1	75	39	2.35
514	Annual Review of Biomedical Engineering	United States	2.927	Q1	58	1790	9.97
515	Journal of Vocational Behavior	United States	2.926	Q1	305	7221	12.02
516	Acta Materialia	United Kingdom	2.926	Q1	2332	45496	9.45
517	Opto-Electronic Advances	China	2.913	Q1	104	4396	14.38
518	JACC: Cardiovascular Interventions	United States	2.909	Q1	1813	6373	3.3
519	Applied Energy	United Kingdom	2.907	Q1	4787	102016	12.7
520	Wiley interdisciplinary reviews. RNA	United States	2.907	Q1	138	11574	7.97
521	Science Bulletin	Netherlands	2.902	Q1	1001	13536	11.23
522	American Journal of Hematology	United States	2.901	Q1	1007	9379	5.94
523	eBioMedicine	Netherlands	2.9	Q1	1901	30202	7.54
524	Transport Reviews	United Kingdom	2.898	Q1	127	4031	10.31
525	European Journal of Cancer	United Kingdom	2.898	Q1	1354	15826	6.15
526	Journal of Business Research	United States	2.895	Q1	2331	91165	13.44
527	Wiley Interdisciplinary Reviews: Computational Molecular Science	United States	2.889	Q1	131	12659	14.09
528	Metabolism: Clinical and Experimental	United Kingdom	2.886	Q1	491	9679	9.27
529	American Journal of Sociology	United States	2.884	Q1	91	4307	4.1
530	Transportation Research Part C: Emerging Technologies	United Kingdom	2.882	Q1	1026	19364	9.11
531	Robotics and Computer-Integrated Manufacturing	United Kingdom	2.881	Q1	447	8511	13.33
532	Progress in Aerospace Sciences	United Kingdom	2.881	Q1	101	5929	11.88
533	IEEE Transactions on Medical Imaging	United States	2.872	Q1	982	16620	11.56
534	npj Climate and Atmospheric Science	United States	2.87	Q1	147	6687	8.36
535	Chemistry of Materials	United States	2.869	Q1	3041	65462	8.55
536	European Journal of Personality	United Kingdom	2.868	Q1	143	4785	7.21
537	British Journal of Cancer	United Kingdom	2.867	Q1	1195	21677	7.6
538	BMJ, The	United Kingdom	2.867	Q1	8591	25098	6.62
539	Journal of Crohn's and Colitis	United Kingdom	2.866	Q1	670	6324	6.13
540	Implementation Science	United Kingdom	2.861	Q1	316	5002	6.22
541	Soft Robotics	United States	2.859	Q1	186	4491	10.55
542	Long Range Planning	United Kingdom	2.852	Q1	159	9331	8.39
543	Critical Reviews in Biochemistry and Molecular Biology	United Kingdom	2.852	Q1	91	4035	6.78
544	Journal of Anxiety Disorders	United Kingdom	2.85	Q1	283	5720	12.14
545	Child Development Perspectives	United Kingdom	2.844	Q1	119	1322	6.81
546	International Journal of Plasticity	United Kingdom	2.84	Q1	534	19339	10.05
547	Journal of Photochemistry and Photobiology C: Photochemistry Reviews	Netherlands	2.837	Q1	53	5942	14.16
548	Science Signaling	United States	2.83	Q1	531	7843	4.79
549	Milbank Quarterly	United Kingdom	2.828	Q1	168	2528	6.25
550	Transportation Science	United States	2.827	Q1	252	3298	4.32
551	New Astronomy Reviews	Netherlands	2.825	Q1	36	2948	5.44
552	Analysis and PDE	United States	2.818	Q1	172	1852	2.09
553	Molecular Metabolism	Germany	2.809	Q1	577	16594	7.95
554	Current Biology	United States	2.806	Q1	2682	38934	5.07
555	European Review of Social Psychology	United Kingdom	2.806	Q1	28	1379	9.57
556	Methods in Ecology and Evolution	United States	2.805	Q1	589	13117	6.87
557	Chemical Engineering Journal	Netherlands	2.803	Q1	10930	395465	16.3
558	Blood Reviews	United States	2.803	Q1	198	8516	7.35
559	Psychological Review	United States	2.801	Q1	152	11771	6.25
560	Journal des Mathematiques Pures et Appliquees	France	2.801	Q1	347	3619	2.41
561	Arteriosclerosis, Thrombosis, and Vascular Biology	United States	2.798	Q1	906	8315	7.1
562	Mucosal Immunology	United Kingdom	2.792	Q1	341	11115	7.56
563	Communication Research	United States	2.779	Q1	156	4418	8.24
564	Plant Biotechnology Journal	United Kingdom	2.776	Q1	697	13046	10.79
565	American Journal of Transplantation	United Kingdom	2.776	Q1	1535	11079	6.38
566	Space Science Reviews	Netherlands	2.768	Q1	281	9202	9.49
567	Wiley Interdisciplinary Reviews: Developmental Biology	United Kingdom	2.768	Q1	53	0	6.37
568	Sociological Science	United States	2.766	Q1	70	1283	3.65
569	JAMA Dermatology	United States	2.766	Q1	897	4779	4.49
570	Hypertension	United States	2.758	Q1	1282	13673	6.89
571	Journal of Energy Chemistry	Netherlands	2.754	Q1	1450	49977	13.4
572	Behavior Research Methods	United States	2.753	Q1	520	23804	6.54
573	Medicinal Research Reviews	United States	2.748	Q1	250	13266	14.06
574	Stroke	United States	2.746	Q1	2192	18470	5.63
575	Genetics in Medicine	Netherlands	2.745	Q1	971	8415	5.92
576	Journal of Manufacturing Systems	Netherlands	2.742	Q1	458	14429	13.73
577	Nous	United States	2.738	Q1	127	4457	2.64
578	Bioactive Materials	Netherlands	2.738	Q1	489	33167	18.56
579	Aging Cell	United Kingdom	2.738	Q1	616	11907	7.6
580	European Stroke Journal	United States	2.737	Q1	162	3515	5.2
581	Cancer	United States	2.736	Q1	1879	16694	4.79
582	Quarterly Reviews of Biophysics	United Kingdom	2.73	Q1	31	1421	6.65
583	Journal of Integrative Plant Biology	United Kingdom	2.729	Q1	378	14317	10.53
584	International Journal of Robotics Research	United States	2.729	Q1	251	3439	10.56
585	Annual Review of Vision Science	United States	2.727	Q1	82	1269	6.32
586	Astrophysical Journal Letters	United Kingdom	2.726	Q1	2008	34396	7.15
587	Journal of Industrial Information Integration	Netherlands	2.723	Q1	113	7545	19.03
588	Journal of Statistical Software	United States	2.722	Q1	185	2525	5.62
589	Trends in Biotechnology	United Kingdom	2.721	Q1	393	11148	12.7
590	Biomaterials	United Kingdom	2.716	Q1	1758	43030	13.74
591	IEEE Transactions on Robotics	United States	2.716	Q1	378	13054	10.22
592	Journal of Big Data	United Kingdom	2.714	Q1	375	6388	10.43
593	Journal of Heart and Lung Transplantation	United States	2.71	Q1	639	7144	5.44
594	International Journal of Behavioral Nutrition and Physical Activity	United Kingdom	2.709	Q1	459	9097	8.76
595	Quantum	Austria	2.702	Q1	496	14495	6.22
596	Obesity Reviews	United Kingdom	2.699	Q1	524	13221	8.3
597	Current Opinion in Immunology	United Kingdom	2.698	Q1	318	4997	6.56
598	International Security	United States	2.694	Q1	70	399	3.79
599	Journal of Travel Medicine	United Kingdom	2.69	Q1	545	1433	7.4
600	Computer Science Review	Ireland	2.685	Q1	163	3817	15.72
601	Resources, Conservation and Recycling	Netherlands	2.682	Q1	1594	40111	13.22
602	Omega	United Kingdom	2.679	Q1	505	6858	7.49
603	Cancer Communications	United Kingdom	2.677	Q1	260	6255	9.77
604	IEEE Transactions on Intelligent Transportation Systems	United States	2.674	Q1	1478	95123	11.49
605	npj 2D Materials and Applications	United Kingdom	2.665	Q1	189	5075	9.11
606	Progress in Neurobiology	United Kingdom	2.664	Q1	275	13046	6.44
607	Biochimica et Biophysica Acta - Reviews on Cancer	Netherlands	2.657	Q1	323	21120	11.09
608	Seminars in Immunology	United States	2.652	Q1	173	5623	6.85
609	Sociological Theory	United Kingdom	2.651	Q1	49	1543	4.52
610	Alzheimer's Research and Therapy	United Kingdom	2.65	Q1	471	10300	8.18
611	Developmental Review	United States	2.649	Q1	67	3188	6.88
612	Journal of Innovation and Knowledge	Netherlands	2.649	Q1	93	9020	20.31
613	Swarm and Evolutionary Computation	Netherlands	2.646	Q1	450	9776	10.86
614	Computers in Industry	Netherlands	2.646	Q1	379	8077	12.04
615	American Journal of Public Health	United States	2.645	Q1	1695	8021	4.15
616	Technological Forecasting and Social Change	United States	2.644	Q1	1602	69506	13.64
617	Annual Review of Nutrition	United States	2.643	Q1	56	2782	8.07
618	IEEE Journal of Emerging and Selected Topics in Power Electronics	United States	2.641	Q1	1210	22591	6.5
619	Digital Journalism	United Kingdom	2.634	Q1	264	10552	6.56
620	Additive Manufacturing	Netherlands	2.633	Q1	1666	39736	11.29
621	Qualitative Research in Psychology	United Kingdom	2.631	Q1	102	2888	14.29
622	IEEE Journal on Selected Topics in Signal Processing	United States	2.631	Q1	326	6087	8.16
623	Biotechnology Advances	United States	2.629	Q1	356	31361	16.74
624	JACC: Basic to Translational Science	United States	2.629	Q1	385	4518	4.64
625	Cytokine and Growth Factor Reviews	United Kingdom	2.621	Q1	172	6357	12.8
626	Protection and Control of Modern Power Systems	Singapore	2.618	Q1	104	2328	15.44
627	Reviews in Medical Virology	United Kingdom	2.618	Q1	211	11820	12.05
628	One Earth	United States	2.617	Q1	497	7806	7.33
629	Annals of Intensive Care	Germany	2.616	Q1	485	4504	7.24
630	Political Psychology	United Kingdom	2.61	Q1	211	6313	5.15
631	Journal of Advertising	United States	2.606	Q1	132	5013	6.97
632	International journal of oral science	China	2.603	Q1	112	3859	16.21
633	ACM Transactions on Intelligent Systems and Technology	United States	2.603	Q1	206	7636	5.44
634	Movement Disorders	United States	2.602	Q1	1169	11753	5.67
635	Gut Microbes	United States	2.6	Q1	503	17355	12.22
636	Neuroscience and Biobehavioral Reviews	United Kingdom	2.599	Q1	1188	72829	8.05
637	Modern Pathology	United Kingdom	2.598	Q1	741	9525	6.98
638	British Journal of Psychiatry	United Kingdom	2.597	Q1	506	3122	5.07
639	International Journal of Surgery	Netherlands	2.597	Q1	1320	10415	7.29
640	Tourism Geographies	United Kingdom	2.596	Q1	189	5278	15.48
641	Molecular Ecology Resources	United Kingdom	2.594	Q1	483	16621	8.66
642	Journal of Business Ethics	Netherlands	2.59	Q1	1093	50260	8.11
643	Political Science Research and Methods	United Kingdom	2.589	Q1	198	3236	4.59
644	Globalization and Health	United Kingdom	2.587	Q1	340	5646	11.31
645	Epigenetics and Chromatin	United Kingdom	2.586	Q1	186	3194	3.67
646	Annual Review of Criminology	United States	2.58	Q1	56	0	5.44
647	Food Hydrocolloids	Netherlands	2.578	Q1	2251	46173	12.34
648	Bone Research	United Kingdom	2.575	Q1	125	5898	10.5
649	Ultrasound in Obstetrics and Gynecology	United Kingdom	2.572	Q1	920	6728	4.51
650	Depression and Anxiety	United States	2.572	Q1	335	4379	7.99
651	Journal of the American Planning Association	United Kingdom	2.572	Q1	161	4526	5.2
652	Translational Neurodegeneration	United Kingdom	2.571	Q1	129	6294	10.88
653	Journal of Hazardous Materials	Netherlands	2.57	Q1	6555	203879	14.99
654	Comprehensive Reviews in Food Science and Food Safety	United States	2.566	Q1	446	30914	16.34
655	Shiyou Kantan Yu Kaifa/Petroleum Exploration and Development	China	2.565	Q1	361	1386	4.14
656	Linguistic Inquiry	United States	2.564	Q1	71	2082	1.63
657	JACC: Clinical Electrophysiology	United States	2.562	Q1	764	5018	3.54
658	Haematologica	Italy	2.557	Q1	1397	11389	5.12
659	World Bank Research Observer	United Kingdom	2.553	Q1	27	635	11.08
660	Algebraic Geometry	Germany	2.552	Q1	80	984	1.63
661	Chinese Journal of Catalysis	China	2.551	Q1	596	21442	16.53
662	Journal of Risk and Uncertainty	Netherlands	2.545	Q1	72	1189	4.65
663	Cell Chemical Biology	United States	2.541	Q1	503	8722	7.29
664	IEEE Transactions on Mobile Computing	United States	2.541	Q1	710	14071	6.55
665	Materials Research Letters	United Kingdom	2.529	Q1	197	4778	8.28
666	Advanced Optical Materials	United States	2.524	Q1	1901	54337	9.39
667	Trends in Food Science and Technology	United Kingdom	2.522	Q1	1283	33643	16.74
668	Work and Stress	United Kingdom	2.52	Q1	64	2252	6.83
669	Journal of Biomedical Science	United Kingdom	2.52	Q1	277	10172	10.78
670	Redox Biology	Netherlands	2.519	Q1	1141	21964	10.89
671	Acta Pharmaceutica Sinica B	Netherlands	2.518	Q1	551	26282	14.18
672	Journal of Business and Psychology	United States	2.517	Q1	166	9114	5.72
673	Probability Theory and Related Fields	Germany	2.515	Q1	236	3032	1.85
674	Current Opinion in Chemical Biology	United Kingdom	2.514	Q1	359	6615	7.1
675	Progress in Quantum Electronics	United Kingdom	2.513	Q1	40	3094	11.26
676	NeuroImage	United States	2.512	Q1	3136	66316	5.68
677	Earth's Future	United States	2.51	Q1	385	21843	8.02
678	Current Psychiatry Reports	United States	2.51	Q1	309	6116	7.0
679	Antipode	United Kingdom	2.504	Q1	272	8670	6.02
680	World Development	United Kingdom	2.504	Q1	1070	23059	7.22
681	NPG Asia Materials	United States	2.501	Q1	244	4813	9.77
682	Jahrbucher fur Nationalokonomie und Statistik	Germany	2.494	Q1	99	1273	1.48
683	Polymer Reviews	United States	2.493	Q1	61	6085	13.71
684	PLoS Pathogens	United States	2.49	Q1	2060	41871	6.58
685	Artificial Intelligence Review	Netherlands	2.49	Q1	439	32923	15.01
686	IEEE Transactions on Transportation Electrification	United States	2.487	Q1	519	14799	8.0
687	British Journal of Anaesthesia	United Kingdom	2.487	Q1	1331	11926	4.15
688	Nano Research	China	2.486	Q1	1344	84996	10.49
689	Nanoscale Horizons	United Kingdom	2.486	Q1	383	11699	9.82
690	Cardiovascular Research	United Kingdom	2.481	Q1	922	15602	6.94
691	Journal of Occupational Health Psychology	United States	2.478	Q1	122	3603	4.97
692	Geometry and Topology	United Kingdom	2.478	Q1	166	2153	1.81
693	Mechanical Systems and Signal Processing	United States	2.475	Q1	2319	51525	10.0
694	Business Horizons	United Kingdom	2.475	Q1	230	2736	8.48
695	Bioresource Technology	United Kingdom	2.473	Q1	4872	109446	12.6
696	Current Opinion in Solid State and Materials Science	United Kingdom	2.473	Q1	93	6032	10.75
697	Annales de l'Institut Henri Poincare (C) Analyse Non Lineaire	Germany	2.473	Q1	182	909	1.93
698	Development (Cambridge)	United Kingdom	2.472	Q1	1314	27151	3.71
699	SIAM Journal on Computing	United States	2.471	Q1	178	2796	2.59
700	Clinical Child and Family Psychology Review	United States	2.466	Q1	97	3751	7.48
701	Psychological Medicine	United Kingdom	2.465	Q1	1042	29901	6.03
702	Computers in Human Behavior	United Kingdom	2.464	Q1	1198	29423	12.27
703	Atmospheric Chemistry and Physics	Germany	2.463	Q1	2562	63264	6.34
704	Modern Language Journal	United States	2.463	Q1	166	3203	3.89
705	Traffic	Denmark	2.462	Q1	164	2550	3.94
706	Critical Finance Review	United States	2.451	Q1	40	918	1.04
707	Global Ecology and Biogeography	United Kingdom	2.447	Q1	504	13393	6.62
708	Pain	United States	2.445	Q1	921	19784	6.5
709	Journal of Peace Research	United Kingdom	2.444	Q1	205	7222	3.96
710	Acta Psychiatrica Scandinavica	United Kingdom	2.444	Q1	357	5674	5.83
711	Automation in Construction	Netherlands	2.443	Q1	1109	35671	12.16
712	Journal of Magnesium and Alloys	China	2.441	Q1	419	26622	13.65
713	JACC: CardioOncology	United States	2.44	Q1	291	3037	4.13
714	Journal of the American Medical Informatics Association : JAMIA	United States	2.44	Q1	809	7631	7.23
715	Journal of Neuroinflammation	United Kingdom	2.439	Q1	949	23479	9.0
716	IEEE Computational Intelligence Magazine	United States	2.437	Q1	132	1319	4.79
717	Forum of Mathematics, Pi	United Kingdom	2.436	Q1	29	1425	2.0
718	MIS Quarterly Executive	United States	2.436	Q1	71	254	3.47
719	Mind	United Kingdom	2.433	Q1	118	994	1.96
720	Progress in Nuclear Magnetic Resonance Spectroscopy	Netherlands	2.423	Q1	55	4009	6.22
721	Trauma, Violence, and Abuse	United Kingdom	2.422	Q1	216	20473	10.05
722	Bulletin of the American Meteorological Society	United States	2.418	Q1	676	11876	5.07
723	Earth and Planetary Science Letters	Netherlands	2.416	Q1	1469	26670	5.47
724	Climate Policy	United Kingdom	2.412	Q1	301	7158	7.75
725	Scientific data	United Kingdom	2.41	Q1	1085	36290	9.55
726	Technovation	United Kingdom	2.41	Q1	171	17557	12.65
727	Survey Research Methods	United Kingdom	2.41	Q1	83	1057	4.83
728	Journal of Health and Social Behavior	United States	2.409	Q1	105	2990	5.04
729	Journal of Clinical Periodontology	Denmark	2.407	Q1	452	6584	6.57
730	Social Psychological and Personality Science	United States	2.404	Q1	372	8271	6.57
731	Learning and Instruction	United Kingdom	2.398	Q1	216	6516	7.39
732	Geology	United States	2.397	Q1	882	8770	5.61
733	Progress in Planning	United Kingdom	2.391	Q1	28	2373	6.9
734	Clinical Reviews in Allergy and Immunology	United States	2.391	Q1	177	10510	9.97
735	Schizophrenia Bulletin	United Kingdom	2.387	Q1	537	5532	5.84
736	Journal of Marriage and Family	United Kingdom	2.386	Q1	251	5079	6.76
737	Neuropsychopharmacology	United Kingdom	2.385	Q1	890	20463	6.3
738	Journal of Network and Computer Applications	United States	2.384	Q1	577	10923	11.21
739	Calculus of Variations and Partial Differential Equations	Germany	2.382	Q1	618	8711	1.95
740	Theranostics	Australia	2.381	Q1	1936	36518	12.06
741	Biomarker Research	United Kingdom	2.379	Q1	190	8450	9.57
742	JNCI Cancer Spectrum	United States	2.377	Q1	309	2691	3.68
743	GLIA	United States	2.376	Q1	503	11866	6.48
744	IEEE Transactions on Control of Network Systems	United States	2.376	Q1	467	5952	4.23
745	BMJ Global Health	United Kingdom	2.376	Q1	1424	18402	6.15
746	Dialogues in Human Geography	United States	2.375	Q1	185	3227	5.57
747	American Statistician	United Kingdom	2.373	Q1	203	1997	1.76
748	Ecography	United Kingdom	2.372	Q1	501	12305	6.0
749	Cellular and Molecular Life Sciences	Switzerland	2.371	Q1	1073	57966	8.19
750	European Journal of Operational Research	Netherlands	2.371	Q1	1951	33796	7.16
751	British Journal of Health Psychology	United States	2.371	Q1	182	4684	10.43
752	Policy and Society	United Kingdom	2.37	Q1	98	2468	10.46
753	Quarterly Journal of Political Science	United States	2.364	Q1	52	758	1.69
754	PLoS Genetics	United States	2.363	Q1	1686	31329	4.24
755	Mobile DNA	United Kingdom	2.363	Q1	110	1642	4.74
756	Cardiovascular Diabetology	United Kingdom	2.361	Q1	616	14012	8.53
757	Compositio Mathematica	United Kingdom	2.36	Q1	186	2515	1.38
758	IEEE Transactions on Image Processing	United States	2.359	Q1	1861	32539	10.5
759	IEEE Transactions on Knowledge and Data Engineering	United States	2.358	Q1	648	22496	7.05
760	Engineering Geology	Netherlands	2.342	Q1	1141	18904	7.42
761	Quantum Science and Technology	United States	2.341	Q1	307	8536	6.93
762	Virus Evolution	United States	2.337	Q1	258	4608	6.41
763	Journal of Teacher Education	United States	2.337	Q1	131	3020	5.53
764	Sociology of Education	United States	2.335	Q1	55	1316	4.08
765	Advances in Nutrition	United States	2.331	Q1	469	15866	7.94
766	Tobacco Control	United Kingdom	2.331	Q1	623	11033	4.13
767	Wiley Interdisciplinary Reviews: Data Mining and Knowledge Discovery	United States	2.33	Q1	132	5005	10.3
768	BMC Biology	United Kingdom	2.324	Q1	556	22160	5.04
769	International Journal of Clinical and Health Psychology	Spain	2.324	Q1	89	1720	11.37
770	Journal of Democracy	United States	2.322	Q1	156	1082	3.07
771	Chest	United States	2.322	Q1	2356	14179	3.86
772	Government Information Quarterly	United Kingdom	2.321	Q1	212	7756	9.37
773	IEEE Transactions on Antennas and Propagation	United States	2.317	Q1	2727	44646	6.19
774	Journal of Second Language Writing	United Kingdom	2.314	Q1	103	1371	6.09
775	Oncogene	United Kingdom	2.311	Q1	1522	22776	7.36
776	Journal fur die Reine und Angewandte Mathematik	Germany	2.31	Q1	321	3614	1.23
777	RNA	United States	2.309	Q1	416	7131	4.29
778	Sustainable Cities and Society	Netherlands	2.305	Q1	2070	55848	12.94
779	Trends in Endocrinology and Metabolism	United States	2.304	Q1	291	6654	8.28
780	Review of Public Personnel Administration	United States	2.303	Q1	92	4880	6.75
781	Composites Part B: Engineering	United Kingdom	2.3	Q1	2935	45327	14.04
782	Earth System Dynamics	Germany	2.298	Q1	187	7955	7.18
783	Annual Review of Chemical and Biomolecular Engineering	United States	2.294	Q1	69	3168	8.49
784	Applied Mechanics Reviews	United States	2.293	Q1	48	2241	13.81
785	Clinical journal of the American Society of Nephrology : CJASN	United States	2.293	Q1	878	8140	4.88
786	Energy Policy	United Kingdom	2.292	Q1	2018	34109	9.5
787	Information Sciences	United States	2.285	Q1	3053	60067	9.01
788	Natural Product Reports	United Kingdom	2.284	Q1	260	17676	11.68
789	American Journal of Science	United States	2.283	Q1	73	3889	3.24
790	mBio	United States	2.283	Q1	2231	46826	5.85
791	SIAM Journal on Optimization	United States	2.282	Q1	369	4856	3.0
792	Journal of Peasant Studies	United Kingdom	2.277	Q1	206	11255	6.63
793	Journal of the Learning Sciences	United States	2.267	Q1	69	1554	6.4
794	Current Opinion in Genetics and Development	United Kingdom	2.264	Q1	300	5996	3.88
795	Annual Review of Analytical Chemistry	United States	2.263	Q1	68	1673	8.07
796	Heart Rhythm	Netherlands	2.256	Q1	1023	7388	4.21
797	British Journal of Dermatology	United Kingdom	2.254	Q1	2171	9354	3.46
798	Biostatistics	United Kingdom	2.248	Q1	170	2056	2.59
799	Wiley Interdisciplinary Reviews: Water	United States	2.245	Q1	210	5869	8.7
800	Social Issues and Policy Review	United Kingdom	2.245	Q1	27	1477	10.11
801	Journal of Climate	United States	2.243	Q1	1602	32310	5.05
802	Journal of Petrology	United Kingdom	2.243	Q1	278	10795	3.83
803	Resuscitation	Ireland	2.242	Q1	1453	9894	3.48
804	Advances in Colloid and Interface Science	Netherlands	2.241	Q1	423	29999	16.33
805	Science China Chemistry	China	2.241	Q1	724	17550	8.3
806	Solar RRL	Germany	2.24	Q1	1061	30507	8.31
807	Journal of Cardiovascular Magnetic Resonance	United Kingdom	2.233	Q1	296	3553	6.16
808	Angiogenesis	Netherlands	2.227	Q1	159	2507	9.43
809	Geoscientific Model Development	Germany	2.225	Q1	873	30055	5.22
810	Cryosphere	Germany	2.222	Q1	751	18237	5.15
811	Advances in Nonlinear Analysis	Germany	2.222	Q1	247	1352	3.77
812	npj Quantum Materials	United Kingdom	2.221	Q1	256	6556	5.43
813	TrAC - Trends in Analytical Chemistry	Netherlands	2.218	Q1	970	31309	13.53
814	Computer Methods in Applied Mechanics and Engineering	Netherlands	2.218	Q1	1866	42648	7.62
815	npj Breast Cancer	United Kingdom	2.209	Q1	261	6079	5.47
816	JCO Precision Oncology	United States	2.208	Q1	479	3235	3.62
817	BJOG: An International Journal of Obstetrics and Gynaecology	United Kingdom	2.203	Q1	1275	10222	2.86
818	Seminars in Cell and Developmental Biology	United Kingdom	2.197	Q1	604	26765	6.63
819	ESMO Open	United Kingdom	2.196	Q1	583	8738	5.73
820	Current Opinion in Microbiology	United Kingdom	2.195	Q1	297	6732	5.18
821	Language Learning	United Kingdom	2.195	Q1	127	4395	4.91
822	Biosensors and Bioelectronics	United Kingdom	2.194	Q1	2342	49259	13.39
823	Global Biogeochemical Cycles	United States	2.19	Q1	351	13262	5.16
824	Cell Death and Disease	United Kingdom	2.188	Q1	3036	54768	8.36
825	Journal of Consulting and Clinical Psychology	United States	2.188	Q1	282	3942	6.29
826	Brain Stimulation	United States	2.184	Q1	741	8683	4.61
827	American Journal of Preventive Medicine	United States	2.181	Q1	914	12403	4.95
828	ACS applied materials & interfaces	United States	2.178	Q1	17398	316123	9.46
829	Addiction	United Kingdom	2.177	Q1	1037	15421	4.4
830	Bulletin of the Geological Society of America	United States	2.17	Q1	393	20035	5.21
831	Geochimica et Cosmochimica Acta	United Kingdom	2.165	Q1	1423	42778	4.93
832	Journal of Conflict Resolution	United States	2.164	Q1	229	6547	2.98
833	Journal of School Psychology	United Kingdom	2.16	Q1	148	5545	5.65
834	Journal of Intelligent Manufacturing	Netherlands	2.16	Q1	449	13897	11.48
835	Journal of Cachexia, Sarcopenia and Muscle	United States	2.159	Q1	443	11851	8.23
836	Rhinology	Netherlands	2.159	Q1	240	1900	7.75
837	International Journal of Computer-Supported Collaborative Learning	United States	2.158	Q1	64	1384	5.35
838	Natural Language and Linguistic Theory	Netherlands	2.156	Q1	93	4076	1.91
839	American Heart Journal	United States	2.155	Q1	645	6025	4.07
840	Geochemical Perspectives Letters	France	2.152	Q1	103	1078	4.91
841	Publications of the Astronomical Society of the Pacific	United States	2.151	Q1	349	7838	3.0
842	Bone and Joint Journal	United Kingdom	2.149	Q1	894	6148	4.4
843	Translational Psychiatry	United Kingdom	2.148	Q1	1356	35628	6.58
844	Biological Conservation	Netherlands	2.146	Q1	1251	22534	6.2
845	Open Biology	United Kingdom	2.143	Q1	376	13314	5.31
846	Current Forestry Reports	Switzerland	2.143	Q1	61	2276	9.49
847	npj Parkinson's Disease	United States	2.138	Q1	185	10941	8.52
848	Photoacoustics	Germany	2.134	Q1	167	4774	8.07
849	Social Forces	United Kingdom	2.132	Q1	176	3659	3.66
850	Frontiers in Neuroendocrinology	United States	2.132	Q1	137	10273	7.74
851	Demography	United States	2.131	Q1	291	6441	3.51
852	Journal of Materials Science and Technology	Netherlands	2.13	Q1	1843	55191	11.3
853	Current Opinion in Psychology	United Kingdom	2.13	Q1	532	15025	6.92
854	Public Opinion Quarterly	United Kingdom	2.129	Q1	134	926	3.12
855	Tunnelling and Underground Space Technology	United Kingdom	2.125	Q1	1195	19706	7.11
856	Decision Sciences	United Kingdom	2.122	Q1	149	4001	7.24
857	Plant Journal	United Kingdom	2.118	Q1	1309	32461	6.83
858	Journal of Public Transportation	Netherlands	2.118	Q1	15	1337	11.2
859	Gastric Cancer	Japan	2.118	Q1	369	3775	7.37
860	Reviews in Aquaculture	Australia	2.117	Q1	316	19902	12.12
861	British Journal of Social Psychology	United States	2.117	Q1	184	6505	7.02
862	British Journal of Educational Technology	United Kingdom	2.116	Q1	480	6913	8.07
863	Science Education	United States	2.115	Q1	147	5328	5.04
864	Advanced healthcare materials	United Kingdom	2.114	Q1	1228	41156	10.19
865	Emotion Review	United Kingdom	2.113	Q1	93	2323	4.21
866	ACS Photonics	United States	2.113	Q1	1265	28662	7.22
867	IEEE Transactions on Services Computing	United States	2.111	Q1	315	11906	7.11
868	Neuroscientist	United States	2.109	Q1	158	9965	4.79
869	Cold Spring Harbor Perspectives in Medicine	United States	2.109	Q1	270	4873	5.71
870	Matrix Biology	Netherlands	2.109	Q1	197	6693	6.66
871	British Journal of Surgery	United Kingdom	2.108	Q1	1477	4396	3.07
872	Mathematische Annalen	Germany	2.107	Q1	475	11759	1.51
873	Cancer and Metastasis Reviews	Netherlands	2.107	Q1	220	9211	7.89
874	American Journal of Mathematics	United States	2.105	Q1	139	1731	1.49
875	Journal of Memory and Language	United States	2.104	Q1	190	3063	4.74
876	Fiscal Studies	United States	2.103	Q1	90	747	7.44
877	RSF	United States	2.101	Q1	103	3734	2.56
878	Carbon	United Kingdom	2.1	Q1	3167	47371	11.13
879	Urban Studies	United Kingdom	2.1	Q1	567	14395	5.91
880	European Journal of Nuclear Medicine and Molecular Imaging	Germany	2.1	Q1	1271	16318	6.37
881	npj Genomic Medicine	United Kingdom	2.093	Q1	190	4119	4.89
882	Drugs	United Kingdom	2.093	Q1	521	9281	9.44
883	Current Opinion in Virology	Netherlands	2.091	Q1	269	4878	5.65
884	International Journal of Radiation Oncology Biology Physics	United States	2.09	Q1	1804	13527	3.76
885	Cancer Letters	Ireland	2.088	Q1	1327	25628	9.13
886	Pattern Recognition	United Kingdom	2.085	Q1	1290	31511	9.45
887	Philosophical Transactions of the Royal Society B: Biological Sciences	United Kingdom	2.084	Q1	1250	32932	5.81
888	New Media and Society	United Kingdom	2.084	Q1	567	21820	5.75
889	International Journal of Engineering Science	United Kingdom	2.082	Q1	326	4161	6.78
890	Assessment and Evaluation in Higher Education	United Kingdom	2.079	Q1	262	6938	6.6
891	Studies in Second Language Acquisition	United Kingdom	2.077	Q1	160	4740	4.51
892	Decision Support Systems	Netherlands	2.076	Q1	350	6347	8.69
893	Journal of Urban Health	Germany	2.076	Q1	255	4905	5.56
894	Functional Ecology	United Kingdom	2.073	Q1	666	19555	5.15
895	American Journal of Clinical Dermatology	United Kingdom	2.072	Q1	234	5521	7.46
896	Conservation Biology	United Kingdom	2.071	Q1	513	11749	6.27
897	Journal of Ecology	United Kingdom	2.07	Q1	721	19803	5.7
898	IEEE/ASME Transactions on Mechatronics	United States	2.069	Q1	856	19439	7.21
899	Energy Strategy Reviews	Netherlands	2.068	Q1	342	14317	9.17
900	Tectonics	United States	2.068	Q1	603	16546	4.27
901	Acta Geotechnica	Germany	2.067	Q1	588	22652	6.48
902	Knowledge-Based Systems	Netherlands	2.065	Q1	2011	67801	9.8
903	Landscape and Urban Planning	Netherlands	2.065	Q1	625	16296	9.37
904	ACM Transactions on Algorithms	United States	2.065	Q1	125	386	1.99
905	ChemSusChem	Germany	2.064	Q1	1742	36228	8.28
906	Reviews in Fisheries Science and Aquaculture	United Kingdom	2.064	Q1	81	4038	14.26
907	Quarterly Review of Biology	United States	2.063	Q1	22	903	6.38
908	Current Issues in Tourism	United Kingdom	2.062	Q1	651	27483	10.23
909	Annual review of food science and technology	United States	2.061	Q1	69	840	12.88
910	European Societies	United Kingdom	2.06	Q1	156	2549	8.47
911	Mayo Clinic Proceedings	United Kingdom	2.056	Q1	1367	8450	4.03
912	Current Opinion in Biotechnology	United Kingdom	2.055	Q1	541	12864	7.86
913	Journal of the American Geriatrics Society	United Kingdom	2.054	Q1	1664	14503	4.32
914	International Journal of Educational Technology in Higher Education	Netherlands	2.051	Q1	164	3689	10.42
915	Gastrointestinal Endoscopy	United States	2.046	Q1	1580	8245	3.08
916	Future Generation Computer Systems	Netherlands	2.043	Q1	2047	18008	9.17
917	Geotechnique	United Kingdom	2.042	Q1	316	9042	4.18
918	Journal of Sport and Health Science	Netherlands	2.041	Q1	270	5124	9.32
919	Health Reports	Canada	2.04	Q1	79	880	5.06
920	Mineralium Deposita	Germany	2.039	Q1	234	6778	5.39
921	IEEE Transactions on Energy Conversion	United States	2.038	Q1	777	8544	5.68
922	Sustainable Development	United Kingdom	2.035	Q1	325	17335	13.83
923	Journal of Abnormal Psychology	United States	2.031	Q1	246	0	4.28
924	Journal of Youth and Adolescence	United States	2.03	Q1	500	9806	5.45
925	Sustainable Production and Consumption	Netherlands	2.029	Q1	588	30808	13.56
926	Journal of Arthroplasty	United States	2.028	Q1	2148	19172	3.43
927	Journal of Vascular Surgery	United States	2.027	Q1	1980	14822	2.93
928	Climate of the Past	Germany	2.025	Q1	374	12339	4.36
929	IEEE/ACM Transactions on Networking	United States	2.025	Q1	584	8984	4.66
930	RMD Open	United Kingdom	2.024	Q1	397	7311	5.37
931	Journal of Experimental Psychology: General	United States	2.023	Q1	496	15502	4.32
932	Frontiers in Immunology	Switzerland	2.022	Q1	12545	583274	6.92
933	American Journal of Geriatric Psychiatry	United States	2.021	Q1	624	5140	4.41
934	IEEE Antennas and Wireless Propagation Letters	United States	2.02	Q1	1597	11187	4.75
935	British Journal of Pharmacology	United States	2.019	Q1	1010	29300	7.38
936	Neuropsychology Review	United States	2.019	Q1	94	7071	6.02
937	Journal of Field Robotics	United States	2.019	Q1	184	4618	10.16
938	Journals of the Atmospheric Sciences	United States	2.016	Q1	655	10626	3.05
939	Clinical Epigenetics	United Kingdom	2.014	Q1	601	11486	5.36
940	Nanophotonics	Germany	2.013	Q1	880	26758	7.63
941	Proceedings of the VLDB Endowment	United States	2.012	Q1	731	16503	4.22
942	Journal of NeuroInterventional Surgery	United Kingdom	2.01	Q1	812	9506	4.89
943	Arthroscopy - Journal of Arthroscopic and Related Surgery	United Kingdom	2.006	Q1	1754	14810	2.7
944	Journal of Clinical Virology	Netherlands	2.006	Q1	600	3490	8.81
945	OncoImmunology	United States	2.003	Q1	772	9874	6.57
946	Service Industries Journal	United Kingdom	1.996	Q1	178	7210	10.48
947	Sociological Methodology	United Kingdom	1.996	Q1	43	585	2.79
948	Advances in Mathematics	United States	1.995	Q1	1228	19053	1.57
949	SIAM Journal on Mathematical Analysis	United States	1.994	Q1	570	7136	1.87
950	European Psychiatry	United Kingdom	1.993	Q1	291	4647	7.01
951	Journal of Family Business Strategy	United Kingdom	1.992	Q1	87	4640	7.42
952	International Journal of Mining Science and Technology	Netherlands	1.991	Q1	338	6037	11.99
953	Bayesian Analysis	United States	1.99	Q1	142	1937	3.32
954	Energy	United Kingdom	1.989	Q1	7155	173830	10.11
955	Mathematical Models and Methods in Applied Sciences	Singapore	1.988	Q1	223	4137	3.84
956	Journal of Affective Disorders	Netherlands	1.988	Q1	3710	70247	6.69
957	Work, Employment and Society	United Kingdom	1.988	Q1	219	6403	4.77
958	IEEE Transactions on Control Systems Technology	United States	1.985	Q1	710	8577	5.7
959	International Journal of Social Psychiatry	United Kingdom	1.984	Q1	326	11570	10.98
960	Journal of Metamorphic Geology	United Kingdom	1.983	Q1	138	6472	3.32
961	Ocular Surface	United States	1.983	Q1	366	6445	6.49
962	Journal of Cleaner Production	United Kingdom	1.981	Q1	14499	320957	11.9
963	Social Science and Medicine	United Kingdom	1.978	Q1	2000	46320	5.54
964	Statistical Science	United States	1.978	Q1	159	2453	3.56
965	System	United Kingdom	1.972	Q1	403	10054	6.73
966	Annals of Applied Probability	United States	1.971	Q1	268	4824	1.82
967	Policy Studies Journal	United Kingdom	1.97	Q1	151	3803	4.31
968	IEEE Transactions on Automation Science and Engineering	United States	1.968	Q1	506	13312	7.19
969	npj Regenerative Medicine	United States	1.967	Q1	130	5696	6.74
970	Epilepsia	United Kingdom	1.966	Q1	932	13592	5.3
971	International Journal of Rock Mechanics and Minings Sciences	United Kingdom	1.965	Q1	824	10944	7.23
972	Journal of Applied Ecology	United Kingdom	1.964	Q1	733	15607	5.89
973	Developmental Science	United Kingdom	1.962	Q1	397	11168	4.33
974	Biology of Sex Differences	United Kingdom	1.961	Q1	190	4563	8.24
975	American Journal of Clinical Nutrition	United States	1.96	Q1	1165	16039	5.68
976	Nature Reviews Urology	United Kingdom	1.96	Q1	413	7868	4.58
977	Green Chemistry	United Kingdom	1.959	Q1	2244	64545	10.13
978	Journal of the American Society of Echocardiography	United States	1.959	Q1	663	4422	3.5
979	Progress of Theoretical and Experimental Physics	United Kingdom	1.958	Q1	492	20582	5.6
980	Essays in Biochemistry	United Kingdom	1.958	Q1	224	5679	6.17
981	Ecosystem Services	Netherlands	1.956	Q1	480	9988	7.72
982	Accident Analysis and Prevention	United Kingdom	1.956	Q1	1221	15416	6.31
983	Gerontologist, The	United States	1.954	Q1	624	5760	6.15
984	Social Media and Society	United Kingdom	1.95	Q1	429	7735	6.05
985	APL Photonics	United States	1.949	Q1	444	5755	6.05
986	Educational and Psychological Measurement	United States	1.949	Q1	152	3549	3.52
987	Journal of Urology	United States	1.945	Q1	3949	6696	1.46
988	Weather and Climate Extremes	Netherlands	1.941	Q1	187	7205	8.06
989	Inflammation and Regeneration	United Kingdom	1.938	Q1	94	4312	7.57
990	Geoderma	Netherlands	1.933	Q1	1712	39310	6.66
991	Social Problems	United States	1.932	Q1	134	3143	3.98
992	Geoscience Frontiers	China	1.93	Q1	520	14080	9.49
993	Liver International	United Kingdom	1.929	Q1	1050	12489	5.67
994	Landslides	Germany	1.928	Q1	637	10261	6.74
995	Journal of Cerebral Blood Flow and Metabolism	United States	1.925	Q1	667	11556	6.01
996	Journal of European Public Policy	United Kingdom	1.922	Q1	311	8476	4.49
997	IEEE Transactions on Power Delivery	United States	1.92	Q1	944	15554	5.23
998	Journal of Animal Ecology	United Kingdom	1.913	Q1	655	14908	4.78
999	Journal of Modern Power Systems and Clean Energy	China	1.912	Q1	426	5953	7.37
1000	Proceedings of the London Mathematical Society	United Kingdom	1.912	Q1	203	2073	1.63
1001	Planning Theory	United Kingdom	1.911	Q1	78	2218	3.54
1002	Journal of Membrane Science	Netherlands	1.91	Q1	2835	55510	10.17
1003	European Journal of Psychology Applied to Legal Context	Spain	1.91	Q1	30	652	10.2
1004	Clinical and Translational Immunology	United Kingdom	1.908	Q1	296	4445	5.77
1005	IEEE Transactions on Affective Computing	United States	1.905	Q1	256	11613	6.55
1006	SIAM Journal on Numerical Analysis	United States	1.899	Q1	369	4510	2.82
1007	Europace	United Kingdom	1.899	Q1	1045	4073	3.51
1008	SciPost Physics	Netherlands	1.897	Q1	609	21435	5.34
1009	Food Policy	United Kingdom	1.896	Q1	364	8549	6.99
1010	SOIL	Germany	1.894	Q1	112	3279	7.06
1011	Neurobiology of Disease	United States	1.893	Q1	953	24851	6.13
1012	IEEE Transactions on Microwave Theory and Techniques	United States	1.892	Q1	1456	17996	4.54
1013	Advanced Electronic Materials	Germany	1.891	Q1	1119	29007	6.65
1014	Nano Convergence	United Kingdom	1.891	Q1	120	5073	10.98
1015	Monthly Weather Review	United States	1.89	Q1	676	9701	3.23
1016	IEEE Transactions on Parallel and Distributed Systems	United States	1.89	Q1	651	15918	5.94
1017	npj Clean Water	United States	1.888	Q1	110	4384	8.81
1018	Construction and Building Materials	United Kingdom	1.888	Q1	10282	207182	8.06
1019	Educational Administration Quarterly	United States	1.886	Q1	73	2272	4.98
1020	Life Science Alliance	United States	1.884	Q1	472	15904	4.32
1021	Applied Soft Computing Journal	Netherlands	1.882	Q1	2535	49835	10.16
1022	International Review of Financial Analysis	United States	1.881	Q1	547	23828	8.98
1023	Learning, Media and Technology	United Kingdom	1.879	Q1	108	3259	9.46
1024	Telematics and Informatics	United Kingdom	1.878	Q1	371	7142	10.09
1025	Tourism Review	United Kingdom	1.878	Q1	268	7830	9.89
1026	Distance Education	United Kingdom	1.878	Q1	105	1918	8.0
1027	Structural Health Monitoring	United Kingdom	1.877	Q1	451	13449	7.71
1028	Heart	United Kingdom	1.877	Q1	1221	8305	3.38
1029	General Hospital Psychiatry	United States	1.876	Q1	383	4516	5.02
1030	ACS Sensors	United States	1.875	Q1	1348	24157	8.83
1031	Expert Systems with Applications	United Kingdom	1.873	Q1	2973	106921	10.35
1032	International Journal of Bilingual Education and Bilingualism	United Kingdom	1.873	Q1	288	13990	4.3
1033	PLoS Computational Biology	United States	1.872	Q1	2441	55211	4.01
1034	IEEE Intelligent Systems	United States	1.872	Q1	170	1237	6.94
1035	Virtual and Physical Prototyping	United Kingdom	1.871	Q1	112	3368	11.92
1036	IEEE Transactions on Information Theory	United States	1.87	Q1	1442	19212	2.92
1037	Resources Policy	United Kingdom	1.869	Q1	1074	41015	10.59
1038	Journal of Combinatorial Theory. Series B	United States	1.869	Q1	250	2201	1.54
1039	Comprehensive Psychiatry	United Kingdom	1.869	Q1	219	5036	8.62
1040	Fish and Fisheries	United Kingdom	1.868	Q1	239	8901	6.68
1041	Transcription	United Kingdom	1.867	Q1	58	814	2.79
1042	Gender and Society	United States	1.866	Q1	116	1888	5.51
1043	Geotextiles and Geomembranes	Netherlands	1.864	Q1	298	5126	5.1
1044	Osteoarthritis and Cartilage	United Kingdom	1.863	Q1	571	8791	5.38
1045	Critical Reviews in Food Science and Nutrition	United Kingdom	1.862	Q1	964	161638	11.83
1046	Archives of Disease in Childhood: Fetal and Neonatal Edition	United Kingdom	1.861	Q1	443	3325	3.89
1047	Cognitive Behaviour Therapy	Sweden	1.859	Q1	106	1771	5.08
1048	Oncologist	United States	1.859	Q1	1316	6616	4.56
1049	Journal of Power Sources	Netherlands	1.854	Q1	3929	68279	9.48
1050	Current Opinion in Electrochemistry	Netherlands	1.854	Q1	490	15074	8.46
1051	Journal of Transport Geography	United Kingdom	1.852	Q1	709	11230	6.6
1052	Transport Policy	United Kingdom	1.852	Q1	632	16621	8.03
1053	Critical Reviews in Clinical Laboratory Sciences	United Kingdom	1.851	Q1	101	5123	12.06
1054	Journal of Physical Chemistry Letters	United States	1.85	Q1	4329	79311	5.72
1055	Rock Mechanics and Rock Engineering	Austria	1.849	Q1	1036	22498	6.53
1056	Physics of Life Reviews	Netherlands	1.848	Q1	236	3860	2.1
1057	Climate Dynamics	Germany	1.847	Q1	1722	40910	5.04
1058	Journal of Controlled Release	Netherlands	1.844	Q1	1647	65674	11.21
1059	Journal of Industrial Ecology	United States	1.843	Q1	330	10781	6.35
1060	Journal of Cell Science	United Kingdom	1.842	Q1	1418	16687	3.28
1061	NJAS - Wageningen Journal of Life Sciences	Netherlands	1.841	Q1	59	0	2.84
1062	Corrosion Science	United Kingdom	1.84	Q1	1886	41349	8.36
1063	Mathematical Finance	United Kingdom	1.837	Q1	124	1163	1.98
1064	Reviews in Endocrine and Metabolic Disorders	Netherlands	1.835	Q1	174	10557	7.98
1065	JAMA Otolaryngology - Head and Neck Surgery	United States	1.835	Q1	826	4707	3.12
1066	Geochemistry, Geophysics, Geosystems	United States	1.834	Q1	923	24511	3.41
1067	Inflammatory Bowel Diseases	United States	1.834	Q1	983	6588	3.25
1068	Radiotherapy and Oncology	Ireland	1.834	Q1	1330	14559	4.72
1069	Journal of the International AIDS Society	United States	1.833	Q1	608	6639	4.61
1070	Review of General Psychology	United States	1.829	Q1	84	4614	4.75
1071	Educational Evaluation and Policy Analysis	United States	1.829	Q1	80	2823	3.96
1072	IEEE Transactions on Dependable and Secure Computing	United States	1.828	Q1	370	13788	6.0
1073	Obesity	United States	1.826	Q1	868	9631	5.97
1074	VLDB Journal	United States	1.825	Q1	149	4386	6.72
1075	Journal of Experimental Botany	United Kingdom	1.823	Q1	1656	40771	6.58
1076	Australian and New Zealand Journal of Psychiatry	United Kingdom	1.821	Q1	607	8148	2.98
1077	Current Opinion in Psychiatry	United States	1.82	Q1	256	2589	6.43
1078	Annales de l'institut Henri Poincare (B) Probability and Statistics	Netherlands	1.816	Q1	297	2142	1.44
1079	Renewable Energy	United Kingdom	1.815	Q1	5756	109883	9.74
1080	Journal of General Internal Medicine	United States	1.814	Q1	2178	24211	3.41
1081	Trends in Cardiovascular Medicine	United States	1.812	Q1	319	8285	4.53
1082	Journal of Clinical Child and Adolescent Psychology	United States	1.811	Q1	253	7722	4.79
1083	Metabolic Engineering	United States	1.808	Q1	401	9158	8.93
1084	JPhys Energy	United Kingdom	1.806	Q1	204	4631	6.84
1085	Journal of Medicinal Chemistry	United States	1.805	Q1	2624	62296	7.18
1086	Particle and Fibre Toxicology	United Kingdom	1.805	Q1	155	5344	9.88
1087	Journal of Biological Chemistry	United States	1.805	Q1	4591	77124	4.51
1088	Biochimica et Biophysica Acta - Gene Regulatory Mechanisms	Netherlands	1.803	Q1	266	4159	4.74
1089	Journal of Materiomics	China	1.8	Q1	296	7595	9.35
1090	Science China Materials	China	1.8	Q1	728	22065	8.09
1091	European Child and Adolescent Psychiatry	Germany	1.799	Q1	534	17922	5.73
1092	Evolution and Human Behavior	United States	1.795	Q1	190	4716	4.89
1093	BMJ Quality and Safety	United Kingdom	1.795	Q1	455	4435	3.75
1094	Journal of the American Medical Directors Association	United States	1.794	Q1	1267	14010	5.53
1095	Japanese Journal of Mathematics	Japan	1.791	Q1	20	233	2.0
1096	Knee Surgery, Sports Traumatology, Arthroscopy	Germany	1.789	Q1	1475	22664	4.46
1097	Computers and Geotechnics	United Kingdom	1.787	Q1	1298	22256	5.55
1098	Database : the journal of biological databases and curation	United Kingdom	1.786	Q1	369	4434	5.78
1099	Democratization	United Kingdom	1.785	Q1	227	4348	3.87
1100	SSM - Population Health	United Kingdom	1.785	Q1	661	17514	4.72
1101	Selecta Mathematica, New Series	Switzerland	1.784	Q1	254	3316	1.17
1102	Psychonomic Bulletin and Review	United States	1.783	Q1	460	15518	4.29
1103	Public Health Reviews	Switzerland	1.78	Q1	54	2630	4.9
1104	Molecular Oncology	Netherlands	1.778	Q1	603	16328	6.76
1105	Hydrology and Earth System Sciences	Germany	1.777	Q1	917	24650	5.75
1106	IEEE Transactions on Industry Applications	United States	1.777	Q1	2037	22697	5.49
1107	European Political Science Review	United Kingdom	1.776	Q1	87	2132	3.62
1108	Journal of Clinical Endocrinology and Metabolism	United States	1.776	Q1	2448	30577	4.73
1109	IEEE Transactions on Broadcasting	United States	1.775	Q1	222	3309	5.82
1110	International Journal of Nursing Studies	United Kingdom	1.774	Q1	654	8872	7.11
1111	Entrepreneurship and Regional Development	United Kingdom	1.774	Q1	139	4402	6.33
1112	Proceedings of the ACM on Programming Languages	United States	1.77	Q1	592	6197	2.57
1113	Ambio	Netherlands	1.769	Q1	480	13205	6.66
1114	International Studies Quarterly	United States	1.768	Q1	273	7311	2.5
1115	European Journal of Psychotraumatology	United Kingdom	1.768	Q1	480	9196	4.99
1116	Autism	United Kingdom	1.767	Q1	574	14605	6.14
1117	European Journal of Immunology	Germany	1.766	Q1	624	9121	4.41
1118	Composites Science and Technology	United Kingdom	1.766	Q1	1329	26960	10.09
1119	DNA Repair	Netherlands	1.764	Q1	434	7059	3.55
1120	Journal of Rock Mechanics and Geotechnical Engineering	China	1.762	Q1	331	12632	7.54
1121	Reliability Engineering and System Safety	United Kingdom	1.76	Q1	1501	30242	8.56
1122	Computers and Industrial Engineering	United Kingdom	1.76	Q1	2039	46057	8.78
1123	European Sociological Review	United Kingdom	1.758	Q1	166	3025	3.29
1124	Canadian Journal of Psychiatry	Canada	1.758	Q1	339	4473	3.56
1125	Regional Studies	United Kingdom	1.757	Q1	446	15178	5.31
1126	Psychological Assessment	United States	1.757	Q1	359	6984	3.89
1127	Scripta Materialia	United Kingdom	1.756	Q1	1730	19553	6.26
1128	Structural Control and Health Monitoring	United Kingdom	1.755	Q1	518	12968	6.42
1129	Crime Science	United Kingdom	1.755	Q1	60	861	7.46
1130	Journal of Computational Physics	United States	1.753	Q1	2011	40349	4.33
1131	International Journal of Consumer Studies	United Kingdom	1.753	Q1	180	17814	12.0
1132	Journal of Rural Health	United States	1.753	Q1	244	4796	5.11
1133	mAbs	United States	1.748	Q1	331	5547	5.44
1134	Journal of Cystic Fibrosis	Netherlands	1.747	Q1	590	7240	4.23
1135	American Review of Public Administration	United States	1.745	Q1	190	2917	6.25
1136	Materials and Design	Netherlands	1.741	Q1	2600	62755	8.83
1137	Human Resource Development Review	United States	1.739	Q1	58	1653	5.55
1138	Cerebral Cortex	United Kingdom	1.738	Q1	1251	18389	3.9
1139	Age and Ageing	United Kingdom	1.738	Q1	694	9972	5.29
1140	Seminars in Liver Disease	United States	1.736	Q1	132	4485	4.5
1141	Medicine and Science in Sports and Exercise	United States	1.734	Q1	955	8834	3.83
1142	Diversity and Distributions	United Kingdom	1.731	Q1	458	17211	4.65
1143	Cognition and Instruction	United Kingdom	1.731	Q1	61	1989	5.43
1144	Developmental Psychology	United States	1.731	Q1	579	16413	4.33
1145	Therapeutic Advances in Neurological Disorders	United Kingdom	1.728	Q1	245	3644	5.44
1146	Contraception	United States	1.728	Q1	525	4987	2.49
1147	Chemosphere	United Kingdom	1.727	Q1	8834	329680	9.63
1148	Accounting, Auditing and Accountability Journal	United Kingdom	1.727	Q1	300	10049	5.09
1149	Carbohydrate Polymers	United Kingdom	1.726	Q1	4103	76645	11.93
1150	Current HIV/AIDS Reports	United States	1.726	Q1	162	4836	4.84
1151	Ecological Applications	United States	1.726	Q1	578	20230	5.1
1152	Journal of Aging and Social Policy	United States	1.721	Q1	132	4024	7.84
1153	Paleoceanography and Paleoclimatology	United States	1.721	Q1	402	10583	3.4
1154	Child Abuse and Neglect	United Kingdom	1.721	Q1	995	23677	5.09
1155	Journal of Computational and Graphical Statistics	United Kingdom	1.72	Q1	251	6946	2.78
1156	Journal of Planning Literature	United States	1.72	Q1	49	2785	6.19
1157	Production Planning and Control	United Kingdom	1.719	Q1	324	17439	9.86
1158	Cities	United Kingdom	1.718	Q1	1094	38131	7.24
1159	Journal of Banking and Finance	Netherlands	1.716	Q1	606	13322	4.11
1160	CMAJ	Canada	1.716	Q1	1707	6139	2.73
1161	Trends in Parasitology	United Kingdom	1.713	Q1	374	7091	5.53
1162	International Review of Sport and Exercise Psychology	United Kingdom	1.711	Q1	81	4501	6.75
1163	FEBS Journal	United Kingdom	1.711	Q1	1108	59226	5.26
1164	Applied Linguistics	United Kingdom	1.71	Q1	140	1519	3.83
1165	Wiley Interdisciplinary Reviews: Systems Biology and Medicine	United States	1.71	Q1	64	0	6.98
1166	ACM Transactions on Database Systems	United States	1.709	Q1	54	741	2.83
1167	Television and New Media	United States	1.708	Q1	166	3492	3.26
1168	Antioxidants and Redox Signaling	United States	1.706	Q1	488	19202	7.21
1169	Clinical and Translational Medicine	United States	1.706	Q1	59	1817	4.69
1170	Anesthesiology	United States	1.706	Q1	1287	7495	3.36
1171	Science China Earth Sciences	China	1.705	Q1	443	13306	5.91
1172	Physics Letters, Section B: Nuclear, Elementary Particle and High-Energy Physics	Netherlands	1.704	Q1	2335	34592	4.27
1173	Journal of Technology Transfer	United States	1.704	Q1	228	11092	6.15
1174	Interpreting	Netherlands	1.704	Q1	37	590	2.0
1175	Quaternary Science Reviews	United Kingdom	1.701	Q1	1253	38652	4.16
1176	Journal of Positive Psychology	United Kingdom	1.701	Q1	242	7704	5.42
1177	Bipolar Disorders	Denmark	1.7	Q1	387	3205	2.95
1178	Work, Aging and Retirement	United States	1.699	Q1	77	2042	4.57
1179	Perspectives on Sexual and Reproductive Health	United States	1.698	Q1	54	871	4.22
1180	Antibodies	Switzerland	1.697	Q1	175	4873	4.76
1181	mSystems	United States	1.691	Q1	1006	22298	5.82
1182	Journal of the Mechanics and Physics of Solids	United Kingdom	1.691	Q1	875	15890	5.54
1183	Economy and Society	United Kingdom	1.69	Q1	87	2086	4.03
1184	Human Brain Mapping	United States	1.688	Q1	1158	28108	4.69
1185	Journal de l'Ecole Polytechnique - Mathematiques	France	1.688	Q1	93	1168	1.2
1186	Urban Geography	United Kingdom	1.688	Q1	269	11236	4.7
1187	IEEE Control Systems Letters	United States	1.687	Q1	739	13044	3.1
1188	Aging and Disease	United States	1.682	Q1	388	13927	7.25
1189	ImmunoTargets and Therapy	New Zealand	1.681	Q1	60	555	7.07
1190	Surveys in Geophysics	Netherlands	1.681	Q1	161	6427	4.78
1191	Cell Proliferation	United Kingdom	1.681	Q1	538	10090	8.24
1192	Acta Pharmacologica Sinica	United Kingdom	1.677	Q1	535	18686	9.21
1193	Progress in Surface Science	United Kingdom	1.677	Q1	17	5342	6.67
1194	Advanced Nonlinear Studies	Germany	1.676	Q1	132	1148	1.63
1195	Prostate Cancer and Prostatic Diseases	United Kingdom	1.676	Q1	317	5897	4.63
1196	Gynecologic Oncology	United States	1.674	Q1	1292	10917	4.26
1197	Theory and Society	Netherlands	1.673	Q1	108	5170	4.3
1198	IEEE Journal of Biomedical and Health Informatics	United States	1.672	Q1	1042	26667	8.33
1199	Mammal Review	United Kingdom	1.672	Q1	106	3742	5.92
1200	Foot and Ankle International	United States	1.672	Q1	677	5853	3.16
1201	Emotion	United States	1.67	Q1	429	14419	4.73
1202	New Technology, Work and Employment	United Kingdom	1.669	Q1	68	2244	6.91
1203	International Journal of STEM Education	Switzerland	1.668	Q1	160	5361	8.09
1204	Journal of Shoulder and Elbow Surgery	United States	1.666	Q1	1276	13111	3.55
1205	Journal of Chemical Theory and Computation	United States	1.665	Q1	1850	50609	5.6
1206	International Journal of Qualitative Methods, The	United States	1.664	Q1	449	11240	5.49
1207	Cancer Immunology, Immunotherapy	Germany	1.663	Q1	700	12270	5.8
1208	APL Materials	United States	1.662	Q1	770	13940	5.93
1209	Social Science Computer Review	United States	1.662	Q1	163	11304	5.68
1210	Composites - Part A: Applied Science and Manufacturing	United Kingdom	1.661	Q1	1185	26291	9.67
1211	CIRP Annals - Manufacturing Technology	United States	1.661	Q1	432	4382	4.99
1212	Exercise Immunology Review	United States	1.659	Q1	23	0	8.56
1213	Fluids and Barriers of the CNS	United Kingdom	1.657	Q1	172	8778	7.1
1214	Land Use Policy	United Kingdom	1.656	Q1	1932	41644	7.38
1215	ACS Macro Letters	United States	1.655	Q1	782	9601	5.91
1216	TESOL Quarterly	United States	1.655	Q1	166	5051	4.2
1217	Annals of the American Association of Geographers	United Kingdom	1.654	Q1	370	12610	5.26
1218	Lithos	Netherlands	1.653	Q1	1391	24192	3.56
1219	Foundations of Computational Mathematics	United States	1.652	Q1	116	4987	3.23
1220	Sociology of Religion	United States	1.651	Q1	59	1018	3.81
1221	Health Education and Behavior	United States	1.65	Q1	331	5878	5.33
1222	Geography Compass	United Kingdom	1.65	Q1	128	4683	3.71
1223	Tsinghua Science and Technology	China	1.648	Q1	209	3340	7.79
1224	Molecular Autism	United Kingdom	1.647	Q1	217	3642	6.34
1225	BioDrugs	United Kingdom	1.646	Q1	175	4116	6.88
1226	International Journal of Coal Geology	Netherlands	1.644	Q1	423	11421	6.03
1227	Journal of Black Psychology, The	United States	1.644	Q1	77	2213	5.63
1228	LGBT Health	United States	1.644	Q1	176	2911	4.67
1229	Media, Culture and Society	United Kingdom	1.641	Q1	277	6041	3.83
1230	Pulmonology	Spain	1.641	Q1	309	4127	3.8
1231	Physical Review D	United States	1.639	Q1	11337	269503	4.97
1232	European Journal of International Relations	United Kingdom	1.639	Q1	162	4331	3.2
1233	Acta Biomaterialia	Netherlands	1.638	Q1	1870	50663	9.8
1234	Econometric Theory	United Kingdom	1.638	Q1	114	3713	1.15
1235	IEEE Transactions on Multimedia	United States	1.638	Q1	879	20655	7.08
1236	AIDS Patient Care and STDs	United States	1.638	Q1	186	2815	4.28
1237	Neurobiology of Stress	Netherlands	1.637	Q1	270	6530	5.28
1238	Critical Reviews in Biotechnology	United Kingdom	1.637	Q1	209	17858	11.44
1239	Harvard Review of Psychiatry	United States	1.637	Q1	115	2548	3.8
1240	Educational Studies in Mathematics	Netherlands	1.636	Q1	215	4724	3.62
1241	Disability and Health Journal	United States	1.635	Q1	349	4971	4.71
1242	Progress in Solid State Chemistry	United Kingdom	1.633	Q1	26	2130	12.88
1243	British Journal of Psychology	United States	1.633	Q1	145	5179	4.95
1244	Group Processes and Intergroup Relations	United Kingdom	1.631	Q1	224	11312	5.49
1245	Journal of Cheminformatics	United Kingdom	1.63	Q1	246	3903	8.62
1246	Journal of Financial Stability	Netherlands	1.629	Q1	189	5199	4.84
1247	Journal of Computer Assisted Learning	United Kingdom	1.629	Q1	257	9201	6.38
1248	Medical Education	United Kingdom	1.629	Q1	827	7217	3.03
1249	British Journal of Haematology	United Kingdom	1.628	Q1	2186	18644	3.45
1250	Critical Reviews in Solid State and Materials Sciences	United Kingdom	1.627	Q1	50	9878	11.57
1251	Permafrost and Periglacial Processes	United Kingdom	1.627	Q1	118	2193	5.07
1252	Annals of the New York Academy of Sciences	United States	1.626	Q1	619	16178	5.62
1253	International Migration Review	United States	1.626	Q1	129	6713	5.08
1254	Computer Networks	Netherlands	1.625	Q1	1131	22135	6.96
1255	Free Radical Biology and Medicine	United States	1.625	Q1	1395	30974	7.28
1256	iScience	United States	1.624	Q1	3077	138775	5.75
1257	Food Chemistry	United Kingdom	1.624	Q1	6650	125321	10.07
1258	AAPG Bulletin	United States	1.623	Q1	309	7097	3.61
1259	Agricultural and Forest Meteorology	Netherlands	1.623	Q1	1109	29722	6.27
1260	Journal of the Institute of Mathematics of Jussieu	United Kingdom	1.623	Q1	171	2646	1.03
1261	Journal of Leukocyte Biology	United States	1.622	Q1	679	16510	5.55
1262	BJPsych Open	United Kingdom	1.622	Q1	380	7604	5.05
1263	Canadian Journal of Political Science	United Kingdom	1.621	Q1	156	2268	3.95
1264	Journal of the American Academy of Dermatology	United States	1.621	Q1	3158	12950	3.2
1265	Current Pollution Reports	Switzerland	1.619	Q1	104	4390	7.51
1266	Scientific Studies of Reading	United States	1.619	Q1	101	3014	3.65
1267	Journal of Professional Capital and Community	United Kingdom	1.618	Q1	79	1479	5.77
1268	Nonlinear Analysis: Hybrid Systems	Netherlands	1.617	Q1	313	2410	4.28
1269	IMA Fungus	United States	1.616	Q1	78	1573	5.07
1270	IEEE Transactions on Biomedical Circuits and Systems	United States	1.616	Q1	400	5347	5.57
1271	journal of prevention of Alzheimer's disease, The	Switzerland	1.616	Q1	182	4172	5.05
1272	Journal of Philosophy	United States	1.614	Q1	67	0	1.34
1273	Exercise and Sport Sciences Reviews	United States	1.613	Q1	100	1583	5.05
1274	Acta Orthopaedica	United Kingdom	1.612	Q1	393	3584	3.67
1275	Lung Cancer	Ireland	1.609	Q1	993	8398	4.44
1276	Thyroid	United States	1.609	Q1	631	6155	5.53
1277	Language Testing	United Kingdom	1.609	Q1	84	2246	3.89
1278	Journal of Family Theory and Review	United Kingdom	1.608	Q1	98	2799	4.55
1279	Energy and Buildings	Netherlands	1.608	Q1	2190	49046	7.61
1280	Canadian Geotechnical Journal	Canada	1.607	Q1	471	7951	3.73
1281	SIAM Journal of Scientific Computing	United States	1.606	Q1	758	9359	3.1
1282	Electoral Studies	United Kingdom	1.606	Q1	307	4466	2.31
1283	Sustainable Materials and Technologies	Netherlands	1.605	Q1	263	13813	10.37
1284	JCO clinical cancer informatics	United States	1.602	Q1	322	1574	3.79
1285	Clinical Psychology: Science and Practice	United States	1.599	Q1	142	3418	3.09
1286	Biogeosciences	Germany	1.598	Q1	947	26389	4.92
1287	Foundations and Trends in Databases	United States	1.597	Q1	8	0	5.75
1288	Journal of Experimental Social Psychology	United States	1.596	Q1	357	8500	4.09
1289	Seminars in Arthritis and Rheumatism	United Kingdom	1.594	Q1	571	6514	4.34
1290	British Medical Bulletin	United Kingdom	1.593	Q1	114	551	6.34
1291	Journal of Headache and Pain	Italy	1.593	Q1	397	6968	6.83
1292	Journalism Studies	United Kingdom	1.592	Q1	381	7424	3.89
1293	Biology and Fertility of Soils	Germany	1.591	Q1	252	5445	6.31
1294	European Review of Aging and Physical Activity	Germany	1.591	Q1	66	1257	5.67
1295	Current Opinion in Insect Science	Netherlands	1.589	Q1	335	5714	4.88
1296	Global Sustainability	United Kingdom	1.589	Q1	78	1555	5.68
1297	American Journal of Criminal Justice	United States	1.589	Q1	168	6319	8.32
1298	Wiley Interdisciplinary Reviews: Nanomedicine and Nanobiotechnology	United States	1.588	Q1	175	14527	9.65
1299	ISA Transactions	United States	1.588	Q1	1078	32973	7.98
1300	Wind Energy Science	Germany	1.587	Q1	234	6972	4.69
1301	Computers and Electronics in Agriculture	Netherlands	1.587	Q1	1773	39409	9.82
1302	Journal of Physical Oceanography	United States	1.585	Q1	526	10765	3.38
1303	Quantum Topology	Germany	1.585	Q1	39	430	0.96
1304	Travel Behaviour and Society	Netherlands	1.584	Q1	253	6814	6.19
1305	Journal of Intellectual Capital	United Kingdom	1.582	Q1	155	7858	7.95
1306	European Journal of Preventive Cardiology	United Kingdom	1.582	Q1	1206	8838	3.38
1307	Expert Opinion on Therapeutic Targets	United Kingdom	1.581	Q1	282	10108	5.14
1308	Sleep	United States	1.58	Q1	879	11536	4.65
1309	Computational and Structural Biotechnology Journal	Sweden	1.579	Q1	1041	42571	6.33
1310	Academic Medicine	United States	1.579	Q1	1927	11981	2.49
1311	Fertility and Sterility	United States	1.579	Q1	1509	12019	3.54
1312	Materials Chemistry Frontiers	United Kingdom	1.575	Q1	1245	23459	7.21
1313	Agricultural Systems	United Kingdom	1.574	Q1	607	12033	7.02
1314	Systematic Entomology	United Kingdom	1.572	Q1	184	3546	4.54
1315	GeroScience	Switzerland	1.57	Q1	380	12409	5.73
1316	Journal of Physiotherapy	Australia	1.57	Q1	269	1863	3.26
1317	CBE Life Sciences Education	United States	1.57	Q1	251	6368	3.95
1318	Urban Education	United States	1.57	Q1	268	9492	3.02
1319	African Affairs	United Kingdom	1.565	Q1	87	2217	2.64
1320	Organic Letters	United States	1.564	Q1	5780	77856	5.36
1321	Journal of Traumatic Stress	United States	1.564	Q1	332	7649	3.93
1322	Justice Quarterly	United Kingdom	1.564	Q1	174	7724	4.02
1323	Drug and Alcohol Dependence	Ireland	1.562	Q1	1731	20805	4.07
1324	IEEE Journal on Emerging and Selected Topics in Circuits and Systems	United States	1.562	Q1	185	3427	5.01
1325	Spine Journal	United States	1.562	Q1	767	8236	3.84
1326	Cephalalgia	United Kingdom	1.561	Q1	515	5510	4.55
1327	Reviews in Fish Biology and Fisheries	Netherlands	1.56	Q1	126	8619	5.95
1328	Journal of Numerical Mathematics	Germany	1.56	Q1	41	1013	3.9
1329	Cognitive Psychology	United States	1.56	Q1	86	2237	3.58
1330	IEEE Power and Energy Magazine	United States	1.558	Q1	212	275	2.16
1331	Elements	United States	1.551	Q1	176	773	2.87
1332	Earthquake Spectra	United States	1.55	Q1	338	6107	5.01
1333	International Journal for Equity in Health	United Kingdom	1.548	Q1	685	8981	4.76
1334	Liver Transplantation	United Kingdom	1.548	Q1	699	5926	2.77
1335	JMIR Public Health and Surveillance	Canada	1.547	Q1	519	9284	8.05
1336	Cell Death Discovery	United Kingdom	1.545	Q1	595	24105	6.58
1337	Electronic Markets	Germany	1.545	Q1	166	12196	9.52
1338	Media Psychology	United States	1.545	Q1	108	3225	5.67
1339	Neural Computation	United States	1.544	Q1	277	3987	3.06
1340	Transactions of the Institute of British Geographers	United Kingdom	1.544	Q1	205	8164	4.35
1341	IEEE Transactions on Circuits and Systems I: Regular Papers	United States	1.542	Q1	1323	16690	5.51
1342	Advances in Atmospheric Sciences	China	1.54	Q1	363	8649	5.02
1343	Perspectives in Ecology and Conservation	Brazil	1.54	Q1	120	2808	5.15
1344	Human Mutation	United States	1.538	Q1	534	8618	3.81
1345	Clinical Chemistry	United States	1.536	Q1	852	3788	3.82
1346	Sustainability Science	Japan	1.535	Q1	388	15319	6.24
1347	Biofabrication	United Kingdom	1.534	Q1	363	8173	9.2
1348	Journal of Materials Chemistry C	United Kingdom	1.534	Q1	5020	113584	6.67
1349	Multiple Sclerosis Journal	United Kingdom	1.534	Q1	840	8162	4.39
1350	Journal of the American College of Surgeons	United States	1.534	Q1	985	37	2.47
1351	International Journal of Electrical Power and Energy Systems	United Kingdom	1.533	Q1	2352	39697	6.41
1352	Cancer Science	United States	1.533	Q1	1220	16770	5.5
1353	International Journal of Mechanical Sciences	United Kingdom	1.532	Q1	1856	44986	7.68
1354	npj Aging and Mechanisms of Disease	United Kingdom	1.531	Q1	47	0	4.6
1355	Skeletal Muscle	United Kingdom	1.53	Q1	93	1647	4.83
1356	Journal of Happiness Studies	Netherlands	1.528	Q1	435	11764	5.83
1357	European Physical Journal C	Germany	1.526	Q1	3320	74711	4.18
1358	Wiley Interdisciplinary Reviews: Cognitive Science	United States	1.523	Q1	73	5956	4.51
1359	Algebra and Number Theory	United States	1.523	Q1	218	2260	1.1
1360	Genes and Diseases	Netherlands	1.522	Q1	210	22624	6.39
1361	Nutrition Reviews	United States	1.521	Q1	276	13359	7.08
1362	Neurobiology of Aging	United States	1.521	Q1	872	11879	4.15
1363	Systems and Control Letters	Netherlands	1.519	Q1	446	4035	2.83
1364	Journal of Financial Markets	Netherlands	1.518	Q1	99	3266	2.81
1365	Mechanism and Machine Theory	United Kingdom	1.517	Q1	970	18868	5.9
1366	Aerospace Science and Technology	France	1.517	Q1	2182	30661	6.23
1367	Nucleus	United States	1.516	Q1	56	1955	3.49
1368	IEEE Transactions on Visualization and Computer Graphics	United States	1.515	Q1	963	25123	5.58
1369	Journal of Lightwave Technology	United States	1.514	Q1	2439	31254	5.38
1370	Therapeutic Advances in Medical Oncology	United States	1.514	Q1	505	10110	4.67
1371	Marine and Petroleum Geology	Netherlands	1.513	Q1	1666	41626	4.8
1372	Critical Studies in Education	United Kingdom	1.513	Q1	113	2884	4.92
1373	JMIR mHealth and uHealth	Canada	1.513	Q1	1308	11249	5.51
1374	Annual Review of Linguistics	United States	1.511	Q1	71	2600	3.9
1375	Journal of Sustainable Cement-Based Materials	United Kingdom	1.51	Q1	59	5443	6.29
1376	Critical Reviews in Oncology/Hematology	Ireland	1.51	Q1	644	20544	5.85
1377	Journal of the European Academy of Dermatology and Venereology	United States	1.51	Q1	2279	17129	3.74
1378	Vaccine: X	United Kingdom	1.509	Q1	95	4216	3.48
1379	Biochimica et Biophysica Acta - Molecular Basis of Disease	Netherlands	1.507	Q1	782	14507	6.32
1380	Journal of Cardiac Failure	United States	1.507	Q1	591	6363	3.14
1381	International Endodontic Journal	United Kingdom	1.506	Q1	562	13173	4.57
1382	Progress in Cardiovascular Diseases	United Kingdom	1.506	Q1	293	5809	8.0
1383	International Journal of Fatigue	United Kingdom	1.504	Q1	1420	26571	6.25
1384	International Journal of Drug Policy	Netherlands	1.504	Q1	898	15589	4.23
1385	Solar Energy Materials and Solar Cells	Netherlands	1.503	Q1	1500	26179	7.31
1386	Evolution; international journal of organic evolution	United States	1.503	Q1	682	17462	2.7
1387	Batteries and Supercaps	Germany	1.502	Q1	398	12598	5.66
1388	Journal of Substance Abuse Treatment	United States	1.502	Q1	596	10485	3.99
1389	European Journal of Endocrinology	United Kingdom	1.502	Q1	622	7708	5.11
1390	Radiographics	United States	1.502	Q1	509	8530	3.6
1391	Journal of Money, Credit and Banking	United States	1.501	Q1	240	6040	1.71
1392	Acta Physiologica	United Kingdom	1.497	Q1	497	6964	4.09
1393	Language Teaching	United Kingdom	1.496	Q1	117	2767	3.58
1394	General Psychiatry	United Kingdom	1.495	Q1	182	1985	4.69
1395	China Finance Review International	United Kingdom	1.494	Q1	81	2234	5.93
1396	Vaccine	Netherlands	1.493	Q1	3180	36535	5.13
1397	Physical Review Applied	United States	1.492	Q1	2693	48737	4.7
1398	Advances in Calculus of Variations	Germany	1.492	Q1	80	2241	1.34
1399	Nonlinearity	United Kingdom	1.491	Q1	705	7820	1.63
1400	International Journal of Neural Systems	Singapore	1.491	Q1	225	4561	6.58
1401	Technology in Society	United Kingdom	1.491	Q1	632	25018	10.32
1402	IEEE Transactions on Circuits and Systems for Video Technology	United States	1.491	Q1	1041	38728	8.43
1403	Nucleic Acid Therapeutics	United States	1.49	Q1	118	2358	3.95
1404	British Journal of Mathematical and Statistical Psychology	United States	1.49	Q1	95	1634	3.07
1405	Marine Pollution Bulletin	United Kingdom	1.49	Q1	3000	76431	6.2
1406	American Naturalist	United States	1.49	Q1	472	12713	2.89
1407	DMM Disease Models and Mechanisms	United Kingdom	1.489	Q1	491	13032	3.32
1408	Non-coding RNA	Switzerland	1.486	Q1	182	5988	4.2
1409	BJU International	United Kingdom	1.486	Q1	871	6695	3.56
1410	Journal of Materials Processing Technology	Netherlands	1.485	Q1	1223	14626	6.87
1411	CNS Drugs	United Kingdom	1.485	Q1	271	7209	5.69
1412	Numerische Mathematik	Germany	1.484	Q1	251	3542	2.09
1413	Critical Perspectives on Accounting	United States	1.483	Q1	130	8647	5.01
1414	Sensors and Actuators B: Chemical	Netherlands	1.482	Q1	4906	79849	8.82
1415	Canadian Journal of Cardiology	Canada	1.482	Q1	961	10898	3.74
1416	Neurocomputing	Netherlands	1.481	Q1	4358	80845	6.75
1417	European Journal of Social Psychology	United Kingdom	1.481	Q1	277	6358	4.15
1418	Current Opinion in Green and Sustainable Chemistry	Netherlands	1.478	Q1	326	6975	8.93
1419	Clinical Neuropsychologist	United Kingdom	1.477	Q1	252	8885	5.25
1420	Journal of Learning Disabilities	United States	1.476	Q1	108	3687	4.18
1421	Unmanned Systems	Singapore	1.476	Q1	72	1315	5.06
1422	Cochrane Database of Systematic Reviews	United Kingdom	1.476	Q1	2767	68234	4.46
1423	Biology of Sport	Poland	1.475	Q1	183	4781	5.8
1424	Journal of Neurochemistry	United Kingdom	1.475	Q1	752	12603	4.44
1425	Evolutionary Anthropology	United States	1.474	Q1	110	2342	2.64
1426	ACS Pharmacology and Translational Science	United States	1.473	Q1	350	7806	6.04
1427	Internet Policy Review	Germany	1.473	Q1	153	1928	3.39
1428	Journal of Clinical Psychiatry	United States	1.473	Q1	500	5413	3.82
1429	Catena	Netherlands	1.472	Q1	1780	58843	6.61
1430	Desalination	Netherlands	1.471	Q1	1095	39329	10.36
1431	Oikos	United Kingdom	1.471	Q1	495	14652	3.5
1432	Statistics in Medicine	United Kingdom	1.471	Q1	1108	12519	1.91
1433	Landscape Ecology	Netherlands	1.471	Q1	578	15890	5.55
1434	Structural Safety	Netherlands	1.47	Q1	207	3265	6.0
1435	Biochemical Society Transactions	United Kingdom	1.47	Q1	615	16235	4.06
1436	Physical Review B	United States	1.468	Q1	15127	284555	3.62
1437	International Journal of Electronic Commerce	United States	1.468	Q1	72	1599	4.52
1438	International Journal of Eating Disorders	United States	1.468	Q1	590	8626	5.47
1439	Exposure and Health	Netherlands	1.467	Q1	145	7186	7.24
1440	Current Atherosclerosis Reports	United States	1.467	Q1	211	6574	5.69
1441	JCO Global Oncology	United States	1.467	Q1	572	2463	3.66
1442	Limnology and Oceanography	United States	1.466	Q1	757	17571	4.49
1443	Cyberpsychology, Behavior, and Social Networking	United States	1.466	Q1	422	4559	6.41
1444	Cancer Biology and Medicine	China	1.466	Q1	236	7697	6.35
1445	Journal of the Meteorological Society of Japan	Japan	1.464	Q1	216	2332	2.87
1446	Canadian Psychology	Canada	1.464	Q1	106	5330	6.0
1447	Preventing chronic disease	United States	1.464	Q1	434	1397	4.56
1448	Seminars in Oncology	United Kingdom	1.464	Q1	140	3615	3.71
1449	IEEE Transactions on Consumer Electronics	United States	1.463	Q1	141	1424	5.31
1450	Academic Emergency Medicine	United States	1.462	Q1	672	6222	2.92
1451	Neurotherapeutics	United States	1.461	Q1	452	14162	4.81
1452	Macromolecules	United States	1.461	Q1	3096	62298	5.31
1453	Chemical Geology	Netherlands	1.46	Q1	1242	30583	4.07
1454	Journal of Hospitality and Tourism Technology	United Kingdom	1.46	Q1	132	3667	5.61
1455	International Affairs	United Kingdom	1.46	Q1	233	9203	4.41
1456	Frontiers of Medicine	China	1.46	Q1	224	5679	9.2
1457	Nephrology Dialysis Transplantation	United Kingdom	1.46	Q1	945	8684	4.39
1458	Targeted Oncology	France	1.46	Q1	212	2647	4.79
1459	Global and Planetary Change	Netherlands	1.459	Q1	615	22386	4.21
1460	Body Image	Netherlands	1.459	Q1	337	11963	5.87
1461	Journal of Inherited Metabolic Disease	Netherlands	1.459	Q1	371	4608	4.09
1462	Journal of Urban Technology	United Kingdom	1.457	Q1	74	2446	5.5
1463	Anatomical Sciences Education	United States	1.456	Q1	246	8300	7.58
1464	Composite Structures	Netherlands	1.455	Q1	3961	58029	6.76
1465	Journal of racial and ethnic health disparities	United States	1.453	Q1	432	21476	4.34
1466	Infectious Disease Clinics of North America	United Kingdom	1.453	Q1	179	4452	3.81
1467	Neoplasia	United States	1.451	Q2	284	4322	4.53
1468	Journal of Composites for Construction	United States	1.45	Q1	260	4677	4.55
1469	Bernoulli	Netherlands	1.45	Q1	377	3637	1.44
1470	Science China Life Sciences	China	1.449	Q1	622	16498	7.07
1471	Regulation and Governance	United Kingdom	1.449	Q1	169	9373	3.64
1472	Epidemics	Netherlands	1.448	Q1	177	4647	4.07
1473	Health and Place	United Kingdom	1.448	Q1	528	12033	4.99
1474	Apoptosis : an international journal on programmed cell death	Netherlands	1.447	Q1	199	5225	6.35
1475	Nuclear Fusion	United Kingdom	1.447	Q1	1398	22080	3.14
1476	Combinatorica	Germany	1.442	Q1	133	1447	1.13
1477	INFORMS Journal on Computing	United States	1.441	Q1	220	8852	2.88
1478	Geobiology	United Kingdom	1.441	Q1	132	4937	4.11
1479	Harmful Algae	Netherlands	1.44	Q1	376	9239	6.55
1480	IEEE Transactions on Cloud Computing	United States	1.439	Q1	335	9158	4.89
1481	Archives of Women's Mental Health	Austria	1.439	Q1	274	4734	5.14
1482	Psychosocial Intervention	Spain	1.437	Q1	58	742	4.9
1483	Myrmecological News	Austria	1.436	Q1	36	1251	3.76
1484	Industrial and Corporate Change	United Kingdom	1.436	Q1	229	3414	2.46
1485	Journal of Ethnic and Migration Studies	United Kingdom	1.435	Q1	697	19351	4.17
1486	Journal of Investigative Dermatology	United Kingdom	1.435	Q1	1207	18865	3.85
1487	Urban Forestry and Urban Greening	Germany	1.434	Q1	968	19892	6.72
1488	Thin-Walled Structures	United Kingdom	1.434	Q1	1929	39206	6.59
1489	Cell Stress	Austria	1.434	Q1	93	451	5.24
1490	Journal of CO2 Utilization	United Kingdom	1.433	Q1	899	26136	8.16
1491	British Journal of Industrial Relations	United Kingdom	1.433	Q1	104	3121	3.01
1492	Nuclear Data Sheets	United States	1.432	Q1	55	4601	3.85
1493	Public Relations Review	Netherlands	1.432	Q1	282	6617	4.7
1494	Current Opinion in Food Science	Netherlands	1.431	Q1	355	8344	10.47
1495	Physics of the Dark Universe	Netherlands	1.431	Q1	416	8849	5.12
1496	Equity and Excellence in Education	United Kingdom	1.43	Q1	120	2163	2.45
1497	International Journal for Numerical and Analytical Methods in Geomechanics	United Kingdom	1.429	Q1	376	7754	4.13
1498	Safety Science	Netherlands	1.429	Q1	1297	22630	7.19
1499	Movement Ecology	United Kingdom	1.428	Q1	146	3708	3.7
1500	Journal of Athletic Training	United States	1.427	Q1	469	4440	2.9
1501	Natural Language Semantics	Netherlands	1.426	Q1	36	780	1.31
1502	Annali della Scuola normale superiore di Pisa - Classe di scienze	Italy	1.425	Q1	210	1510	1.23
1503	Palliative Medicine	United Kingdom	1.425	Q1	441	7218	4.43
1504	Annals of Behavioral Medicine	United States	1.424	Q1	292	4759	4.59
1505	JPhys Materials	United Kingdom	1.423	Q1	244	3058	4.97
1506	Journal of Animal Science and Biotechnology	United Kingdom	1.423	Q1	330	10509	7.17
1507	Prevention Science	United States	1.42	Q1	354	8888	3.61
1508	Frontiers in Cell and Developmental Biology	Switzerland	1.418	Q1	5789	222499	5.28
1509	Psychology of Women Quarterly	United Kingdom	1.417	Q1	103	2521	4.03
1510	Antimicrobial Agents and Chemotherapy	United States	1.415	Q1	2257	21065	4.48
1511	Geosphere	United States	1.414	Q1	255	8869	2.54
1512	Harm Reduction Journal	United Kingdom	1.414	Q1	299	6332	4.39
1513	Value in Health	United Kingdom	1.414	Q1	624	10864	3.46
1514	Comunicar	Spain	1.412	Q1	120	1923	5.84
1515	Government and Opposition	United Kingdom	1.41	Q1	116	3231	3.51
1516	Journal of Education Policy	United Kingdom	1.41	Q1	129	4886	4.34
1517	Journal of Fluid Mechanics	United Kingdom	1.409	Q1	3188	63183	3.88
1518	JMIR Mental Health	Canada	1.409	Q1	442	8075	5.64
1519	Public Understanding of Science	United Kingdom	1.408	Q1	193	4567	4.83
1520	Food Science and Human Wellness	Netherlands	1.408	Q1	155	11067	8.08
1521	Cellular oncology (Dordrecht)	Netherlands	1.408	Q1	230	7001	6.31
1522	Aldrichimica Acta	United States	1.406	Q1	14	339	3.8
1523	Theory of Computing	United States	1.406	Q1	60	678	1.0
1524	ACS Synthetic Biology	United States	1.406	Q1	957	19378	4.74
1525	Revista Matematica Iberoamericana	Spain	1.405	Q1	219	2119	1.24
1526	Psychiatric Services	United States	1.405	Q1	795	80	2.78
1527	International Journal of Robust and Nonlinear Control	United Kingdom	1.403	Q1	1337	24328	4.37
1528	ZDM - International Journal on Mathematics Education	Germany	1.403	Q1	309	5094	3.86
1529	Habitat International	United Kingdom	1.403	Q1	311	11338	7.43
1530	Computerized Medical Imaging and Graphics	United Kingdom	1.402	Q1	259	3281	6.37
1531	Forum of Mathematics, Sigma	United Kingdom	1.402	Q1	179	4571	1.2
1532	Journal of Accounting Literature	United Kingdom	1.402	Q1	13	0	0.0
1533	Allergology International	Japan	1.402	Q1	313	3831	3.81
1534	Family Process	United Kingdom	1.401	Q1	295	8181	4.77
1535	Child and Adolescent Psychiatry and Mental Health	United Kingdom	1.399	Q1	172	5725	6.18
1536	Drug Discovery Today	United Kingdom	1.397	Q1	790	24765	7.37
1537	Men and Masculinities	United States	1.397	Q1	144	2570	3.26
1538	Psychology of Aesthetics, Creativity, and the Arts	United States	1.397	Q1	194	7818	2.93
1539	IEEE Transactions on Instrumentation and Measurement	United States	1.397	Q1	3227	67505	5.97
1540	Journal of Orthopaedic and Sports Physical Therapy	United States	1.396	Q1	360	4402	3.58
1541	Ecological Indicators	Netherlands	1.396	Q1	3521	84492	7.16
1542	Mass Spectrometry Reviews	United States	1.395	Q1	119	13982	6.04
1543	Organic Geochemistry	United Kingdom	1.395	Q1	286	6334	3.37
1544	Career Development and Transition for Exceptional Individuals	United States	1.395	Q1	71	993	4.3
1545	Medical Clinics of North America	United Kingdom	1.394	Q1	290	4469	4.81
1546	Society and Mental Health	United States	1.394	Q1	54	1760	6.13
1547	Fuel Processing Technology	Netherlands	1.393	Q1	853	26104	8.54
1548	Advanced Sustainable Systems	United States	1.393	Q1	292	14073	7.21
1549	Chaos, Solitons and Fractals	United Kingdom	1.393	Q1	2328	51029	8.65
1550	AIDS and Behavior	United States	1.392	Q1	1113	23790	4.75
1551	Psychoneuroendocrinology	United Kingdom	1.391	Q1	987	14828	3.88
1552	Atmospheric Measurement Techniques	Germany	1.391	Q1	1177	21236	4.04
1553	Frontiers in Cardiovascular Medicine	Switzerland	1.391	Q1	948	172219	5.28
1554	Chinese Chemical Letters	Netherlands	1.389	Q1	1840	48605	8.65
1555	Seminars in Radiation Oncology	United Kingdom	1.389	Q1	128	3710	3.38
1556	npj Systems Biology and Applications	United Kingdom	1.388	Q1	115	3441	3.95
1557	Critical Reviews in Microbiology	United Kingdom	1.388	Q1	128	11768	7.87
1558	Work and Occupations	United States	1.388	Q1	44	1533	2.65
1559	Race Ethnicity and Education	United Kingdom	1.388	Q1	178	5581	2.86
1560	Epijournal de Geometrie Algebrique	France	1.386	Q1	60	851	0.9
1561	FASEB Journal	United States	1.386	Q1	3120	31176	4.45
1562	Cancer Gene Therapy	United Kingdom	1.384	Q1	236	10566	6.29
1563	Cliometrica	Germany	1.383	Q1	50	2520	1.53
1564	IMA Journal of Numerical Analysis	United Kingdom	1.383	Q1	246	3358	2.44
1565	Infectious Disease Modelling	China	1.383	Q1	178	3474	10.2
1566	Journal of Antimicrobial Chemotherapy	United Kingdom	1.382	Q1	1656	12408	4.72
1567	Boundary-Layer Meteorology	Netherlands	1.381	Q1	261	5029	4.55
1568	Fuel	Netherlands	1.38	Q1	7146	206505	8.3
1569	Journal of Neurodevelopmental Disorders	United Kingdom	1.38	Q1	146	3920	4.81
1570	Mechanisms of Ageing and Development	Ireland	1.38	Q1	360	6471	5.15
1571	Chemical Record	United States	1.379	Q1	455	28638	6.61
1572	Journal of Magnetic Resonance Imaging	United States	1.378	Q1	1309	18877	3.63
1573	Journal of Sound and Vibration	United States	1.376	Q1	1627	21301	5.33
1574	Friction	China	1.376	Q1	252	8358	8.09
1575	Journal of Information Technology	United Kingdom	1.375	Q1	80	2140	3.94
1576	Educational Policy	United States	1.375	Q1	137	6542	2.52
1577	Journal of Hydrometeorology	United States	1.374	Q1	438	6779	3.96
1578	Evolutionary Applications	United States	1.374	Q1	533	12782	3.95
1579	Meat Science	Netherlands	1.373	Q1	748	14633	8.13
1580	Journal of Counseling Psychology	United States	1.373	Q1	204	3759	4.79
1581	Clinical Colorectal Cancer	United States	1.371	Q1	240	2669	2.9
1582	Medical Journal of Australia	Australia	1.371	Q1	1131	6640	2.91
1583	International Journal of Heat and Mass Transfer	United Kingdom	1.369	Q1	4591	62053	5.65
1584	Journal of Learning Analytics	Australia	1.369	Q1	78	2356	4.76
1585	ACS Chemical Biology	United States	1.369	Q1	962	16054	3.96
1586	Immune Network	South Korea	1.369	Q1	139	3717	5.96
1587	Journal of Cancer Survivorship	United States	1.368	Q1	277	13680	4.32
1588	Influenza and other Respiratory Viruses	United Kingdom	1.368	Q1	266	3887	4.35
1589	Learning and Individual Differences	United Kingdom	1.367	Q1	262	5980	4.06
1590	Biomedicine and Pharmacotherapy	France	1.366	Q1	4055	129193	7.76
1591	Remote Sensing in Ecology and Conservation	United Kingdom	1.366	Q1	116	5601	6.39
1592	Anesthesia and Analgesia	United States	1.365	Q1	1813	10995	3.29
1593	RNA Biology	United States	1.365	Q2	597	7982	3.77
1594	Genes Chromosomes and Cancer	United States	1.362	Q1	272	3828	3.9
1595	Wiley Interdisciplinary Reviews: Computational Statistics	United States	1.36	Q1	80	3385	3.36
1596	Aggression and Violent Behavior	United Kingdom	1.36	Q1	352	6037	3.8
1597	Earth Surface Dynamics	Germany	1.359	Q1	195	5063	3.54
1598	Commentarii Mathematici Helvetici	Germany	1.359	Q1	74	666	0.73
1599	Wuli Huaxue Xuebao/ Acta Physico - Chimica Sinica	China	1.358	Q1	597	8211	7.48
1600	Journal of Chemical Information and Modeling	United States	1.357	Q1	1641	35380	5.74
1601	Journal of Physics G: Nuclear and Particle Physics	United Kingdom	1.357	Q1	508	9432	3.46
1602	Methods	United States	1.357	Q1	519	14067	4.65
1603	BioEssays	United States	1.355	Q1	536	12163	3.26
1604	Political Geography	United Kingdom	1.354	Q1	402	15414	4.09
1605	IEEE Transactions on Emerging Topics in Computing	United States	1.353	Q1	327	6165	5.08
1606	Clinical Science	United Kingdom	1.353	Q1	544	10900	4.93
1607	Plastic and Reconstructive Surgery	United States	1.353	Q1	2890	19425	1.7
1608	Behavior Therapy	United States	1.352	Q1	290	5567	3.92
1609	Psychology of Sport and Exercise	Netherlands	1.351	Q1	504	10943	4.07
1610	IEEE Transactions on Computational Social Systems	United States	1.351	Q1	390	7234	5.48
1611	Geoforum	United Kingdom	1.351	Q1	824	20114	3.99
1612	Ultrasonics Sonochemistry	Netherlands	1.35	Q1	1411	20525	9.02
1613	Journal of Nonlinear Science	United States	1.35	Q1	284	4313	2.98
1614	JCO Oncology Practice	United States	1.349	Q1	915	10120	2.67
1615	Finance and Stochastics	Germany	1.349	Q1	85	1118	1.69
1616	Journal of Manufacturing Processes	Netherlands	1.349	Q1	1984	39022	6.79
1617	Corporate Governance (Bingley)	United Kingdom	1.349	Q1	222	8875	7.8
1618	Magnetic Resonance in Medicine	United States	1.349	Q1	1477	19574	3.5
1619	IEEE/ACM Transactions on Audio Speech and Language Processing	United States	1.348	Q1	722	13379	5.98
1620	Biometrics	United Kingdom	1.348	Q1	411	9200	1.82
1621	Tribology International	United Kingdom	1.348	Q1	1647	28162	6.6
1622	Psychology and Aging	United States	1.348	Q1	280	4555	3.71
1623	Stanford Law Review	United States	1.348	Q1	67	1001	1.54
1624	Cladistics	United Kingdom	1.347	Q1	104	3322	3.73
1625	Nonlinear Analysis, Theory, Methods and Applications	United Kingdom	1.347	Q1	779	8273	1.71
1626	Neural Development	United Kingdom	1.344	Q1	31	464	3.16
1627	BMJ Evidence-Based Medicine	United Kingdom	1.344	Q1	283	2826	3.38
1628	Journal of the Royal Society of Medicine	United Kingdom	1.344	Q1	355	1662	3.04
1629	Competition and Change	United Kingdom	1.343	Q1	75	3525	4.88
1630	Contemporary Physics	United Kingdom	1.342	Q1	38	409	1.35
1631	Therapeutic Advances in Infectious Disease	United States	1.341	Q1	133	3336	4.04
1632	Paediatric Respiratory Reviews	United Kingdom	1.34	Q1	194	3045	5.14
1633	Separation and Purification Technology	Netherlands	1.339	Q1	4462	139502	9.1
1634	Food Packaging and Shelf Life	Netherlands	1.338	Q1	483	13562	8.8
1635	Journal of Human Evolution	United States	1.338	Q1	349	10110	2.92
1636	IEEE Transactions on Aerospace and Electronic Systems	United States	1.338	Q1	981	17431	4.75
1637	Anxiety, Stress and Coping	United States	1.336	Q1	160	4151	4.84
1638	Climatic Change	Netherlands	1.335	Q1	907	11899	4.41
1639	Rice	United States	1.335	Q1	275	4426	5.8
1640	Kidney International Supplements	United States	1.333	Q1	32	757	4.74
1641	Catalan Journal of Linguistics	Spain	1.332	Q1	33	444	0.71
1642	Scandinavian Journal of Medicine and Science in Sports	Denmark	1.331	Q1	683	8013	4.35
1643	Inorganic Chemistry Frontiers	United Kingdom	1.331	Q1	1280	41348	7.56
1644	Biochemical Pharmacology	United States	1.329	Q1	1214	39459	5.82
1645	Sports Health	United States	1.328	Q1	228	6431	3.97
1646	Addictive Behaviors	United Kingdom	1.328	Q1	1202	14581	4.73
1647	Rare Metals	China	1.326	Q1	714	23170	8.67
1648	Asian Journal of Psychiatry	Netherlands	1.326	Q1	1200	7988	5.52
1649	Journal of Applied Crystallography	United Kingdom	1.326	Q1	506	6118	5.93
1650	Molecular Neurobiology	United States	1.325	Q1	1443	36609	5.12
1651	EFORT Open Reviews	United Kingdom	1.325	Q1	290	4597	3.39
1652	Journal of Science and Medicine in Sport	Netherlands	1.324	Q1	676	5341	3.62
1653	Entomologia Generalis	Germany	1.324	Q1	122	5185	6.34
1654	Oxidative Medicine and Cellular Longevity	United States	1.324	Q1	2728	87035	6.79
1655	Topics in Current Chemistry	Germany	1.323	Q1	126	7875	7.21
1656	Industry and Innovation	United Kingdom	1.323	Q1	155	4788	4.96
1657	Journal of English for Academic Purposes	United Kingdom	1.323	Q1	185	3265	3.45
1658	Annals of Family Medicine	United States	1.323	Q1	406	2673	2.16
1659	Journal of the American Academy of Orthopaedic Surgeons, The	United States	1.323	Q1	786	8839	3.39
1660	Computational Mechanics	Germany	1.321	Q1	476	7964	4.13
1661	American Journal of Community Psychology	United States	1.32	Q1	228	4940	3.74
1662	Geosynthetics International	United Kingdom	1.319	Q1	148	4088	3.94
1663	International Journal of Hydrogen Energy	United Kingdom	1.318	Q1	9088	206807	7.67
1664	Climate and Development	United Kingdom	1.318	Q1	234	9955	4.98
1665	Injury Prevention	United Kingdom	1.317	Q1	340	3189	2.82
1666	IEEE Electron Device Letters	United States	1.316	Q1	1265	12234	4.98
1667	Journal of Rural Studies	United Kingdom	1.316	Q1	746	22069	5.41
1668	International Journal of Geographical Information Science	United Kingdom	1.315	Q1	328	5463	6.73
1669	Journal of Education for Teaching	United Kingdom	1.315	Q1	182	3394	6.46
1670	Lab on a Chip	United Kingdom	1.314	Q1	1161	26874	6.35
1671	Sex Roles	United States	1.314	Q1	322	5941	4.22
1672	Current Oncology Reports	United States	1.314	Q1	382	12892	4.69
1673	Review of Managerial Science	Germany	1.312	Q1	180	15037	6.36
1674	Gender and Education	United Kingdom	1.312	Q1	201	3292	2.94
1675	Cancers	Switzerland	1.312	Q1	12221	464677	5.06
1676	Journal of Pest Science	Germany	1.31	Q1	351	10131	5.04
1677	Language, Culture and Curriculum	United Kingdom	1.31	Q1	81	1761	4.0
1678	Journal of Neurotrauma	United States	1.31	Q1	889	8481	3.88
1679	eNeuro	United States	1.309	Q1	1035	20115	2.83
1680	Tectonophysics	Netherlands	1.309	Q1	756	26732	3.02
1681	Terra Nova	United Kingdom	1.309	Q1	171	3200	2.83
1682	Journal of European Social Policy	United Kingdom	1.309	Q1	130	2479	3.18
1683	Human Genomics	United Kingdom	1.308	Q1	183	4582	4.13
1684	Journal of NeuroImmune Pharmacology	United States	1.308	Q1	196	3604	6.01
1685	Frontiers in Neural Circuits	Switzerland	1.308	Q1	338	13612	3.33
1686	Journal of International Money and Finance	United Kingdom	1.308	Q1	397	8175	2.55
1687	Psychometrika	United States	1.308	Q1	144	4056	2.45
1688	Neuropharmacology	United Kingdom	1.307	Q1	1132	18306	4.84
1689	American Journal of Industrial Medicine	United States	1.307	Q1	350	5109	3.08
1690	BMC Public Health	United Kingdom	1.307	Q1	5906	115725	4.49
1691	Journal of Managerial Psychology	United Kingdom	1.306	Q1	122	2741	3.71
1692	Neurorehabilitation and Neural Repair	United States	1.306	Q1	285	3779	4.69
1693	Exceptional Children	United States	1.306	Q1	88	1957	3.16
1694	Przeglad Gastroenterologiczny	Poland	1.306	Q1	162	1472	1.03
1695	Physical Review C	United States	1.305	Q1	2886	56388	3.04
1696	Cortex	Italy	1.303	Q1	969	16115	3.44
1697	GPS Solutions	Germany	1.302	Q1	377	4779	5.12
1698	Mathematics of Computation	United States	1.302	Q1	289	2446	1.86
1699	Regional Anesthesia and Pain Medicine	United States	1.302	Q1	780	3683	2.66
1700	Ad Hoc Networks	Netherlands	1.301	Q1	550	6870	5.95
1701	American Journal of Roentgenology	United States	1.301	Q1	1519	7530	3.57
1702	Youth Violence and Juvenile Justice	United States	1.3	Q1	62	1567	4.93
1703	Critical Reviews in Plant Sciences	United Kingdom	1.299	Q1	57	3170	6.93
1704	PLoS Neglected Tropical Diseases	United States	1.298	Q1	2693	40049	3.78
1705	Journal of Fluency Disorders	United States	1.296	Q1	75	576	2.59
1706	Diagnostic and interventional imaging	France	1.296	Q1	344	3023	3.97
1707	IEEE Transactions on Reliability	United States	1.296	Q1	294	5235	6.8
1708	Insect Systematics and Diversity	United Kingdom	1.294	Q1	68	2363	3.0
1709	Respirology	United Kingdom	1.294	Q1	738	4847	2.53
1710	World Journal of Oncology	Canada	1.294	Q1	53	1559	5.55
1711	Biogeochemistry	Netherlands	1.293	Q1	324	9695	4.06
1712	Cultural Diversity and Ethnic Minority Psychology	United States	1.293	Q1	212	5209	3.64
1713	IEEE Circuits and Systems Magazine	United States	1.293	Q1	64	1219	5.29
1714	Medical Care	United States	1.293	Q1	634	4391	2.66
1715	Expert Opinion on Therapeutic Patents	United Kingdom	1.292	Q1	215	6747	7.04
1716	Nutrients	Switzerland	1.291	Q1	11542	343012	6.01
1717	IEEE Transactions on Signal and Information Processing over Networks	United States	1.291	Q1	170	3694	3.32
1718	BMC Psychiatry	United Kingdom	1.291	Q1	1596	41565	4.44
1719	Global Public Health	United Kingdom	1.291	Q1	437	16697	4.51
1720	Expert Opinion on Investigational Drugs	United Kingdom	1.29	Q1	353	10300	4.98
1721	Helicobacter	United Kingdom	1.29	Q1	266	3046	4.33
1722	Viruses	Switzerland	1.29	Q1	5189	164581	4.7
1723	mSphere	United States	1.288	Q1	1179	10925	4.26
1724	Vehicle System Dynamics	United Kingdom	1.287	Q1	265	9338	5.64
1725	Bulletin of the Seismological Society of America	United States	1.286	Q1	629	10360	2.85
1726	Nonlinear Dynamics	Netherlands	1.285	Q1	2353	37368	5.71
1727	IEEE Geoscience and Remote Sensing Letters	United States	1.284	Q1	1180	36846	6.27
1728	Dental Materials	United Kingdom	1.283	Q1	607	10036	5.44
1729	Asian Journal of Pharmaceutical Sciences	China	1.283	Q1	186	5019	10.23
1730	Postharvest Biology and Technology	Netherlands	1.282	Q1	791	15262	7.84
1731	SIAM Journal on Control and Optimization	United States	1.282	Q1	497	5665	2.18
1732	Molecular Microbiology	United Kingdom	1.281	Q1	604	10965	3.67
1733	Consumption Markets and Culture	United States	1.281	Q1	104	3114	3.16
1734	Journal of Empirical Finance	Netherlands	1.281	Q1	192	3034	2.8
1735	Random Structures and Algorithms	United Kingdom	1.281	Q1	207	2381	1.35
1736	PaleoAmerica	United Kingdom	1.28	Q1	88	1929	1.96
1737	American Antiquity	United States	1.278	Q1	133	2956	2.12
1738	Ocean Science	Germany	1.278	Q1	289	6489	3.23
1739	Journal of acquired immune deficiency syndromes (1999)	United States	1.278	Q1	932	10548	3.19
1740	Journal of Systems Architecture	Netherlands	1.276	Q1	439	10398	5.07
1741	FEBS Letters	United States	1.276	Q1	860	17451	3.36
1742	Annals of Thoracic Surgery	United States	1.276	Q1	3142	18127	2.32
1743	Ear and Hearing	United States	1.273	Q1	456	11085	3.64
1744	Matter and Radiation at Extremes	United States	1.273	Q1	138	2513	4.93
1745	Glycobiology	United Kingdom	1.273	Q1	301	3482	4.06
1746	Molecular Brain	United Kingdom	1.273	Q2	451	5014	3.57
1747	European Journal of Orthodontics	United Kingdom	1.272	Q1	255	1559	2.8
1748	ACM Transactions on Knowledge Discovery from Data	United States	1.272	Q1	269	3201	4.15
1749	Oral Oncology	United Kingdom	1.271	Q1	1193	10387	3.0
1750	Expert Review of Anti-Infective Therapy	United Kingdom	1.27	Q1	352	11143	5.96
1751	Journal of Nutrition, Health and Aging	Italy	1.269	Q1	542	6487	5.45
1752	Journal of Informetrics	Netherlands	1.269	Q1	256	5562	3.83
1753	Innovative Food Science and Emerging Technologies	Netherlands	1.269	Q1	657	14091	7.44
1754	Breast	United States	1.269	Q1	501	6666	3.7
1755	International Journal of Behavioral Development	United Kingdom	1.268	Q1	183	3109	3.79
1756	International Journal of Human Computer Studies	United States	1.268	Q1	337	7396	6.95
1757	Health Policy and Planning	United Kingdom	1.268	Q1	410	4166	3.14
1758	Mental Health and Physical Activity	Netherlands	1.266	Q1	117	2784	4.78
1759	IEEE Transactions on Circuits and Systems II: Express Briefs	United States	1.266	Q1	1859	21830	4.73
1760	Development and Change	United Kingdom	1.265	Q1	203	4459	3.14
1761	Electrochimica Acta	United Kingdom	1.264	Q1	5608	81419	6.64
1762	Classical and Quantum Gravity	United Kingdom	1.264	Q1	1249	18236	3.38
1763	IEEE Journal of Selected Topics in Applied Earth Observations and Remote Sensing	United States	1.264	Q1	1921	39974	5.99
1764	European Journal of Psychology of Education	Netherlands	1.264	Q1	145	7597	3.83
1765	Journal of Cranio-Maxillo-Facial Surgery	United States	1.263	Q1	568	3973	3.02
1766	Advances in Water Resources	United Kingdom	1.263	Q1	618	10104	4.78
1767	Chinese Journal of Chemistry	United States	1.262	Q1	792	20297	5.2
1768	American Mineralogist	United States	1.262	Q1	526	14136	2.97
1769	Medical Decision Making	United States	1.262	Q1	261	3917	4.26
1770	Nursing Ethics	United Kingdom	1.261	Q1	454	6387	4.86
1771	Technology, Pedagogy and Education	United Kingdom	1.261	Q1	122	2025	7.1
1772	Probability Surveys	United States	1.26	Q1	20	945	1.62
1773	Attachment and Human Development	United States	1.26	Q1	148	2740	3.69
1774	Journal of Accounting and Public Policy	United States	1.26	Q1	112	4618	4.1
1775	AIDS	United States	1.26	Q1	1043	10096	2.7
1776	European Psychologist	United States	1.259	Q1	94	2425	4.05
1777	Computers and Structures	United Kingdom	1.259	Q1	426	5832	5.03
1778	Financial Analysts Journal	United Kingdom	1.259	Q1	86	1086	2.46
1779	Mindfulness	Germany	1.259	Q1	758	16698	3.74
1780	Pain Reports	United States	1.258	Q1	188	3601	6.17
1781	Sustainable Energy and Fuels	United Kingdom	1.257	Q1	1419	34083	5.65
1782	Journal of the European Ceramic Society	Netherlands	1.257	Q1	2288	37032	6.12
1783	Biochimica et Biophysica Acta - Bioenergetics	Netherlands	1.257	Q1	308	4289	4.6
1784	Journal of Clinical Lipidology	Netherlands	1.256	Q1	338	3679	3.25
1785	Nonlinear Analysis: Real World Applications	Netherlands	1.256	Q1	494	5966	2.23
1786	Policy Sciences	Netherlands	1.256	Q1	104	3087	5.04
1787	Endocrine-Related Cancer	United Kingdom	1.255	Q1	310	3070	3.66
1788	Comparative Education	United Kingdom	1.254	Q1	93	2470	3.89
1789	Theory into Practice	United States	1.254	Q1	126	1758	3.49
1790	Cytometry. Part A : the journal of the International Society for Analytical Cytology	United States	1.254	Q1	416	4591	3.08
1791	JBI evidence implementation	United States	1.254	Q1	145	602	1.91
1792	Journal of Women's Health	United States	1.253	Q1	692	8351	3.36
1793	International Psychogeriatrics	United Kingdom	1.25	Q1	620	3798	3.56
1794	BMJ Open Sport and Exercise Medicine	United Kingdom	1.249	Q1	389	4141	4.49
1795	Education and Information Technologies	United States	1.249	Q1	822	46635	7.65
1796	Heart Failure Reviews	Netherlands	1.249	Q1	320	14560	5.06
1797	Journal of Biomolecular NMR	Netherlands	1.247	Q1	162	921	2.59
1798	Hippocampus	United States	1.246	Q1	275	5073	3.11
1799	Diabetic Medicine	United Kingdom	1.246	Q1	792	7273	3.03
1800	Robotics and Autonomous Systems	Netherlands	1.245	Q1	493	8441	5.15
1801	Journal of Molecular Diagnostics	United States	1.245	Q1	407	4308	3.89
1802	Journal of Pharmaceutical Analysis	China	1.242	Q1	203	5728	9.77
1803	Philosophical Studies	Netherlands	1.242	Q1	585	8424	1.41
1804	Journal of Behavioral and Experimental Finance	Netherlands	1.242	Q1	280	3978	7.35
1805	Topics in Cognitive Science	United States	1.242	Q1	189	3961	3.05
1806	Icarus	United States	1.241	Q1	1214	22989	3.16
1807	NDT and E International	United Kingdom	1.24	Q1	364	4366	4.65
1808	Policy and Internet	United Kingdom	1.24	Q1	74	3451	5.62
1809	Journal of Guidance, Control, and Dynamics	United States	1.239	Q1	647	6882	3.15
1810	Journal d'Analyse Mathematique	United States	1.239	Q1	201	1974	0.85
1811	Clinical Pharmacokinetics	United Kingdom	1.238	Q1	359	6374	4.24
1812	Restoration Ecology	United Kingdom	1.238	Q1	591	15216	3.85
1813	Computational Linguistics	United States	1.238	Q1	67	2557	8.35
1814	Administration and Society	United States	1.238	Q1	189	5804	2.63
1815	Telemedicine Journal and e-Health	United States	1.237	Q1	595	6688	5.54
1816	Malaria Journal	United Kingdom	1.237	Q1	1356	20062	2.9
1817	ASTIN Bulletin	United Kingdom	1.237	Q1	97	1074	2.14
1818	Current Opinion in HIV and AIDS	United States	1.236	Q1	168	2887	3.81
1819	Extreme Mechanics Letters	United Kingdom	1.235	Q1	531	8163	5.14
1820	Electronic Journal of Probability	United States	1.235	Q1	443	5431	1.06
1821	Venture Capital	United Kingdom	1.234	Q1	47	1621	2.7
1822	Science and Medicine in Football	United Kingdom	1.233	Q1	160	5525	4.41
1823	Minds and Machines	Netherlands	1.232	Q1	92	2316	8.73
1824	Cancer Imaging	United Kingdom	1.231	Q1	244	3163	5.0
1825	Design Studies	United Kingdom	1.231	Q1	113	1889	4.83
1826	Chinese Physics C	United Kingdom	1.231	Q1	709	14234	3.47
1827	User Modeling and User-Adapted Interaction	Netherlands	1.231	Q1	83	3191	4.86
1828	International Journal of Mental Health Nursing	United Kingdom	1.23	Q1	393	5843	5.88
1829	Chemistry - A European Journal	Germany	1.229	Q1	6162	98630	4.26
1830	Journal of Broadcasting and Electronic Media	United Kingdom	1.229	Q1	118	2485	3.58
1831	Marine Structures	Netherlands	1.228	Q1	435	7332	4.79
1832	ACM Transactions on Sensor Networks	United States	1.228	Q1	149	1640	3.69
1833	Soils and Foundations	Japan	1.227	Q1	400	5102	4.03
1834	Annales de l'Institut Fourier	France	1.227	Q1	177	1858	0.91
1835	GeoHealth	United States	1.227	Q1	160	5073	4.33
1836	Acta Obstetricia et Gynecologica Scandinavica	United Kingdom	1.227	Q1	781	5082	3.77
1837	Journal of Prosthodontics	United Kingdom	1.225	Q1	549	7043	4.76
1838	Sustainable Energy, Grids and Networks	United Kingdom	1.225	Q1	276	9058	6.22
1839	Journal of World Prehistory	United States	1.225	Q1	36	1801	2.21
1840	Journal of Structural Geology	United Kingdom	1.225	Q1	546	16980	3.19
1841	Chinese Journal of Aeronautics	China	1.225	Q1	848	16332	6.19
1842	New Journal of Physics	United Kingdom	1.224	Q1	1973	32531	3.32
1843	Fire Ecology	United States	1.224	Q1	101	2510	4.73
1844	Applied Mathematics Letters	United Kingdom	1.224	Q1	1246	6399	4.05
1845	Preslia	Czech Republic	1.223	Q1	42	2180	3.39
1846	Indiana University Mathematics Journal	United States	1.223	Q1	175	2241	1.01
1847	Journal of Telemedicine and Telecare	United Kingdom	1.223	Q1	313	6004	4.67
1848	IEEE Microwave and Wireless Components Letters	United States	1.222	Q1	892	6436	3.42
1849	Computers in Biology and Medicine	United Kingdom	1.222	Q1	1519	67995	8.88
1850	Cell Calcium	United Kingdom	1.222	Q1	358	6960	3.1
1851	Frontiers in Psychiatry	Switzerland	1.222	Q1	4965	182000	4.52
1852	IEEE Journal of Selected Topics in Quantum Electronics	United States	1.221	Q1	587	6338	4.39
1853	Philosophers Imprint	United States	1.22	Q1	123	1530	1.48
1854	American Journal of Bioethics	United Kingdom	1.219	Q1	1037	4547	1.15
1855	Expert Opinion on Drug Discovery	United Kingdom	1.219	Q1	348	10847	5.57
1856	Education Finance and Policy	United States	1.219	Q1	72	1301	1.73
1857	Surgery for Obesity and Related Diseases	United States	1.219	Q1	1081	6590	2.07
1858	Journal of Archaeological Science	United States	1.218	Q1	396	7392	2.87
1859	Road Materials and Pavement Design	United Kingdom	1.218	Q1	515	11209	4.67
1860	Laboratory Investigation	United Kingdom	1.218	Q1	509	6148	4.07
1861	Medical Teacher	United Kingdom	1.217	Q1	957	8754	3.04
1862	Biophysical Journal	United States	1.216	Q1	1462	26289	3.04
1863	Annals of Botany	United Kingdom	1.213	Q1	580	6502	3.89
1864	NeoBiota	Bulgaria	1.213	Q1	213	5649	5.14
1865	Animal Conservation	United States	1.213	Q1	252	7723	3.51
1866	Fuzzy Sets and Systems	Netherlands	1.212	Q1	626	12857	4.37
1867	Journal of Materials Chemistry B	United Kingdom	1.211	Q1	2454	61000	7.22
1868	ACM Transactions on Internet Technology	United States	1.21	Q1	210	3429	5.15
1869	Fortschritte der Physik	Germany	1.209	Q1	160	3445	3.58
1870	Crop Journal	China	1.209	Q1	317	12693	6.68
1871	Precision Agriculture	Netherlands	1.209	Q1	236	6209	7.32
1872	European Journal of Combinatorics	United States	1.209	Q1	407	2426	1.06
1873	Clinical Psychology and Psychotherapy	United Kingdom	1.209	Q1	271	11713	4.43
1874	Journal of European Integration	United Kingdom	1.209	Q1	196	4228	3.68
1875	Anthropological Theory	United Kingdom	1.208	Q1	66	2672	1.73
1876	Computational Optimization and Applications	Netherlands	1.208	Q1	279	3767	2.19
1877	Geomorphology	Netherlands	1.207	Q1	1088	26402	4.29
1878	Georisk	United Kingdom	1.207	Q1	80	3786	5.05
1879	American Health and Drug Benefits	United States	1.206	Q1	78	420	0.98
1880	Retina	United States	1.206	Q1	1138	7578	2.95
1881	Bioconjugate Chemistry	United States	1.204	Q1	829	13102	4.76
1882	ICT Express	South Korea	1.204	Q1	219	4312	6.75
1883	Revista de Psiquiatria y Salud Mental	Spain	1.204	Q1	143	2950	3.78
1884	Social Networks	Netherlands	1.203	Q1	170	8304	3.41
1885	Pediatric obesity	United Kingdom	1.202	Q1	335	5413	4.12
1886	Conflict and Health	United Kingdom	1.201	Q1	234	3201	3.07
1887	Advances in Health Sciences Education	Netherlands	1.2	Q1	221	6272	4.0
1888	Aesthetic Surgery Journal	United States	1.2	Q1	1248	4957	1.59
1889	Aging	United States	1.2	Q2	4064	26235	4.93
1890	Horticultural Plant Journal	China	1.199	Q1	134	5711	7.22
1891	Counseling Psychologist	United States	1.199	Q1	125	2499	3.73
1892	Computer Standards and Interfaces	Netherlands	1.199	Q1	158	2749	6.28
1893	Frontiers of Physics	China	1.198	Q1	236	7332	6.1
1894	Progress in Oceanography	United Kingdom	1.198	Q1	492	12289	4.06
1895	Journal of the Royal Society Interface	United Kingdom	1.196	Q1	832	16538	3.81
1896	Journal of Chemical Physics	United States	1.196	Q1	5916	111627	4.39
1897	Journal of Autism and Developmental Disorders	United States	1.196	Q1	1219	44565	4.6
1898	Stress and Health	United States	1.196	Q1	211	7656	4.8
1899	Social Movement Studies	United Kingdom	1.195	Q1	130	5368	4.17
1900	Diabetology and Metabolic Syndrome	United Kingdom	1.195	Q1	367	9080	4.9
1901	ACS Applied Nano Materials	United States	1.193	Q1	3545	108913	6.03
1902	Information and Inference	United States	1.193	Q1	78	869	1.88
1903	Theory, Culture and Society	United Kingdom	1.193	Q1	198	4340	1.9
1904	Tijdschrift Voor Economische en Sociale Geografie	United Kingdom	1.192	Q1	135	2002	6.07
1905	Distributed Computing	Germany	1.192	Q1	82	1180	1.63
1906	Journal of Combinatorial Theory - Series A	United States	1.192	Q1	389	2108	1.18
1907	Superconductor Science and Technology	United Kingdom	1.191	Q1	761	11247	3.44
1908	Applied and Computational Mathematics	Azerbaijan	1.191	Q1	5	0	7.0
1909	Reading and Writing	Netherlands	1.19	Q1	316	10852	2.75
1910	Frontiers in Microbiology	Switzerland	1.19	Q1	10587	364651	5.08
1911	Journal of Evolution Equations	Switzerland	1.19	Q1	267	2933	1.36
1912	Milan Journal of Mathematics	Switzerland	1.19	Q1	53	875	1.79
1913	Psychiatric Quarterly	United States	1.19	Q1	319	2784	4.03
1914	Seminars in Thrombosis and Hemostasis	United States	1.19	Q1	331	9181	4.05
1915	Underground Space (China)	China	1.189	Q1	116	3577	6.07
1916	Journal of Cardiovascular Computed Tomography	United States	1.189	Q1	338	3260	2.83
1917	ChemCatChem	Germany	1.188	Q1	1941	32248	4.58
1918	Ecology and Society	Canada	1.188	Q1	425	14139	4.08
1919	Phonology	United Kingdom	1.188	Q1	58	330	1.15
1920	Cancer Medicine	United Kingdom	1.188	Q1	2399	24500	3.89
1921	Neurosurgical Focus	United States	1.188	Q1	640	5554	3.26
1922	Mitochondrion	Netherlands	1.188	Q2	410	6573	4.31
1923	Appetite	United States	1.187	Q1	1101	29430	6.32
1924	Applied Surface Science	Netherlands	1.187	Q1	10237	175084	7.15
1925	Journal of Internet Commerce	United States	1.187	Q1	56	2885	6.08
1926	Journal of Choice Modelling	Netherlands	1.186	Q1	100	1586	2.55
1927	ACM Transactions on Mathematical Software	United States	1.186	Q1	122	1610	2.95
1928	Scandinavian Journal of Hospitality and Tourism	United Kingdom	1.186	Q1	92	1407	3.95
1929	Cytotherapy	United States	1.186	Q1	318	6888	3.91
1930	Urban Climate	Netherlands	1.185	Q1	548	19803	6.62
1931	Benchmarking	United Kingdom	1.185	Q1	360	24936	7.97
1932	English for Specific Purposes	United Kingdom	1.185	Q1	95	1545	3.23
1933	Journal of Educational and Behavioral Statistics	United States	1.185	Q1	90	1481	2.4
1934	Nuclear Materials and Energy	United Kingdom	1.184	Q1	509	5897	2.49
1935	Phytochemistry Reviews	Netherlands	1.184	Q1	156	13540	8.19
1936	Stochastic Processes and their Applications	Netherlands	1.184	Q1	580	6438	1.47
1937	Interactive Technology and Smart Education	United Kingdom	1.184	Q1	83	3117	8.1
1938	European Journal of Cardio-thoracic Surgery	United Kingdom	1.183	Q1	1410	10198	2.11
1939	Quaternary Geochronology	Netherlands	1.182	Q1	188	7291	3.11
1940	Information and Software Technology	Netherlands	1.182	Q1	413	10437	5.34
1941	Current Reviews in Musculoskeletal Medicine	United States	1.182	Q1	205	4569	4.4
1942	Molecules and Cells	South Korea	1.182	Q1	291	5034	3.59
1943	Computers and Geosciences	United Kingdom	1.18	Q1	488	9271	5.01
1944	Current Opinion in Pharmacology	Netherlands	1.179	Q1	347	7957	3.86
1945	Optics Letters	United States	1.179	Q1	4806	38398	3.83
1946	Journal of Dairy Science	United States	1.179	Q1	3072	38492	3.7
1947	Transfusion Medicine Reviews	United Kingdom	1.179	Q1	106	1337	4.42
1948	Journal of Development Studies	United Kingdom	1.179	Q1	390	6400	3.35
1949	Human-Computer Interaction	United States	1.178	Q1	52	3312	5.74
1950	Cornell Hospitality Quarterly	United States	1.178	Q1	106	3718	4.78
1951	International Journal of Social Robotics	Germany	1.177	Q1	288	10576	5.77
1952	Earth Surface Processes and Landforms	United Kingdom	1.177	Q1	693	18079	3.55
1953	ACM Transactions on the Web	United States	1.177	Q1	49	1497	4.79
1954	Eye	United Kingdom	1.176	Q1	1242	19737	2.98
1955	Biologics: Targets and Therapy	New Zealand	1.176	Q1	69	1241	4.21
1956	International Journal of Coal Science and Technology	Switzerland	1.175	Q1	233	4634	7.86
1957	EJNMMI Physics	Switzerland	1.174	Q1	186	2780	3.86
1958	ELT Journal	United Kingdom	1.174	Q1	148	516	2.26
1959	Poetics	Netherlands	1.173	Q1	156	5781	2.62
1960	LWT	United States	1.173	Q1	4545	81826	6.91
1961	IEEE Transactions on Cognitive and Developmental Systems	United States	1.173	Q1	232	8548	4.35
1962	ReCALL	United Kingdom	1.173	Q1	61	1064	4.9
1963	Journal of the National Medical Association	United States	1.173	Q1	295	3117	2.59
1964	Kidney International Reports	United States	1.173	Q1	1021	10238	3.36
1965	Lung	United States	1.173	Q1	318	2958	4.67
1966	Ore Geology Reviews	Netherlands	1.172	Q1	1571	53722	3.59
1967	EvoDevo	United Kingdom	1.172	Q1	71	1537	3.87
1968	Diagnosis	Germany	1.172	Q1	180	2864	3.17
1969	Hematology. American Society of Hematology. Education Program	United States	1.172	Q1	268	4229	3.21
1970	Journal of Veterinary Internal Medicine	United States	1.171	Q1	909	9744	2.44
1971	Building Simulation	China	1.171	Q1	307	7707	6.19
1972	Financial Innovation	Germany	1.171	Q1	185	7014	7.59
1973	Radiologia Medica	Italy	1.171	Q1	480	5865	8.88
1974	Science Technology and Human Values	United States	1.17	Q1	171	5451	3.46
1975	Journal of Business Finance and Accounting	United Kingdom	1.17	Q1	149	7136	3.68
1976	Nonprofit and Voluntary Sector Quarterly	United States	1.17	Q1	190	7262	3.79
1977	Statistica Sinica	Taiwan	1.169	Q1	266	33	1.45
1978	Collabra: Psychology	United States	1.169	Q1	165	4083	2.66
1979	Neural Computing and Applications	United Kingdom	1.169	Q1	3006	72897	6.94
1980	Population and Development Review	United Kingdom	1.169	Q1	131	2498	2.54
1981	Current Allergy and Asthma Reports	United States	1.169	Q1	185	1598	5.79
1982	Journal of Specialised Translation	United Kingdom	1.168	Q1	76	1204	1.63
1983	Brain Structure and Function	Germany	1.168	Q1	589	16396	2.88
1984	Angle Orthodontist	United States	1.167	Q1	375	2064	2.78
1985	Journal of Multivariate Analysis	United States	1.167	Q1	320	7172	1.68
1986	Teachers and Teaching: Theory and Practice	United Kingdom	1.167	Q1	151	4605	3.16
1987	Astroparticle Physics	Netherlands	1.167	Q1	171	1766	3.99
1988	Pediatric Clinics of North America	United Kingdom	1.166	Q1	332	4920	2.06
1989	Clinical and Experimental Allergy	United Kingdom	1.166	Q2	560	5806	3.91
1990	Autonomous Robots	Netherlands	1.165	Q1	274	2488	3.64
1991	Applied Soil Ecology	Netherlands	1.164	Q1	919	24778	5.52
1992	Animal Frontiers	India	1.163	Q1	128	653	2.83
1993	Pedosphere	China	1.163	Q1	248	6258	6.2
1994	Journal of the Academy of Nutrition and Dietetics	United States	1.162	Q1	546	10028	3.67
1995	Archives of Toxicology	Germany	1.162	Q1	804	14753	5.58
1996	British Journal of Clinical Psychology	United States	1.162	Q1	89	4390	3.43
1997	Food Quality and Preference	United Kingdom	1.161	Q1	687	15965	6.54
1998	Aging and Mental Health	United Kingdom	1.16	Q1	731	21116	4.27
1999	Sleep Health	United States	1.16	Q1	314	4909	3.59
2000	Maturitas	Ireland	1.16	Q1	463	5995	4.72
2001	Annals of Applied Statistics	United States	1.159	Q1	294	6500	1.68
2002	BMC Plant Biology	United Kingdom	1.159	Q1	1741	39704	5.4
2003	Journal of the Franklin Institute	United Kingdom	1.159	Q1	1658	24254	4.55
2004	Pancreatology	Netherlands	1.159	Q1	622	6285	3.22
2005	Geoscience Letters	United Kingdom	1.158	Q1	77	2531	3.59
2006	International Journal of Refrigeration	United Kingdom	1.155	Q1	1196	10402	4.1
2007	Zeitschrift fur Medizinische Physik	Germany	1.154	Q1	109	2828	2.07
2008	International Journal of Molecular Sciences	Switzerland	1.154	Q1	29804	1286760	5.57
2009	Plant and Soil	Netherlands	1.153	Q1	1273	40192	4.75
2010	Journal of Cardiopulmonary Rehabilitation and Prevention	United States	1.153	Q1	255	3105	3.07
2011	Aquatic Toxicology	Netherlands	1.152	Q1	735	15215	4.77
2012	Fuzzy Optimization and Decision Making	United States	1.152	Q1	72	1344	6.27
2013	IEEE Transactions on Computers	United States	1.152	Q1	467	9721	3.7
2014	Thinking Skills and Creativity	Netherlands	1.152	Q1	330	8835	4.8
2015	CRISPR Journal	United States	1.151	Q1	169	4103	2.54
2016	Physical Education and Sport Pedagogy	United Kingdom	1.15	Q1	162	4986	3.84
2017	Sustainable and Resilient Infrastructure	United States	1.15	Q1	76	3485	5.15
2018	Translational Oncology	United States	1.15	Q1	700	15462	4.84
2019	Brain Topography	United States	1.149	Q1	206	3575	2.66
2020	BJS open	United Kingdom	1.149	Q1	444	3891	2.99
2021	Methods, Data, Analyses	Germany	1.148	Q1	28	633	1.38
2022	Epidemiologic Reviews	United Kingdom	1.146	Q1	40	0	4.48
2023	Journal of Analytical and Applied Pyrolysis	Netherlands	1.145	Q1	730	20998	6.57
2024	Land Degradation and Development	United Kingdom	1.145	Q1	839	22339	4.95
2025	Teaching and Learning in Medicine	United States	1.145	Q1	171	5972	3.17
2026	British Journal of General Practice	United Kingdom	1.145	Q1	1333	5960	1.66
2027	Haemophilia	United Kingdom	1.145	Q1	736	5970	2.75
2028	HemaSphere	United States	1.145	Q1	358	2865	2.61
2029	Applied Intelligence	Netherlands	1.145	Q2	1062	73354	7.04
2030	SPE Journal	United States	1.144	Q1	609	9498	4.4
2031	IACR Transactions on Symmetric Cryptology	Germany	1.144	Q1	138	1587	3.6
2032	Progress in Earth and Planetary Science	United Kingdom	1.143	Q1	200	5252	3.88
2033	Frontiers in Neuroanatomy	Switzerland	1.143	Q1	321	9405	2.65
2034	Theoretical and Applied Fracture Mechanics	Netherlands	1.142	Q1	872	22477	5.37
2035	International Journal of Health Geographics	United Kingdom	1.142	Q1	132	1108	5.08
2036	Biological Procedures Online	United Kingdom	1.142	Q1	71	1410	6.4
2037	Veterinary Quarterly	United Kingdom	1.141	Q1	74	1773	6.86
2038	Journal of Sports Sciences	United Kingdom	1.141	Q1	966	11786	3.87
2039	Interface Focus	United Kingdom	1.141	Q1	221	2612	4.03
2040	Physiologia Plantarum	United Kingdom	1.141	Q1	756	18549	6.32
2041	Patient	United States	1.14	Q1	198	2464	3.13
2042	Child Psychiatry and Human Development	United States	1.14	Q1	301	18057	3.88
2043	IEEE Transactions on Learning Technologies	United States	1.14	Q1	170	3707	4.23
2044	Studies in Comparative International Development	United States	1.14	Q1	69	1848	2.81
2045	Atmospheric Science Letters	United States	1.139	Q1	164	2267	3.15
2046	BioFactors	United States	1.139	Q1	237	8573	6.59
2047	Journal of the Energy Institute	United Kingdom	1.138	Q1	591	9096	6.48
2048	Optics Express	United States	1.138	Q1	9915	139505	4.07
2049	Applied Geography	Netherlands	1.138	Q1	413	7908	5.41
2050	Journal of Combinatorial Designs	United States	1.138	Q1	141	849	0.75
2051	Mathematische Zeitschrift	Germany	1.138	Q1	668	10731	0.89
2052	Theory and Practice of Logic Programming	United Kingdom	1.138	Q1	154	1919	1.69
2053	Target	Netherlands	1.138	Q1	58	1233	1.42
2054	International Journal of Mental Health Systems	United Kingdom	1.138	Q1	249	3214	3.62
2055	Frontiers in Oncology	Switzerland	1.138	Q2	10182	399987	4.42
2056	BMC Cancer	United Kingdom	1.137	Q1	3781	54333	3.72
2057	Journal of Nutritional Biochemistry	United States	1.136	Q1	493	13394	5.94
2058	China Journal	Australia	1.136	Q1	34	0	3.77
2059	Chronic Respiratory Disease	United Kingdom	1.136	Q1	125	1519	3.45
2060	Clinics in Chest Medicine	United Kingdom	1.136	Q1	211	6291	5.03
2061	Cold Regions Science and Technology	Netherlands	1.135	Q1	517	8815	4.68
2062	European Journal of Agronomy	Netherlands	1.135	Q1	370	11009	5.76
2063	International Journal of Gynecological Cancer	United Kingdom	1.134	Q1	965	6992	3.02
2064	International Theory	United Kingdom	1.133	Q1	65	2060	2.39
2065	American Journal of Nephrology	Switzerland	1.133	Q1	342	2774	3.31
2066	Annals of Surgical Oncology	United States	1.133	Q1	3336	27558	2.13
2067	Esophagus	Japan	1.133	Q1	228	2353	2.47
2068	International Journal of Disaster Risk Reduction	United Kingdom	1.132	Q1	1528	50897	5.51
2069	Quarterly Journal of Finance	Singapore	1.132	Q1	60	963	0.68
2070	American Journal of Cardiology	United States	1.132	Q1	1965	13395	2.29
2071	Acta Diabetologica	Italy	1.131	Q1	550	5873	3.8
2072	Syntax	United Kingdom	1.131	Q1	42	1178	0.93
2073	Discrete and Continuous Dynamical Systems	United States	1.13	Q1	809	6551	1.21
2074	International Journal of Transgender Health	United Kingdom	1.13	Q1	107	4411	3.67
2075	Sport, Education and Society	United Kingdom	1.129	Q1	230	8645	4.06
2076	IEEE Transactions on Semiconductor Manufacturing	United States	1.129	Q1	234	2119	2.86
2077	IISE Transactions	United Kingdom	1.129	Q1	277	5185	3.37
2078	Signs	United States	1.128	Q1	148	2317	1.78
2079	Thinking and Reasoning	United Kingdom	1.128	Q1	70	2571	3.56
2080	MRS Bulletin	Switzerland	1.128	Q1	457	7820	3.01
2081	Urban Affairs Review	United States	1.128	Q1	183	7184	3.26
2082	Cellular Signalling	United States	1.128	Q2	763	15206	4.73
2083	Obesity Surgery	United States	1.127	Q1	2146	15577	2.41
2084	Bone	United States	1.127	Q1	1169	14605	3.99
2085	Obesity Facts	Switzerland	1.127	Q1	186	3418	3.42
2086	BMC Geriatrics	United Kingdom	1.127	Q1	1614	45824	4.13
2087	Phytomedicine	Germany	1.126	Q1	1113	36951	8.05
2088	Fungal Biology Reviews	Netherlands	1.126	Q1	57	3456	5.83
2089	Journal of Systems and Software	United States	1.126	Q1	537	12744	4.85
2090	Clinical and Experimental Metastasis	Netherlands	1.125	Q1	158	4369	3.74
2091	Mobilities	United Kingdom	1.124	Q1	178	5350	3.78
2092	Journal of Applied Behavior Analysis	United States	1.123	Q1	350	3382	2.93
2093	Plant Reproduction	Germany	1.123	Q1	73	1422	3.47
2094	Journal of Pediatric Psychology	United Kingdom	1.123	Q1	372	3541	3.38
2095	Frontiers in Marine Science	Switzerland	1.122	Q1	3965	200913	3.6
2096	GCB Bioenergy	Germany	1.121	Q1	300	6066	5.45
2097	Plant Methods	United Kingdom	1.121	Q1	437	7136	5.45
2098	Health Equity	United States	1.12	Q1	259	3902	2.4
2099	Expert Opinion on Biological Therapy	United Kingdom	1.12	Q1	428	11502	4.66
2100	Transportmetrica A: Transport Science	United States	1.12	Q1	223	6474	4.08
2101	Orphanet Journal of Rare Diseases	United Kingdom	1.12	Q1	1141	18077	3.52
2102	Journal of Aging and Health	United States	1.119	Q1	346	7699	3.09
2103	Health systems and reform	United States	1.119	Q1	99	1821	3.53
2104	CPT: Pharmacometrics and Systems Pharmacology	United States	1.119	Q1	318	4809	3.23
2105	CSEE Journal of Power and Energy Systems	United States	1.118	Q1	359	5847	7.47
2106	Computer Methods and Programs in Biomedicine	Ireland	1.118	Q1	1336	28897	7.19
2107	Journal of Dermatological Science	Ireland	1.118	Q1	342	3002	3.09
2108	Current Treatment Options in Oncology	United States	1.118	Q1	300	8715	4.11
2109	Biology Direct	United Kingdom	1.117	Q1	79	2512	5.57
2110	Chinese Sociological Review	United States	1.117	Q1	64	1559	4.19
2111	Amyotrophic Lateral Sclerosis and Frontotemporal Degeneration	United Kingdom	1.116	Q1	307	3785	2.81
2112	Structural and Multidisciplinary Optimization	Germany	1.116	Q1	992	17103	4.15
2113	Journal of Studies on Alcohol and Drugs	United States	1.115	Q1	301	5024	2.96
2114	Inverse Problems	United Kingdom	1.115	Q1	545	5794	2.16
2115	CAAI Transactions on Intelligence Technology	United Kingdom	1.115	Q1	111	3700	5.91
2116	Scandinavian Journal of Surgery	Finland	1.115	Q1	172	1340	2.5
2117	Journal of Endovascular Therapy	United States	1.114	Q1	389	6790	2.61
2118	Archives of Orthopaedic and Trauma Surgery	Germany	1.113	Q1	707	24754	3.38
2119	Science China: Physics, Mechanics and Astronomy	China	1.112	Q1	520	11029	5.22
2120	Pacific Basin Finance Journal	Netherlands	1.112	Q1	508	9409	5.2
2121	Journal of Medical Ethics	United Kingdom	1.111	Q1	810	6116	2.96
2122	Journal of Trauma and Acute Care Surgery	United States	1.11	Q1	1249	10429	2.47
2123	Materials Characterization	United States	1.109	Q1	1848	36020	4.96
2124	Microbial Biotechnology	United Kingdom	1.108	Q1	523	14220	5.57
2125	Journal of Experimental Psychology: Human Perception and Performance	United States	1.108	Q1	322	6452	2.21
2126	Journal of the American Taxation Association	United States	1.108	Q1	36	895	1.88
2127	Technology, Knowledge and Learning	United States	1.108	Q1	155	6733	5.16
2128	American Journal of Orthopsychiatry	United States	1.107	Q1	221	4294	3.87
2129	Measurement: Journal of the International Measurement Confederation	Netherlands	1.106	Q1	3813	69850	6.34
2130	Insect Conservation and Diversity	United Kingdom	1.106	Q1	180	4918	3.85
2131	Drug Safety	United Kingdom	1.105	Q1	372	5298	3.4
2132	Physical Review Materials	United States	1.105	Q1	2187	41651	3.32
2133	IEEE Transactions on Computational Imaging	United States	1.105	Q1	176	4990	4.99
2134	International Journal of Systems Science	United Kingdom	1.105	Q1	678	11513	4.99
2135	Psychosomatic Medicine	United States	1.105	Q1	339	6881	2.93
2136	Virulence	United States	1.104	Q1	414	10145	4.85
2137	Ocean Modelling	Netherlands	1.104	Q1	250	4315	3.16
2138	Emerging Markets Review	Netherlands	1.104	Q1	177	5919	4.88
2139	Australasian Journal of Educational Technology	Australia	1.104	Q1	206	4153	4.58
2140	Dental Traumatology	Denmark	1.103	Q1	240	2150	2.74
2141	European Physical Education Review	United Kingdom	1.103	Q1	189	3615	4.24
2142	Aggressive Behavior	United States	1.103	Q1	176	3509	3.25
2143	Food and Function	United Kingdom	1.103	Q1	2560	57266	6.51
2144	Journal of Grid Computing	Netherlands	1.103	Q1	137	2297	6.13
2145	Laryngoscope	United States	1.103	Q1	2224	17006	2.78
2146	Veterinary Clinics of North America - Food Animal Practice	United Kingdom	1.102	Q1	144	1367	3.75
2147	Case Studies in Construction Materials	Netherlands	1.102	Q1	549	47737	6.63
2148	Therapeutic Advances in Musculoskeletal Disease	United States	1.102	Q1	228	6688	4.02
2149	ACS Applied Electronic Materials	United States	1.101	Q1	1371	40579	5.07
2150	Journal of Bacteriology	United States	1.101	Q1	801	15179	2.96
2151	Microbial Cell	Austria	1.101	Q1	103	1049	3.68
2152	EPJ Quantum Technology	Germany	1.101	Q1	47	3284	5.54
2153	International Immunopharmacology	Netherlands	1.1	Q1	2740	58810	5.57
2154	National Tax Journal	United States	1.1	Q1	113	1147	1.34
2155	Poultry Science	United States	1.1	Q1	2297	30814	4.61
2156	Educational Review	United Kingdom	1.099	Q1	170	8286	3.42
2157	Neonatology	Switzerland	1.098	Q1	343	2707	2.4
2158	Swarm Intelligence	United States	1.098	Q2	43	560	2.83
2159	Psicothema	Spain	1.097	Q1	207	3603	3.73
2160	Chronic Obstructive Pulmonary Diseases	United States	1.097	Q1	138	1885	1.74
2161	Geographical Analysis	United States	1.096	Q1	94	3318	4.38
2162	ESAIM: Mathematical Modelling and Numerical Analysis	France	1.096	Q1	294	3102	1.67
2163	Cellular Microbiology	United Kingdom	1.096	Q2	395	1662	3.26
2164	Microbiology spectrum	United States	1.095	Q1	672	96491	3.43
2165	Journal of Common Market Studies	United Kingdom	1.095	Q1	307	8239	2.72
2166	Frontiers in Ecology and Evolution	Switzerland	1.095	Q1	1978	96232	2.81
2167	Remedial and Special Education	United States	1.095	Q1	97	3001	3.16
2168	Natural Hazards and Earth System Sciences	Germany	1.094	Q1	590	15255	4.36
2169	Assessing Writing	United Kingdom	1.094	Q1	104	2856	3.73
2170	European Journal of Haematology	United Kingdom	1.094	Q1	485	5163	3.01
2171	Journal of Hand Surgery	United Kingdom	1.093	Q1	806	9421	1.76
2172	European Journal of Sport Science	United Kingdom	1.092	Q1	464	13096	3.97
2173	Technometrics	United Kingdom	1.092	Q1	128	2152	2.42
2174	Therapeutic Advances in Respiratory Disease	United Kingdom	1.092	Q1	200	3170	4.11
2175	Hormones and Behavior	United States	1.091	Q1	431	11963	3.64
2176	Journal of Social and Personal Relationships	United Kingdom	1.091	Q1	542	14066	2.96
2177	Journal of Geographical Sciences	China	1.09	Q1	332	7725	5.25
2178	Briefings in Functional Genomics	United Kingdom	1.089	Q1	104	2831	3.75
2179	Clinical Neuropsychiatry	Italy	1.089	Q1	117	2506	6.49
2180	American Behavioral Scientist	United States	1.088	Q1	350	11781	4.05
2181	Psychological Inquiry	United States	1.088	Q1	119	2045	3.1
2182	Developmental Neurobiology	United States	1.087	Q2	157	3587	2.99
2183	Journal of Glaciology	United Kingdom	1.086	Q1	271	5390	3.28
2184	Clinica Chimica Acta	Netherlands	1.085	Q1	1320	14305	5.02
2185	Journal of Pragmatics	Netherlands	1.085	Q1	633	10132	1.73
2186	Clinical and Translational Science	United Kingdom	1.084	Q1	502	9413	4.19
2187	Journal of Archaeological Method and Theory	United States	1.084	Q1	133	7412	2.51
2188	Space Weather	United States	1.084	Q2	386	8890	3.76
2189	Physics of Fluids	United States	1.083	Q1	4088	112820	4.64
2190	Journal of Trauma and Dissociation	United States	1.083	Q1	126	2068	3.71
2191	Journal of Healthcare Leadership	United States	1.082	Q1	47	734	4.58
2192	European Journal of Mechanics, A/Solids	Netherlands	1.082	Q1	587	12855	4.78
2193	Physics of the Earth and Planetary Interiors	Netherlands	1.082	Q1	330	4463	2.41
2194	International Journal of Central Banking	Germany	1.082	Q1	125	1845	1.3
2195	Journal of Experimental Child Psychology	United States	1.082	Q1	564	10890	2.87
2196	Physiological Genomics	United States	1.082	Q1	166	2471	4.84
2197	Population, Space and Place	United Kingdom	1.082	Q1	280	8475	3.11
2198	Respiration	Switzerland	1.082	Q1	406	3972	3.23
2199	Coral Reefs	Germany	1.081	Q1	398	9602	3.29
2200	Journal of Mathematical Behavior	United States	1.081	Q1	175	3419	1.98
2201	Virtual Reality	United Kingdom	1.081	Q1	178	10843	6.52
2202	HPB	United Kingdom	1.081	Q1	678	8425	2.66
2203	Applied Mathematical Modelling	United States	1.08	Q1	1723	24041	5.46
2204	Pervasive and Mobile Computing	Netherlands	1.08	Q1	221	4000	4.3
2205	Journal of Alloys and Compounds	Netherlands	1.079	Q1	13640	274171	6.67
2206	Optimization Methods and Software	United Kingdom	1.079	Q1	179	3309	2.82
2207	Insights into Imaging	Germany	1.079	Q1	435	7645	4.68
2208	Personnel Review	United Kingdom	1.078	Q1	316	17919	5.05
2209	BMB Reports	South Korea	1.078	Q1	286	4654	3.71
2210	Advances in Wound Care	United States	1.078	Q1	172	4348	5.95
2211	Journal of Agrarian Change	United Kingdom	1.077	Q1	111	3343	2.91
2212	Yale Law Journal	United States	1.077	Q1	111	2504	2.08
2213	Journal of Orthopaedic Translation	Singapore	1.077	Q1	296	5484	5.94
2214	Marine Chemistry	Netherlands	1.076	Q1	244	4978	3.19
2215	Perspectives in Plant Ecology, Evolution and Systematics	Germany	1.076	Q1	104	2555	3.37
2216	Journal of Heredity	United Kingdom	1.076	Q1	202	3334	2.96
2217	Ethnic and Racial Studies	United Kingdom	1.076	Q1	512	10953	2.66
2218	Advances in Therapy	Switzerland	1.076	Q1	1036	13779	3.68
2219	Biomolecules	Switzerland	1.074	Q1	4499	151469	5.61
2220	Journal of Benefit-Cost Analysis	United Kingdom	1.072	Q1	71	862	3.0
2221	Microbial Ecology	United States	1.072	Q1	516	24348	4.47
2222	Medical Physics	United States	1.072	Q1	1849	28426	3.75
2223	Health Policy and Technology	Netherlands	1.071	Q1	236	3410	4.86
2224	Carcinogenesis	United Kingdom	1.071	Q1	492	2903	4.45
2225	Journal of Obesity and Metabolic Syndrome	South Korea	1.071	Q1	136	1598	3.84
2226	Ecological Processes	Switzerland	1.07	Q1	185	4629	5.04
2227	Review of International Studies	United Kingdom	1.07	Q1	129	3032	2.95
2228	European Journal of Pain	United States	1.07	Q1	526	8552	3.61
2229	Seminars in Hematology	United Kingdom	1.07	Q1	103	1967	3.48
2230	NMR in Biomedicine	United Kingdom	1.069	Q1	540	11648	3.07
2231	American Journal of Drug and Alcohol Abuse	United States	1.068	Q1	245	4155	2.38
2232	Andrology	United States	1.068	Q1	496	9294	4.62
2233	Current Osteoporosis Reports	United States	1.068	Q1	205	4803	4.45
2234	Electronic Journal of Statistics	United States	1.067	Q1	399	6497	1.05
2235	Ecosphere	United States	1.067	Q1	1249	30935	2.75
2236	Journal of Modern Dynamics	United States	1.067	Q1	56	736	0.93
2237	European Journal of Ageing	Germany	1.067	Q1	143	6636	3.97
2238	Perspectives: Studies in Translation Theory and Practice	United Kingdom	1.066	Q1	172	4938	1.61
2239	EPJ Data Science	United States	1.066	Q1	130	2977	4.28
2240	Journal of Service Theory and Practice	United Kingdom	1.066	Q1	98	3509	5.31
2241	Games and Culture	United States	1.065	Q1	151	3991	4.11
2242	CIRP Journal of Manufacturing Science and Technology	Netherlands	1.065	Q1	319	7641	5.62
2243	Frontiers in Pharmacology	Switzerland	1.064	Q1	7757	371157	5.35
2244	Annals of Physical and Rehabilitation Medicine	France	1.064	Q1	292	3849	3.15
2245	Paleobiology	United Kingdom	1.063	Q1	111	3522	2.6
2246	Motivation Science	United States	1.063	Q1	83	2048	3.07
2247	Pathobiology	Switzerland	1.063	Q1	122	2679	5.52
2248	American Journal of Orthodontics and Dentofacial Orthopedics	United States	1.062	Q1	952	9225	1.74
2249	Archives of Physical Medicine and Rehabilitation	United Kingdom	1.062	Q1	870	14999	3.62
2250	Molecular Pharmacology	United States	1.061	Q1	347	4221	3.29
2251	Ethnicity and Disease	United States	1.061	Q1	246	964	2.8
2252	Journal of High Energy Astrophysics	Netherlands	1.06	Q1	61	6352	3.13
2253	Documenta Mathematica	Germany	1.06	Q1	182	1267	0.8
2254	SIAM Journal on Applied Algebra and Geometry	United States	1.059	Q1	75	1077	1.44
2255	Qualitative Inquiry	United States	1.059	Q1	442	5444	2.44
2256	Mycoses	United Kingdom	1.059	Q1	475	4882	5.38
2257	High Voltage	United Kingdom	1.058	Q1	236	5970	5.55
2258	Palaeontology	United Kingdom	1.058	Q1	162	4101	2.69
2259	Linguistic Typology	Germany	1.058	Q1	51	2245	1.83
2260	Food Control	Netherlands	1.057	Q1	1894	40779	6.84
2261	Journal of Graph Theory	United States	1.057	Q1	291	2438	0.85
2262	Proceedings of the Royal Society of Edinburgh Section A: Mathematics	United Kingdom	1.057	Q1	306	2509	1.4
2263	European Planning Studies	United Kingdom	1.057	Q1	376	12736	3.59
2264	Gut and Liver	South Korea	1.057	Q1	302	4247	3.26
2265	JPhys Photonics	United Kingdom	1.056	Q1	222	2539	4.08
2266	Bulletin of Volcanology	Germany	1.056	Q1	226	9638	3.4
2267	Zoological Journal of the Linnean Society	United Kingdom	1.055	Q1	427	9795	2.8
2268	International Journal of Science and Mathematics Education	Netherlands	1.055	Q1	276	7641	3.08
2269	Journal of Attention Disorders	United States	1.055	Q1	561	8356	3.5
2270	Journal of Digital Imaging	United States	1.054	Q1	402	6534	4.71
2271	Digestive Diseases and Sciences	United States	1.054	Q1	1561	26540	2.78
2272	Canadian Public Policy/ Analyse de Politiques	Canada	1.054	Q1	113	1946	3.52
2273	Journal of Loss and Trauma	United States	1.053	Q1	171	2455	5.73
2274	International Journal of Digital Earth	United Kingdom	1.052	Q1	273	7132	5.22
2275	Econometric Reviews	United States	1.052	Q1	149	2150	0.88
2276	Journal of Fluids and Structures	United States	1.052	Q1	575	7790	3.9
2277	Annals of Medicine	United Kingdom	1.052	Q1	332	15023	4.2
2278	IEEE Transactions on Human-Machine Systems	United States	1.051	Q1	194	6201	4.61
2279	Current Opinion in Hematology	United States	1.051	Q1	189	1999	3.04
2280	IEEE Journal of Photovoltaics	United States	1.05	Q1	672	6661	3.57
2281	Astrobiology	United States	1.05	Q1	316	10025	4.26
2282	Journal of Transport and Health	Netherlands	1.05	Q1	475	8454	3.78
2283	Journal of Curriculum Studies	United Kingdom	1.05	Q1	148	3011	2.9
2284	Parkinsonism and Related Disorders	Netherlands	1.05	Q1	1169	6850	2.96
2285	Mycorrhiza	Germany	1.048	Q1	182	2647	4.24
2286	Canadian Journal of Mathematics	Canada	1.048	Q1	158	3275	0.79
2287	Journal of Experimental Education	United States	1.047	Q1	126	4563	3.23
2288	Judgment and Decision Making	United States	1.046	Q1	202	2757	2.51
2289	International Journal of Solids and Structures	United Kingdom	1.046	Q1	1095	23083	4.09
2290	Ethnicity and Health	United Kingdom	1.045	Q1	225	6877	3.51
2291	Biodiversity and Conservation	Netherlands	1.045	Q1	661	11609	3.39
2292	Biomass and Bioenergy	United Kingdom	1.045	Q1	969	16557	6.65
2293	Global Ecology and Conservation	Netherlands	1.045	Q1	1404	28490	4.34
2294	International Journal of Thermal Sciences	France	1.044	Q1	1315	23538	4.95
2295	Physica D: Nonlinear Phenomena	Netherlands	1.044	Q1	523	10153	4.24
2296	Phytobiomes Journal	United States	1.044	Q1	105	2304	4.45
2297	Applied Physics Letters	United States	1.043	Q1	6206	81405	3.94
2298	Wear	Netherlands	1.043	Q1	1348	12467	5.44
2299	Animal Behaviour	United States	1.043	Q1	749	16527	2.52
2300	Housing Studies	United Kingdom	1.043	Q1	291	12520	3.69
2301	Early Education and Development	United Kingdom	1.043	Q1	197	10823	3.99
2302	Journal of Interpersonal Violence	United States	1.043	Q1	1609	63881	3.5
2303	Annals of Gastroenterological Surgery	United Kingdom	1.043	Q1	265	4173	2.93
2304	Global Spine Journal	United States	1.043	Q1	635	16079	2.47
2305	Analytica Chimica Acta	Netherlands	1.042	Q1	2627	51924	6.43
2306	SLAS Discovery	United States	1.042	Q1	318	1231	2.92
2307	American Journal of Tropical Medicine and Hygiene	United States	1.042	Q1	2081	13227	2.97
2308	Memetic Computing	Germany	1.042	Q1	86	1387	4.58
2309	Social Psychology of Education	Netherlands	1.042	Q1	205	5028	3.19
2310	Lipids in Health and Disease	United Kingdom	1.042	Q1	654	7326	4.42
2311	ASN Neuro	United Kingdom	1.042	Q1	100	2985	4.26
2312	Potential Analysis	Netherlands	1.041	Q1	214	4073	1.11
2313	IUBMB Life	United States	1.041	Q1	518	8224	4.83
2314	European Journal of Cultural Studies	United Kingdom	1.04	Q1	206	7044	3.26
2315	Frontiers of Optoelectronics	China	1.04	Q1	132	2794	4.65
2316	Discourse Studies	United Kingdom	1.04	Q1	96	1719	2.03
2317	Advanced Therapeutics	United Kingdom	1.039	Q1	323	7896	4.74
2318	Separation and Purification Reviews	United States	1.038	Q1	52	6300	6.94
2319	Archives of Sexual Behavior	United States	1.038	Q1	796	22826	3.46
2320	Cognitive Computation	United States	1.037	Q1	280	10944	6.23
2321	Early Intervention in Psychiatry	United Kingdom	1.037	Q2	500	7828	2.69
2322	Historical Methods	United States	1.036	Q1	44	1224	1.5
2323	Food Microbiology	United States	1.036	Q1	665	9830	6.31
2324	Agriculture and Human Values	Netherlands	1.035	Q1	282	10057	3.76
2325	European Journal of Soil Science	United Kingdom	1.035	Q1	381	11193	4.4
2326	Lupus Science and Medicine	United Kingdom	1.035	Q1	158	2580	2.75
2327	Comments on Inorganic Chemistry	United Kingdom	1.034	Q1	35	1870	4.92
2328	Journal of Asian Earth Sciences	United Kingdom	1.034	Q1	997	31050	3.28
2329	Marine Policy	United Kingdom	1.034	Q1	1287	25831	4.24
2330	Plant Direct	United States	1.034	Q1	257	6204	2.98
2331	Finite Fields and Their Applications	United States	1.034	Q1	316	2678	1.2
2332	BMC Pregnancy and Childbirth	United Kingdom	1.034	Q1	2130	38671	3.18
2333	Dermatology and Therapy	Germany	1.034	Q1	350	7977	3.54
2334	Women and Birth	Netherlands	1.033	Q1	451	7225	3.7
2335	Designs, Codes, and Cryptography	Netherlands	1.033	Q1	447	4884	1.66
2336	Behavioral Disorders	United States	1.033	Q1	61	1273	2.68
2337	Journal of Thoracic Imaging	United States	1.033	Q1	231	2250	3.4
2338	Sexual Medicine Reviews	United States	1.033	Q1	189	4856	3.65
2339	Cytoskeleton	United States	1.033	Q2	136	1158	2.52
2340	Internet Interventions	Netherlands	1.033	Q2	267	5966	4.72
2341	Current Opinion in Lipidology	United States	1.032	Q1	204	2372	3.31
2342	Israel Journal of Chemistry	United States	1.032	Q1	311	7318	3.25
2343	Motivation and Emotion	United States	1.031	Q1	190	4929	5.05
2344	Clinical Genitourinary Cancer	United States	1.031	Q1	515	5238	3.09
2345	Familial Cancer	Netherlands	1.031	Q2	150	1763	2.23
2346	Journal of Systematics and Evolution	United States	1.029	Q1	220	11117	3.86
2347	Child Maltreatment	United States	1.029	Q1	139	4862	4.26
2348	Journal of Physical Chemistry C	United States	1.028	Q1	9242	128290	3.69
2349	Journal of Sports Science and Medicine	Turkey	1.027	Q1	276	3068	3.3
2350	International Journal of Damage Mechanics	United Kingdom	1.027	Q1	211	3978	4.4
2351	Financial Review	United States	1.027	Q1	87	2207	2.58
2352	Ergodic Theory and Dynamical Systems	United Kingdom	1.027	Q1	419	4385	0.88
2353	Journal of Elections, Public Opinion and Parties	United States	1.027	Q1	133	3399	2.15
2354	Holocene	United Kingdom	1.025	Q1	431	9977	2.59
2355	FEMS Microbiology Ecology	United Kingdom	1.025	Q1	659	6284	4.0
2356	MycoKeys	Bulgaria	1.025	Q1	240	3910	3.38
2357	ChemElectroChem	United Kingdom	1.024	Q1	1783	27413	3.89
2358	Materials and Structures/Materiaux et Constructions	Netherlands	1.024	Q1	492	10727	3.48
2359	Clinics in Liver Disease	United Kingdom	1.024	Q2	179	3523	3.03
2360	Zeitschrift fur Angewandte Mathematik und Physik	Switzerland	1.023	Q1	576	8634	2.0
2361	Ecosystem Health and Sustainability	United Kingdom	1.023	Q1	111	2579	4.8
2362	IEEE Internet Computing	United States	1.023	Q1	146	934	3.18
2363	Biotechnology for Biofuels	United Kingdom	1.022	Q1	725	0	6.91
2364	SIAM Journal on Applied Dynamical Systems	United States	1.022	Q1	235	3703	2.22
2365	Annals of K-Theory	United States	1.021	Q1	63	453	0.59
2366	International Biodeterioration and Biodegradation	United Kingdom	1.021	Q1	466	6110	5.15
2367	Eye and Brain	New Zealand	1.02	Q1	43	539	4.14
2368	European Journal of Physical and Rehabilitation Medicine	Italy	1.019	Q1	355	4583	4.28
2369	Scientometrics	Netherlands	1.019	Q1	1176	17983	3.71
2370	Journal of Clinical Anesthesia	United States	1.019	Q1	1172	5181	1.7
2371	Expert Opinion on Drug Delivery	United Kingdom	1.018	Q1	351	13366	6.24
2372	Journal of Experimental Biology	United Kingdom	1.018	Q1	1936	25407	2.02
2373	Clinical and Translational Allergy	United Kingdom	1.018	Q1	197	3525	3.58
2374	Dermatologic Clinics	United Kingdom	1.018	Q1	189	2438	2.48
2375	Behavioral and Brain Functions	United Kingdom	1.017	Q1	32	1316	5.0
2376	School Effectiveness and School Improvement	United Kingdom	1.017	Q1	87	1779	3.73
2377	Journal of Virus Eradication	United Kingdom	1.017	Q1	108	1137	3.74
2378	Service Science	United States	1.016	Q1	45	925	2.41
2379	Past and Present	United Kingdom	1.016	Q1	126	3706	1.15
2380	Journal of Algebra	United States	1.016	Q1	1340	13370	0.89
2381	Studies in Applied Mathematics	United Kingdom	1.016	Q1	167	3667	2.88
2382	Foreign Policy Analysis	United States	1.016	Q1	111	1798	2.32
2383	Infancy	United States	1.016	Q1	157	3495	2.89
2384	Progress in Organic Coatings	Netherlands	1.015	Q1	1514	30236	7.01
2385	Journal of the Association for Information Science and Technology	United Kingdom	1.015	Q1	330	7936	4.45
2386	Vegetation History and Archaeobotany	United States	1.015	Q1	149	4263	2.62
2387	Journal of Sandwich Structures and Materials	United Kingdom	1.015	Q1	396	3974	4.67
2388	International Journal of Disaster Risk Science	United States	1.015	Q1	177	3606	4.12
2389	Psychology of Violence	United States	1.015	Q1	187	3523	3.06
2390	Acta Astronautica	United Kingdom	1.015	Q1	1787	24859	3.93
2391	Journal of Huntington's disease	Netherlands	1.015	Q1	117	1891	2.93
2392	One Health	Netherlands	1.015	Q1	276	5197	5.2
2393	Polymer Chemistry	United Kingdom	1.014	Q1	2035	38712	4.69
2394	Aerosol Science and Technology	United Kingdom	1.014	Q1	345	3891	5.22
2395	World Journal of Urology	Germany	1.014	Q1	1331	11383	3.21
2396	Journal of Biological Rhythms	United States	1.014	Q2	153	3462	3.0
2397	Boreas	United States	1.013	Q1	191	4907	3.02
2398	World Wide Web	United States	1.013	Q1	369	7598	4.54
2399	Hydrometallurgy	Netherlands	1.012	Q1	693	6372	5.08
2400	Transformation Groups	United States	1.012	Q1	162	3589	0.75
2401	International Nursing Review	United Kingdom	1.011	Q1	220	3199	4.89
2402	Cellulose	Netherlands	1.011	Q1	2152	34255	6.08
2403	Therapeutic Advances in Hematology	United States	1.011	Q2	83	3393	2.8
2404	Endoscopic Ultrasound	India	1.01	Q1	246	2163	2.57
2405	Seminars in Fetal and Neonatal Medicine	United Kingdom	1.009	Q1	207	3822	2.98
2406	Journal of Vegetation Science	United States	1.008	Q1	389	4208	2.8
2407	Computability	Netherlands	1.008	Q1	53	466	0.76
2408	Cancer Causes and Control	Netherlands	1.008	Q2	384	6026	2.29
2409	Journal of Responsible Innovation	United Kingdom	1.007	Q1	116	2023	4.0
2410	Critical Reviews in Toxicology	United Kingdom	1.007	Q1	134	4546	4.56
2411	Annales Henri Poincare	Switzerland	1.007	Q1	330	5794	1.44
2412	Oecologia	Germany	1.007	Q1	760	14465	2.74
2413	Algorithmica	United States	1.007	Q1	423	5908	1.54
2414	European Journal of Control	France	1.007	Q1	291	4097	3.73
2415	Journal of Policy Modeling	Netherlands	1.007	Q2	229	3235	4.03
2416	Marine Geology	Netherlands	1.006	Q1	571	16247	3.36
2417	AIAA Journal	United States	1.006	Q1	1314	22570	3.45
2418	Powder Technology	Netherlands	1.005	Q1	3113	50308	5.62
2419	City and Community	United Kingdom	1.005	Q1	142	1901	2.45
2420	Annals of Emergency Medicine	United States	1.005	Q1	1153	5136	2.01
2421	Diseases of the Colon and Rectum	United States	1.005	Q1	848	4128	2.0
2422	European Journal of General Practice	United Kingdom	1.005	Q1	113	1122	3.05
2423	Journal of Reconstructive Microsurgery	United States	1.005	Q1	323	4540	2.37
2424	American Ethnologist	United States	1.004	Q1	107	3057	1.41
2425	Drug Metabolism Reviews	United States	1.003	Q1	88	2969	6.13
2426	Endocrine Practice	United States	1.003	Q1	599	6342	3.48
2427	Brain Imaging and Behavior	United States	1.002	Q1	636	14816	3.56
2428	Zoologica Scripta	United Kingdom	1.002	Q1	165	3488	2.6
2429	Journal of Plasma Physics	United Kingdom	1.001	Q1	284	6102	2.37
2430	Journal of School Violence	United States	1.001	Q1	132	1833	3.13
2431	New Biotechnology	Netherlands	1.0	Q1	217	3427	6.08
2432	European Journal of Pharmacology	Netherlands	1.0	Q1	2119	36959	5.23
2433	Genes, Brain and Behavior	United Kingdom	1.0	Q1	243	4197	2.73
2434	Patient Education and Counseling	Ireland	1.0	Q1	1028	19363	3.36
2435	Progress in Orthodontics	Germany	0.999	Q1	139	1944	4.38
2436	ACS Applied Polymer Materials	United States	0.999	Q1	1668	51673	5.14
2437	Social Development	United Kingdom	0.999	Q1	195	6022	2.71
2438	BMC Pulmonary Medicine	United Kingdom	0.999	Q2	997	16690	3.03
2439	Globalizations	United Kingdom	0.997	Q1	308	11051	2.86
2440	Journal of Homosexuality	United States	0.997	Q1	328	15438	3.66
2441	Accounting Horizons	United States	0.997	Q1	112	2635	2.16
2442	Cancer Biology and Therapy	United States	0.996	Q1	358	2710	3.33
2443	ChemPhotoChem	Germany	0.996	Q1	411	8876	3.44
2444	Punishment and Society	United Kingdom	0.996	Q1	98	4439	2.77
2445	Journal of Endocrinological Investigation	Switzerland	0.996	Q2	693	11714	4.73
2446	ASAIO Journal	United States	0.995	Q1	658	6815	3.33
2447	Neuropsychologia	United Kingdom	0.995	Q1	965	18929	2.64
2448	European Journal of Internal Medicine	Netherlands	0.995	Q2	997	8935	3.46
2449	Nursing Outlook	United States	0.994	Q1	350	4321	3.3
2450	International Review of Administrative Sciences	United Kingdom	0.993	Q1	168	4473	3.31
2451	Health and Quality of Life Outcomes	United Kingdom	0.993	Q1	825	7784	3.65
2452	OR Spectrum	Germany	0.992	Q1	107	2062	3.32
2453	Asian Spine Journal	South Korea	0.992	Q1	353	3744	2.65
2454	American Journal of Medicine	United States	0.991	Q1	1617	8021	1.91
2455	Biology of Reproduction	United States	0.991	Q1	752	12804	3.27
2456	Transboundary and Emerging Diseases	United Kingdom	0.99	Q1	1006	32679	4.95
2457	International Breastfeeding Journal	United Kingdom	0.99	Q1	241	4094	3.6
2458	International Journal of Greenhouse Gas Control	Netherlands	0.989	Q1	746	11125	4.29
2459	Journal of Creative Behavior	United States	0.989	Q1	202	3584	4.53
2460	Journal of the Japanese and International Economies	United States	0.989	Q1	99	1237	3.57
2461	HIV Medicine	United Kingdom	0.989	Q1	312	5542	2.8
2462	Journal of Korean Medical Science	South Korea	0.989	Q1	1089	8262	3.99
2463	IEEE Sensors Journal	United States	0.987	Q1	5807	95307	4.73
2464	Social Psychology Quarterly	United States	0.987	Q1	70	1394	2.28
2465	JASSS	United Kingdom	0.987	Q1	122	1809	4.33
2466	Health Expectations	United Kingdom	0.987	Q1	483	13103	3.36
2467	Talanta	Netherlands	0.986	Q1	3556	39011	6.51
2468	System Dynamics Review	United Kingdom	0.986	Q1	54	638	4.32
2469	RIED-Revista Iberoamericana de Educacion a Distancia	Spain	0.986	Q1	34	1438	7.12
2470	Neurobiology of Learning and Memory	United States	0.986	Q2	437	5270	2.48
2471	International Journal of Multiphase Flow	United Kingdom	0.985	Q1	740	11735	4.12
2472	Applied Clay Science	Netherlands	0.985	Q1	1087	17701	5.93
2473	Professional Development in Education	United Kingdom	0.985	Q1	248	4569	2.31
2474	Food and Bioprocess Technology	United States	0.984	Q1	523	13467	5.72
2475	IEEE Transactions on Terahertz Science and Technology	United States	0.984	Q1	240	2706	3.29
2476	Annals of Agricultural Sciences	Egypt	0.984	Q1	87	1194	6.53
2477	International Peacekeeping	United Kingdom	0.984	Q1	101	2353	1.94
2478	Cell Cycle	United States	0.984	Q1	700	8843	4.16
2479	Supportive Care in Cancer	Germany	0.984	Q2	2025	38261	3.35
2480	Physical Review Fluids	United States	0.983	Q1	1725	26269	2.81
2481	Learning Health Systems	United States	0.983	Q1	83	2210	3.31
2482	Journal of the Neurological Sciences	Netherlands	0.983	Q2	1369	15406	3.31
2483	Journal of Nursing Scholarship	United Kingdom	0.982	Q1	249	4088	4.22
2484	Toxicological Sciences	United Kingdom	0.982	Q1	636	5743	3.59
2485	Journal of Synchrotron Radiation	United Kingdom	0.982	Q1	662	5322	2.38
2486	IET Generation, Transmission and Distribution	United Kingdom	0.981	Q1	1508	13998	3.28
2487	Clinical Trials	United Kingdom	0.981	Q1	274	2606	1.97
2488	Interfaces and Free Boundaries	Germany	0.981	Q1	52	500	0.83
2489	Applied Psychological Measurement	United States	0.981	Q1	121	1478	1.17
2490	Energy, Sustainability and Society	United States	0.981	Q1	139	3731	5.4
2491	EPMA Journal	United Kingdom	0.98	Q1	111	3358	6.48
2492	Journal of Philosophical Logic	Netherlands	0.98	Q1	135	2556	1.53
2493	Acta Paediatrica, International Journal of Paediatrics	United States	0.98	Q1	1513	9029	2.69
2494	Journal of Perinatology	United Kingdom	0.98	Q1	910	10113	2.72
2495	Journal of the Endocrine Society	United States	0.98	Q2	584	7134	2.87
2496	New Ideas in Psychology	United Kingdom	0.979	Q1	141	2547	2.84
2497	Social and Cultural Geography	United Kingdom	0.979	Q1	219	9345	3.32
2498	Planta	Germany	0.978	Q1	765	18433	4.28
2499	International Journal of Approximate Reasoning	United States	0.978	Q1	407	7220	4.38
2500	Journal of Noncommutative Geometry	Germany	0.978	Q1	122	1259	0.89
2501	Journal of Consumer Behaviour	United States	0.978	Q1	219	9212	5.06
2502	Scandinavian Actuarial Journal	United Kingdom	0.977	Q1	128	2002	2.21
2503	Ophthalmic and Physiological Optics	United Kingdom	0.976	Q1	275	5657	2.92
2504	Journal of Geometric Analysis	United States	0.976	Q1	736	9617	1.06
2505	Information and Learning Science	United Kingdom	0.976	Q1	151	2533	4.65
2506	Revista Brasileira de Psiquiatria	Brazil	0.976	Q2	358	4089	2.56
2507	Rehabilitation Psychology	United States	0.975	Q1	154	3025	3.07
2508	Frontiers in Neuroinformatics	Switzerland	0.975	Q1	215	7847	3.53
2509	Therapeutic Advances in Chronic Disease	United States	0.975	Q1	254	6091	3.37
2510	Progress in Physical Geography	United Kingdom	0.974	Q1	153	5742	3.78
2511	Ars Mathematica Contemporanea	Slovenia	0.974	Q1	174	784	0.86
2512	Applied Clinical Informatics	Germany	0.974	Q1	355	3740	2.47
2513	Children and Youth Services Review	United Kingdom	0.974	Q1	1913	19488	3.71
2514	Journal of Applied Sport Psychology	United Kingdom	0.974	Q2	103	5156	4.18
2515	Scientific Reports	United Kingdom	0.973	Q1	64779	1066412	4.44
2516	Biometrical Journal	Germany	0.973	Q1	324	3392	1.8
2517	Death Studies	United States	0.973	Q1	258	12486	4.45
2518	Journal of Histochemistry and Cytochemistry	United States	0.973	Q1	181	2262	3.27
2519	Energy Reports	United Kingdom	0.973	Q2	2326	96061	6.11
2520	Journal of Oral Microbiology	United Kingdom	0.972	Q1	162	3466	4.5
2521	Contact Lens and Anterior Eye	Netherlands	0.972	Q1	331	4391	3.09
2522	Annals of Actuarial Science	United Kingdom	0.972	Q1	77	588	2.0
2523	Journal of Pharmacology and Experimental Therapeutics	United States	0.972	Q1	604	3833	3.26
2524	International Journal of Audiology	United Kingdom	0.971	Q1	381	9702	3.36
2525	Journal of the Royal Statistical Society. Series A: Statistics in Society	United Kingdom	0.971	Q1	235	5790	1.81
2526	IEEE Transactions on Electromagnetic Compatibility	United States	0.971	Q1	793	6777	2.46
2527	Journal of Semiconductors	United Kingdom	0.971	Q1	456	5790	3.86
2528	FlatChem	Netherlands	0.971	Q1	159	8392	6.2
2529	Geo-Spatial Information Science	United Kingdom	0.971	Q1	113	5582	6.27
2530	Geothermal Energy	United States	0.971	Q1	87	2611	4.2
2531	IEEE Transactions on Computer-Aided Design of Integrated Circuits and Systems	United States	0.971	Q1	827	17670	3.37
2532	Journal of Mechanical Design, Transactions Of the ASME	United States	0.971	Q1	500	9127	3.96
2533	Law and Society Review	United Kingdom	0.97	Q1	94	2175	1.96
2534	Journal of Gastrointestinal Surgery	United States	0.97	Q1	1209	8698	2.63
2535	Current Infectious Disease Reports	United States	0.97	Q2	114	1495	3.34
2536	Neurophotonics	United States	0.969	Q1	126	4153	4.23
2537	Journal of Process Control	United Kingdom	0.969	Q1	447	6492	4.83
2538	European Physical Journal A	United States	0.969	Q2	871	15958	2.54
2539	Applied Microbiology and Biotechnology	Germany	0.968	Q1	2197	36778	5.43
2540	Simulation Modelling Practice and Theory	Netherlands	0.968	Q1	355	6287	5.35
2541	Psychology of Men and Masculinity	United States	0.968	Q1	184	3291	2.95
2542	Computers and Fluids	United Kingdom	0.968	Q1	797	11335	3.07
2543	Cornea	United States	0.968	Q1	982	5711	2.68
2544	Journal of Time Series Analysis	United States	0.967	Q1	137	2104	1.16
2545	Arthropod Systematics and Phylogeny	Germany	0.967	Q1	64	1870	1.76
2546	Advances in Chronic Kidney Disease	United Kingdom	0.967	Q1	210	3990	2.67
2547	Sexually Transmitted Diseases	United States	0.967	Q1	605	4483	2.16
2548	Feminism and Psychology	United Kingdom	0.966	Q1	81	2076	2.37
2549	Cerebellum	United States	0.966	Q1	295	11702	3.76
2550	International Journal of Tuberculosis and Lung Disease	France	0.966	Q1	733	2638	1.76
2551	Calcified Tissue International	United States	0.965	Q1	398	5985	3.95
2552	Catheterization and Cardiovascular Interventions	United States	0.964	Q1	1914	10061	1.8
2553	EuroMed Journal of Business	United Kingdom	0.963	Q1	67	7350	7.16
2554	Housing Policy Debate	United Kingdom	0.963	Q1	214	6307	2.9
2555	Joint Bone Spine	France	0.963	Q2	526	4041	2.25
2556	ChemBioEng Reviews	United Kingdom	0.962	Q1	67	4828	5.65
2557	Psychological Services	United States	0.962	Q1	264	8121	2.53
2558	Review of Income and Wealth	United Kingdom	0.962	Q2	138	4719	1.91
2559	Journal of Quality Technology	United States	0.961	Q1	98	1446	2.71
2560	Parasites and Vectors	United Kingdom	0.961	Q1	1828	28921	3.11
2561	Chinese Political Science Review	Singapore	0.961	Q1	76	2368	3.54
2562	Educational Measurement: Issues and Practice	United Kingdom	0.961	Q1	198	1249	1.53
2563	International Reviews in Physical Chemistry	United Kingdom	0.96	Q1	33	712	5.25
2564	ESAIM - Control, Optimisation and Calculus of Variations	France	0.96	Q1	350	2783	1.46
2565	Translational Vision Science and Technology	United States	0.96	Q1	1105	13985	3.06
2566	Police Quarterly	United States	0.96	Q1	64	2512	3.36
2567	Digestive and Liver Disease	Netherlands	0.959	Q2	981	10598	2.52
2568	Earth and Space Science	United States	0.958	Q1	745	16643	3.21
2569	Educacion XX1	Spain	0.958	Q1	99	1477	4.29
2570	Neurospine	South Korea	0.958	Q1	371	4793	2.48
2571	Western Journal of Emergency Medicine	United States	0.958	Q1	593	3591	2.88
2572	Sedimentary Geology	Netherlands	0.957	Q1	366	13513	2.9
2573	Freshwater Biology	United Kingdom	0.957	Q1	518	12401	3.07
2574	Kyoto Journal of Mathematics	Japan	0.957	Q1	101	758	0.5
2575	European Journal of Population	Netherlands	0.957	Q1	109	3190	2.36
2576	Acta Oncologica	United Kingdom	0.957	Q1	756	6986	2.36
2577	Chemistry - An Asian Journal	United Kingdom	0.956	Q1	1561	37529	4.25
2578	Intermetallics	United Kingdom	0.956	Q1	779	13167	4.46
2579	American Journal of Evaluation	United States	0.956	Q1	111	2431	2.23
2580	Cambridge Journal of Education	United Kingdom	0.955	Q1	125	2524	3.24
2581	Population Health Metrics	United Kingdom	0.955	Q1	93	770	3.05
2582	Cultural Anthropology	United States	0.954	Q1	92	1235	1.8
2583	Frontiers in Chemistry	Switzerland	0.954	Q1	3358	93962	5.04
2584	Journal of the Electrochemical Society	United States	0.954	Q1	4770	77581	3.93
2585	Journal of Nonverbal Behavior	United States	0.954	Q1	84	1871	2.46
2586	Tobacco Induced Diseases	United Kingdom	0.954	Q1	289	3453	3.09
2587	Cytometry Part B - Clinical Cytometry	United States	0.954	Q1	190	1567	2.65
2588	Clinics in Geriatric Medicine	United Kingdom	0.954	Q2	177	3482	3.38
2589	Vascular Pharmacology	United States	0.952	Q1	197	3872	3.71
2590	Behavioral Ecology	United Kingdom	0.952	Q1	537	7990	2.12
2591	Rice Science	Netherlands	0.952	Q1	161	3252	4.09
2592	Israel Journal of Mathematics	United States	0.952	Q1	462	5255	1.0
2593	Sociological Perspectives	United States	0.952	Q1	161	6117	2.94
2594	Journal of Gambling Studies	United States	0.951	Q1	242	6809	3.26
2595	Interpreter and Translator Trainer	United Kingdom	0.951	Q1	71	1608	1.38
2596	Journal of Genetic Counseling	United States	0.951	Q2	403	5543	2.15
2597	Journal of Cross-Cultural Psychology	United States	0.95	Q1	153	4840	3.09
2598	Computer Graphics Forum	United Kingdom	0.95	Q1	809	12393	2.96
2599	Health Promotion International	United Kingdom	0.95	Q1	487	9983	3.19
2600	ACM Transactions on Cyber-Physical Systems	United States	0.948	Q1	118	1762	2.81
2601	SIAM Journal on Matrix Analysis and Applications	United States	0.948	Q1	211	2732	1.47
2602	Sociological Forum	United States	0.948	Q1	209	4379	1.7
2603	Placenta	United Kingdom	0.948	Q1	582	10004	3.71
2604	Reproductive BioMedicine Online	United Kingdom	0.948	Q1	747	10979	3.55
2605	Colorectal Disease	United Kingdom	0.948	Q2	1395	7225	1.64
2606	Acta Anaesthesiologica Scandinavica	Denmark	0.947	Q1	619	4957	1.99
2607	Experimental Astronomy	Netherlands	0.947	Q2	144	8240	3.5
2608	Nurse Education Today	United Kingdom	0.946	Q1	945	14624	4.19
2609	Surface and Coatings Technology	Netherlands	0.946	Q1	3555	47028	5.6
2610	Applied and Computational Harmonic Analysis	United States	0.946	Q1	242	2688	2.7
2611	Journal of Psychoactive Drugs	United Kingdom	0.946	Q1	165	5154	3.83
2612	Journal of Educational Change	Netherlands	0.945	Q1	88	3264	3.71
2613	Asian Bioethics Review	Singapore	0.944	Q1	113	1156	3.25
2614	Trends in hearing	United States	0.944	Q1	186	3552	2.82
2615	Plant Diversity	China	0.944	Q1	154	5267	5.12
2616	Classroom Discourse	United Kingdom	0.944	Q1	64	1732	1.61
2617	Metabolites	Switzerland	0.944	Q2	1707	85954	4.2
2618	Investigational New Drugs	Netherlands	0.943	Q1	508	4809	3.62
2619	Annals of the American Academy of Political and Social Science	United States	0.943	Q1	254	2592	2.79
2620	Annals of Laboratory Medicine	South Korea	0.943	Q1	302	1476	2.71
2621	ChemBioChem	Germany	0.942	Q1	1272	24543	3.3
2622	European Spine Journal	Germany	0.942	Q1	1171	12657	2.55
2623	Virologica Sinica	China	0.942	Q2	363	4658	4.13
2624	Journal of Integrative Agriculture	Netherlands	0.941	Q1	841	15856	4.95
2625	British Journal of Clinical Pharmacology	United Kingdom	0.941	Q1	1075	24031	3.18
2626	Acta Crystallographica Section A: Foundations and Advances	United States	0.941	Q1	207	1088	1.22
2627	Systematic and Applied Microbiology	Germany	0.941	Q1	218	2696	3.32
2628	Polymer Degradation and Stability	United Kingdom	0.941	Q1	874	16972	6.14
2629	Statistics and Computing	Netherlands	0.94	Q1	258	4670	2.27
2630	Law and Human Behavior	United States	0.94	Q1	116	1663	2.91
2631	Gut Pathogens	United Kingdom	0.94	Q1	190	2815	4.19
2632	ICES Journal of Marine Science	United Kingdom	0.94	Q1	786	12815	3.11
2633	SIAM-ASA Journal on Uncertainty Quantification	United States	0.94	Q1	149	2960	2.26
2634	IEEE Transactions on Very Large Scale Integration (VLSI) Systems	United States	0.94	Q1	731	5993	3.37
2635	Social Studies of Science	United Kingdom	0.939	Q1	127	4029	3.02
2636	Hydrological Processes	United Kingdom	0.939	Q1	1065	21306	3.17
2637	Quantitative Biology	China	0.939	Q1	99	1939	2.38
2638	Medical Anthropology: Cross Cultural Studies in Health and Illness	United Kingdom	0.939	Q1	189	3319	2.38
2639	Journal of Clinical Nursing	United Kingdom	0.938	Q1	1232	24710	5.01
2640	Nuclear Physics B	Netherlands	0.938	Q2	880	18037	2.82
2641	Clinical obesity	United Kingdom	0.938	Q2	183	2522	3.51
2642	International Journal of Oral Implantology	United States	0.937	Q1	102	1023	2.2
2643	Social Policy and Administration	United Kingdom	0.937	Q1	234	4816	4.08
2644	BMC Microbiology	United Kingdom	0.937	Q2	1016	16855	4.31
2645	Archaeological and Anthropological Sciences	Germany	0.936	Q1	892	19394	2.22
2646	Pure and Applied Mathematics Quarterly	United States	0.936	Q1	134	2425	0.7
2647	Journal of Surgical Education	United States	0.935	Q1	774	5785	3.15
2648	Philosophical Quarterly	United Kingdom	0.934	Q1	119	1280	0.96
2649	Anthropocene	United Kingdom	0.934	Q1	103	3018	3.75
2650	Journal of Causal Inference	Germany	0.934	Q1	46	977	1.22
2651	Journal of Symplectic Geometry	United States	0.934	Q1	115	324	0.63
2652	Clinical and Experimental Otorhinolaryngology	South Korea	0.934	Q1	178	1847	2.39
2653	Bio-Design and Manufacturing	Singapore	0.933	Q1	120	4296	7.02
2654	Revista de la Real Academia de Ciencias Exactas, Fisicas y Naturales - Serie A: Matematicas	Italy	0.933	Q1	657	5777	2.77
2655	Inflammopharmacology	Switzerland	0.932	Q1	379	12223	5.28
2656	Journal of Phonetics	United States	0.931	Q1	121	3853	2.14
2657	Journal of Teaching in Physical Education	United States	0.931	Q1	160	1932	2.56
2658	Risk Analysis	United Kingdom	0.931	Q1	540	15797	4.16
2659	International Journal of Neonatal Screening	Switzerland	0.931	Q1	213	2110	3.05
2660	International Journal of Critical Infrastructure Protection	Netherlands	0.93	Q1	103	2732	4.71
2661	International Journal of Lean Six Sigma	United Kingdom	0.93	Q1	150	5904	5.76
2662	Surveillance & Society	United Kingdom	0.93	Q1	171	1978	1.57
2663	Molecular Pharmaceutics	United States	0.929	Q1	1229	23359	5.0
2664	Mathematical Thinking and Learning	United States	0.929	Q1	62	1774	2.04
2665	Burns and Trauma	United Kingdom	0.928	Q1	121	3283	4.67
2666	Instructional Science	Netherlands	0.928	Q1	89	2658	3.07
2667	Nitric Oxide - Biology and Chemistry	United States	0.928	Q2	245	5762	4.08
2668	Gifted Child Quarterly	United States	0.927	Q1	57	1521	3.3
2669	Internal and Emergency Medicine	Italy	0.927	Q1	818	8339	3.09
2670	International Journal of Gynecology and Obstetrics	United Kingdom	0.927	Q1	1000	14423	3.82
2671	Autonomous Agents and Multi-Agent Systems	Netherlands	0.927	Q2	127	3003	2.76
2672	IEEE Access	United States	0.926	Q1	46081	481983	4.82
2673	Information Society	United Kingdom	0.926	Q1	65	1717	3.74
2674	Child: Care, Health and Development	United Kingdom	0.926	Q1	261	5615	2.3
2675	Hernia : the journal of hernias and abdominal wall surgery	France	0.925	Q1	591	6439	2.01
2676	Redox Report	United Kingdom	0.925	Q2	48	1496	4.03
2677	Cognitive and Behavioral Practice	United States	0.924	Q1	152	6831	2.44
2678	International Journal of COPD	New Zealand	0.924	Q1	905	10450	2.75
2679	Genes	Switzerland	0.924	Q2	4612	141225	3.46
2680	Health and Social Care in the Community	United Kingdom	0.923	Q1	668	39153	3.18
2681	Clinical Interventions in Aging	New Zealand	0.923	Q1	642	7399	3.57
2682	Evaluation and the Health Professions	United States	0.923	Q1	105	2225	3.17
2683	Epilepsy and Behavior	United States	0.923	Q2	1965	15659	2.46
2684	Applied Ergonomics	United Kingdom	0.922	Q1	704	13260	3.93
2685	Microporous and Mesoporous Materials	Netherlands	0.922	Q1	2120	39717	5.48
2686	Journal of Agronomy and Crop Science	United Kingdom	0.922	Q1	204	4309	4.28
2687	Mathematics and Mechanics of Complex Systems	United States	0.922	Q1	51	466	2.67
2688	Revista de Psicologia del Trabajo y de las Organizaciones	Spain	0.922	Q2	65	1656	3.41
2689	Midwifery	United States	0.921	Q1	557	9923	2.97
2690	Ethics	United States	0.921	Q1	72	284	1.58
2691	Progress in Crystal Growth and Characterization of Materials	United Kingdom	0.921	Q1	23	870	5.53
2692	Extractive Industries and Society	Netherlands	0.921	Q1	497	10075	3.43
2693	Current Plant Biology	Netherlands	0.921	Q1	121	2614	5.33
2694	IET Smart Grid	United Kingdom	0.921	Q1	212	2092	2.88
2695	Seminars in Nephrology	United Kingdom	0.921	Q1	182	4268	2.59
2696	Hydrological Sciences Journal	United Kingdom	0.92	Q1	519	11414	3.71
2697	World Journal of Men?s Health	South Korea	0.92	Q1	205	2797	4.46
2698	Acta Neuropsychiatrica	United Kingdom	0.92	Q2	149	2631	3.32
2699	Area Development and Policy	United Kingdom	0.919	Q1	80	2370	3.11
2700	Clinical Medicine	United Kingdom	0.919	Q1	804	2624	2.41
2701	Postgraduate Medical Journal	United Kingdom	0.919	Q1	768	6564	2.94
2702	Annals of Pure and Applied Logic	Netherlands	0.918	Q1	197	1710	0.83
2703	Journal of Endourology	United States	0.918	Q1	773	5883	2.24
2704	Journal of Positive Behavior Interventions	United States	0.918	Q1	66	1501	3.07
2705	Journal of Child and Family Studies	United States	0.918	Q2	843	24254	2.45
2706	Egyptian Informatics Journal	Egypt	0.917	Q1	90	2306	6.7
2707	Annals of Physics	United States	0.917	Q1	668	11880	2.69
2708	Integrative and Comparative Biology	United Kingdom	0.917	Q1	465	2098	2.03
2709	Psychoanalytic Quarterly	United Kingdom	0.916	Q1	89	721	0.68
2710	Geological Magazine	United Kingdom	0.916	Q1	398	13664	2.4
2711	International Journal of Agricultural Sustainability	United Kingdom	0.916	Q1	106	6083	4.86
2712	EcoHealth	United States	0.916	Q1	176	2381	2.28
2713	Journal of the Royal Statistical Society. Series C: Applied Statistics	United Kingdom	0.916	Q1	201	3463	1.86
2714	Public Policy and Administration	United Kingdom	0.916	Q1	48	955	6.1
2715	Scientific Online Letters on the Atmosphere	Japan	0.916	Q2	158	736	1.67
2716	Mikrochimica Acta	Austria	0.915	Q1	1958	22671	5.6
2717	Mineral Processing and Extractive Metallurgy Review	United Kingdom	0.915	Q1	122	9333	6.92
2718	Ecological Informatics	Netherlands	0.915	Q1	463	23953	5.78
2719	Journal of Molecular Liquids	Netherlands	0.914	Q1	7283	170360	6.27
2720	Journal of Geodynamics	United Kingdom	0.914	Q1	150	1795	2.61
2721	Zoological Letters	United Kingdom	0.914	Q1	68	801	2.77
2722	Journal of Medical Systems	United States	0.914	Q1	639	3086	5.82
2723	Journal of Geochemical Exploration	Netherlands	0.914	Q2	446	12062	4.26
2724	Current Hematologic Malignancy Reports	United States	0.914	Q2	162	2200	2.98
2725	Digestion	Switzerland	0.914	Q2	275	1741	3.25
2726	Journal of Advanced Nursing	United Kingdom	0.913	Q1	1120	20201	3.78
2727	Cardiovascular Drugs and Therapy	Netherlands	0.913	Q1	294	10299	3.59
2728	Smart Materials and Structures	United Kingdom	0.913	Q1	1438	17667	4.26
2729	BioData Mining	United Kingdom	0.913	Q1	92	1557	4.51
2730	Numerical Linear Algebra with Applications	United Kingdom	0.913	Q1	173	2549	1.78
2731	Drug and Alcohol Review	United States	0.913	Q1	395	7986	3.38
2732	JBJS Reviews	United States	0.913	Q1	334	5246	2.45
2733	Adipocyte	United Kingdom	0.913	Q2	158	2607	3.36
2734	Geothermics	United Kingdom	0.912	Q1	564	12404	4.25
2735	IET Control Theory and Applications	United Kingdom	0.912	Q1	883	6665	3.01
2736	CNS Spectrums	United Kingdom	0.912	Q2	273	6415	2.44
2737	ACM Transactions on Reconfigurable Technology and Systems	United States	0.911	Q1	65	2822	3.49
2738	Community College Review	United States	0.911	Q1	55	1152	1.89
2739	Asia-Pacific Psychiatry	United States	0.911	Q1	120	1082	2.89
2740	Clinical Oral Investigations	Germany	0.91	Q1	1551	29331	3.82
2741	International Journal of Refractory Metals and Hard Materials	Netherlands	0.91	Q1	775	9853	3.8
2742	Chemical and Biological Technologies in Agriculture	Switzerland	0.91	Q1	120	6477	6.77
2743	Newsletters on Stratigraphy	Germany	0.909	Q1	59	1966	2.38
2744	Journal of Psychotherapy Integration	United States	0.909	Q1	123	1832	4.21
2745	Health Information and Libraries Journal	United Kingdom	0.909	Q1	132	1884	3.84
2746	Microorganisms	Switzerland	0.909	Q2	5297	178184	4.6
2747	Muscle and Nerve	United States	0.909	Q2	889	6997	2.83
2748	Clinical Social Work Journal	United States	0.908	Q1	130	2613	3.28
2749	Journal of Evolutionary Biology	United Kingdom	0.907	Q1	436	11355	2.2
2750	BMC Palliative Care	United Kingdom	0.907	Q1	494	9386	3.15
2751	Utilities Policy	United Kingdom	0.906	Q1	313	5996	4.23
2752	Self and Identity	United Kingdom	0.906	Q1	147	3151	2.69
2753	Birth	United Kingdom	0.906	Q1	187	4453	2.56
2754	Ageing and Society	United Kingdom	0.905	Q1	466	10486	2.82
2755	Fractional Calculus and Applied Analysis	Switzerland	0.905	Q1	250	3292	2.86
2756	ACM Transactions on Computing Education	United States	0.905	Q1	97	3317	3.27
2757	International Journal for Educational Integrity	United Kingdom	0.905	Q1	49	1566	5.26
2758	Platelets	United Kingdom	0.905	Q1	455	7152	3.24
2759	International Review of Neurobiology	United States	0.905	Q2	199	9071	3.51
2760	World Englishes	United States	0.904	Q1	167	2353	1.97
2761	Clinics in Orthopedic Surgery	South Korea	0.904	Q1	228	2096	2.46
2762	Journal of Interprofessional Care	United Kingdom	0.904	Q1	411	6893	3.27
2763	Journal of Plant Growth Regulation	United States	0.903	Q1	452	36234	5.85
2764	Journal of Hepato-Biliary-Pancreatic Sciences	United States	0.903	Q1	220	0	3.28
2765	Journal of Natural Products	United States	0.902	Q1	1176	13782	5.18
2766	Journal of Anthropological Archaeology	United States	0.902	Q1	256	7460	1.94
2767	Animal	United Kingdom	0.902	Q1	1060	10619	3.68
2768	Invertebrate Systematics	Australia	0.902	Q1	104	2427	2.0
2769	Ultrasonography	South Korea	0.902	Q1	140	2366	3.38
2770	World Journal of Surgery	United States	0.902	Q1	1479	10393	2.16
2771	Combinatorics Probability and Computing	United Kingdom	0.901	Q1	171	292	0.73
2772	SIAM Journal on Discrete Mathematics	United States	0.901	Q1	394	3925	1.04
2773	Service Business	Germany	0.901	Q1	86	3115	6.15
2774	Policing and Society	United Kingdom	0.901	Q1	219	6402	3.06
2775	Youth and Society	United States	0.901	Q1	193	6182	2.77
2776	Behavior Modification	United States	0.9	Q1	131	3784	3.18
2777	Food Structure	Netherlands	0.9	Q1	112	2071	4.42
2778	Journal of Soils and Sediments	Germany	0.9	Q1	1020	15007	3.93
2779	Human Factors	United States	0.9	Q1	344	10119	4.03
2780	International Journal of Telerehabilitation	United States	0.9	Q1	41	713	3.83
2781	Vertebrate Zoology	Germany	0.899	Q1	92	2892	2.35
2782	SIAM Journal on Applied Mathematics	United States	0.899	Q1	350	3509	1.88
2783	Journal of Academic Librarianship	United Kingdom	0.899	Q1	343	4575	3.18
2784	ESC heart failure	France	0.899	Q1	1264	16168	3.62
2785	ACS Combinatorial Science	United States	0.898	Q1	180	0	4.87
2786	Voluntas	United States	0.898	Q1	292	9837	3.04
2787	Journal of Sustainable Finance and Investment	United Kingdom	0.897	Q1	120	7105	5.04
2788	Industrial Crops and Products	Netherlands	0.897	Q1	3005	85456	6.6
2789	Mycological Progress	Germany	0.897	Q1	300	5593	2.58
2790	Applied Mathematics and Optimization	United States	0.897	Q1	376	3223	1.59
2791	Employee Relations	United Kingdom	0.897	Q1	244	6357	4.43
2792	Acta Dermato-Venereologica	Sweden	0.897	Q1	921	4993	2.07
2793	Biomedicines	Switzerland	0.897	Q1	2676	256056	4.65
2794	Fatigue: Biomedicine, Health and Behavior	United Kingdom	0.897	Q1	61	857	2.73
2795	Journal of Glaucoma	United States	0.897	Q1	852	4281	1.8
2796	Education and Training	United Kingdom	0.896	Q1	212	5131	4.51
2797	Annals of Hematology	Germany	0.896	Q1	1122	9043	2.45
2798	Clinical Therapeutics	United States	0.896	Q1	680	6131	2.72
2799	Expert Opinion on Drug Metabolism and Toxicology	United Kingdom	0.895	Q1	293	6429	4.1
2800	Ticks and Tick-borne Diseases	Germany	0.895	Q1	620	9452	3.13
2801	Biological Control	United States	0.895	Q1	672	14223	4.43
2802	Water Resources and Industry	Netherlands	0.895	Q1	59	1293	6.16
2803	Biochimie	Netherlands	0.895	Q1	679	14734	3.92
2804	Swiss Journal of Geosciences	Switzerland	0.894	Q1	70	2694	2.87
2805	Journal of Functional Foods	United Kingdom	0.894	Q1	1589	25704	6.16
2806	npj Science of Food	United Kingdom	0.894	Q1	77	3094	6.14
2807	Journal of the American Board of Family Medicine	United States	0.894	Q1	527	4875	2.15
2808	Brain Connectivity	United States	0.893	Q2	208	4527	2.49
2809	Human Performance	United States	0.893	Q2	52	1517	2.73
2810	Journal of the Taiwan Institute of Chemical Engineers	Taiwan	0.892	Q1	1213	20470	5.89
2811	Match	Serbia	0.892	Q1	222	1397	1.96
2812	Fungal Ecology	Netherlands	0.892	Q1	257	3513	2.99
2813	Transportmetrica B	United Kingdom	0.892	Q1	140	2327	2.98
2814	Canadian Journal of Behavioural Science	United States	0.892	Q2	134	4209	3.53
2815	BMC Medical Genomics	United Kingdom	0.892	Q2	688	11780	2.73
2816	IET Power Electronics	United Kingdom	0.891	Q1	1082	5862	2.55
2817	Expert Opinion on Emerging Drugs	United Kingdom	0.891	Q1	96	3238	3.32
2818	Lifetime Data Analysis	Netherlands	0.89	Q1	104	1080	1.39
2819	Tissue Barriers	United Kingdom	0.89	Q2	53	4354	3.44
2820	Joint Commission Journal on Quality and Patient Safety	United States	0.889	Q1	336	2494	1.75
2821	Journal of Occupational Rehabilitation	United States	0.889	Q1	201	4170	3.58
2822	Futures	United Kingdom	0.889	Q1	344	9224	3.43
2823	Ecological Modelling	Netherlands	0.888	Q1	752	15840	3.2
2824	Drug Design, Development and Therapy	New Zealand	0.887	Q1	1227	16576	4.83
2825	European Journal of Soil Biology	France	0.887	Q1	182	2699	4.39
2826	Journal of Pure and Applied Algebra	Netherlands	0.887	Q1	770	6477	0.85
2827	Otology and Neurotology	United States	0.887	Q1	1285	10566	2.07
2828	Journal of Consumer Culture	United Kingdom	0.886	Q1	111	4581	3.39
2829	RELC Journal	United Kingdom	0.886	Q1	169	3125	2.94
2830	PLoS ONE	United States	0.885	Q1	48047	778596	3.75
2831	Strahlentherapie und Onkologie	Germany	0.885	Q1	452	4669	2.28
2832	International Journal of Oral and Maxillofacial Surgery	United States	0.884	Q1	705	8092	2.5
2833	Public Culture	United States	0.884	Q1	91	754	1.03
2834	European Polymer Journal	United Kingdom	0.884	Q1	1745	44959	6.28
2835	Mechanics of Materials	Netherlands	0.884	Q1	854	13210	4.17
2836	Multilingua	Germany	0.884	Q1	113	1935	3.16
2837	Cancer Nanotechnology	United States	0.882	Q1	59	2014	4.85
2838	Faraday Discussions	United Kingdom	0.882	Q1	596	10840	2.88
2839	Applied Spectroscopy Reviews	United States	0.881	Q1	108	5869	6.73
2840	AoB PLANTS	United Kingdom	0.88	Q1	228	3185	3.15
2841	Journal of Contemporary Asia	United Kingdom	0.88	Q1	112	4140	2.26
2842	Cancer journal (Sudbury, Mass.)	United States	0.88	Q2	217	3644	1.93
2843	Rheumatic Disease Clinics of North America	United Kingdom	0.88	Q2	177	4294	2.19
2844	Nanotechnology Reviews	Germany	0.879	Q1	321	16652	7.14
2845	Bulletin - Societie Geologique de France	France	0.879	Q1	107	2300	2.56
2846	Frontiers in Sustainable Food Systems	Switzerland	0.879	Q1	932	47226	4.69
2847	Journal of Global Antimicrobial Resistance	United Kingdom	0.879	Q2	927	7828	3.8
2848	Journal of Oral Rehabilitation	United Kingdom	0.878	Q1	462	5475	3.08
2849	Combustion and Flame	United States	0.878	Q1	1415	34763	5.34
2850	International Journal of Wildland Fire	Australia	0.878	Q1	262	5529	3.18
2851	Journal of Mathematical Logic	Singapore	0.878	Q1	65	778	0.79
2852	Sex Education	United Kingdom	0.878	Q1	143	4040	2.82
2853	Journal of the Peripheral Nervous System	United Kingdom	0.878	Q1	163	1315	2.97
2854	Biomarker Insights	New Zealand	0.878	Q2	51	2034	3.46
2855	Safety and Health at Work	South Korea	0.877	Q1	220	2646	3.66
2856	Fire Safety Journal	United Kingdom	0.877	Q1	579	6865	3.5
2857	Physica Medica	Italy	0.877	Q1	893	7655	3.36
2858	Computational Statistics and Data Analysis	Netherlands	0.877	Q1	487	7241	2.18
2859	Beneficial microbes	Netherlands	0.877	Q2	194	2259	4.54
2860	Tourist Studies	United Kingdom	0.877	Q2	87	1221	3.33
2861	Oeconomia Copernicana	Poland	0.876	Q1	103	2976	8.81
2862	Vadose Zone Journal	United States	0.876	Q1	246	2667	2.8
2863	Mitigation and Adaptation Strategies for Global Change	Netherlands	0.876	Q1	181	4208	3.85
2864	Climate Services	Netherlands	0.876	Q2	118	3995	3.54
2865	Culture, Medicine and Psychiatry	United States	0.875	Q1	103	4909	1.91
2866	Transactions of Nonferrous Metals Society of China	China	0.875	Q1	861	12091	4.63
2867	Journal of Marine Systems	Netherlands	0.875	Q1	300	5887	2.91
2868	Applied Measurement in Education	United States	0.875	Q1	81	768	1.55
2869	Journal of Neural Transmission	Germany	0.875	Q2	454	10163	3.35
2870	Nature and Science of Sleep	New Zealand	0.875	Q2	332	9481	3.37
2871	AI Magazine	United States	0.875	Q2	78	1108	1.51
2872	Advanced Theory and Simulations	Germany	0.874	Q1	491	12145	3.59
2873	Clinical Rehabilitation	United Kingdom	0.874	Q1	499	6390	3.03
2874	Journal for the Scientific Study of Religion	United States	0.874	Q1	132	2496	2.59
2875	Optics and Laser Technology	United Kingdom	0.874	Q1	2182	42080	5.4
2876	International Journal of Water Resources Development	United Kingdom	0.874	Q1	191	4851	3.23
2877	Adicciones	Spain	0.874	Q1	109	1084	1.91
2878	Dermatitis	United States	0.874	Q1	320	3046	2.61
2879	Bulletin of the Chemical Society of Japan	Japan	0.873	Q1	695	10985	3.81
2880	Journal of Pediatric Surgery	United Kingdom	0.873	Q1	1527	12916	2.26
2881	Journal of Photochemistry and Photobiology B: Biology	Netherlands	0.872	Q1	718	8720	5.68
2882	Profesional de la Informacion	Spain	0.872	Q1	446	7306	4.23
2883	Development Growth and Differentiation	United Kingdom	0.872	Q1	145	2473	2.35
2884	Expert Review of Clinical Pharmacology	United Kingdom	0.871	Q1	373	10049	4.1
2885	Journal of Fungi	Switzerland	0.871	Q1	1571	87513	4.75
2886	BMJ Health and Care Informatics	United Kingdom	0.871	Q2	178	1266	3.33
2887	Applied Geochemistry	United Kingdom	0.871	Q2	700	19744	3.66
2888	Global Heart	United Kingdom	0.87	Q1	220	3564	3.38
2889	Toxins	Switzerland	0.87	Q1	2454	54291	4.19
2890	Journal of School Health	United States	0.87	Q1	340	5510	2.34
2891	Earth, Planets and Space	Switzerland	0.87	Q1	544	8881	2.85
2892	Hydrogeology Journal	Germany	0.87	Q1	543	9024	2.94
2893	Publicacions Matematiques	Spain	0.87	Q1	76	866	0.91
2894	International Journal of Control	United Kingdom	0.87	Q2	841	16644	2.37
2895	Chromosoma	Germany	0.87	Q2	82	1319	1.5
2896	Journal of Evidence-Based Dental Practice	United States	0.869	Q1	193	2574	1.76
2897	Sustainable Computing: Informatics and Systems	United States	0.869	Q1	264	6282	5.76
2898	Menopause	United States	0.869	Q1	689	6051	2.11
2899	Colloids and Surfaces B: Biointerfaces	Netherlands	0.868	Q1	2254	41045	6.34
2900	Organometallics	United States	0.868	Q1	1487	27080	2.78
2901	Journal of Spectral Theory	Switzerland	0.868	Q1	149	811	0.94
2902	Petroleum Geoscience	United Kingdom	0.868	Q1	98	2397	2.31
2903	American Journal of Primatology	United States	0.868	Q1	344	7685	2.36
2904	Discrete Event Dynamic Systems: Theory and Applications	Netherlands	0.868	Q1	70	618	2.02
2905	Journal of Psychosomatic Obstetrics and Gynaecology	United Kingdom	0.868	Q1	142	2510	3.53
2906	Seizure : the journal of the British Epilepsy Association	United Kingdom	0.868	Q2	892	7967	2.58
2907	Genes to Cells	United Kingdom	0.868	Q2	206	2435	2.09
2908	IET Renewable Power Generation	United Kingdom	0.867	Q2	1037	11709	3.29
2909	Software - Practice and Experience	United Kingdom	0.867	Q2	311	6895	4.19
2910	Chemico-Biological Interactions	Ireland	0.866	Q1	902	26622	4.99
2911	Annals of GIS	United Kingdom	0.866	Q1	84	1924	4.83
2912	Integrative Zoology	United Kingdom	0.866	Q1	177	8133	3.44
2913	Energy Technology	Germany	0.866	Q2	1140	23518	4.02
2914	Physics in Medicine and Biology	United Kingdom	0.865	Q1	1673	21930	3.44
2915	AAPS Journal	United States	0.865	Q1	357	5076	4.04
2916	ChemNanoMat	Germany	0.865	Q1	546	14070	3.92
2917	Meteoritics and Planetary Science	United States	0.865	Q1	450	8912	2.04
2918	Biological Invasions	Netherlands	0.865	Q1	774	19854	2.96
2919	Journal of Transport and Land Use	United States	0.865	Q1	129	2130	2.14
2920	Social Text	United States	0.865	Q1	69	790	2.82
2921	Drugs and Aging	United Kingdom	0.865	Q1	283	4961	2.55
2922	Journal of Human Lactation	United States	0.865	Q1	340	3049	2.19
2923	Acta Neurologica Scandinavica	United Kingdom	0.865	Q2	451	7159	3.12
2924	Air Quality, Atmosphere and Health	Netherlands	0.865	Q2	450	10989	5.54
2925	Peer-to-Peer Networking and Applications	United States	0.865	Q2	577	7393	4.62
2926	Expert Review of Hematology	United Kingdom	0.865	Q2	331	7047	2.78
2927	Philosophia Mathematica	United Kingdom	0.864	Q1	47	412	0.97
2928	Applied Acoustics	United Kingdom	0.864	Q1	1552	23897	4.23
2929	African Journal of Herpetology	United Kingdom	0.864	Q1	31	770	1.78
2930	Journal of Children and Media	United Kingdom	0.864	Q1	130	1485	3.03
2931	Journal of Sex and Marital Therapy	United States	0.864	Q2	184	4848	3.42
2932	American Journal of Botany	United States	0.863	Q1	506	11738	2.71
2933	Crystallography Reviews	United Kingdom	0.862	Q1	31	810	1.71
2934	Journal of Thrombosis and Thrombolysis	Netherlands	0.862	Q2	741	6123	4.22
2935	Worldviews on Evidence-Based Nursing	United Kingdom	0.861	Q1	184	2055	3.44
2936	Experimental Thermal and Fluid Science	United States	0.861	Q1	714	7365	3.79
2937	Clinical Toxicology	United Kingdom	0.861	Q1	560	5747	2.28
2938	Soft Matter	United Kingdom	0.861	Q1	2943	50473	3.49
2939	Journal of Intelligent and Robotic Systems: Theory and Applications	Netherlands	0.861	Q1	714	11749	3.65
2940	Ground Water	United States	0.86	Q1	304	4183	2.28
2941	Estuaries and Coasts	United States	0.86	Q1	469	13377	2.98
2942	Evolution and Development	United Kingdom	0.86	Q1	97	944	2.67
2943	Set-Valued and Variational Analysis	Germany	0.86	Q1	124	2106	1.85
2944	BDJ Open	Switzerland	0.859	Q1	78	1158	2.87
2945	Annals of Nuclear Energy	United Kingdom	0.859	Q1	2012	20008	2.2
2946	npj Microgravity	United Kingdom	0.859	Q1	121	3754	4.87
2947	Marine Ecology - Progress Series	Germany	0.859	Q1	1088	23212	2.55
2948	Annales de l'Institut Henri Poincare (D) Combinatorics, Physics and their Interactions	Germany	0.858	Q1	49	781	1.13
2949	Group Dynamics	United States	0.858	Q2	68	1598	3.35
2950	Soil Systems	Switzerland	0.857	Q1	222	7328	3.42
2951	Computers and Mathematics with Applications	United Kingdom	0.857	Q1	1221	15796	2.99
2952	European Archives of Oto-Rhino-Laryngology	Germany	0.857	Q1	1572	20951	2.9
2953	Nanotoxicology	United Kingdom	0.856	Q1	247	3757	5.06
2954	Journal of Analysis and Testing	Singapore	0.856	Q1	106	2682	4.68
2955	Surfaces and Interfaces	Netherlands	0.856	Q1	1210	45051	6.6
2956	Journal of the Formosan Medical Association	China	0.856	Q2	887	11550	2.54
2957	Nous-Supplement: Philosophical Perspectives	United Kingdom	0.855	Q1	35	591	1.0
2958	ACS Applied Bio Materials	United States	0.855	Q1	2258	34179	4.81
2959	Multiscale Modeling and Simulation	United States	0.855	Q1	171	2241	1.48
2960	IEEE Transactions on Dielectrics and Electrical Insulation	United States	0.855	Q1	771	7392	3.89
2961	Biochimica et Biophysica Acta - General Subjects	Netherlands	0.855	Q1	579	8930	3.16
2962	Mammalian Genome	United States	0.855	Q2	110	4242	2.64
2963	International Journal of Minerals, Metallurgy and Materials	China	0.854	Q1	540	11058	5.01
2964	Cold Spring Harbor molecular case studies	United States	0.854	Q2	198	2059	1.6
2965	Developmental Dynamics	United States	0.854	Q2	314	10474	2.32
2966	Protein Journal	United States	0.853	Q1	217	2845	2.92
2967	Frontiers in Zoology	United Kingdom	0.853	Q1	141	2443	2.86
2968	Advances in Data Analysis and Classification	Germany	0.853	Q1	130	2803	2.1
2969	Connection Science	United Kingdom	0.853	Q2	96	5967	6.62
2970	EFSA Journal	United Kingdom	0.852	Q1	1244	18744	3.31
2971	Journal of the American Ceramic Society	United States	0.852	Q1	2002	31914	4.31
2972	Journal of Dermatological Treatment	United Kingdom	0.852	Q1	529	14995	2.97
2973	European Journal of Cardiovascular Nursing	United States	0.851	Q1	309	2226	2.39
2974	Clinical Journal of Sport Medicine	United States	0.851	Q1	347	6039	2.29
2975	Drug Metabolism and Disposition	United States	0.851	Q1	424	9103	3.56
2976	Capital and Class	United States	0.851	Q1	91	2940	2.58
2977	Journal of Food and Drug Analysis	Taiwan	0.851	Q1	195	2270	3.78
2978	Linear Algebra and Its Applications	United States	0.851	Q1	1191	7054	1.17
2979	Channels	United States	0.851	Q1	130	1151	2.93
2980	Journal of Vision	United States	0.851	Q1	655	8078	1.8
2981	Arabian Journal of Chemistry	Saudi Arabia	0.85	Q1	1683	47153	6.72
2982	Nous-Supplement: Philosophical Issues	Germany	0.85	Q1	69	1136	0.48
2983	Quest	United Kingdom	0.85	Q1	92	1565	3.17
2984	American Journal of Surgery	United States	0.85	Q1	1480	13115	2.19
2985	Oral Diseases	United Kingdom	0.849	Q1	718	23019	4.21
2986	Veterinary Surgery	United States	0.848	Q1	552	4722	1.79
2987	Translation Spaces(Netherland)	Netherlands	0.848	Q1	44	700	2.58
2988	Journal of Island and Coastal Archaeology	United Kingdom	0.847	Q1	118	3165	1.91
2989	Journal of ECT	United States	0.847	Q2	273	1282	1.38
2990	Medical Anthropology Quarterly	United States	0.846	Q1	96	1705	2.36
2991	Solid State Nuclear Magnetic Resonance	Netherlands	0.846	Q1	103	2329	2.6
2992	SIAM Journal on Imaging Sciences	United States	0.846	Q1	150	0	2.48
2993	Time and Society	United Kingdom	0.846	Q1	158	1723	2.12
2994	European Journal of Anaesthesiology	United Kingdom	0.846	Q1	623	2147	1.82
2995	Journal of the Royal Anthropological Institute	United States	0.845	Q1	144	4330	1.62
2996	Drones	Switzerland	0.845	Q1	310	20429	6.1
2997	BMJ Paediatrics Open	United Kingdom	0.845	Q1	388	3847	2.48
2998	ACM Transactions on Computer-Human Interaction	United States	0.845	Q2	134	4511	5.74
2999	Experimental Neurobiology	South Korea	0.845	Q2	132	2041	2.41
3000	Journal of College Student Development	United States	0.844	Q1	171	1995	1.69
3001	Journal of Outdoor Recreation and Tourism	United Kingdom	0.844	Q2	183	6125	4.32
3002	Continuum Mechanics and Thermodynamics	Germany	0.843	Q1	366	6508	2.95
3003	Journal of Behavioral Education	United States	0.843	Q1	108	3470	2.42
3004	Energy Efficiency	Netherlands	0.843	Q2	321	3999	3.2
3005	Japanese Dental Science Review	Netherlands	0.842	Q1	79	3077	6.05
3006	Nursing Inquiry	United Kingdom	0.842	Q1	154	4915	2.7
3007	International Journal of Heat and Fluid Flow	Netherlands	0.842	Q1	416	5853	2.89
3008	Michigan Mathematical Journal	United States	0.842	Q1	106	1104	0.59
3009	ACM Transactions on Computation Theory	United States	0.842	Q1	77	196	1.0
3010	Culture, Health and Sexuality	United Kingdom	0.842	Q1	313	8280	2.83
3011	Discourse, Context and Media	Netherlands	0.842	Q1	171	2232	2.32
3012	Royal Society Open Science	United Kingdom	0.841	Q1	1992	36472	3.66
3013	Multibody System Dynamics	Netherlands	0.841	Q1	162	3063	3.81
3014	International Journal of Technology and Design Education	Netherlands	0.841	Q1	160	10533	3.58
3015	American Journal of Cardiovascular Drugs	United Kingdom	0.841	Q2	177	2606	3.12
3016	Expert Review of Anticancer Therapy	United Kingdom	0.841	Q2	346	9386	2.74
3017	Improving Schools	United Kingdom	0.84	Q1	64	1072	2.64
3018	American Journal of Chinese Medicine	Singapore	0.84	Q1	290	6220	5.66
3019	Neuromuscular Disorders	United Kingdom	0.84	Q1	432	4358	2.27
3020	ACS Earth and Space Chemistry	United States	0.84	Q2	799	18697	3.28
3021	Orthopedic Clinics of North America	United Kingdom	0.84	Q2	175	2588	2.01
3022	Computational Particle Mechanics	Switzerland	0.839	Q1	193	5619	3.99
3023	Evidence and Policy	United Kingdom	0.839	Q1	114	2044	2.33
3024	International Journal of Educational Development	United Kingdom	0.839	Q1	370	5514	2.61
3025	BJPsych Bulletin	United Kingdom	0.839	Q2	232	1638	1.79
3026	IJC Heart and Vasculature	Netherlands	0.839	Q2	610	6738	2.47
3027	Structural Concrete	United States	0.838	Q1	710	16734	3.26
3028	Scientia Horticulturae	Netherlands	0.838	Q1	2408	45662	5.1
3029	International Health	United Kingdom	0.838	Q1	268	2181	2.56
3030	Risk, Hazards and Crisis in Public Policy	United States	0.838	Q1	65	1770	4.38
3031	Chronobiology International	United Kingdom	0.838	Q2	507	8927	3.14
3032	Attention, Perception, and Psychophysics	United States	0.837	Q1	737	12811	1.83
3033	Langmuir	United States	0.836	Q1	4970	91987	3.97
3034	Journal of Information Display	United Kingdom	0.836	Q1	76	1201	4.18
3035	Journal of Molecular Evolution	United States	0.836	Q1	154	2492	3.17
3036	Journal of Documentation	United Kingdom	0.836	Q1	227	8189	2.97
3037	OncoTargets and Therapy	New Zealand	0.836	Q2	2604	6691	3.88
3038	Disability and Society	United Kingdom	0.835	Q1	330	10362	2.68
3039	Journal of Heritage Tourism	United Kingdom	0.835	Q1	135	3031	3.29
3040	Mycologia	United Kingdom	0.835	Q1	246	4048	3.01
3041	Outlook on Agriculture	United Kingdom	0.835	Q1	119	2779	3.16
3042	Science and Technology of Welding and Joining	United Kingdom	0.834	Q1	231	2186	3.32
3043	Geographical Review	United States	0.834	Q1	104	2679	2.76
3044	Journal of Ethnopharmacology	Ireland	0.833	Q1	2605	63860	5.98
3045	Journal of Rare Earths	China	0.833	Q1	561	13532	5.49
3046	Emerging Markets Finance and Trade	United States	0.833	Q1	679	14985	5.12
3047	Physical Biology	United Kingdom	0.833	Q1	182	3061	2.05
3048	Journal of African Economies	United Kingdom	0.833	Q1	73	853	1.63
3049	Journal of Field Archaeology	United Kingdom	0.832	Q1	118	2722	2.38
3050	Political Theory	United States	0.832	Q1	102	1631	1.19
3051	Condor	United States	0.832	Q1	186	2426	2.58
3052	Cardiovascular Intervention and Therapeutics	Germany	0.832	Q1	225	2028	2.61
3053	Shock	United States	0.832	Q1	697	5534	2.76
3054	Pharmaceutical Statistics	United Kingdom	0.832	Q2	228	3040	1.56
3055	Postgraduate Medicine	United Kingdom	0.832	Q2	357	6022	3.3
3056	Forensic Chemistry	Netherlands	0.831	Q1	209	2591	2.79
3057	Molecular Breeding	Netherlands	0.831	Q1	352	4774	3.25
3058	Curriculum Inquiry	United Kingdom	0.831	Q1	85	1827	1.72
3059	International Journal of Performance Analysis in Sport	United Kingdom	0.83	Q1	254	1583	2.52
3060	La Rivista del Nuovo Cimento	Italy	0.83	Q1	36	2989	4.71
3061	Discrete Analysis	United Kingdom	0.83	Q1	62	637	1.07
3062	Mathematical Proceedings of the Cambridge Philosophical Society	United Kingdom	0.83	Q1	178	1299	0.87
3063	Blood Purification	Switzerland	0.83	Q1	406	3756	2.95
3064	Journal of Physical Activity and Health	United States	0.83	Q2	507	4189	2.72
3065	Journal of Turbulence	United Kingdom	0.829	Q1	111	1336	2.31
3066	Media International Australia	Australia	0.829	Q1	162	3938	3.36
3067	Studies in Family Planning	United Kingdom	0.829	Q1	72	1689	2.28
3068	Journal of the International Neuropsychological Society	United Kingdom	0.829	Q2	316	4495	2.74
3069	JOR Spine	United Kingdom	0.829	Q2	127	3336	3.31
3070	Journal of Viral Hepatitis	United Kingdom	0.829	Q2	577	4356	2.37
3071	Numerical Algorithms	Netherlands	0.828	Q2	614	9846	2.4
3072	Semantic Web	Netherlands	0.828	Q2	132	3435	3.52
3073	Neuromodulation	United States	0.827	Q1	514	13020	3.06
3074	Journal of Immunological Methods	Netherlands	0.826	Q2	396	4132	2.27
3075	Theoretical and Computational Fluid Dynamics	United States	0.825	Q1	106	2083	3.81
3076	International Journal of Inclusive Education	United Kingdom	0.825	Q1	495	8665	2.37
3077	Tropical Medicine and Infectious Disease	Switzerland	0.825	Q2	541	22454	2.96
3078	Biology Open	United Kingdom	0.824	Q1	568	4995	2.01
3079	International Journal of Intercultural Relations	United Kingdom	0.824	Q1	273	7834	3.0
3080	Journal of Turbomachinery	United States	0.824	Q1	428	4754	2.74
3081	Molecular Pain	United Kingdom	0.824	Q1	240	2875	3.21
3082	Pain Physician	United States	0.824	Q1	521	7570	3.19
3083	Computing (Vienna/New York)	Austria	0.824	Q2	338	5649	4.33
3084	International Journal of Manpower	United Kingdom	0.824	Q2	232	9420	5.29
3085	Diving and Hyperbaric Medicine	Australia	0.824	Q2	188	987	0.68
3086	Journal of Terramechanics	United Kingdom	0.823	Q1	122	1075	2.75
3087	Alea	Brazil	0.823	Q2	137	1833	0.84
3088	Open Heart	United Kingdom	0.823	Q2	516	4693	2.32
3089	Journal of Behavioral Decision Making	United Kingdom	0.822	Q1	141	3096	2.46
3090	Borsa Istanbul Review	Turkey	0.822	Q1	122	7220	5.62
3091	Journal of Contemporary China	United Kingdom	0.822	Q1	179	0	2.85
3092	Lupus	United Kingdom	0.822	Q2	765	6823	2.25
3093	Ibis	United Kingdom	0.821	Q1	307	7445	2.29
3094	International Journal of Bioprinting	Singapore	0.821	Q1	114	5693	8.18
3095	Globalisation, Societies and Education	United Kingdom	0.821	Q1	146	7647	3.11
3096	Food Reviews International	United States	0.82	Q1	267	32539	5.14
3097	Feminist Media Studies	United Kingdom	0.82	Q1	389	14012	1.88
3098	Chaos	United States	0.82	Q1	1564	24896	2.91
3099	Biotropica	United States	0.82	Q1	374	9407	2.16
3100	Society and Natural Resources	United Kingdom	0.82	Q1	280	4779	2.61
3101	Journal of Aircraft	United States	0.82	Q1	405	5345	2.88
3102	Clinics in Plastic Surgery	United Kingdom	0.82	Q1	207	1421	2.34
3103	Advanced Robotics	United Kingdom	0.82	Q2	346	3523	2.33
3104	APSIPA Transactions on Signal and Information Processing	United States	0.82	Q2	71	1210	4.0
3105	Metals and Materials International	South Korea	0.819	Q1	781	14611	4.18
3106	Physical Review E	United States	0.819	Q1	5977	91021	2.42
3107	Area	United Kingdom	0.819	Q1	282	3887	2.44
3108	Environmetrics	United Kingdom	0.819	Q2	147	1929	1.86
3109	Neuropsychological Rehabilitation	United Kingdom	0.818	Q1	275	10208	3.27
3110	Soil Science Society of America Journal	United States	0.818	Q1	492	7339	2.9
3111	Biochimica et Biophysica Acta - Biomembranes	Netherlands	0.818	Q1	674	10820	3.63
3112	Columbia Law Review	United States	0.818	Q1	157	349	1.13
3113	Sociologia Ruralis	United Kingdom	0.818	Q1	117	3588	4.03
3114	Facial Plastic Surgery and Aesthetic Medicine	United States	0.818	Q1	278	1736	1.55
3115	Paediatric Drugs	United Kingdom	0.818	Q1	149	4262	3.89
3116	IEEE Transactions on Haptics	United States	0.818	Q2	239	3124	3.17
3117	Journal of frailty & aging,The	France	0.818	Q2	157	2952	3.21
3118	Depositional Record	United States	0.817	Q1	73	6839	2.54
3119	Vocations and Learning	Netherlands	0.817	Q1	72	2164	3.79
3120	Current Tropical Medicine Reports	Switzerland	0.817	Q2	79	2202	4.94
3121	Occupational Medicine	United Kingdom	0.817	Q2	426	1493	3.13
3122	Journal of Drug Targeting	United Kingdom	0.816	Q1	296	7544	4.74
3123	Journal of the American Psychoanalytic Association	United States	0.816	Q1	188	1727	0.8
3124	Chinese Physics Letters	United Kingdom	0.816	Q1	788	8152	3.37
3125	Canadian Journal of Fisheries and Aquatic Sciences	Canada	0.816	Q1	511	13162	2.61
3126	Electronic Journal of Combinatorics	United States	0.816	Q1	683	5290	0.66
3127	Journal of Algebraic Combinatorics	Netherlands	0.816	Q1	214	2957	0.94
3128	Feminist Theory	United Kingdom	0.816	Q1	101	2451	2.28
3129	Revista de Psicodidactica	Spain	0.816	Q1	60	1032	3.6
3130	Transcultural Psychiatry	United Kingdom	0.816	Q1	205	7555	2.57
3131	International Journal of Nursing Sciences	Singapore	0.815	Q1	234	2648	3.25
3132	Ecological Entomology	United Kingdom	0.815	Q1	383	7321	2.2
3133	Techniques in Coloproctology	Italy	0.815	Q1	584	3438	1.99
3134	Journal of Functional Programming	United Kingdom	0.815	Q2	60	500	1.4
3135	CAD Computer Aided Design	United Kingdom	0.814	Q1	260	5141	3.39
3136	American Journal of Managed Care	United States	0.814	Q2	653	5469	1.89
3137	Trials	United Kingdom	0.814	Q2	2724	41856	2.19
3138	Marine Drugs	Switzerland	0.813	Q1	2087	54068	5.55
3139	Geomatics, Natural Hazards and Risk	United Kingdom	0.813	Q1	394	7359	4.53
3140	Digestive Surgery	Switzerland	0.813	Q1	161	587	2.72
3141	Advances in Computational Mathematics	Netherlands	0.813	Q2	296	3429	1.84
3142	Journal of Immigrant and Minority Health	United States	0.813	Q2	467	8059	2.0
3143	Nations and Nationalism	United Kingdom	0.812	Q1	219	7193	2.55
3144	Disease-a-Month	United States	0.812	Q2	138	5107	2.87
3145	European Journal of Special Needs Education	United Kingdom	0.811	Q1	164	4375	4.0
3146	Nanomaterials	Switzerland	0.811	Q1	7733	265520	5.51
3147	Cancer Chemotherapy and Pharmacology	Germany	0.811	Q1	624	4183	2.9
3148	Journal of the American Philosophical Association	United Kingdom	0.81	Q1	89	2088	1.36
3149	Annals of Forest Science	United States	0.81	Q1	316	2570	2.79
3150	Peritoneal Dialysis International	Canada	0.81	Q2	274	3428	2.45
3151	Tropical Medicine and Health	United Kingdom	0.81	Q2	251	3489	3.81
3152	Botanical Review, The	United States	0.809	Q1	50	3242	4.58
3153	Bioinspiration and Biomimetics	United Kingdom	0.809	Q1	363	7322	3.31
3154	Structural Design of Tall and Special Buildings	United Kingdom	0.809	Q1	284	3091	2.86
3155	Synthese	Netherlands	0.808	Q1	2017	26944	1.55
3156	Neurosurgical Review	Germany	0.808	Q1	590	14035	3.17
3157	QJM - Monthly Journal of the Association of Physicians	United Kingdom	0.808	Q2	915	1623	2.84
3158	China and World Economy	United States	0.807	Q1	111	1864	3.16
3159	Journal of the Experimental Analysis of Behavior	United States	0.807	Q2	203	3582	2.5
3160	Cultural Trends	United Kingdom	0.806	Q1	91	2812	3.73
3161	Journal of Urban Design	United Kingdom	0.806	Q1	151	2590	2.4
3162	Computational Geosciences	Netherlands	0.806	Q1	308	3740	2.99
3163	Family Relations	United Kingdom	0.806	Q1	227	11444	2.54
3164	Ophthalmologica	Switzerland	0.806	Q1	172	1615	2.64
3165	Astronomy and Computing	Netherlands	0.806	Q2	135	3190	2.53
3166	Journal of Land Use Science	United Kingdom	0.805	Q1	97	2669	3.28
3167	Botanical Journal of the Linnean Society	United Kingdom	0.805	Q1	275	7180	2.49
3168	British Journal of Educational Studies	United Kingdom	0.805	Q1	109	2431	2.59
3169	Probiotics and Antimicrobial Proteins	United States	0.804	Q2	468	11471	5.2
3170	Trabajos de Prehistoria	Spain	0.803	Q1	55	1510	1.21
3171	Pituitary	Netherlands	0.803	Q2	251	4573	3.92
3172	Kinetic and Related Models	United States	0.802	Q1	142	1311	1.1
3173	Pharmacological Reports	Netherlands	0.802	Q2	474	7387	4.53
3174	Galaxies	Switzerland	0.802	Q2	294	10916	2.43
3175	Regenerative Therapy	Japan	0.802	Q2	244	4550	4.05
3176	SIAM Journal on Financial Mathematics	United States	0.802	Q2	128	1771	1.22
3177	Clinical Simulation in Nursing	United States	0.801	Q1	329	3076	2.71
3178	Chinese Journal of Polymer Science (English Edition)	Germany	0.801	Q1	466	10591	4.45
3179	Food and Bioproducts Processing	United Kingdom	0.801	Q1	502	6049	5.29
3180	Episteme	United Kingdom	0.801	Q1	134	1918	1.82
3181	Journal of Competitiveness	Czech Republic	0.801	Q1	120	2191	8.13
3182	Cambridge Review of International Affairs	United Kingdom	0.801	Q1	194	4807	1.02
3183	TechTrends	United States	0.801	Q1	319	4713	2.91
3184	Journal of Asthma and Allergy	New Zealand	0.801	Q2	259	7304	3.21
3185	Journal of Fusion Energy	United States	0.8	Q1	122	748	1.01
3186	ChemPlusChem	Germany	0.8	Q1	708	13561	3.37
3187	Liquid Crystals Reviews	United States	0.8	Q1	16	1188	4.5
3188	Polymer	Netherlands	0.8	Q1	2672	46963	4.75
3189	Current Anthropology	United States	0.8	Q1	228	4039	2.14
3190	General Relativity and Gravitation	United States	0.8	Q1	384	9146	2.52
3191	Maritime Studies	Germany	0.8	Q1	119	2861	3.07
3192	International Statistical Review	United States	0.8	Q2	132	2472	1.76
3193	Pharmaceuticals	Switzerland	0.799	Q1	2000	114531	4.67
3194	Contributions to Zoology	Netherlands	0.799	Q1	44	1381	2.16
3195	Asia Pacific Viewpoint	United Kingdom	0.799	Q1	99	2231	2.3
3196	Archives of Medical Science	Poland	0.799	Q2	549	6869	2.82
3197	American Journal of Pharmaceutical Education	United States	0.798	Q1	619	3108	2.36
3198	American Anthropologist	United States	0.798	Q1	335	4375	1.81
3199	Breast Care	Switzerland	0.798	Q1	252	2016	2.05
3200	Image and Vision Computing	United Kingdom	0.798	Q2	362	7645	5.21
3201	Animal Feed Science and Technology	Netherlands	0.797	Q1	812	13797	3.53
3202	Journal of Scheduling	United States	0.797	Q1	136	1679	2.16
3203	Studies in Continuing Education	United Kingdom	0.797	Q1	70	2461	2.81
3204	Journal of Computational and Applied Mathematics	Netherlands	0.797	Q2	1671	18421	2.73
3205	Discourse Processes	United Kingdom	0.796	Q1	147	2680	1.79
3206	European Journal of Social Theory	United Kingdom	0.796	Q1	94	2590	2.16
3207	Transactions on Embedded Computing Systems	United States	0.796	Q2	293	5620	2.25
3208	Journal of Computational Chemistry	United States	0.795	Q1	701	11002	3.13
3209	Journal of Physical Chemistry B	United States	0.795	Q1	3557	65926	3.32
3210	Journal of Human Capital	United States	0.795	Q1	55	826	1.59
3211	Arctic Science	Canada	0.795	Q1	87	4387	2.68
3212	Collectanea Mathematica	Italy	0.795	Q1	85	1613	1.76
3213	Journal of International Students	United States	0.795	Q1	228	3664	2.23
3214	Emerging Adulthood	United Kingdom	0.795	Q2	166	7927	3.71
3215	Ultramicroscopy	Netherlands	0.794	Q1	508	4592	2.31
3216	Journal of Complexity	United States	0.794	Q1	112	1364	1.96
3217	Pacific Journal of Mathematics	United States	0.794	Q1	366	2232	0.64
3218	China Quarterly	United Kingdom	0.794	Q1	160	2677	2.0
3219	European Geriatric Medicine	France	0.794	Q2	399	5219	3.56
3220	Journal of Religion and Health	United States	0.793	Q1	686	17797	3.35
3221	Geologie en Mijnbouw/Netherlands Journal of Geosciences	Netherlands	0.793	Q1	39	1290	2.81
3222	Upsala Journal of Medical Sciences	Sweden	0.793	Q2	111	1414	3.27
3223	Antibiotics	Switzerland	0.792	Q1	2748	110359	4.93
3224	International Journal of Legal Medicine	Germany	0.792	Q1	762	7496	2.34
3225	Prehospital Emergency Care	United Kingdom	0.791	Q1	326	6117	2.29
3226	AICHE Journal	United States	0.791	Q1	1054	21904	4.08
3227	Molecular Omics	United Kingdom	0.791	Q2	177	5775	3.03
3228	Dalton Transactions	United Kingdom	0.79	Q1	5526	118466	4.17
3229	Advances in Manufacturing	United States	0.79	Q1	119	2344	5.64
3230	Plants	Switzerland	0.79	Q1	5194	250290	4.76
3231	Calcolo	Italy	0.79	Q1	145	1617	1.49
3232	Cooperation and Conflict	United Kingdom	0.79	Q1	83	2871	1.77
3233	European Journal of Education	United Kingdom	0.79	Q1	152	2249	2.31
3234	Cardiovascular Therapeutics	United Kingdom	0.79	Q2	124	3211	3.02
3235	Mineralogical Magazine	United Kingdom	0.79	Q2	227	4691	2.2
3236	Magnetic Resonance in Medical Sciences	Japan	0.79	Q2	160	3510	2.94
3237	Analyst, The	United Kingdom	0.789	Q1	2419	31202	4.44
3238	Episodes	Canada	0.789	Q1	143	1535	3.08
3239	Psychological Injury and Law	United States	0.789	Q1	86	2591	3.38
3240	Biomechanics and Modeling in Mechanobiology	Germany	0.789	Q1	445	8331	3.77
3241	Journal of the Medical Library Association : JMLA	United States	0.789	Q1	262	1330	1.71
3242	Journal of Heuristics	Netherlands	0.789	Q2	106	893	3.14
3243	Physiological Reports	United States	0.789	Q2	1108	17885	2.43
3244	Vox Sanguinis	United Kingdom	0.789	Q2	346	5052	3.14
3245	Journal of Aging Studies	United Kingdom	0.788	Q1	129	4091	2.42
3246	Journal of Anatomy	United Kingdom	0.788	Q1	547	13002	2.41
3247	Bottom Line	United Kingdom	0.788	Q1	51	695	4.56
3248	Children's Geographies	United Kingdom	0.788	Q1	194	7158	3.01
3249	Journal of Eukaryotic Microbiology	United Kingdom	0.788	Q2	188	5660	2.24
3250	Drying Technology	United States	0.787	Q1	541	14125	4.56
3251	Insects	Switzerland	0.787	Q1	2460	71891	3.05
3252	Archnet-IJAR	United Kingdom	0.787	Q1	138	4184	4.26
3253	HIP International	Italy	0.787	Q1	355	5469	1.84
3254	Annals of Dyslexia	United States	0.786	Q1	66	2322	2.58
3255	Kyklos	United Kingdom	0.786	Q1	74	1916	2.16
3256	Race and Class	United Kingdom	0.786	Q1	78	1208	1.94
3257	Journal of Ethnobiology and Ethnomedicine	United Kingdom	0.786	Q1	214	5063	4.27
3258	Forum Mathematicum	Germany	0.786	Q1	270	2451	0.8
3259	Frontiers of Computer Science	China	0.786	Q1	306	4409	4.04
3260	Tourism Planning and Development	United Kingdom	0.786	Q1	149	4295	3.19
3261	Clinical Journal of Pain	United States	0.786	Q1	342	4325	2.76
3262	Journal of Risk and Insurance	United Kingdom	0.786	Q2	110	2306	2.26
3263	Nordic Journal of Psychiatry	United Kingdom	0.786	Q2	243	5079	2.13
3264	Harvard Law Review	United States	0.785	Q1	136	618	0.75
3265	Journal of Hospitality and Tourism Education	United Kingdom	0.785	Q1	82	2896	4.62
3266	Journal of Nonlinear and Variational Analysis	Canada	0.784	Q1	111	1653	2.6
3267	Maternal and Child Health Journal	United States	0.784	Q1	594	9628	2.28
3268	Archivum Immunologiae et Therapiae Experimentalis	Switzerland	0.784	Q2	108	1595	2.93
3269	Therapeutic Advances in Cardiovascular Disease	United Kingdom	0.784	Q2	47	643	2.22
3270	Progress in Natural Science: Materials International	Netherlands	0.783	Q1	318	4137	4.95
3271	Physics of Plasmas	United States	0.783	Q1	2551	30861	2.14
3272	Journal of Phycology	United Kingdom	0.783	Q1	391	4386	3.09
3273	Journal of Empirical Legal Studies	United Kingdom	0.783	Q1	85	2170	1.43
3274	Nephron	Switzerland	0.783	Q1	335	2950	2.27
3275	AIMS Microbiology	United States	0.783	Q2	85	2423	5.19
3276	Dysphagia	United States	0.782	Q1	314	9139	3.11
3277	Design and Culture	United Kingdom	0.782	Q1	60	865	0.93
3278	Journal of Mining Institute	Russian Federation	0.782	Q1	270	3734	3.38
3279	Clinical Otolaryngology	United Kingdom	0.782	Q1	584	2035	1.64
3280	Knee	Netherlands	0.782	Q2	724	5585	1.84
3281	Groups, Geometry, and Dynamics	Germany	0.782	Q2	159	1229	0.55
3282	Social Science Quarterly	United Kingdom	0.781	Q1	524	6268	1.88
3283	Islets	United States	0.781	Q2	40	793	2.36
3284	JMIR Serious Games	Canada	0.78	Q1	219	6877	4.34
3285	Chemical Senses	United Kingdom	0.78	Q2	199	2411	3.47
3286	Yale Journal of Biology and Medicine	United States	0.78	Q2	238	3246	2.48
3287	Organic and Biomolecular Chemistry	United Kingdom	0.779	Q1	3214	65241	3.26
3288	Fire	Switzerland	0.779	Q1	224	10854	3.14
3289	Biology	Switzerland	0.779	Q1	1909	134587	4.22
3290	Games for health journal	United States	0.779	Q1	148	1999	3.74
3291	Child and Adolescent Psychiatric Clinics of North America	United Kingdom	0.779	Q1	183	3311	2.41
3292	Gait and Posture	Netherlands	0.779	Q1	1137	13283	2.5
3293	Alcohol and Alcoholism	United Kingdom	0.779	Q2	295	2757	2.66
3294	Acta Astronomica	Poland	0.779	Q2	44	0	1.75
3295	Epileptic Disorders	United States	0.779	Q2	327	3723	2.07
3296	Dendrochronologia	Germany	0.778	Q1	233	5216	2.98
3297	Flexible Services and Manufacturing Journal	United States	0.778	Q1	100	2851	2.95
3298	Third World Quarterly	United Kingdom	0.778	Q1	414	13284	2.24
3299	International Journal of Obstetric Anesthesia	United States	0.778	Q1	300	1517	1.55
3300	Reproductive Medicine and Biology	Japan	0.778	Q2	161	3847	3.53
3301	Geoarchaeology - An International Journal	United States	0.777	Q1	154	4592	1.93
3302	Materials for Renewable and Sustainable Energy	Switzerland	0.777	Q1	61	1501	4.9
3303	Journal of Electromyography and Kinesiology	United Kingdom	0.777	Q2	250	3448	2.73
3304	Frontiers in Astronomy and Space Sciences	Switzerland	0.777	Q2	413	28025	2.5
3305	International Journal of Physical Modelling in Geotechnics	United Kingdom	0.777	Q2	75	1276	1.78
3306	IEEE Photonics Technology Letters	United States	0.776	Q2	1252	6194	2.72
3307	Aphasiology	United Kingdom	0.775	Q1	227	9239	2.81
3308	Sensors and Actuators A: Physical	Netherlands	0.775	Q1	1823	28978	4.89
3309	Acta Metallurgica Sinica (English Letters)	China	0.775	Q1	478	8923	4.1
3310	Global Finance Journal	Netherlands	0.775	Q2	134	6192	5.03
3311	Estuarine, Coastal and Shelf Science	United States	0.774	Q1	1287	27190	2.84
3312	International Journal of Advanced Manufacturing Technology	United Kingdom	0.774	Q1	5136	95100	3.87
3313	Journal of Productivity Analysis	Netherlands	0.774	Q1	75	1554	1.78
3314	Sustainable Chemistry and Pharmacy	Netherlands	0.773	Q1	388	17942	6.47
3315	Learning, Culture and Social Interaction	Netherlands	0.773	Q1	250	3041	2.33
3316	Minerva	Netherlands	0.773	Q1	76	2200	2.53
3317	IEEE Transactions on Electron Devices	United States	0.773	Q2	2720	33376	3.27
3318	Analysis and Geometry in Metric Spaces	Poland	0.773	Q2	41	424	1.07
3319	Future Internet	Switzerland	0.773	Q2	811	19511	4.33
3320	Human Cell	Germany	0.773	Q2	372	7541	3.97
3321	Journal of Minimally Invasive Gynecology	Netherlands	0.773	Q2	1007	4494	2.21
3322	Local Government Studies	United Kingdom	0.772	Q1	149	4657	2.37
3323	Current Urology Reports	United States	0.772	Q1	213	2022	2.57
3324	Pancreas	United States	0.772	Q2	741	5184	1.98
3325	Mycopathologia	Netherlands	0.771	Q1	301	2988	5.11
3326	Foods	Switzerland	0.771	Q1	5723	242016	5.42
3327	Physician and Sportsmedicine	United Kingdom	0.771	Q1	208	5244	2.68
3328	Millennium: Journal of International Studies	United Kingdom	0.771	Q1	85	180	2.02
3329	Indian Journal of Psychiatry	India	0.771	Q2	588	3755	1.89
3330	International Journal of Non-Linear Mechanics	United Kingdom	0.77	Q1	487	8412	3.37
3331	Navigation, Journal of the Institute of Navigation	United States	0.77	Q1	156	1657	2.58
3332	Journal of Automated Reasoning	Netherlands	0.77	Q2	159	1614	1.46
3333	BMC Nursing	United Kingdom	0.769	Q1	437	15538	3.33
3334	Scandinavian Journal of Statistics	United Kingdom	0.769	Q2	163	3645	1.07
3335	Suicide and Life-Threatening Behavior	United States	0.769	Q2	363	5296	3.22
3336	ACI Structural Journal	United States	0.768	Q1	425	4848	1.88
3337	International and Comparative Law Quarterly	United Kingdom	0.768	Q1	106	1661	1.3
3338	NanoImpact	Netherlands	0.768	Q1	219	5292	5.15
3339	Climacteric	United Kingdom	0.768	Q2	306	3975	2.8
3340	Respiratory Investigation	Netherlands	0.768	Q2	288	3634	2.51
3341	Agribusiness	United States	0.767	Q1	131	3840	3.88
3342	Health and Human Rights	United States	0.767	Q1	184	1416	2.63
3343	Cadernos de Saude Publica	Brazil	0.767	Q2	957	9257	2.39
3344	Journal of Chromatography A	Netherlands	0.766	Q1	2367	33344	4.36
3345	Journal of the American Society for Mass Spectrometry	United States	0.766	Q1	897	11765	3.16
3346	Music Perception	United States	0.766	Q1	83	950	2.25
3347	Bioresources and Bioprocessing	Germany	0.766	Q1	250	7828	4.76
3348	Integrative Cancer Therapies	United States	0.766	Q1	351	5073	2.64
3349	Statistical Papers	United States	0.766	Q2	343	4632	1.66
3350	Nurse Education in Practice	United Kingdom	0.765	Q1	639	8034	3.35
3351	Metallomics	United Kingdom	0.765	Q1	415	4774	3.59
3352	Human Nature	United States	0.765	Q1	78	1956	2.3
3353	Polar Geography	United Kingdom	0.765	Q1	51	1076	2.86
3354	Oryx	United Kingdom	0.765	Q1	323	4956	2.49
3355	International Urogynecology Journal	United Kingdom	0.765	Q1	1138	12204	1.66
3356	Annali di Matematica Pura ed Applicata	Germany	0.765	Q2	332	4289	1.0
3357	Theriogenology	United States	0.764	Q1	1352	19223	2.88
3358	Experiments in Fluids	Germany	0.764	Q1	676	8030	2.82
3359	Sensors	Switzerland	0.764	Q1	21590	463039	4.42
3360	CoDesign	United Kingdom	0.764	Q1	73	1885	3.64
3361	Polymer Testing	United Kingdom	0.763	Q1	1460	14331	5.44
3362	Science China Mathematics	China	0.763	Q1	407	5089	1.33
3363	Journal of LGBT Youth	United States	0.763	Q1	73	2552	2.8
3364	Childhood Obesity	United States	0.763	Q1	223	2562	2.48
3365	International Journal of Multimedia Information Retrieval	United Kingdom	0.762	Q1	61	3224	5.5
3366	International Data Privacy Law	United States	0.762	Q1	76	1108	1.72
3367	Disability and Rehabilitation	United Kingdom	0.762	Q1	1228	60593	2.97
3368	International Journal of Hyperthermia	United Kingdom	0.762	Q2	561	6613	3.0
3369	North American Actuarial Journal	United Kingdom	0.762	Q2	134	2312	1.48
3370	Metabolomics	United States	0.762	Q2	378	6136	3.58
3371	Toxics	Switzerland	0.761	Q1	549	50880	4.48
3372	Gender, Place, and Culture	United Kingdom	0.761	Q1	298	8883	2.57
3373	Vacuum	United Kingdom	0.761	Q1	2058	32587	4.25
3374	Test	United States	0.761	Q2	172	2186	1.3
3375	Neuropsychobiology	Switzerland	0.761	Q2	133	3093	3.46
3376	IEEE Computer Architecture Letters	United States	0.761	Q2	129	543	2.92
3377	Metabolic Brain Disease	United States	0.761	Q2	502	15399	3.53
3378	Journal of managed care & specialty pharmacy	United States	0.76	Q1	575	4581	1.7
3379	Journal of Rheology	Japan	0.76	Q1	271	5406	3.37
3380	Geoheritage	Germany	0.76	Q1	342	9286	3.31
3381	Reviews in Mathematical Physics	Singapore	0.76	Q2	141	2389	1.81
3382	Noise Mapping	Germany	0.759	Q1	56	1049	4.0
3383	Journal of Tourism Futures	United Kingdom	0.759	Q1	136	4505	5.53
3384	Journal of Combinatorial Algebra	Switzerland	0.759	Q1	33	313	0.68
3385	Monist, The	United Kingdom	0.758	Q1	90	989	1.03
3386	Learned Publishing	United States	0.758	Q1	182	2611	2.56
3387	Discrete Applied Mathematics	Netherlands	0.758	Q2	1258	9178	1.18
3388	Cerebrovascular Diseases	Switzerland	0.757	Q2	286	4108	2.96
3389	International Journal of Psychiatry in Clinical Practice	United Kingdom	0.757	Q2	166	4146	2.83
3390	Facial Plastic Surgery Clinics of North America	United Kingdom	0.756	Q1	193	1864	1.35
3391	Journal of Experimental Zoology Part B: Molecular and Developmental Evolution	United States	0.755	Q1	150	3994	1.84
3392	Mathematics and Computers in Simulation	Netherlands	0.755	Q1	865	13609	4.77
3393	Russian Journal of Mathematical Physics	United States	0.755	Q2	154	966	1.47
3394	Annals of Global Analysis and Geometry	Netherlands	0.755	Q2	175	1988	0.78
3395	Perspectives on Behavior Science	Switzerland	0.755	Q2	125	3287	1.63
3396	Purinergic Signalling	Netherlands	0.755	Q3	175	4158	2.66
3397	International Journal of Law and Psychiatry	United Kingdom	0.754	Q1	256	2822	2.7
3398	Letters in Mathematical Physics	Netherlands	0.754	Q2	380	4513	1.12
3399	Journal of Thermal Analysis and Calorimetry	Netherlands	0.753	Q1	3015	52914	5.25
3400	Journal of Chemical Ecology	United States	0.753	Q1	288	4264	2.42
3401	Journal of Mammalian Evolution	United States	0.753	Q1	156	4770	1.83
3402	Surgery Today	Japan	0.753	Q1	590	7743	2.59
3403	Revue Neurologique	France	0.753	Q2	491	6178	1.9
3404	International Journal of Psychoanalysis	United Kingdom	0.753	Q2	276	2472	0.76
3405	Archaeological Dialogues	United Kingdom	0.752	Q1	52	1306	1.46
3406	International Journal of Systematic and Evolutionary Microbiology	United Kingdom	0.752	Q1	2039	17918	2.44
3407	Brain Sciences	Switzerland	0.752	Q3	3043	106136	3.33
3408	Acta Tropica	Netherlands	0.751	Q1	1104	23278	2.83
3409	Journal of Supercritical Fluids	Netherlands	0.751	Q1	706	12909	4.55
3410	Identities	United Kingdom	0.751	Q1	126	3332	1.9
3411	Young Consumers	United Kingdom	0.751	Q1	88	3083	3.8
3412	Island Arc	United Kingdom	0.751	Q1	135	2512	1.47
3413	International Journal of Smart and Nano Materials	United Kingdom	0.751	Q1	71	2182	4.02
3414	Yale journal on regulation	United States	0.751	Q1	61	1492	1.22
3415	Surgical Clinics of North America	United Kingdom	0.751	Q1	303	4430	2.84
3416	Journal of Infrastructure Systems	United States	0.751	Q2	190	3153	3.84
3417	Education for Chemical Engineers	Netherlands	0.75	Q1	134	1193	4.94
3418	Materials Chemistry and Physics	Netherlands	0.75	Q1	3777	82563	5.08
3419	Defence Technology	China	0.75	Q1	418	12344	5.23
3420	Mathematische Nachrichten	Germany	0.75	Q1	426	3365	0.97
3421	African Development Review	United Kingdom	0.75	Q1	179	2573	3.07
3422	Journal of Statistical Physics	United States	0.75	Q2	653	5678	1.56
3423	Peptides	United States	0.75	Q2	421	9014	3.1
3424	Transforming Anthropology	United States	0.749	Q1	44	526	0.63
3425	Obesity Science and Practice	United States	0.749	Q2	211	4843	2.47
3426	Nuclear Science and Techniques/Hewuli	Singapore	0.749	Q2	449	6279	2.82
3427	ChemPhysChem	Germany	0.749	Q2	1045	19797	2.79
3428	Journal of Bone and Mineral Metabolism	Japan	0.748	Q2	346	3979	3.28
3429	Journal of Clinical Apheresis	United States	0.748	Q2	246	1969	1.26
3430	Molecular Imaging and Biology	United States	0.748	Q2	401	4764	3.05
3431	Synapse	United States	0.748	Q3	99	1241	1.85
3432	Alpine Botany	Switzerland	0.747	Q1	49	1677	2.61
3433	Journal of the Science of Food and Agriculture	United Kingdom	0.747	Q1	2084	37611	4.94
3434	International Journal of Tourism Cities	United Kingdom	0.747	Q1	162	5316	3.44
3435	Family Practice	United Kingdom	0.747	Q1	340	2123	2.09
3436	International Journal of Oral and Maxillofacial Implants	United States	0.746	Q1	460	2805	1.94
3437	Journal of Political Ecology	United States	0.746	Q1	154	2607	1.94
3438	Mind, Culture, and Activity	United Kingdom	0.746	Q1	87	1209	1.68
3439	Journal of Counseling and Development	United States	0.746	Q2	123	2208	2.98
3440	SIGMOD Record	United States	0.746	Q2	111	577	1.36
3441	Australian Geographer	United Kingdom	0.745	Q1	86	1751	2.35
3442	Journal of Operator Theory	Romania	0.745	Q1	119	1064	0.72
3443	Seminars in Plastic Surgery	United States	0.745	Q1	145	1345	1.7
3444	Romanian Reports in Physics	Romania	0.745	Q2	238	2483	2.87
3445	EuroChoices	United States	0.744	Q1	102	368	2.36
3446	American Journal of Human Biology	United States	0.744	Q1	352	12052	3.28
3447	Biofuels, Bioproducts and Biorefining	United Kingdom	0.744	Q2	319	9234	4.87
3448	Medical Mycology	United Kingdom	0.742	Q1	478	3372	2.96
3449	Journal of Orofacial Orthopedics	Germany	0.742	Q1	139	3715	1.65
3450	Journal of Symbolic Logic	United Kingdom	0.742	Q1	228	2823	0.7
3451	Journal of Saudi Chemical Society	Saudi Arabia	0.742	Q1	327	7254	5.84
3452	Accounting and Finance	United States	0.742	Q1	456	15892	3.2
3453	International Journal of Structural Stability and Dynamics	Singapore	0.742	Q1	635	12776	3.49
3454	BMC Oral Health	United Kingdom	0.741	Q1	1312	25887	3.01
3455	Learning Disability Quarterly	United States	0.741	Q1	70	2234	1.94
3456	British Journal of Music Education	United Kingdom	0.741	Q1	60	941	1.93
3457	Arthropod Structure and Development	United Kingdom	0.741	Q1	157	2597	1.88
3458	Plant Production Science	Japan	0.741	Q1	155	1617	2.78
3459	Water Alternatives	France	0.741	Q1	142	3117	2.75
3460	Journal of Cataract and Refractive Surgery	United States	0.741	Q1	1338	47	1.42
3461	Developmental Psychobiology	United States	0.741	Q2	413	7826	2.3
3462	Brachytherapy	United States	0.741	Q2	389	3667	1.86
3463	Diagnostic Microbiology and Infectious Disease	United States	0.741	Q2	676	3576	2.89
3464	Heart Failure Clinics	United States	0.741	Q2	175	4013	2.76
3465	International Journal for Quality in Health Care	United Kingdom	0.741	Q2	496	1754	2.34
3466	Journal of Lower Genital Tract Disease	United States	0.741	Q2	190	351	1.96
3467	Marine Biology	Germany	0.74	Q1	524	11544	2.25
3468	Online Information Review	United Kingdom	0.74	Q1	229	7801	4.03
3469	American Journal of Physical Medicine and Rehabilitation	United States	0.739	Q1	793	5201	2.32
3470	Tel Aviv	United Kingdom	0.739	Q1	46	747	1.0
3471	Journal of Mathematical Biology	Germany	0.739	Q1	421	5595	1.9
3472	Leisure Studies	United Kingdom	0.739	Q1	186	7115	3.31
3473	Violence Against Women	United States	0.739	Q1	364	15512	2.63
3474	International Journal of Computer Games Technology	United States	0.739	Q2	18	209	2.5
3475	Journal of Medical Screening	United Kingdom	0.739	Q2	140	1027	2.41
3476	ISPRS International Journal of Geo-Information	Switzerland	0.738	Q1	2115	34246	3.83
3477	Journal of Biological Dynamics	United Kingdom	0.738	Q1	128	1499	2.95
3478	Current Opinion in Urology	United States	0.738	Q1	345	2696	2.34
3479	Patient Safety in Surgery	United Kingdom	0.738	Q1	124	1073	2.66
3480	Acta Arithmetica	Poland	0.738	Q2	285	1936	0.71
3481	Scandinavian Journal of Primary Health Care	United Kingdom	0.738	Q2	187	2093	1.97
3482	Altex	Germany	0.737	Q1	195	3067	3.56
3483	Ethnicities	United Kingdom	0.737	Q1	183	4034	1.56
3484	Biological Journal of the Linnean Society	United Kingdom	0.737	Q1	622	7392	1.8
3485	Journal of Applied Mechanics, Transactions ASME	United States	0.737	Q1	427	5207	2.59
3486	Acta Politica	United Kingdom	0.737	Q1	97	4026	1.64
3487	International Studies Perspectives	United Kingdom	0.737	Q1	62	1127	1.98
3488	Wound Repair and Regeneration	United Kingdom	0.737	Q1	273	3218	2.76
3489	Journal of Commodity Markets	Netherlands	0.737	Q2	65	3310	4.24
3490	Informatics for Health and Social Care	United Kingdom	0.736	Q1	92	2086	3.23
3491	Journal of Cereal Science	United States	0.736	Q1	603	5577	4.28
3492	Acta Sociologica	United Kingdom	0.736	Q1	79	2145	2.31
3493	International Journal of Lifelong Education	United Kingdom	0.736	Q1	132	2724	1.86
3494	Health Care Analysis	Netherlands	0.735	Q1	74	888	2.0
3495	TESOL Journal	United States	0.735	Q1	186	1843	1.73
3496	Infant Behavior and Development	United Kingdom	0.735	Q2	292	6124	2.44
3497	International Journal of Industrial Ergonomics	Netherlands	0.735	Q2	374	5595	3.81
3498	TQM Journal	United Kingdom	0.734	Q1	266	15648	5.85
3499	Urolithiasis	Germany	0.734	Q1	214	2528	2.76
3500	International Dental Journal	Netherlands	0.733	Q1	225	5555	3.02
3501	Clinical and Experimental Optometry	United Kingdom	0.733	Q1	411	8431	1.88
3502	Journal of Human Kinetics	Poland	0.733	Q1	355	3797	2.53
3503	Microchemical Journal	United States	0.733	Q1	3244	55135	5.22
3504	Dissertationes Mathematicae	Poland	0.733	Q1	32	784	1.45
3505	Prostaglandins and Other Lipid Mediators	United States	0.733	Q2	162	2362	3.04
3506	Computational Methods in Applied Mathematics	Germany	0.733	Q2	145	2246	1.35
3507	Acta Cytologica	Switzerland	0.733	Q2	207	2300	1.91
3508	Translation Studies	United Kingdom	0.732	Q1	72	787	0.98
3509	Fire Technology	Netherlands	0.732	Q2	359	7944	3.65
3510	Geotechnical Testing Journal	United States	0.732	Q2	275	3490	1.58
3511	New Directions for Child and Adolescent Development	United States	0.732	Q2	168	1880	2.43
3512	Journal of the Mathematical Society of Japan	Japan	0.731	Q1	153	1245	0.84
3513	International Journal of Automation and Computing	China	0.731	Q2	198	0	5.08
3514	Integrative Biology (United Kingdom)	United Kingdom	0.731	Q2	78	541	2.63
3515	Plant Genome	United States	0.73	Q1	300	7180	3.31
3516	European Journal of Protistology	Germany	0.73	Q2	167	3338	2.97
3517	Flexible and Printed Electronics	United States	0.73	Q2	188	5606	3.08
3518	Annals of Combinatorics	Switzerland	0.73	Q2	143	1368	0.49
3519	Gene	Netherlands	0.73	Q2	2014	38481	3.6
3520	Thoracic Cancer	Australia	0.73	Q2	1236	12017	2.83
3521	Granular Matter	United States	0.729	Q1	297	5972	2.4
3522	IEEE Transactions on Education	United States	0.729	Q1	131	3207	3.57
3523	Journal of Patient-Reported Outcomes	Switzerland	0.729	Q2	300	5086	2.44
3524	MicrobiologyOpen	United States	0.729	Q2	556	4222	3.34
3525	Theoretical Issues in Ergonomics Science	United Kingdom	0.729	Q2	113	4271	2.29
3526	Journal of Zhejiang University: Science B	China	0.728	Q1	284	5330	4.05
3527	Journal of Contemporary Ethnography	United States	0.728	Q1	98	2559	2.15
3528	Aesthetic Plastic Surgery	United States	0.728	Q1	1121	14414	1.56
3529	European Cells and Materials	Switzerland	0.728	Q2	155	2079	2.98
3530	IET Cyber-Physical Systems: Theory and Applications	United Kingdom	0.728	Q2	107	838	2.4
3531	Netherlands Heart Journal	Netherlands	0.728	Q2	376	2063	1.31
3532	Science and Technology Studies	Finland	0.727	Q1	55	1268	1.13
3533	Education and Urban Society	United States	0.727	Q1	162	5221	1.77
3534	Photonic Sensors	Germany	0.727	Q2	116	1327	4.99
3535	Plasma Sources Science and Technology	United Kingdom	0.727	Q2	836	15809	3.76
3536	European Journal of Pharmaceutical Sciences	Netherlands	0.726	Q1	1056	12673	4.82
3537	Memory	United Kingdom	0.726	Q1	340	6642	2.06
3538	International Dairy Journal	Netherlands	0.726	Q1	613	11589	3.67
3539	Irrigation Science	Germany	0.726	Q1	151	4134	3.04
3540	Journal of Computer and System Sciences	United States	0.726	Q2	192	2396	1.72
3541	Federal Reserve Bank of St. Louis Review	United States	0.726	Q2	52	259	2.03
3542	Journal of Cardiovascular Development and Disease	Switzerland	0.725	Q1	284	24030	2.39
3543	Journal of Pharmaceutical Investigation	Netherlands	0.725	Q1	151	4200	5.24
3544	Taxon	Austria	0.725	Q1	539	5083	1.29
3545	European Journal of Mineralogy	Germany	0.725	Q2	181	2407	1.96
3546	Palliative and Supportive Care	United Kingdom	0.724	Q1	344	5447	1.94
3547	Journal of Futures Markets	United States	0.724	Q1	266	4432	2.3
3548	Transactions of the Royal Society of Tropical Medicine and Hygiene	United Kingdom	0.724	Q2	477	2993	2.09
3549	Eating and Weight Disorders	Switzerland	0.724	Q2	635	16651	3.14
3550	JMIR Cancer	Canada	0.724	Q2	110	3798	2.88
3551	International Journal of Adhesion and Adhesives	United Kingdom	0.723	Q1	559	8399	3.88
3552	Water (Switzerland)	Switzerland	0.723	Q1	9806	236938	3.57
3553	Asia Pacific Education Review	Netherlands	0.723	Q1	144	6356	3.04
3554	Journal of Data and Information Quality	United States	0.723	Q2	65	1570	2.87
3555	European Journal of Clinical Pharmacology	Germany	0.723	Q2	615	7450	2.41
3556	Journal of Chemical Thermodynamics	United States	0.723	Q2	935	9229	2.85
3557	Constructive Approximation	United States	0.722	Q1	112	2167	1.36
3558	Journal of Hydrodynamics	China	0.722	Q1	338	3371	2.84
3559	Town Planning Review	United Kingdom	0.722	Q1	148	1723	1.8
3560	Proteomes	Switzerland	0.722	Q2	117	3077	3.28
3561	Perspectives in Psychiatric Care	United States	0.722	Q2	472	13575	3.27
3562	Hydrobiologia	Netherlands	0.721	Q1	975	31040	2.77
3563	Accounting Education	United Kingdom	0.721	Q1	79	4083	5.43
3564	Neurourology and Urodynamics	United States	0.721	Q1	885	6404	1.93
3565	Symbolic Interaction	United States	0.72	Q1	88	1486	1.88
3566	EXCLI Journal	Germany	0.72	Q1	355	5698	3.42
3567	Journal of Approximation Theory	United States	0.72	Q1	224	1241	0.97
3568	Multimedia Tools and Applications	Netherlands	0.72	Q1	4936	109409	4.27
3569	Bioelectrochemistry	Netherlands	0.72	Q2	530	12144	5.35
3570	Growth and Change	United Kingdom	0.72	Q2	274	5186	3.63
3571	Banach Journal of Mathematical Analysis	Iran	0.72	Q2	185	1823	1.28
3572	High Blood Pressure and Cardiovascular Prevention	United Kingdom	0.72	Q2	184	2706	2.79
3573	Pastoralism	Germany	0.719	Q1	66	2065	2.66
3574	Construction Innovation	United Kingdom	0.719	Q1	114	8227	5.09
3575	Compare	United Kingdom	0.719	Q1	229	6996	2.43
3576	Journal of Cultural Economy	United Kingdom	0.719	Q1	139	3878	2.42
3577	Results in Physics	Netherlands	0.719	Q2	2867	34957	5.51
3578	Journal of Enterprising Communities	United Kingdom	0.719	Q2	119	7382	4.61
3579	Neurologic Clinics	United Kingdom	0.719	Q2	193	3594	2.28
3580	Indonesian Journal of Islam and Muslim Societies	Indonesia	0.718	Q1	45	676	1.18
3581	Organic Electronics	Netherlands	0.718	Q1	1221	11884	3.31
3582	Acta Neurochirurgica	Austria	0.718	Q1	1200	10765	2.26
3583	Atomic Data and Nuclear Data Tables	United States	0.718	Q2	69	999	2.13
3584	Journal of Physics A: Mathematical and Theoretical	United Kingdom	0.718	Q2	1555	38017	2.11
3585	Blood Cells, Molecules, and Diseases	United States	0.718	Q2	242	828	1.79
3586	Geografiska Annaler, Series B: Human Geography	United Kingdom	0.717	Q1	69	3115	1.83
3587	Biochip Journal	Germany	0.717	Q2	123	2668	4.25
3588	Journal of Computer-Aided Molecular Design	Netherlands	0.717	Q2	254	3756	3.74
3589	Journal of Child and Adolescent Trauma	Switzerland	0.716	Q1	161	7781	2.09
3590	Spinal Cord	United Kingdom	0.716	Q1	465	5033	2.22
3591	Microbial Pathogenesis	United States	0.716	Q2	1785	27915	3.98
3592	Journal of Investigative Medicine	United States	0.716	Q2	360	3675	2.23
3593	BMC Musculoskeletal Disorders	United Kingdom	0.716	Q2	2514	40371	2.32
3594	Psychiatry Investigation	South Korea	0.716	Q2	427	5354	2.86
3595	Quantitative Finance	United Kingdom	0.715	Q1	370	5298	1.83
3596	Journal of Avian Biology	United Kingdom	0.715	Q1	241	4042	1.78
3597	Representation Theory	United States	0.715	Q1	69	1044	0.47
3598	Rapid Prototyping Journal	United Kingdom	0.715	Q1	472	8975	4.64
3599	Semigroup Forum	United States	0.715	Q2	273	1635	0.8
3600	Eating Behaviors	United Kingdom	0.715	Q2	242	2942	2.85
3601	International Journal of Control, Automation and Systems	South Korea	0.715	Q2	950	12835	3.68
3602	Herpetologica	United States	0.714	Q1	113	1701	2.47
3603	Prison Journal	United States	0.714	Q1	115	1753	1.42
3604	Annals of Anatomy	Germany	0.714	Q1	342	6956	2.56
3605	Burns	United Kingdom	0.714	Q1	833	10619	1.84
3606	Journal of the Physical Society of Japan	Japan	0.714	Q2	1068	12745	1.71
3607	Design Science	United Kingdom	0.713	Q1	71	2291	3.67
3608	Crop Protection	United Kingdom	0.713	Q1	932	7894	3.04
3609	International Journal of Hospitality and Tourism Administration	United States	0.713	Q2	77	7743	3.86
3610	Jornal de Pediatria	Brazil	0.713	Q2	341	3745	2.99
3611	Inquiry (United Kingdom)	United Kingdom	0.712	Q1	331	8849	1.2
3612	Journal of the Acoustical Society of America	United States	0.712	Q1	2457	30871	2.49
3613	International Journal of Telemedicine and Applications	Egypt	0.712	Q2	24	586	4.06
3614	IET Electric Power Applications	United Kingdom	0.712	Q2	656	3910	2.35
3615	ChemMedChem	United Kingdom	0.711	Q1	790	15521	3.45
3616	Experimental Heat Transfer	United Kingdom	0.711	Q1	112	4463	4.22
3617	Cartography and Geographic Information Science	United Kingdom	0.711	Q1	115	1944	2.7
3618	ACI Materials Journal	United States	0.711	Q2	348	5056	1.83
3619	Journal of Exercise Science and Fitness	Singapore	0.71	Q1	85	2521	3.03
3620	Journal of Manufacturing and Materials Processing	Switzerland	0.71	Q1	356	8682	3.47
3621	Canadian Geriatrics Journal	Canada	0.71	Q2	85	1283	3.38
3622	Meteorological Applications	United States	0.71	Q2	277	3521	2.87
3623	Journal of Mammalogy	United States	0.709	Q1	436	5771	1.65
3624	Mathematika	United Kingdom	0.709	Q1	134	1231	0.65
3625	Journal of Law and Courts	United States	0.709	Q1	48	962	1.17
3626	Journal of Political Power	United Kingdom	0.709	Q1	79	1986	2.27
3627	Aging Male	United Kingdom	0.709	Q2	292	1540	2.49
3628	Revista Matematica Complutense	Italy	0.708	Q1	108	1778	0.9
3629	International Journal of Innovation Science	United Kingdom	0.708	Q1	103	5384	3.89
3630	European Constitutional Law Review	United Kingdom	0.708	Q1	94	1142	1.12
3631	Algae	South Korea	0.707	Q1	82	1456	2.93
3632	Digital Library Perspectives	United Kingdom	0.707	Q1	91	1395	2.19
3633	APMIS	Denmark	0.707	Q2	238	4433	2.63
3634	Epidemiologia e servicos de saude : revista do Sistema Unico de Saude do Brasil	Brazil	0.706	Q1	306	2210	2.45
3635	Journal of Professional Nursing	United Kingdom	0.706	Q1	373	5604	2.6
3636	Journal of Gender Studies	United Kingdom	0.706	Q1	260	4790	1.92
3637	Plasmid	United States	0.706	Q3	90	942	2.42
3638	Topics in Stroke Rehabilitation	United Kingdom	0.705	Q1	206	3971	2.79
3639	Advances in Theoretical and Mathematical Physics	United States	0.705	Q1	109	935	1.43
3640	Crystal Growth and Design	United States	0.705	Q2	2412	45277	4.0
3641	International Journal of Managing Projects in Business	United Kingdom	0.705	Q2	200	5388	3.91
3642	CardioRenal Medicine	Switzerland	0.705	Q2	121	789	2.51
3643	Revista de Saude Publica	Brazil	0.705	Q2	401	2325	2.59
3644	Drug Testing and Analysis	United Kingdom	0.704	Q1	531	8435	3.06
3645	Ethnos	United Kingdom	0.704	Q1	187	3685	1.29
3646	Robotica	United Kingdom	0.704	Q1	382	8898	3.05
3647	Marine Georesources and Geotechnology	United Kingdom	0.704	Q1	353	9313	2.87
3648	Software and Systems Modeling	Germany	0.704	Q2	305	8086	2.4
3649	Development Genes and Evolution	Germany	0.704	Q2	58	551	2.38
3650	Science China Technological Sciences	China	0.703	Q1	723	12669	5.01
3651	International Journal of Cultural Policy	United Kingdom	0.703	Q1	191	6200	2.62
3652	Tellus, Series B: Chemical and Physical Meteorology	United Kingdom	0.703	Q2	57	1162	1.95
3653	KI - Kunstliche Intelligenz	Switzerland	0.703	Q2	151	1207	2.88
3654	Journal of American College Health	United States	0.703	Q2	657	31327	2.6
3655	Harvard Civil Rights-Civil Liberties Law Review	United States	0.702	Q1	12	0	0.5
3656	Journal of Analytical Atomic Spectrometry	United Kingdom	0.702	Q2	761	14093	3.76
3657	Psychiatric Rehabilitation Journal	United States	0.701	Q1	163	1293	1.96
3658	Anthropology and Education Quarterly	United States	0.701	Q1	86	1359	1.76
3659	Weather, Climate, and Society	United States	0.701	Q1	177	6181	2.36
3660	Progress in Nuclear Energy	United Kingdom	0.701	Q2	892	14279	2.82
3661	Stress	United Kingdom	0.701	Q2	266	1853	2.42
3662	Journal of Atmospheric and Oceanic Technology	United States	0.701	Q2	416	5522	2.3
3663	Current Pediatric Reviews	United Arab Emirates	0.701	Q2	105	2250	2.18
3664	Musicae Scientiae	United States	0.7	Q1	93	4329	1.94
3665	Journal of Cultural Heritage	France	0.699	Q1	546	8023	3.5
3666	Physica A: Statistical Mechanics and its Applications	Netherlands	0.699	Q2	3753	45638	3.83
3667	International Journal of Integrated Care	Netherlands	0.698	Q1	214	5022	2.33
3668	Injury	United Kingdom	0.698	Q1	1799	21472	2.18
3669	Asian Journal of Control	United States	0.698	Q2	669	13469	3.1
3670	Therapeutic Advances in Urology	United States	0.698	Q2	147	2331	1.86
3671	South Atlantic Quarterly	United States	0.697	Q1	183	1511	1.21
3672	Rivista, Italiana di Paleontologiia e Stratigrafia	Italy	0.697	Q1	103	3205	2.39
3673	Proceedings of the Edinburgh Mathematical Society	United Kingdom	0.697	Q1	179	1358	0.72
3674	Critical Asian Studies	United Kingdom	0.697	Q1	94	2321	2.75
3675	PeerJ	United States	0.695	Q1	6552	111511	2.83
3676	Nano Futures	United Kingdom	0.695	Q2	69	3285	2.31
3677	Focus on Autism and Other Developmental Disabilities	United States	0.695	Q2	68	1727	2.75
3678	Physics and Chemistry of the Earth	United Kingdom	0.695	Q2	280	10390	3.98
3679	Neuropsychiatrie	Austria	0.695	Q2	108	1215	1.27
3680	Angiology	United States	0.695	Q2	466	7219	2.08
3681	Neurodegenerative Diseases	Switzerland	0.695	Q2	65	537	3.22
3682	Journal of Medical Entomology	United States	0.694	Q1	785	9034	2.11
3683	ACS Omega	United States	0.694	Q1	9524	253612	4.26
3684	Proceedings of the Combustion Institute	United Kingdom	0.694	Q1	1342	0	3.98
3685	Acta Palaeontologica Polonica	Poland	0.694	Q1	158	3826	1.64
3686	Journal of Advanced Concrete Technology	Japan	0.694	Q2	205	2158	2.21
3687	Lithosphere	United States	0.694	Q2	297	15335	2.2
3688	ACM Transactions on Human-Robot Interaction	United States	0.694	Q2	64	3798	5.36
3689	Journal of Pediatric and Adolescent Gynecology	United States	0.694	Q2	427	3159	1.62
3690	Post-Soviet Affairs	United Kingdom	0.693	Q1	89	2424	2.23
3691	Student Success	Australia	0.693	Q1	91	570	1.4
3692	International Wound Journal	United Kingdom	0.693	Q1	563	10792	2.99
3693	EPJ Photovoltaics	France	0.693	Q2	32	730	2.83
3694	AMB Express	Germany	0.693	Q2	602	7540	3.9
3695	International Tax and Public Finance	United States	0.693	Q2	162	4327	1.26
3696	Asia-Pacific Journal of Business Administration	United Kingdom	0.693	Q2	67	8070	5.3
3697	Australian Psychologist	United States	0.692	Q1	154	1832	2.29
3698	Acta Mechanica Sinica/Lixue Xuebao	Germany	0.692	Q1	353	7161	3.44
3699	Organisms Diversity and Evolution	Germany	0.692	Q2	124	5116	1.75
3700	Developing World Bioethics	United Kingdom	0.691	Q1	94	5	2.28
3701	Inland Waters	United Kingdom	0.691	Q1	133	3417	3.18
3702	Journal of Zoology	United States	0.691	Q1	271	5696	2.16
3703	Journal of Family Violence	United States	0.691	Q1	243	11522	2.74
3704	Revista Latina de Comunicacion Social	Spain	0.691	Q1	205	2184	3.81
3705	Neurologia Medico-Chirurgica	Japan	0.691	Q1	223	2381	2.01
3706	Queueing Systems	Netherlands	0.691	Q2	126	2279	1.29
3707	Hepatobiliary and Pancreatic Diseases International	Singapore	0.691	Q2	324	4975	1.89
3708	Drug Target Insights	Italy	0.69	Q1	15	441	2.8
3709	International Journal of Heritage Studies	United Kingdom	0.69	Q1	245	4936	2.28
3710	Ultrasound in Medicine and Biology	United States	0.69	Q1	964	9298	3.12
3711	Catalysts	Switzerland	0.69	Q2	4100	103283	3.97
3712	AIDS Care - Psychological and Socio-Medical Aspects of AIDS/HIV	United Kingdom	0.69	Q2	706	11643	2.0
3713	Chinese Medical Journal	China	0.69	Q2	1715	14849	2.79
3714	Molecular Vision	United States	0.69	Q2	215	1611	2.4
3715	ZooKeys	Bulgaria	0.689	Q1	1521	19658	1.42
3716	Cognitive Behaviour Therapist	United Kingdom	0.689	Q2	131	3364	2.95
3717	Journal of Addictive Diseases	United States	0.689	Q2	129	3711	2.68
3718	AI and Society	United Kingdom	0.688	Q1	359	18961	3.65
3719	Romanian Journal of Information Science and Technology	Romania	0.688	Q1	89	657	3.09
3720	Applied Mathematics and Mechanics (English Edition)	Netherlands	0.688	Q1	348	5156	4.77
3721	BMC Complementary Medicine and Therapies	United Kingdom	0.688	Q1	1046	15987	4.13
3722	Solid State Ionics	Netherlands	0.688	Q2	735	7701	3.33
3723	Transactions in GIS	United Kingdom	0.688	Q2	311	8518	2.7
3724	Equality, Diversity and Inclusion	United Kingdom	0.687	Q1	178	5678	2.69
3725	Current Cancer Drug Targets	United Arab Emirates	0.687	Q2	228	5875	2.95
3726	Asia-Pacific Journal of Atmospheric Sciences	South Korea	0.687	Q2	160	2935	2.73
3727	Nursing Forum	United States	0.686	Q1	314	7394	2.84
3728	Journal of Pharmacy and Pharmacology	United Kingdom	0.686	Q1	495	8990	3.64
3729	Global Policy	United Kingdom	0.686	Q1	376	5352	1.78
3730	Clinical Anatomy	United States	0.686	Q1	482	5302	2.62
3731	Open Learning	United Kingdom	0.686	Q2	79	1968	2.88
3732	Immunobiology	Germany	0.686	Q2	324	5644	2.86
3733	Journal of Moral Education	United Kingdom	0.685	Q1	113	2484	2.14
3734	Sleep and Breathing	Germany	0.685	Q1	661	12250	2.72
3735	Anaerobe	United States	0.685	Q2	405	5105	2.47
3736	Journal of Physics Condensed Matter	United Kingdom	0.685	Q2	2625	49995	2.69
3737	Mathematics and Mechanics of Solids	United States	0.685	Q2	443	8373	3.18
3738	Pain and Therapy	United States	0.685	Q2	214	4294	3.61
3739	Animals	Switzerland	0.684	Q1	7173	208034	3.18
3740	Australian Systematic Botany	Australia	0.684	Q1	69	559	1.66
3741	Discrete and Computational Geometry	United States	0.684	Q2	295	3097	0.94
3742	Formal Aspects of Computing	United States	0.684	Q2	90	694	1.3
3743	Journal of Supercomputing	Netherlands	0.684	Q2	1459	34812	3.95
3744	Psychological Reports	United States	0.684	Q2	407	23042	2.93
3745	Prion	United States	0.684	Q2	81	732	2.42
3746	Journal of Adult and Continuing Education	United States	0.684	Q2	51	2867	3.76
3747	Australian Dental Journal	United States	0.683	Q1	201	1692	2.11
3748	Dyes and Pigments	Netherlands	0.683	Q1	2687	50995	4.71
3749	Lithic Technology	United Kingdom	0.683	Q1	60	2653	1.68
3750	Genetic Programming and Evolvable Machines	United States	0.683	Q2	76	1000	3.09
3751	IRBM	France	0.683	Q2	127	3694	4.95
3752	Journal of Multidisciplinary Healthcare	New Zealand	0.682	Q1	635	11287	3.3
3753	Rhizosphere	Netherlands	0.682	Q1	300	10498	3.89
3754	International Journal for Numerical Methods in Fluids	United Kingdom	0.682	Q1	330	4621	2.04
3755	Social Theory and Health	United Kingdom	0.682	Q1	77	2285	2.3
3756	Young	United States	0.682	Q1	94	1671	2.45
3757	Critical Perspectives on International Business	United Kingdom	0.682	Q2	71	3781	2.82
3758	Biochemia Medica	Croatia	0.682	Q2	161	1073	2.89
3759	Clinical Spine Surgery	United States	0.682	Q2	498	3368	1.64
3760	IET Intelligent Transport Systems	United Kingdom	0.681	Q1	557	7313	3.31
3761	Linguistic Review	Germany	0.681	Q1	69	1422	0.65
3762	Pulmonary Therapy	United Kingdom	0.681	Q2	89	1260	2.7
3763	Genesis	United States	0.681	Q2	139	1928	1.24
3764	Marine Micropaleontology	Netherlands	0.68	Q1	177	6944	1.83
3765	International Journal of Recycling of Organic Waste in Agriculture	Iran	0.68	Q1	162	2264	1.57
3766	International Journal of Art Therapy: Inscape	United Kingdom	0.68	Q1	66	1374	2.91
3767	Academic Psychiatry	Switzerland	0.68	Q2	503	3396	1.31
3768	Clinical Drug Investigation	United Kingdom	0.68	Q2	351	4004	2.78
3769	Democratic Theory	United States	0.679	Q1	57	678	2.87
3770	Prostaglandins Leukotrienes and Essential Fatty Acids	United States	0.679	Q2	211	3185	3.13
3771	Australian and New Zealand Journal of Obstetrics and Gynaecology	United States	0.679	Q2	496	4081	1.58
3772	Journal of Aggression, Maltreatment and Trauma	United States	0.678	Q1	226	5630	2.39
3773	Sexuality and Disability	United States	0.678	Q1	147	2076	1.75
3774	Facies	Germany	0.678	Q1	95	1473	1.78
3775	Marine Mammal Science	United States	0.678	Q1	284	7959	2.38
3776	Journal of Photochemistry and Photobiology A: Chemistry	Netherlands	0.678	Q2	1678	29503	4.68
3777	RSC Advances	United Kingdom	0.678	Q2	13144	187781	4.08
3778	Spectrochimica Acta, Part B: Atomic Spectroscopy	Netherlands	0.678	Q2	522	6713	3.47
3779	Journal of Child Health Care	United States	0.677	Q1	156	4586	2.29
3780	Plant Disease	United States	0.677	Q1	3013	19912	1.82
3781	Sociological Inquiry	United Kingdom	0.677	Q1	104	4812	2.79
3782	Nanocomposites	United Kingdom	0.677	Q2	49	1021	4.47
3783	Journal of Paleolimnology	Netherlands	0.676	Q1	157	2975	2.29
3784	Protoplasma	Austria	0.676	Q1	366	8331	3.23
3785	Alzheimer Disease and Associated Disorders	United States	0.676	Q2	187	1990	1.91
3786	Archives of Cardiovascular Diseases	France	0.676	Q2	282	2345	2.48
3787	Journal of Family Issues	United States	0.675	Q1	377	11520	2.14
3788	R Journal	United States	0.675	Q2	244	1275	1.52
3789	Journal of Physical Chemistry A	United States	0.675	Q2	3238	57267	2.94
3790	Journal of Performance of Constructed Facilities	United States	0.675	Q2	427	3494	2.59
3791	Cognitive Neurodynamics	Netherlands	0.675	Q3	185	11818	4.45
3792	Business Strategy and Development	United States	0.674	Q1	121	2682	3.73
3793	GeoInformatica	Netherlands	0.674	Q1	96	2168	2.16
3794	Accounting in Europe	United Kingdom	0.674	Q2	46	1474	2.53
3795	Geochronometria	Germany	0.674	Q2	67	61	1.22
3796	International Journal of Laboratory Hematology	United Kingdom	0.674	Q2	701	5006	2.13
3797	Chinese Journal of Natural Medicines	China	0.673	Q1	312	4647	4.53
3798	Journal of Cutaneous Medicine and Surgery	United States	0.673	Q1	390	2686	1.22
3799	Experimental Mechanics	United States	0.673	Q2	302	4631	2.58
3800	Polymer Composites	United States	0.672	Q1	1608	36129	5.23
3801	Journal of Quality Assurance in Hospitality and Tourism	United States	0.672	Q2	102	12650	4.88
3802	Advances in Difference Equations	United States	0.672	Q2	1706	0	4.12
3803	Current Zoology	United Kingdom	0.671	Q1	95	1421	1.89
3804	International Journal of the Commons	United States	0.671	Q1	111	1564	1.76
3805	TOP	Germany	0.671	Q2	110	1637	1.88
3806	Journal of Arid Land	China	0.671	Q2	235	5005	3.07
3807	Nursing and Health Sciences	United Kingdom	0.67	Q1	313	4335	2.85
3808	Journal of Reinforced Plastics and Composites	United Kingdom	0.67	Q1	199	6360	3.54
3809	Journal of Loss Prevention in the Process Industries	Netherlands	0.67	Q1	708	10749	4.07
3810	Child and Youth Care Forum	United States	0.67	Q1	148	5272	2.17
3811	Planetary and Space Science	United Kingdom	0.67	Q2	518	6256	2.5
3812	Xinxing Tan Cailiao/New Carbon Materials	China	0.67	Q2	240	4460	4.96
3813	Geoscience Canada	Canada	0.67	Q2	32	285	1.46
3814	Advances in Applied Mathematics	United States	0.67	Q2	254	2290	0.97
3815	Journal of Biomolecular Structure and Dynamics	United Kingdom	0.67	Q2	1414	100245	6.25
3816	Wiener Klinische Wochenschrift	Austria	0.67	Q2	486	4934	2.2
3817	Cryobiology	United States	0.669	Q1	400	3547	2.75
3818	Systematics and Biodiversity	United Kingdom	0.669	Q1	177	3887	2.01
3819	Journal of Adventure Education and Outdoor Learning	United Kingdom	0.669	Q2	99	3845	2.66
3820	Fudan Journal of the Humanities and Social Sciences	Germany	0.668	Q1	95	1636	2.77
3821	Synthetic Metals	Netherlands	0.668	Q1	790	10949	4.62
3822	Journal of Physics and Chemistry of Solids	United Kingdom	0.668	Q2	1416	33736	4.43
3823	European Journal of Taxonomy	France	0.668	Q2	466	10223	1.34
3824	International Journal for Academic Development	United States	0.668	Q2	140	1577	1.44
3825	Teachers College Record	United States	0.668	Q2	326	59	1.3
3826	Annals of Work Exposures and Health	United Kingdom	0.668	Q2	308	3408	2.34
3827	Minerva Anestesiologica	Italy	0.668	Q2	750	4659	1.43
3828	Journal of Dental Sciences	Taiwan	0.667	Q1	383	8036	3.18
3829	Dermatologic Therapy	United Kingdom	0.667	Q1	2399	14535	2.23
3830	Acta Biochimica et Biophysica Sinica	United Kingdom	0.667	Q2	477	10085	3.02
3831	British Journal of Aesthetics	United Kingdom	0.666	Q1	76	646	1.04
3832	Journal of Eastern African Studies	United Kingdom	0.666	Q1	118	878	1.71
3833	Algebra and Logic	United States	0.666	Q1	130	442	0.52
3834	REICE. Revista Iberoamericana Sobre Calidad, Eficacia y Cambio en Educacion	Spain	0.666	Q1	90	1475	2.17
3835	Geriatric Nursing	United States	0.666	Q2	496	10243	2.51
3836	Drugs in R and D	United Kingdom	0.666	Q2	109	884	2.87
3837	Optical Materials Express	United States	0.666	Q2	1155	16131	2.83
3838	Ecology of Freshwater Fish	Denmark	0.666	Q2	162	4030	2.3
3839	Real-Time Systems	Netherlands	0.666	Q2	58	562	1.38
3840	Journal of Perinatal Medicine	Germany	0.666	Q2	448	6450	2.58
3841	Bird Conservation International	United Kingdom	0.665	Q1	133	2973	1.91
3842	Journal of Ecotourism	United Kingdom	0.665	Q1	76	3467	3.13
3843	Lasers in Surgery and Medicine	United States	0.665	Q1	391	4544	2.86
3844	Frontiers in Energy	China	0.665	Q2	220	5108	3.29
3845	Nuclear Technology	United States	0.665	Q2	443	4192	1.36
3846	Journal of Physiological Sciences	Japan	0.665	Q2	196	1746	2.26
3847	Journal of Personalized Medicine	Switzerland	0.665	Q2	1729	108670	3.4
3848	ecancermedicalscience	United Kingdom	0.665	Q3	470	6324	1.85
3849	Citizenship Studies	United Kingdom	0.664	Q1	176	3455	2.06
3850	Journal of Librarianship and Information Science	United Kingdom	0.664	Q1	230	8551	2.64
3851	Complementary Therapies in Clinical Practice	United Kingdom	0.664	Q1	500	7879	3.26
3852	IEEE Transactions on Magnetics	United States	0.664	Q2	1584	14580	2.37
3853	Hamostaseologie	Germany	0.664	Q2	209	2534	2.05
3854	Hand Clinics	United Kingdom	0.664	Q2	188	2089	1.17
3855	Journal of Maternal-Fetal and Neonatal Medicine	United Kingdom	0.664	Q2	1937	43596	2.21
3856	Quantitative Imaging in Medicine and Surgery	China	0.664	Q2	851	16743	2.87
3857	Erkenntnis	Netherlands	0.663	Q1	324	12174	0.89
3858	Journal of Bioenergetics and Biomembranes	United States	0.663	Q2	138	854	2.99
3859	Reproductive Sciences	United States	0.663	Q2	788	21464	2.92
3860	NeuroImmunoModulation	Switzerland	0.663	Q3	97	2429	2.53
3861	Shape Memory and Superelasticity	United States	0.662	Q2	122	1815	1.96
3862	Interpretation	United States	0.662	Q2	565	2139	1.1
3863	Spatial Statistics	Netherlands	0.662	Q2	186	4535	2.33
3864	Freshwater Science	United States	0.662	Q2	199	3785	1.98
3865	Information (Switzerland)	Switzerland	0.662	Q2	1503	29151	3.85
3866	International Journal of Information and Learning Technology	United Kingdom	0.662	Q2	91	1754	4.11
3867	Disease Markers	Egypt	0.662	Q2	882	32382	2.8
3868	Substance Use and Misuse	United Kingdom	0.662	Q2	771	11905	2.05
3869	Advances in Nursing Science	United States	0.661	Q1	141	1744	1.5
3870	Canadian Journal on Aging	Canada	0.661	Q1	151	3278	1.94
3871	Urban Water Journal	United Kingdom	0.661	Q1	244	6598	3.19
3872	Ocean Dynamics	Germany	0.661	Q2	253	2387	2.2
3873	International Journal of Algebra and Computation	Singapore	0.661	Q2	222	1666	0.7
3874	Ultraschall in der Medizin	Germany	0.661	Q2	289	3094	1.84
3875	Journal of Chemical Neuroanatomy	Netherlands	0.661	Q4	294	5228	2.95
3876	BMJ Supportive and Palliative Care	United Kingdom	0.66	Q1	643	6349	2.06
3877	Journal of Transcultural Nursing	United States	0.66	Q1	269	3024	2.06
3878	Animal Cells and Systems	United Kingdom	0.66	Q1	143	1856	3.0
3879	Computers and Concrete	South Korea	0.66	Q1	276	3995	4.48
3880	Mobilization	United States	0.66	Q1	82	880	1.58
3881	Naunyn-Schmiedeberg's Archives of Pharmacology	Germany	0.66	Q2	554	9555	3.56
3882	Geosciences (Switzerland)	Switzerland	0.66	Q2	1536	32589	2.86
3883	Journal of Youth Studies	United Kingdom	0.659	Q1	246	9393	2.44
3884	Journal of Theoretical Probability	United States	0.659	Q2	262	4512	0.86
3885	South African Journal of Geology	South Africa	0.659	Q2	132	1533	1.68
3886	Acta Applicandae Mathematicae	Netherlands	0.659	Q2	276	2577	1.61
3887	Eye and Contact Lens	United States	0.659	Q2	311	1895	2.19
3888	Argument and Computation	United Kingdom	0.658	Q1	44	626	1.6
3889	Sexualities	United Kingdom	0.658	Q1	257	6607	1.89
3890	Conservation and Society	India	0.658	Q2	92	2297	1.87
3891	Comptes Rendus Mathematique	France	0.658	Q2	384	2226	0.83
3892	Annals of the Missouri Botanical Garden	United States	0.658	Q2	60	405	1.8
3893	Genome	Canada	0.658	Q2	219	2741	2.83
3894	Journal of Pediatric Urology	Netherlands	0.658	Q2	1081	5643	1.49
3895	Updates in Surgery	Italy	0.658	Q2	544	7073	2.46
3896	Cambridge Archaeological Journal	United Kingdom	0.657	Q1	124	3380	1.51
3897	Journal of Gene Medicine	United States	0.657	Q2	273	2577	3.48
3898	Methods and Applications in Fluorescence	United Kingdom	0.657	Q2	146	3798	3.23
3899	Entomologia Experimentalis et Applicata	United Kingdom	0.656	Q1	327	6642	1.89
3900	Journal of Global Operations and Strategic Sourcing	United Kingdom	0.656	Q2	67	4342	5.45
3901	Mind, Brain, and Education	United Kingdom	0.656	Q2	106	1769	2.23
3902	Studia Mathematica	Poland	0.656	Q2	227	2266	0.74
3903	FEBS Open Bio	United States	0.656	Q2	706	9868	2.5
3904	Journal of Membrane Biology	United States	0.656	Q2	141	4800	2.4
3905	Canadian Association of Radiologists Journal	Canada	0.656	Q2	254	3661	2.61
3906	Respiratory Care	United States	0.656	Q2	771	4050	1.81
3907	Geocarto International	United Kingdom	0.655	Q1	338	58449	4.3
3908	Journal of Sport for Development	United States	0.655	Q1	23	371	2.07
3909	Virginia Law Review	United States	0.655	Q1	64	6627	1.21
3910	International Journal of Pressure Vessels and Piping	Netherlands	0.655	Q2	596	8618	3.24
3911	JVC/Journal of Vibration and Control	United States	0.655	Q2	629	20620	3.68
3912	Annals of the Institute of Statistical Mathematics	Netherlands	0.655	Q2	151	1984	1.19
3913	Differential and Integral Equations	United States	0.655	Q2	86	878	1.55
3914	Urologic Clinics of North America	United Kingdom	0.655	Q2	194	3646	2.15
3915	Palaeontologia Electronica	United States	0.654	Q1	174	2983	2.14
3916	Food Biophysics	United States	0.654	Q1	138	3059	3.44
3917	Social Currents	United States	0.654	Q1	93	2861	1.95
3918	Journal of Emerging Technologies in Accounting	United States	0.654	Q2	78	583	1.75
3919	Archives of Psychiatric Nursing	United Kingdom	0.654	Q2	302	5440	2.32
3920	British Journal of Pain	United Kingdom	0.654	Q2	116	2863	2.19
3921	Renal Failure	United Kingdom	0.654	Q2	473	8340	2.62
3922	Systems Biology in Reproductive Medicine	United Kingdom	0.654	Q2	143	2290	2.57
3923	Journal of Tourism and Cultural Change	United Kingdom	0.653	Q1	136	3999	2.87
3924	Transport in Porous Media	Netherlands	0.653	Q2	535	8799	2.73
3925	Journal of Non-Crystalline Solids	Netherlands	0.653	Q2	1591	28125	3.81
3926	Nature Conservation	Bulgaria	0.653	Q2	101	2787	2.04
3927	Extremophiles	Japan	0.653	Q2	185	2665	3.28
3928	Journal of Clinical Densitometry	United States	0.653	Q2	232	2815	2.41
3929	Complementary Therapies in Medicine	United States	0.652	Q1	751	4695	3.62
3930	Pain Practice	United Kingdom	0.652	Q2	305	3303	2.65
3931	Geodiversitas	France	0.651	Q1	77	3840	1.87
3932	American Journal of Physical Anthropology	United States	0.651	Q1	548	0	2.22
3933	Community, Work and Family	United Kingdom	0.651	Q1	108	4150	2.84
3934	Journal of Library Administration	United States	0.651	Q1	195	1925	1.65
3935	Journal of Head Trauma Rehabilitation	United States	0.651	Q1	274	3965	2.11
3936	Particle and Particle Systems Characterization	Germany	0.651	Q2	323	5726	2.97
3937	Journal of Microelectromechanical Systems	United States	0.651	Q2	434	4029	2.87
3938	Archaeometry	United Kingdom	0.65	Q1	263	6605	1.8
3939	Forests	Switzerland	0.65	Q1	4309	134346	3.07
3940	International Journal of Dairy Technology	United States	0.65	Q1	237	4049	5.04
3941	Latin American Perspectives	United Kingdom	0.65	Q1	238	4377	0.9
3942	Political Quarterly	United Kingdom	0.65	Q1	304	0	2.11
3943	Eurasian Mining	Russian Federation	0.65	Q2	95	1002	1.91
3944	Review of Palaeobotany and Palynology	Netherlands	0.65	Q2	324	11888	2.06
3945	Web Ecology	Germany	0.65	Q2	26	497	2.48
3946	Female Pelvic Medicine and Reconstructive Surgery	United States	0.65	Q2	519	2575	1.3
3947	Apidologie	United States	0.649	Q1	283	3948	2.41
3948	Food Quality and Safety	United Kingdom	0.649	Q1	101	3601	5.99
3949	Informatics in Education	Lithuania	0.649	Q1	82	1443	3.63
3950	Chemometrics and Intelligent Laboratory Systems	Netherlands	0.649	Q2	534	7680	4.19
3951	International Journal of Modern Physics D	Singapore	0.649	Q2	640	11196	1.86
3952	International Journal of Biometeorology	Germany	0.649	Q2	540	11358	3.22
3953	Plant Signaling and Behavior	United States	0.649	Q2	569	6218	2.81
3954	Korean Journal of Internal Medicine	South Korea	0.649	Q2	546	4645	2.01
3955	Atmospheric and Oceanic Science Letters	United Kingdom	0.648	Q2	205	2153	2.35
3956	Journal of Cancer Education	United States	0.648	Q2	526	8899	1.83
3957	Facets	Canada	0.647	Q1	197	5282	2.89
3958	Journal of Consumer Affairs	United States	0.647	Q1	203	7451	2.66
3959	Policing (Oxford)	United Kingdom	0.647	Q1	300	1104	1.88
3960	Asian Journal of Shipping and Logistics	Netherlands	0.647	Q2	87	1359	3.63
3961	Land	Switzerland	0.647	Q2	2116	157559	4.02
3962	Lymphology	United States	0.647	Q2	61	575	2.78
3963	Journal of Texture Studies	United States	0.646	Q1	211	4681	3.73
3964	Pharmaceutical Biology	United Kingdom	0.646	Q1	411	9968	3.98
3965	European Actuarial Journal	Switzerland	0.646	Q2	93	1450	1.19
3966	Mediterranean Marine Science	Greece	0.646	Q2	189	3813	2.71
3967	Bulletin of Mathematical Sciences	China	0.646	Q2	52	1500	0.97
3968	Journal of Internet Services and Applications	Brazil	0.646	Q2	46	322	1.75
3969	Journal of Thoracic Disease	Hong Kong	0.646	Q2	2824	16322	2.18
3970	Scandinavian Journal of Caring Sciences	United Kingdom	0.646	Q2	352	6346	2.37
3971	British Food Journal	United Kingdom	0.645	Q1	802	23459	4.09
3972	Yeast	United Kingdom	0.645	Q2	165	2933	2.5
3973	BioPsychoSocial Medicine	United Kingdom	0.645	Q2	84	908	2.17
3974	Geo Journal	Netherlands	0.645	Q2	380	31869	3.74
3975	Crisis	United States	0.645	Q2	201	3041	2.99
3976	Advanced Pharmaceutical Bulletin	Iran	0.644	Q1	249	5675	3.86
3977	4OR	Germany	0.644	Q2	69	1547	2.29
3978	JBJS Essential Surgical Techniques	United States	0.644	Q2	73	266	1.63
3979	World Archaeology	United Kingdom	0.643	Q1	136	1366	0.86
3980	Integrating Materials and Manufacturing Innovation	Switzerland	0.643	Q2	118	2177	3.03
3981	Industrial Health	Japan	0.643	Q2	189	2194	1.86
3982	Journal of Interactive Media in Education	United Kingdom	0.642	Q1	63	348	2.83
3983	Theoretical Ecology	Netherlands	0.642	Q2	129	1517	1.58
3984	Graphs and Combinatorics	Japan	0.642	Q2	415	3348	0.63
3985	Journal of Molecular Histology	Netherlands	0.642	Q2	221	3003	3.11
3986	Science as Culture	United Kingdom	0.641	Q1	83	1755	1.82
3987	Breeding Science	Japan	0.641	Q1	214	1970	2.33
3988	Journal of Wood Science	Japan	0.641	Q1	224	2387	3.03
3989	Asian Englishes	United Kingdom	0.641	Q1	78	1567	1.67
3990	Neurophysiologie Clinique	France	0.641	Q2	153	2328	2.64
3991	Acta Psychologica	Netherlands	0.64	Q1	500	16734	1.91
3992	Journal of Biophotonics	Germany	0.64	Q1	776	9710	3.05
3993	Journal of Nonparametric Statistics	United Kingdom	0.64	Q2	107	1878	1.32
3994	Journal of Policy and Practice in Intellectual Disabilities	United Kingdom	0.64	Q2	110	1677	2.36
3995	CytoJournal	India	0.64	Q2	68	1755	1.76
3996	Adsorption	Netherlands	0.639	Q2	343	1113	3.16
3997	International Journal of Clinical and Experimental Hypnosis	United Kingdom	0.638	Q1	91	1197	1.78
3998	Progress in Physics of Metals	Ukraine	0.638	Q1	57	1876	2.59
3999	Weed Science	United States	0.638	Q1	240	3742	2.65
4000	Journal of Flow Chemistry	Hungary	0.638	Q2	163	1850	2.99
4001	Bulletin des Sciences Mathematiques	France	0.638	Q2	191	1938	1.18
4002	PeerJ Computer Science	United States	0.638	Q2	664	20541	4.35
4003	World Patent Information	United Kingdom	0.637	Q1	96	1400	2.93
4004	African Journal of Primary Health Care and Family Medicine	South Africa	0.637	Q1	342	2186	1.64
4005	Evolutionary Ecology	Netherlands	0.637	Q2	164	5103	1.54
4006	Nursing Open	United States	0.636	Q1	731	14301	2.6
4007	Journal of Soils and Water Conservation	United States	0.636	Q1	223	2609	2.03
4008	Musculoskeletal Science and Practice	United Kingdom	0.636	Q2	416	6348	2.15
4009	Pharmaceutical Medicine	United Kingdom	0.636	Q2	113	1450	2.09
4010	International Journal of High Performance Computing Applications	United States	0.636	Q2	169	1874	2.89
4011	Theory and Applications of Categories	Canada	0.636	Q2	157	1042	0.54
4012	Human Movement Science	Netherlands	0.636	Q2	413	3941	2.19
4013	International Journal of Dental Hygiene	United Kingdom	0.635	Q1	145	4128	2.76
4014	Journal of Wound, Ostomy and Continence Nursing	United States	0.635	Q1	295	1816	1.52
4015	Journal of Central South University	United States	0.635	Q1	853	11677	4.3
4016	Spectrochimica Acta - Part A: Molecular and Biomolecular Spectroscopy	Netherlands	0.635	Q2	3429	59827	4.86
4017	Logical Methods in Computer Science	Germany	0.635	Q2	283	4643	1.02
4018	Revista de Investigacion Educativa	Spain	0.635	Q2	91	1504	2.43
4019	Cell Structure and Function	Japan	0.635	Q2	41	372	1.42
4020	Laterality	United Kingdom	0.634	Q1	118	1622	1.73
4021	Life	Switzerland	0.634	Q2	1879	141837	3.23
4022	Journal of the International Association of Providers of AIDS Care	United States	0.634	Q2	181	1542	2.03
4023	SICOT-J	France	0.634	Q2	155	1157	1.57
4024	Journal of Virological Methods	Netherlands	0.634	Q3	555	6930	3.47
4025	Scientia et Fides	Poland	0.633	Q1	80	652	0.87
4026	Agroecology and Sustainable Food Systems	United Kingdom	0.633	Q1	200	4080	2.43
4027	Journal of Insects as Food and Feed	Netherlands	0.633	Q1	202	6813	4.79
4028	Gender, Technology and Development	United States	0.633	Q1	53	1885	2.61
4029	Journal of integrative medicine	Singapore	0.633	Q1	194	3562	4.93
4030	Journal of Law, Medicine and Ethics	United States	0.633	Q2	359	0	1.56
4031	Journal of Group Theory	Germany	0.633	Q2	187	1395	0.58
4032	Medical Science Monitor	United States	0.633	Q2	2631	11830	3.02
4033	European Journal of Archaeology	United Kingdom	0.632	Q1	82	1408	1.32
4034	Hastings Center Report	United States	0.632	Q1	314	1802	1.83
4035	Annals of the Entomological Society of America	United States	0.632	Q1	191	3306	2.22
4036	Energies	Switzerland	0.632	Q1	20104	487458	3.66
4037	Pacific Review	United Kingdom	0.632	Q1	134	6256	2.13
4038	Cancer Nursing	United States	0.632	Q2	379	4572	2.17
4039	Development Policy Review	United Kingdom	0.632	Q2	172	5206	2.11
4040	HERD	United States	0.632	Q2	242	4044	2.52
4041	Annals of Applied Biology	United Kingdom	0.631	Q1	226	4935	2.85
4042	Shock Waves	United States	0.631	Q2	211	1916	2.33
4043	Journal of Spacecraft and Rockets	United States	0.631	Q2	438	6200	2.08
4044	Linear and Multilinear Algebra	United Kingdom	0.631	Q2	671	11759	1.26
4045	Human Ecology	United States	0.63	Q1	197	5002	1.96
4046	Body and Society	United Kingdom	0.63	Q1	56	1089	2.25
4047	International Journal of Sexual Health	United States	0.63	Q1	120	3142	2.05
4048	International Journal of Transitional Justice, The	United Kingdom	0.63	Q1	95	800	1.39
4049	Portal	United States	0.63	Q1	124	1581	1.18
4050	Annalen der Physik	Germany	0.63	Q2	462	12733	2.55
4051	Frontiers in Materials	Switzerland	0.63	Q2	1374	41016	2.99
4052	Atti della Accademia Nazionale dei Lincei, Classe di Scienze Fisiche, Matematiche e Naturali, Rendiconti Lincei Matematica E Applicazioni	Germany	0.63	Q2	125	841	0.64
4053	Evolving Systems	Germany	0.63	Q2	165	4839	3.59
4054	Seminars in Reproductive Medicine	United States	0.63	Q2	114	2576	3.0
4055	Trees - Structure and Function	Germany	0.629	Q1	411	11830	2.61
4056	Business and Human Rights Journal	United Kingdom	0.629	Q1	93	858	1.68
4057	Journal of Refugee Studies	United Kingdom	0.629	Q1	309	2725	1.79
4058	Saudi Pharmaceutical Journal	Saudi Arabia	0.629	Q2	527	9579	4.42
4059	Accounting Forum	United Kingdom	0.629	Q2	56	3391	3.1
4060	Emotion, Space and Society	Netherlands	0.629	Q2	192	1914	2.12
4061	Pixel-Bit, Revista de Medios y Educacion	Spain	0.629	Q2	89	1323	3.07
4062	Journal of African Business	United States	0.629	Q2	96	5401	2.85
4063	Journal of Developmental Origins of Health and Disease	United Kingdom	0.629	Q2	273	4601	1.95
4064	Journal of Nursing Education	United States	0.628	Q1	507	3048	1.51
4065	Mathematical Methods in the Applied Sciences	United Kingdom	0.628	Q1	2359	28829	2.94
4066	International Journal of Sports Science and Coaching	United Kingdom	0.628	Q1	285	13736	2.58
4067	IEEE Journal on Multiscale and Multiphysics Computational Techniques	United States	0.628	Q2	93	1135	2.81
4068	Electronics (Switzerland)	Switzerland	0.628	Q2	6855	173644	3.54
4069	Journal of Marital and Family Therapy	United States	0.627	Q1	168	3686	2.35
4070	International journal of older people nursing	United Kingdom	0.627	Q2	177	3019	2.1
4071	Fractal and Fractional	Switzerland	0.627	Q2	393	29322	5.36
4072	European Journal of Applied Mathematics	United Kingdom	0.627	Q2	161	545	1.67
4073	High Altitude Medicine and Biology	United States	0.627	Q2	203	1654	1.64
4074	Journal of Non-Equilibrium Thermodynamics	Germany	0.626	Q2	91	1450	5.85
4075	Water International	United Kingdom	0.626	Q2	198	3430	1.87
4076	Journal of Adult Development	United States	0.626	Q2	85	3325	2.47
4077	Psychologica Belgica	United Kingdom	0.626	Q2	77	1120	1.98
4078	Applied System Innovation	Switzerland	0.626	Q2	191	6889	5.18
4079	CIS Iron and Steel Review	Russian Federation	0.625	Q1	97	775	2.01
4080	Ornithology	United States	0.625	Q1	169	2500	1.3
4081	Optical Fiber Technology	United States	0.625	Q2	831	11941	2.95
4082	Lethaia	Norway	0.625	Q2	146	2785	1.65
4083	Integrated Blood Pressure Control	New Zealand	0.625	Q2	42	572	2.46
4084	Journal of Southeast European and Black Sea	United Kingdom	0.624	Q1	89	4197	2.49
4085	Hague Journal on the Rule of Law	Switzerland	0.624	Q1	83	784	1.08
4086	Probus	Germany	0.624	Q1	34	1163	0.96
4087	Australian Prescriber	Australia	0.624	Q2	183	820	1.12
4088	Brain and Development	Netherlands	0.624	Q2	433	2639	1.77
4089	COPD: Journal of Chronic Obstructive Pulmonary Disease	United Kingdom	0.624	Q2	244	1445	2.14
4090	Trauma Surgery and Acute Care Open	United Kingdom	0.624	Q2	349	1676	1.78
4091	Journal of Fish Diseases	United Kingdom	0.623	Q1	519	8033	2.61
4092	American Journal of Occupational Therapy	United States	0.623	Q1	427	4978	2.08
4093	International Journal of Urban Sciences	United Kingdom	0.623	Q1	112	3531	3.29
4094	Personal and Ubiquitous Computing	United Kingdom	0.623	Q1	344	5599	3.41
4095	Revista Internacional de Educacion para la Justicia Social	Spain	0.623	Q1	102	1044	2.28
4096	Journal of Vertebrate Paleontology	United Kingdom	0.623	Q2	333	4284	1.38
4097	Botanical Studies	Switzerland	0.623	Q2	78	1768	3.36
4098	Asian Journal of Urology	Singapore	0.623	Q2	176	2943	1.89
4099	Acta Petrologica Sinica	China	0.622	Q2	517	20784	2.02
4100	Cancer Biomarkers	Netherlands	0.622	Q2	425	5612	2.86
4101	Rivista di Psichiatria	Italy	0.622	Q2	158	1098	2.71
4102	Current Drug Targets	United Arab Emirates	0.621	Q2	419	12345	3.13
4103	Journal of Hydroinformatics	United Kingdom	0.621	Q2	261	3225	2.96
4104	European Journal of Training and Development	United Kingdom	0.621	Q2	134	8060	3.0
4105	Future Science OA	United Kingdom	0.621	Q2	299	3244	2.51
4106	Journal of Bioethical Inquiry	Netherlands	0.621	Q2	245	3161	2.4
4107	Psychosis	United States	0.621	Q2	117	2321	1.44
4108	Chinese Economy	United States	0.62	Q1	95	1655	2.52
4109	Journal of Infrared, Millimeter, and Terahertz Waves	United States	0.62	Q2	281	2097	2.99
4110	Bioacoustics	United Kingdom	0.62	Q2	123	3050	1.95
4111	Mathematics of Control, Signals, and Systems	United Kingdom	0.62	Q2	68	942	1.19
4112	European Journal of Finance	United Kingdom	0.619	Q1	299	9192	2.69
4113	Pediatric Exercise Science	United States	0.619	Q2	125	297	1.66
4114	PM and R	United States	0.619	Q2	537	9106	1.82
4115	SAE International Journal of Vehicle Dynamics, Stability, and NVH	United States	0.619	Q2	74	1112	3.17
4116	Medical Hypotheses	United States	0.619	Q2	1437	7093	4.1
4117	ACM Transactions on Computational Logic	United States	0.618	Q1	76	1031	1.4
4118	GM Crops and Food	United States	0.618	Q1	86	1907	3.51
4119	Calphad: Computer Coupling of Phase Diagrams and Thermochemistry	United Kingdom	0.618	Q2	362	4640	2.36
4120	Alcheringa	United Kingdom	0.618	Q2	116	1902	1.34
4121	Singapore Journal of Tropical Geography	United Kingdom	0.618	Q2	91	1117	1.76
4122	Australasian Journal of Combinatorics	Australia	0.618	Q2	234	1249	0.47
4123	Cluster Computing	Netherlands	0.618	Q2	1922	16903	5.3
4124	Journal of Real-Time Image Processing	Germany	0.618	Q2	497	3355	3.41
4125	Korean Journal of Pain	South Korea	0.618	Q2	153	1832	2.47
4126	African Archaeological Review	Switzerland	0.617	Q1	88	2345	1.41
4127	Notre Dame Journal of Formal Logic	United States	0.617	Q1	98	664	0.64
4128	Violence and Gender	United States	0.617	Q1	93	1129	2.03
4129	International Journal of Radiation Biology	United Kingdom	0.617	Q2	511	12377	2.47
4130	Peptide Science	United Kingdom	0.617	Q2	123	2151	2.55
4131	Powder Diffraction	United States	0.617	Q2	181	778	0.38
4132	Irish Educational Studies	United Kingdom	0.617	Q2	129	4377	2.31
4133	Topoi	Netherlands	0.616	Q1	289	4446	1.49
4134	Social Enterprise Journal	United Kingdom	0.616	Q1	78	2464	2.75
4135	Renewable Agriculture and Food Systems	United Kingdom	0.616	Q1	199	2467	2.61
4136	China Review	China	0.616	Q1	96	1854	1.64
4137	Journal of Statistical Planning and Inference	Netherlands	0.616	Q2	297	2629	1.12
4138	De Economist	Netherlands	0.616	Q2	61	611	1.17
4139	Journal of Consumer Policy	United States	0.616	Q2	86	1715	2.29
4140	Acta Oecologica	Netherlands	0.616	Q2	279	3400	1.9
4141	Wildlife Biology	Denmark	0.616	Q2	172	2021	2.04
4142	BMC Urology	United Kingdom	0.616	Q2	512	5586	2.04
4143	Cultural Geographies	United Kingdom	0.615	Q1	124	0	1.97
4144	IEEE Transactions on Components, Packaging and Manufacturing Technology	United States	0.615	Q2	720	6751	2.52
4145	Neural Processing Letters	Netherlands	0.615	Q2	765	22063	3.51
4146	International Journal of Nursing Practice	United States	0.614	Q1	250	5801	2.46
4147	Victims and Offenders	United Kingdom	0.614	Q1	200	8523	3.06
4148	International Journal of Food Properties	United States	0.614	Q2	467	10088	3.3
4149	Medical Principles and Practice	Switzerland	0.614	Q2	272	2114	3.19
4150	Zoologischer Anzeiger	Germany	0.613	Q1	282	4777	1.39
4151	Leiden Journal of International Law	United Kingdom	0.613	Q1	137	4922	0.98
4152	Bioengineered	United Kingdom	0.613	Q2	1190	50862	4.78
4153	Thermochimica Acta	Netherlands	0.613	Q2	692	9973	3.81
4154	Opuscula Mathematica	Poland	0.613	Q2	130	997	0.98
4155	Health (United Kingdom)	United Kingdom	0.613	Q2	153	3814	2.18
4156	Metabolic Syndrome and Related Disorders	United States	0.613	Q2	214	3222	2.19
4157	Glycoconjugate Journal	Netherlands	0.613	Q3	164	4069	3.31
4158	International Journal of Particle Therapy	United States	0.612	Q2	107	203	1.9
4159	Current Problems in Cancer	United States	0.612	Q3	242	2617	2.31
4160	Laboratory Animals	United Kingdom	0.611	Q1	192	2305	1.87
4161	New Forests	Netherlands	0.611	Q1	183	6603	2.5
4162	Nagoya Mathematical Journal	United Kingdom	0.611	Q2	106	1218	0.58
4163	Dialectica	United States	0.61	Q1	24	0	0.0
4164	Diamond and Related Materials	Netherlands	0.61	Q2	1232	36148	4.23
4165	Ofioliti	Italy	0.61	Q2	25	783	1.5
4166	Abacus	United Kingdom	0.61	Q2	75	1854	2.52
4167	Population Ecology	Japan	0.61	Q2	102	1865	1.65
4168	Heliyon	Netherlands	0.609	Q1	7313	213266	4.45
4169	High Energy Density Physics	Netherlands	0.609	Q2	173	372	1.57
4170	Journal of Corporate Real Estate	United Kingdom	0.609	Q2	55	1403	3.29
4171	Neoplasma	Slovakia	0.609	Q2	424	1099	2.97
4172	Journal of Feline Medicine and Surgery	United Kingdom	0.608	Q1	435	7827	1.69
4173	Patient Preference and Adherence	New Zealand	0.608	Q1	704	11364	2.25
4174	Polar Biology	Germany	0.608	Q1	543	9274	1.76
4175	Africa Spectrum	Germany	0.608	Q1	51	975	2.6
4176	Urban Forum	Netherlands	0.608	Q1	86	2164	1.83
4177	IEEE Journal of Quantum Electronics	United States	0.608	Q2	266	3420	2.42
4178	Palaeoworld	Netherlands	0.608	Q2	164	7120	1.85
4179	Eurasip Journal on Image and Video Processing	United States	0.608	Q2	166	626	3.12
4180	Teaching Education	United Kingdom	0.608	Q2	75	2245	2.13
4181	Annals of Plastic Surgery	United States	0.608	Q2	1269	8589	1.35
4182	Journal of Roman Studies	United Kingdom	0.607	Q1	27	1128	0.94
4183	Trees, Forests and People	Netherlands	0.607	Q1	159	11857	2.93
4184	BMC Chemistry	United Kingdom	0.607	Q2	250	5215	4.72
4185	Advanced Composite Materials	United Kingdom	0.607	Q2	139	2635	3.38
4186	Mathematical Geosciences	Germany	0.607	Q2	173	2930	2.48
4187	Australian Health Review	Australia	0.607	Q2	384	2936	1.66
4188	Surgeon	United Kingdom	0.607	Q2	251	4908	2.32
4189	Journal of Holistic Nursing	United States	0.606	Q2	118	2474	2.38
4190	Amino Acids	Austria	0.606	Q2	424	7803	3.65
4191	Lubricants	Switzerland	0.606	Q2	345	16297	3.64
4192	Yantu Lixue/Rock and Soil Mechanics	China	0.606	Q2	1446	13667	2.05
4193	Gynecologic and Obstetric Investigation	Switzerland	0.606	Q2	191	1448	2.12
4194	International braz j urol : official journal of the Brazilian Society of Urology	Brazil	0.606	Q2	657	2418	1.56
4195	Education Sciences	Switzerland	0.605	Q2	1505	52051	3.66
4196	Children and Society	United Kingdom	0.605	Q2	145	7104	2.17
4197	Antonie van Leeuwenhoek	Netherlands	0.605	Q2	520	6068	2.7
4198	Congenital Heart Disease	United Kingdom	0.605	Q2	262	1544	0.29
4199	Odontology / the Society of the Nippon Dental University	Japan	0.604	Q1	252	4497	2.73
4200	Journal of the Association of Nurses in AIDS Care	United States	0.604	Q1	260	2656	1.67
4201	Behavioral Interventions	United Kingdom	0.604	Q1	160	3406	1.13
4202	Journal of Intellectual and Developmental Disability	United Kingdom	0.604	Q1	135	2331	1.96
4203	Scientific Drilling	United States	0.604	Q2	30	959	1.39
4204	Measurement in Physical Education and Exercise Science	United States	0.604	Q2	102	2112	2.32
4205	Transnational Corporations Review	United States	0.604	Q2	100	3949	3.16
4206	Review of International Business and Strategy	United Kingdom	0.604	Q2	73	3640	4.27
4207	Computational Geometry: Theory and Applications	Netherlands	0.604	Q2	151	903	0.83
4208	IEEE Transactions on Nuclear Science	United States	0.603	Q2	988	8288	1.86
4209	Journal of Obsessive-Compulsive and Related Disorders	United Kingdom	0.603	Q2	208	2089	1.9
4210	Journal of Fixed Point Theory and Applications	Switzerland	0.603	Q2	270	2640	1.79
4211	Clinics in Colon and Rectal Surgery	United States	0.603	Q2	202	3258	1.21
4212	Protist	Germany	0.603	Q3	94	1758	1.9
4213	SPE Drilling and Completion	United States	0.602	Q2	149	344	2.05
4214	Infrared Physics and Technology	Netherlands	0.602	Q2	1066	16318	3.63
4215	Polar Science	Netherlands	0.602	Q2	252	2511	1.75
4216	Canadian Journal of Administrative Sciences	United States	0.602	Q2	116	3475	2.65
4217	International Journal of Testing	United Kingdom	0.602	Q2	38	918	1.95
4218	OMICS A Journal of Integrative Biology	United States	0.602	Q2	241	3510	2.93
4219	Daedalus	United States	0.601	Q1	168	743	1.59
4220	Ethology	United Kingdom	0.601	Q1	337	4518	1.66
4221	Social Choice and Welfare	United States	0.601	Q1	185	3005	1.06
4222	New Journal of Chemistry	United Kingdom	0.601	Q2	6553	141150	3.48
4223	BMC Cardiovascular Disorders	United Kingdom	0.601	Q2	1427	19055	2.13
4224	European Clinical Respiratory Journal	United Kingdom	0.601	Q3	66	459	1.98
4225	Parliamentary Affairs	United Kingdom	0.6	Q1	166	1398	1.41
4226	Synlett	Germany	0.6	Q2	1035	19892	1.9
4227	ACM Journal on Emerging Technologies in Computing Systems	United States	0.6	Q2	146	2696	2.58
4228	Developing Economies	United States	0.6	Q2	36	290	2.25
4229	Post-Communist Economies	United Kingdom	0.6	Q2	134	3527	2.53
4230	Professional Geographer	United Kingdom	0.6	Q2	179	4691	2.33
4231	Manuscripta Mathematica	United States	0.6	Q2	247	4036	0.68
4232	Expert Review of Medical Devices	United Kingdom	0.6	Q2	370	5794	3.11
4233	American Journal of Men's Health	United States	0.6	Q2	373	5523	2.32
4234	Cognitive Neuropsychiatry	United Kingdom	0.6	Q2	98	1581	1.65
4235	Journal of Nursing Administration	United States	0.599	Q1	393	2268	1.89
4236	Journal of Crime and Justice	United Kingdom	0.599	Q1	118	3566	1.56
4237	Waste and Biomass Valorization	Netherlands	0.599	Q2	1421	25131	3.83
4238	Scientia Marina	Spain	0.599	Q2	110	1467	1.39
4239	Entertainment Computing	Netherlands	0.599	Q2	121	3759	3.67
4240	Advances in Meteorology	Egypt	0.598	Q2	279	3895	2.82
4241	Haseltonia	United States	0.598	Q2	26	428	1.54
4242	IEEE Transactions on Games	United States	0.598	Q2	120	3092	2.56
4243	Cancer Investigation	United States	0.598	Q2	215	3715	2.1
4244	International Journal of Design	Taiwan	0.597	Q1	58	1506	2.33
4245	Public Library Quarterly	United States	0.597	Q1	98	2063	1.96
4246	European Physical Journal: Special Topics	Germany	0.597	Q2	796	18160	2.43
4247	Journal of Luminescence	Netherlands	0.597	Q2	2311	38825	3.86
4248	International Journal of Phytoremediation	United Kingdom	0.597	Q2	472	12150	4.17
4249	International Labour Review	United States	0.597	Q2	91	2598	1.66
4250	Journal of Physiological Anthropology	United Kingdom	0.596	Q1	77	2267	2.5
4251	AIDS Education and Prevention	United States	0.596	Q2	114	1277	1.63
4252	Immunological Investigations	United States	0.596	Q2	213	7507	3.07
4253	Methods of Information in Medicine	Germany	0.595	Q1	96	1570	2.12
4254	Journal of Progressive Human Services	United States	0.595	Q1	52	935	2.47
4255	Current Opinion in Supportive and Palliative Care	United States	0.595	Q2	151	1655	1.87
4256	Journal of Natural Fibers	United States	0.595	Q2	489	43672	6.15
4257	Journal of Educational and Psychological Consultation	United States	0.595	Q2	65	1684	2.2
4258	Integral Transforms and Special Functions	United Kingdom	0.595	Q2	185	1629	1.05
4259	Annales Zoologici	Poland	0.595	Q2	136	1024	0.96
4260	Phycologia	United States	0.595	Q2	182	3370	1.58
4261	Journal of Imaging	Switzerland	0.595	Q2	509	16301	3.75
4262	Chemistry and Physics of Lipids	Ireland	0.594	Q2	295	2104	3.47
4263	Solid State Sciences	France	0.594	Q2	726	8883	3.57
4264	Educational Media International	United Kingdom	0.593	Q1	63	837	2.47
4265	Journal of International Relations and Development	United Kingdom	0.593	Q1	128	3865	1.7
4266	Alcohol	United States	0.593	Q2	296	2937	2.36
4267	Emergent Materials	Switzerland	0.593	Q2	243	11591	4.04
4268	AIDS Reviews	Spain	0.593	Q2	86	947	1.6
4269	Expert Review of Cardiovascular Therapy	United Kingdom	0.593	Q2	281	6929	1.91
4270	Journal of Clinical Monitoring and Computing	Netherlands	0.593	Q2	491	7263	2.14
4271	Vector-Borne and Zoonotic Diseases	United States	0.593	Q3	403	3147	2.09
4272	Acta Linguistica Academica	Hungary	0.592	Q1	67	1155	0.51
4273	International Journal of Data Science and Analytics	Switzerland	0.592	Q2	142	4909	2.44
4274	Public Choice	Netherlands	0.591	Q1	291	5216	1.62
4275	International Journal of Imaging Systems and Technology	United States	0.591	Q2	315	7058	4.05
4276	Machine Vision and Applications	Germany	0.591	Q2	280	4579	3.49
4277	International Journal of Architectural Heritage	United States	0.59	Q1	313	7810	2.92
4278	Nonprofit Policy Forum	Germany	0.59	Q1	81	1072	1.4
4279	Fitoterapia	Netherlands	0.59	Q2	758	7353	3.75
4280	CrystEngComm	United Kingdom	0.59	Q2	2572	48928	3.3
4281	Journal of Zhejiang University: Science A	China	0.59	Q2	212	2952	3.29
4282	Medicina (Lithuania)	Switzerland	0.59	Q2	2916	78267	2.54
4283	Microbial Drug Resistance	United States	0.589	Q2	581	5216	2.7
4284	Journal of Behavioral Finance	United Kingdom	0.589	Q2	109	3207	2.54
4285	Intellectual and Developmental Disabilities	United States	0.588	Q1	140	1437	1.54
4286	Egyptian Journal of Biological Pest Control	Egypt	0.588	Q1	388	4699	2.76
4287	American Journal of International Law	United States	0.588	Q1	129	1089	1.35
4288	Social and Legal Studies	United Kingdom	0.588	Q1	116	3982	1.86
4289	Quantum Information Processing	United States	0.588	Q2	1206	16634	2.46
4290	Physiological Entomology	United Kingdom	0.588	Q2	75	1425	1.22
4291	Problems of Information Transmission	United States	0.588	Q2	72	490	1.45
4292	International Development Planning Review	United Kingdom	0.588	Q2	76	1355	1.55
4293	Journal of Public Procurement	United Kingdom	0.588	Q2	58	914	2.95
4294	Journal of Gastrointestinal and Liver Diseases	Romania	0.588	Q2	330	2645	1.24
4295	Medicina Oral, Patologia Oral y Cirugia Bucal	Spain	0.587	Q2	325	1780	2.54
4296	International Journal of Biological Markers	Italy	0.587	Q2	138	1832	2.07
4297	Journal of the American Psychiatric Nurses Association	United States	0.587	Q2	207	3782	1.98
4298	Statistics Surveys	United States	0.586	Q2	11	1013	3.14
4299	Journal of Maps	United Kingdom	0.586	Q2	345	4459	2.23
4300	Wetlands	Netherlands	0.586	Q2	466	8852	2.1
4301	Mathematical Control and Related Fields	United States	0.586	Q2	105	1638	1.32
4302	Proceedings of the Institution of Mechanical Engineers, Part F: Journal of Rail and Rapid Transit	United Kingdom	0.586	Q2	296	4749	2.59
4303	Journal of Family Nursing	United States	0.585	Q1	87	1732	3.03
4304	Trends in Organized Crime	United States	0.585	Q1	72	2834	2.51
4305	Gerodontology	Denmark	0.585	Q2	161	2888	2.01
4306	Transforming Government: People, Process and Policy	United Kingdom	0.585	Q2	96	2595	3.4
4307	Enzyme and Microbial Technology	United States	0.585	Q2	484	5726	3.85
4308	Helvetica Chimica Acta	United States	0.585	Q2	231	2656	1.84
4309	Australasian Emergency Care	Australia	0.584	Q1	121	2497	2.04
4310	Journal of Deaf Studies and Deaf Education	United Kingdom	0.584	Q2	116	1576	2.0
4311	Wave Motion	Netherlands	0.584	Q2	318	4817	2.5
4312	Comptes Rendus - Palevol	France	0.584	Q2	133	3712	1.32
4313	Photosynthetica	Czech Republic	0.584	Q2	310	3353	2.86
4314	Physiological Measurement	United Kingdom	0.584	Q2	509	6192	2.72
4315	Arthroscopy Techniques	United States	0.584	Q2	914	6175	1.25
4316	Chronic Illness	United Kingdom	0.583	Q2	78	3792	2.38
4317	Pharmacopsychiatry	Germany	0.583	Q2	97	1507	3.02
4318	Infectious Agents and Cancer	United Kingdom	0.583	Q3	186	3193	3.51
4319	Public Relations Inquiry	United States	0.582	Q1	57	1600	2.18
4320	Acta Geophysica Sinica	China	0.582	Q2	1036	14051	1.79
4321	Journal of software: Evolution and Process	United Kingdom	0.582	Q2	233	5706	2.55
4322	Journal of Fractal Geometry	Germany	0.581	Q2	44	34	0.93
4323	Visual Computer	Germany	0.581	Q2	543	27941	4.3
4324	Cell Division	United Kingdom	0.581	Q3	33	511	2.33
4325	Metals	Switzerland	0.58	Q1	5078	89960	3.01
4326	Amphibian and Reptile Conservation	United States	0.58	Q1	100	1305	1.02
4327	Current Pharmaceutical Design	United Arab Emirates	0.58	Q2	1399	30191	2.99
4328	Strategic Change	United Kingdom	0.58	Q2	169	3697	3.24
4329	Oceanologia	Poland	0.58	Q2	137	4019	2.83
4330	Journal of Academic Ethics	Netherlands	0.579	Q1	85	3035	2.28
4331	English Teaching and Learning	Taiwan	0.579	Q1	70	1890	2.1
4332	Sociological Quarterly	United States	0.579	Q1	108	2408	1.49
4333	Dynamic Games and Applications	United States	0.579	Q2	131	3012	1.37
4334	International Journal of Speleology	Italy	0.579	Q2	69	925	1.46
4335	Journal of Mountain Science	China	0.579	Q2	646	14202	2.66
4336	Journal of Water and Climate Change	United Kingdom	0.579	Q2	452	11974	3.03
4337	BioControl	Netherlands	0.579	Q2	196	2497	2.4
4338	Palaios	United States	0.578	Q2	120	4495	1.49
4339	International Journal of Injury Control and Safety Promotion	United Kingdom	0.578	Q2	174	3071	2.32
4340	Journal of Public Affairs Education	United States	0.578	Q2	95	1352	2.21
4341	Chiropractic and Manual Therapies	United Kingdom	0.577	Q1	184	2891	1.64
4342	Plant Health Progress	United States	0.577	Q1	203	2384	1.72
4343	Race and Justice	United States	0.577	Q1	96	3884	2.18
4344	Plasma Chemistry and Plasma Processing	United States	0.577	Q2	273	3551	3.77
4345	Food Additives and Contaminants: Part B Surveillance	United Kingdom	0.577	Q2	114	1382	3.18
4346	ACM Transactions on Accessible Computing	United States	0.577	Q2	63	2058	3.57
4347	Symbiosis	Netherlands	0.576	Q1	241	3899	2.52
4348	Carbon Letters	Singapore	0.576	Q2	255	9115	4.56
4349	Journal of Hand Therapy	United States	0.576	Q2	282	3475	1.58
4350	Journal of the Knowledge Economy	Germany	0.576	Q2	272	26394	3.9
4351	Symmetry, Integrability and Geometry: Methods and Applications (SIGMA)	Ukraine	0.576	Q2	358	3417	0.96
4352	Methods and Protocols	Switzerland	0.576	Q2	259	3812	2.53
4353	Journal of Cancer Policy	United Kingdom	0.576	Q2	120	1868	1.18
4354	Women and Health	United States	0.576	Q2	287	2866	1.67
4355	Meteorology and Atmospheric Physics	Austria	0.576	Q3	286	5837	2.15
4356	Empirical Studies of the Arts	United States	0.575	Q1	44	1043	1.06
4357	Law and Social Inquiry	United States	0.575	Q1	149	4566	1.49
4358	Roeper Review	United Kingdom	0.575	Q2	90	1111	1.72
4359	Journal of Hospitality, Leisure, Sport and Tourism Education	United Kingdom	0.575	Q2	133	2788	4.48
4360	Journal of Commutative Algebra	United States	0.575	Q2	101	775	0.64
4361	Statistical Inference for Stochastic Processes	Netherlands	0.575	Q2	68	904	0.9
4362	Willdenowia	Germany	0.575	Q2	88	1305	1.98
4363	Inventions	Switzerland	0.575	Q2	231	5025	3.71
4364	Swiss Medical Weekly	Switzerland	0.575	Q2	732	4628	2.01
4365	Psychiatrische Praxis	Germany	0.575	Q3	300	1649	1.59
4366	Journal of Pharmaceutical Policy and Practice	United Kingdom	0.574	Q1	221	4296	3.09
4367	CNS and Neurological Disorders - Drug Targets	United Arab Emirates	0.574	Q2	217	8156	2.87
4368	Current Drug Metabolism	Netherlands	0.574	Q2	343	7078	2.21
4369	SoftwareX	Netherlands	0.574	Q2	429	5840	3.74
4370	JRAAS - Journal of the Renin-Angiotensin-Aldosterone System	United Kingdom	0.574	Q2	89	0	2.41
4371	Future of Children	United States	0.573	Q1	39	0	1.13
4372	Journal of the Australian Library and Information Association	United Kingdom	0.573	Q1	103	1051	1.18
4373	Journal of Voice	United States	0.573	Q2	956	20683	1.82
4374	Meccanica	Netherlands	0.573	Q2	484	7720	2.71
4375	Geologica Belgica	Belgium	0.573	Q2	46	754	1.64
4376	Fottea	Czech Republic	0.573	Q2	53	1029	2.41
4377	IEEE Design and Test	United States	0.573	Q2	234	1383	1.63
4378	IET Microwaves, Antennas and Propagation	United Kingdom	0.573	Q2	842	2714	2.02
4379	Development Southern Africa	United Kingdom	0.573	Q2	182	3550	2.2
4380	L'Encephale	France	0.572	Q1	309	6259	2.43
4381	Journal of Thermal Biology	United Kingdom	0.572	Q1	756	12836	2.76
4382	Celebrity Studies	United Kingdom	0.572	Q1	157	3383	1.58
4383	Annales Geophysicae	Germany	0.572	Q2	248	2509	1.88
4384	Positivity	Switzerland	0.572	Q2	272	2003	1.01
4385	Fly	United States	0.572	Q2	22	2483	1.19
4386	Journal of Tissue Viability	United Kingdom	0.572	Q2	185	4319	2.35
4387	Biomicrofluidics	United States	0.571	Q2	288	5313	3.27
4388	Emergencias	Spain	0.571	Q2	422	1334	1.41
4389	Al-Jami'ah	Indonesia	0.57	Q1	44	1009	0.97
4390	All Azimuth	Turkey	0.57	Q1	46	864	1.05
4391	Journal of Applied Entomology	United Kingdom	0.57	Q2	327	7167	2.02
4392	Bladder Cancer	Netherlands	0.57	Q2	138	1265	0.81
4393	Journal of AAPOS	United States	0.57	Q2	514	2543	1.32
4394	Journal of Laryngology and Otology	United Kingdom	0.57	Q2	657	7354	1.87
4395	Yonsei Medical Journal	South Korea	0.57	Q2	451	5220	2.41
4396	Anemia	Egypt	0.57	Q3	45	366	2.5
4397	International Emergency Nursing	United Kingdom	0.569	Q1	246	3078	1.98
4398	ISIJ International	Japan	0.569	Q1	1006	9793	1.92
4399	Deviant Behavior	United Kingdom	0.569	Q1	326	8352	1.9
4400	JOM	United States	0.569	Q2	1498	19695	2.64
4401	Moscow Mathematical Journal	Russian Federation	0.569	Q2	92	686	0.83
4402	Journal of Obstetrics and Gynaecology Canada	United States	0.569	Q2	846	4572	1.07
4403	Global Media and China	United Kingdom	0.568	Q1	88	1490	2.04
4404	Head and Face Medicine	United Kingdom	0.568	Q2	113	1477	3.09
4405	Journal of Vibration and Acoustics, Transactions of the ASME	United States	0.568	Q2	309	3222	1.98
4406	International Journal of Intelligent Computing and Cybernetics	United Kingdom	0.568	Q2	85	1849	5.57
4407	Policy Futures in Education	United Kingdom	0.568	Q2	214	5170	1.97
4408	Teacher Development	United Kingdom	0.568	Q2	110	2176	1.62
4409	Journal fur Ornithologie	Germany	0.567	Q1	323	5472	1.32
4410	Architectural Science Review	United Kingdom	0.567	Q1	141	2280	2.3
4411	Statistica Neerlandica	United Kingdom	0.567	Q2	84	907	1.4
4412	Journal of Pharmacokinetics and Pharmacodynamics	United States	0.567	Q2	157	2246	2.42
4413	Journal of Thermal Stresses	United Kingdom	0.567	Q2	256	2309	3.23
4414	Fibers	Switzerland	0.567	Q2	272	6317	4.24
4415	Brain Injury	United Kingdom	0.567	Q2	594	7355	1.92
4416	Auris Nasus Larynx	Ireland	0.567	Q2	502	5453	1.68
4417	Heart and Vessels	Japan	0.567	Q2	658	6830	1.64
4418	Journal of Nervous and Mental Disease	United States	0.567	Q3	475	6527	1.77
4419	Journal of Pediatric Nursing	United Kingdom	0.566	Q1	728	12713	2.28
4420	Journal of Theoretical Biology	United States	0.566	Q1	900	11625	2.05
4421	Intersecciones en Antropologia	Argentina	0.566	Q1	49	1561	0.64
4422	Experimental and Applied Acarology	Netherlands	0.566	Q2	338	4805	2.17
4423	Acta Physiologiae Plantarum	Poland	0.566	Q2	538	8282	2.84
4424	Journal of Computer Science and Technology	United States	0.566	Q2	273	3547	2.27
4425	Journal of the Urban Planning and Development Division, ASCE	United States	0.566	Q2	268	6992	2.75
4426	Current Opinion in Anaesthesiology	United States	0.566	Q2	374	4868	2.46
4427	Scientia Pharmaceutica	Switzerland	0.565	Q2	140	4001	3.02
4428	SynOpen	Germany	0.565	Q2	85	1472	2.15
4429	Autoimmune Diseases	Egypt	0.565	Q2	16	411	3.18
4430	American Family Physician	United States	0.565	Q2	1006	4540	1.28
4431	European Journal of Trauma and Emergency Surgery	Germany	0.565	Q2	574	21290	2.41
4432	Hereditas	United Kingdom	0.565	Q2	134	2438	2.31
4433	Religious Studies	United Kingdom	0.564	Q1	118	2191	0.58
4434	Raffles Bulletin of Zoology	Singapore	0.564	Q1	160	1900	1.04
4435	Subterranean Biology	Bulgaria	0.564	Q1	77	1000	1.33
4436	Monatshefte fur Mathematik	Austria	0.564	Q2	369	3993	0.89
4437	Ciencia e Saude Coletiva	Brazil	0.564	Q2	1488	15219	1.74
4438	Journal of Robotic Surgery	United Kingdom	0.564	Q2	385	7529	2.81
4439	Journal of Critical Realism	United Kingdom	0.563	Q1	104	2104	2.45
4440	Canadian Journal of Zoology	Canada	0.563	Q1	338	5129	1.35
4441	Homicide Studies	United States	0.563	Q1	62	2574	1.72
4442	Journal of the American Society of Brewing Chemists	United States	0.563	Q2	99	3689	2.88
4443	Journal of Thermal Spray Technology	United States	0.563	Q2	459	10831	3.2
4444	Measuring Business Excellence	United Kingdom	0.563	Q2	94	2981	3.66
4445	Pedobiologia	Germany	0.563	Q2	129	2078	2.43
4446	Acta Histochemica et Cytochemica	Japan	0.563	Q2	53	753	2.41
4447	Crime, Media, Culture	United Kingdom	0.562	Q1	80	2920	2.0
4448	Bulletin of Geosciences	Czech Republic	0.562	Q2	68	2622	1.98
4449	Austral Entomology	United States	0.562	Q2	215	2081	1.61
4450	IEEE Computer Graphics and Applications	United States	0.562	Q2	231	1091	2.46
4451	Journal of Agromedicine	United States	0.562	Q2	165	1990	1.93
4452	British Journal of Religious Education	United Kingdom	0.561	Q1	126	2012	1.42
4453	Journal of Logic and Computation	United Kingdom	0.561	Q1	210	1615	0.83
4454	Health Care for Women International	United Kingdom	0.561	Q2	309	6449	1.69
4455	Journal of Dynamic Systems, Measurement and Control, Transactions of the ASME	United States	0.561	Q2	436	3666	1.87
4456	Eurasian Mathematical Journal	Kazakhstan	0.561	Q2	97	436	0.79
4457	International Journal of General Systems	United Kingdom	0.561	Q2	124	1785	2.23
4458	Agriculture (Switzerland)	Switzerland	0.561	Q2	2196	118374	3.8
4459	Acta Otorhinolaryngologica Italica	Italy	0.56	Q2	240	2501	1.88
4460	Bone Reports	United States	0.56	Q2	250	4953	2.23
4461	Dermatologic Surgery	United States	0.56	Q2	1404	5466	1.04
4462	BioMetals	Netherlands	0.559	Q1	188	9354	3.37
4463	Field Methods	United States	0.559	Q1	75	1293	1.83
4464	Information Development	United Kingdom	0.559	Q1	196	5341	2.24
4465	Ramanujan Journal	Netherlands	0.559	Q2	403	4783	0.71
4466	Agricultural and Forest Entomology	United Kingdom	0.558	Q1	143	4283	1.86
4467	Journal of Dental Education	United States	0.558	Q2	784	5788	2.06
4468	Recent Patents on Anti-Cancer Drug Discovery	United Arab Emirates	0.558	Q2	97	3255	2.65
4469	European Journal of Mechanics, B/Fluids	Netherlands	0.558	Q2	481	5690	2.86
4470	Journal of Optics (United Kingdom)	United Kingdom	0.558	Q2	837	13072	2.21
4471	Journal of Education and Work	United Kingdom	0.558	Q2	136	2806	1.93
4472	Journal of the Institute of Brewing	United States	0.558	Q2	130	917	2.54
4473	Focaal	Netherlands	0.557	Q1	86	1443	1.09
4474	Social Semiotics	United Kingdom	0.557	Q1	180	3709	1.91
4475	Australasian Journal on Ageing	United States	0.557	Q2	335	4319	1.64
4476	Ironmaking and Steelmaking	United Kingdom	0.557	Q2	401	4867	2.32
4477	Acarologia	France	0.557	Q2	162	3123	1.1
4478	BioTechniques	United States	0.557	Q2	354	1573	2.11
4479	International Journal for Lesson and Learning Studies	United Kingdom	0.557	Q2	79	1065	1.68
4480	Journal of Strategic Studies	United Kingdom	0.556	Q1	149	4007	1.37
4481	Korean Journal of Orthodontics	South Korea	0.556	Q2	133	1273	1.65
4482	Dreaming	United States	0.556	Q2	79	2343	2.28
4483	Thoracic Surgery Clinics	United Kingdom	0.556	Q2	163	0	1.95
4484	Acta Veterinaria Scandinavica	United Kingdom	0.555	Q1	181	1599	2.03
4485	Journal of Chemical Education	United States	0.555	Q2	1700	19421	2.83
4486	Steel Construction	United States	0.555	Q2	121	770	1.29
4487	Seminars in Dialysis	United Kingdom	0.555	Q2	235	3438	1.55
4488	Biofouling	United Kingdom	0.554	Q2	254	4625	2.95
4489	Anatomical Record	United States	0.554	Q2	643	22190	1.98
4490	Andrologia	United Kingdom	0.554	Q2	1030	15762	2.68
4491	International Journal of Pediatric Otorhinolaryngology	Ireland	0.554	Q2	1515	8822	1.65
4492	Journal of Asthma	United States	0.554	Q2	517	13934	2.09
4493	Tissue and Cell	United Kingdom	0.554	Q2	359	11472	2.89
4494	Multimedia Systems	Germany	0.553	Q1	199	10491	4.15
4495	Macromolecular Chemistry and Physics	Germany	0.553	Q2	653	11180	2.65
4496	Stochastics and Dynamics	Singapore	0.553	Q2	165	2801	1.01
4497	ACM Transactions on Storage	United States	0.553	Q2	79	2142	2.56
4498	Neotropical Entomology	United States	0.553	Q2	292	5081	1.89
4499	Children and Schools	United States	0.553	Q2	80	646	1.73
4500	Journal of Hospice and Palliative Nursing	United States	0.552	Q1	260	2308	1.54
4501	World Trade Review	United Kingdom	0.552	Q1	119	1532	1.14
4502	Memorias do Instituto Oswaldo Cruz	Brazil	0.552	Q2	243	3381	2.76
4503	Historical Biology	United Kingdom	0.551	Q1	524	26829	1.44
4504	Journal of Industrial Textiles	United Kingdom	0.551	Q2	242	27042	4.15
4505	Zeitschrift fur Wirtschaftsgeographie	Germany	0.551	Q2	43	0	2.03
4506	Radiologic Clinics of North America	United Kingdom	0.551	Q2	279	4718	1.75
4507	South African Medical Journal	South Africa	0.551	Q2	877	3111	1.38
4508	Thoracic and Cardiovascular Surgeon	Germany	0.551	Q2	367	3674	1.56
4509	Journal of Bisexuality	United Kingdom	0.55	Q1	81	1102	1.75
4510	Journal of Raman Spectroscopy	United Kingdom	0.55	Q2	671	9426	2.58
4511	Journal of Vacuum Science and Technology A: Vacuum, Surfaces and Films	United States	0.55	Q2	791	13766	2.66
4512	Review of Scientific Instruments	United States	0.55	Q2	3023	28069	1.62
4513	International Journal of Advanced Robotic Systems	United States	0.55	Q2	658	2617	2.77
4514	Primates	Japan	0.55	Q2	243	3521	1.44
4515	Gender Issues	United States	0.55	Q2	63	1539	2.71
4516	Husserl Studies	Netherlands	0.549	Q1	39	975	1.48
4517	International Transactions on Electrical Energy Systems	United Kingdom	0.549	Q2	1404	11023	2.83
4518	Fluid Phase Equilibria	Netherlands	0.549	Q2	891	13280	2.6
4519	Archiv der Pharmazie	Germany	0.549	Q2	362	10153	5.06
4520	Austral Ecology	United Kingdom	0.549	Q2	383	9703	1.68
4521	Statistical Methods and Applications	Germany	0.548	Q2	142	3288	1.0
4522	European Physical Journal Plus	United States	0.548	Q2	2743	66590	3.51
4523	Drug Metabolism and Pharmacokinetics	Japan	0.548	Q2	183	2281	2.22
4524	Gels	Switzerland	0.548	Q2	370	51147	4.48
4525	Water Science and Technology	United Kingdom	0.548	Q2	1519	21573	3.05
4526	Geometriae Dedicata	Netherlands	0.548	Q2	332	1745	0.5
4527	Advances in Concrete Construction	South Korea	0.548	Q2	264	3412	2.5
4528	Cancer Control	United States	0.548	Q2	327	7660	2.36
4529	American Historical Review	United States	0.547	Q1	220	5645	0.61
4530	Archival Science	Netherlands	0.547	Q1	65	2173	1.36
4531	Heritage Science	United States	0.547	Q1	371	10096	2.33
4532	European Journal of Risk Regulation	Germany	0.547	Q1	178	1271	2.49
4533	Journal of Latin American and Caribbean Anthropology	United States	0.547	Q1	111	1809	0.78
4534	Journal of Separation Science	Germany	0.547	Q2	1146	15990	3.37
4535	Journal of the Optical Society of America B: Optical Physics	United States	0.547	Q2	1674	16270	2.05
4536	Journal of Workplace Learning	United Kingdom	0.547	Q2	113	3219	2.45
4537	Reference Services Review	United Kingdom	0.547	Q2	106	1006	1.34
4538	Corrosion Reviews	Germany	0.546	Q2	110	2610	3.49
4539	Food Analytical Methods	United States	0.546	Q2	742	13514	3.24
4540	Oxidation of Metals	United States	0.546	Q2	206	2428	2.17
4541	International Journal of Metalcasting	United States	0.546	Q2	326	9936	3.16
4542	Micromachines	Switzerland	0.546	Q2	3604	102239	3.53
4543	Europe-Asia Studies	United Kingdom	0.545	Q1	219	7533	1.43
4544	Asian Ethnicity	United Kingdom	0.545	Q1	106	2306	1.33
4545	Archives of Oral Biology	United Kingdom	0.545	Q2	755	8443	2.79
4546	Cleft Palate-Craniofacial Journal	United States	0.545	Q2	569	14270	1.6
4547	Comptes Rendus Physique	France	0.545	Q2	161	582	1.28
4548	Europhysics Letters	United Kingdom	0.545	Q2	1347	14799	1.74
4549	Water, Air, and Soil Pollution	Netherlands	0.545	Q2	1397	30577	2.98
4550	Random Matrices: Theory and Application	Singapore	0.545	Q2	84	1549	0.85
4551	Journal of Scleroderma and Related Disorders	Italy	0.545	Q3	124	1267	1.2
4552	Journal of Food Measurement and Characterization	United States	0.544	Q2	1197	22441	3.95
4553	Geo-Marine Letters	Germany	0.544	Q2	163	893	2.07
4554	Journal of Atmospheric and Solar-Terrestrial Physics	United Kingdom	0.544	Q2	534	4347	2.1
4555	Computer Supported Cooperative Work	Netherlands	0.544	Q2	77	2565	3.49
4556	Aquatic Ecology	Netherlands	0.544	Q2	222	6806	2.18
4557	Journal of Venomous Animals and Toxins Including Tropical Diseases	United Kingdom	0.544	Q2	123	1781	2.45
4558	American Journal of Lifestyle Medicine	United States	0.544	Q2	289	7342	1.8
4559	Scandinavian Journal of Urology	United Kingdom	0.544	Q2	262	1715	1.37
4560	New Perspectives on Turkey	United Kingdom	0.543	Q1	51	853	1.03
4561	Interest Groups and Advocacy	United Kingdom	0.543	Q1	80	1499	1.22
4562	Anatolia	United Kingdom	0.543	Q2	197	4875	4.0
4563	Journal of Plastic Film and Sheeting	United Kingdom	0.543	Q2	69	1436	3.33
4564	Journal of Accounting in Emerging Economies	United Kingdom	0.543	Q2	88	5740	3.65
4565	International Journal of Social Welfare	United Kingdom	0.543	Q2	116	3266	2.07
4566	Otolaryngologic Clinics of North America	United Kingdom	0.543	Q2	356	4535	1.5
4567	Systematic and Applied Acarology	Australia	0.542	Q2	509	5780	1.06
4568	Adapted Physical Activity Quarterly	United States	0.541	Q2	106	1127	2.18
4569	Journal of Applied Electrochemistry	Netherlands	0.541	Q2	352	7106	3.06
4570	Entropy	Switzerland	0.541	Q2	4339	85685	3.04
4571	Public Budgeting and Finance	United States	0.541	Q2	59	1364	1.17
4572	Bollettino della Societa Paleontologica Italiana	Italy	0.541	Q2	62	2158	1.26
4573	Scandinavian Journal of Occupational Therapy	United Kingdom	0.541	Q2	181	4881	2.26
4574	Journal of King Saud University - Science	Netherlands	0.54	Q1	1061	25319	4.25
4575	Journal of Hazardous, Toxic, and Radioactive Waste	United States	0.54	Q2	206	4303	3.16
4576	IEEE Electrical Insulation Magazine	United States	0.54	Q2	132	474	1.73
4577	In Vivo	Greece	0.54	Q2	1239	12438	2.33
4578	Probation Journal	United Kingdom	0.539	Q1	99	1727	1.61
4579	Microscopy (Oxford, England)	United Kingdom	0.539	Q2	158	2403	1.92
4580	Optik	Germany	0.539	Q2	5879	61016	3.42
4581	Asia-Pacific Journal of Financial Studies	United Kingdom	0.539	Q2	86	2009	1.71
4582	International Journal of Material Forming	France	0.539	Q2	246	3743	2.58
4583	Machining Science and Technology	United States	0.539	Q2	124	1170	3.17
4584	South American Journal of Herpetology	Brazil	0.539	Q2	84	1875	0.98
4585	Zebrafish	United States	0.539	Q2	150	1225	1.95
4586	Keio Journal of Medicine	Japan	0.539	Q2	42	438	2.0
4587	Scandinavian Cardiovascular Journal	United Kingdom	0.539	Q2	170	1531	1.95
4588	Biomass Conversion and Biorefinery	Germany	0.539	Q3	1071	115120	4.06
4589	International Journal of Qualitative Studies on Health and Well-being	United Kingdom	0.538	Q1	273	5323	2.05
4590	Software Quality Journal	United States	0.538	Q1	145	2135	2.48
4591	Journal of Sport Rehabilitation	United States	0.538	Q2	511	3754	1.72
4592	Express Polymer Letters	Hungary	0.538	Q2	288	4681	3.14
4593	Carnets de Geologie	France	0.538	Q2	59	2079	1.54
4594	Materiales de Construccion	Spain	0.538	Q2	96	1570	2.09
4595	Wildlife Society Bulletin	United States	0.538	Q2	259	6256	1.41
4596	Women and Therapy	United States	0.538	Q2	82	892	2.22
4597	Information Discovery and Delivery	United Kingdom	0.538	Q2	81	2769	3.25
4598	Revista de Educacion a Distancia	Spain	0.538	Q2	94	1129	2.67
4599	Archives of Plastic Surgery	South Korea	0.538	Q2	346	2882	1.2
4600	Clinical Imaging	United States	0.538	Q2	976	7580	2.21
4601	Interactive Cardiovascular and Thoracic Surgery	United Kingdom	0.538	Q2	989	5260	1.52
4602	Investigative and Clinical Urology	South Korea	0.538	Q2	240	2232	2.21
4603	Journal of Blood Medicine	New Zealand	0.538	Q3	217	3119	2.0
4604	Journal of Media Ethics: Exploring Questions of Media Morality	United Kingdom	0.537	Q1	74	1217	1.31
4605	Journal of Petroleum Exploration and Production Technology	Germany	0.537	Q2	824	10146	2.74
4606	Journal of School Nursing	United States	0.537	Q2	198	4203	1.86
4607	SLAS Technology	United States	0.537	Q2	195	61	2.44
4608	Ingegneria Sismica	Italy	0.537	Q2	66	644	2.9
4609	Biological Cybernetics	Germany	0.537	Q2	119	2601	1.64
4610	Optical Switching and Networking	Netherlands	0.537	Q2	107	1139	2.63
4611	Folia Primatologica	Switzerland	0.537	Q2	93	3027	1.77
4612	Assembly Automation	United Kingdom	0.537	Q2	220	2676	2.74
4613	Exceptionality	United States	0.537	Q2	71	1812	2.22
4614	American Journal of Therapeutics	United States	0.537	Q2	453	3779	1.48
4615	IEEE Transactions on Applied Superconductivity	United States	0.536	Q2	2316	13542	1.84
4616	Gems and Gemology	United States	0.536	Q2	76	564	1.0
4617	Geobios	France	0.536	Q2	118	2085	1.79
4618	Aequationes Mathematicae	Switzerland	0.536	Q2	235	1700	0.92
4619	Limnologica	Germany	0.536	Q2	154	3940	1.97
4620	Sydowia	Austria	0.536	Q2	44	1466	1.45
4621	International Journal of Emerging Technologies in Learning	Austria	0.536	Q2	1266	13859	3.27
4622	Javnost	United Kingdom	0.536	Q2	94	1289	1.53
4623	Journal of Lesbian Studies	United States	0.536	Q2	92	830	1.18
4624	International Journal of Psychiatry in Medicine	United States	0.536	Q3	135	1258	1.83
4625	Argumentation	Netherlands	0.535	Q1	75	1192	1.39
4626	Journal of the Optical Society of America A: Optics and Image Science, and Vision	United States	0.535	Q2	807	10799	1.97
4627	Computational Methods and Function Theory	Germany	0.535	Q2	129	1602	2.11
4628	International Journal of Bio-Inspired Computation	Switzerland	0.535	Q2	139	1787	3.22
4629	IT Professional	United States	0.535	Q2	247	1245	2.39
4630	English Today	United Kingdom	0.534	Q1	107	953	1.06
4631	Foreign Affairs	United States	0.534	Q1	304	0	2.22
4632	Washington Quarterly	United Kingdom	0.534	Q1	118	0	1.75
4633	Cryogenics	United Kingdom	0.534	Q2	369	4714	2.28
4634	3 Biotech	Switzerland	0.534	Q2	1511	23462	3.19
4635	Mycotaxon	United States	0.534	Q2	206	1451	0.93
4636	Problems of Post-Communism	United States	0.534	Q2	140	5292	1.57
4637	Scandinavian Journal of Pain	Netherlands	0.534	Q2	281	4097	1.45
4638	Aquatic Invasions	Finland	0.533	Q2	124	2145	1.64
4639	Expositiones Mathematicae	Germany	0.533	Q2	93	1663	0.63
4640	Profesorado	Spain	0.533	Q2	198	2817	1.25
4641	World Journal of Orthopedics	China	0.533	Q2	204	4030	2.12
4642	Studia Logica	Netherlands	0.532	Q1	139	1534	0.7
4643	Journal of Nuclear Science and Technology	United Kingdom	0.532	Q2	365	5285	1.36
4644	Physics-Uspekhi	United Kingdom	0.532	Q2	205	5249	2.35
4645	Middle East Critique	United States	0.531	Q1	81	1035	1.29
4646	New York University Law Review	United States	0.531	Q1	120	135	0.66
4647	Workplace Health and Safety	United States	0.531	Q2	251	2186	1.78
4648	Journal of Child Sexual Abuse	United States	0.531	Q2	163	2407	1.94
4649	Human Dimensions of Wildlife	United Kingdom	0.531	Q2	139	3256	1.99
4650	Bulletin of the Malaysian Mathematical Sciences Society	Singapore	0.531	Q2	680	5465	1.2
4651	Behavioural Processes	Netherlands	0.531	Q2	548	8642	1.39
4652	Drugs: Education, Prevention and Policy	United Kingdom	0.531	Q2	174	7187	2.47
4653	International and Multidisciplinary Journal of Social Sciences	Spain	0.53	Q1	37	607	2.84
4654	Visitor Studies	United Kingdom	0.53	Q1	37	591	1.64
4655	Lichenologist	United Kingdom	0.53	Q2	108	1426	1.52
4656	South African Journal of Botany	Netherlands	0.53	Q2	1224	49507	3.65
4657	Community Development	United Kingdom	0.53	Q2	123	4113	1.55
4658	Brazilian Journal of Otorhinolaryngology	Brazil	0.53	Q2	387	6946	1.49
4659	Cost Effectiveness and Resource Allocation	United Kingdom	0.53	Q2	162	3024	2.2
4660	Journal of Family and Community Medicine	India	0.53	Q2	102	874	2.54
4661	Livestock Science	Netherlands	0.529	Q1	989	12727	2.03
4662	Azania	United Kingdom	0.529	Q1	64	1655	1.29
4663	Contemporary Social Science	United Kingdom	0.529	Q1	116	1812	3.27
4664	BioImpacts	Iran	0.529	Q2	100	2674	3.37
4665	International Journal of Health Care Quality Assurance	United Kingdom	0.529	Q2	140	160	1.6
4666	International Review of Hydrobiology	Germany	0.529	Q2	53	705	1.7
4667	Weed Technology	United States	0.529	Q2	375	4752	1.53
4668	Lasers in Medical Science	United Kingdom	0.529	Q2	674	13988	2.57
4669	Visceral Medicine	Switzerland	0.529	Q2	207	2016	1.67
4670	Mycoscience	Netherlands	0.528	Q2	130	1453	1.57
4671	Annals of the Academy of Medicine, Singapore	Singapore	0.528	Q2	433	11	1.67
4672	Breathe	United Kingdom	0.528	Q3	268	2554	1.18
4673	Africa	United Kingdom	0.527	Q1	130	2383	1.21
4674	Electrophoresis	Germany	0.527	Q2	796	11637	3.11
4675	Grass and Forage Science	United Kingdom	0.527	Q2	150	1719	2.49
4676	Journal of Statistical Mechanics: Theory and Experiment	United Kingdom	0.527	Q2	994	13289	1.46
4677	High Ability Studies	United Kingdom	0.527	Q2	40	1172	2.12
4678	Acta Oto-Laryngologica	United Kingdom	0.527	Q2	567	2220	1.47
4679	Archives of Iranian Medicine	Iran	0.527	Q2	429	3306	2.15
4680	International Journal of Design Creativity and Innovation	United Kingdom	0.526	Q1	50	1106	2.21
4681	Journal of Intervention and Statebuilding	United Kingdom	0.526	Q1	108	2536	2.12
4682	Journal of the American Animal Hospital Association	United States	0.526	Q2	172	1318	1.41
4683	Regional Statistics	Hungary	0.526	Q2	73	1548	3.48
4684	Zootaxa	New Zealand	0.526	Q2	7209	74674	0.87
4685	Metrologia	United Kingdom	0.526	Q2	538	3168	1.47
4686	Biopreservation and Biobanking	United States	0.526	Q2	257	2488	1.7
4687	Armed Forces and Society	United States	0.526	Q2	110	6982	2.03
4688	Health Physics	United States	0.526	Q2	511	1641	1.69
4689	Oeno One	France	0.525	Q1	219	5140	2.86
4690	Particuology	Netherlands	0.525	Q2	336	6696	3.56
4691	European Journal of Lipid Science and Technology	Germany	0.525	Q2	380	4014	3.07
4692	Scientia Agricola	Brazil	0.525	Q2	222	3192	2.63
4693	Canadian Journal of Surgery	Canada	0.525	Q2	339	2938	1.36
4694	Journal of Health Care for the Poor and Underserved	United States	0.525	Q2	474	5803	1.19
4695	Journal of Primary Prevention	United States	0.525	Q2	121	116	1.69
4696	Journal of the International Phonetic Association	United Kingdom	0.524	Q1	97	1371	0.8
4697	American Journal of Physics	United States	0.524	Q2	446	2637	0.89
4698	Soil and Sediment Contamination	United Kingdom	0.524	Q2	165	5616	2.46
4699	Computer Aided Geometric Design	Netherlands	0.524	Q2	210	1729	1.7
4700	Electronic Journal of e-Learning	United Kingdom	0.524	Q2	107	2378	2.91
4701	Experimental Agriculture	United Kingdom	0.524	Q2	171	1894	1.45
4702	Learning and Behavior	United States	0.524	Q3	134	3075	1.53
4703	AAPS PharmSciTech	Switzerland	0.523	Q2	893	15848	3.55
4704	Physics Letters, Section A: General, Atomic and Solid State Physics	Netherlands	0.523	Q2	1824	20804	2.68
4705	Annales de la Societe Entomologique de France	United Kingdom	0.523	Q2	95	1502	0.95
4706	Journal of Continuing Education in the Health Professions	United States	0.523	Q2	139	2048	1.57
4707	Health, Risk and Society	United Kingdom	0.523	Q2	68	1379	2.15
4708	Salud Publica de Mexico	Mexico	0.523	Q2	399	2534	1.36
4709	Journal of Official Statistics	Sweden	0.523	Q3	108	2020	1.28
4710	OSA Continuum	United States	0.522	Q2	929	1234	1.81
4711	PET Clinics	United States	0.522	Q2	177	3297	2.19
4712	Journal of Coastal Conservation	Netherlands	0.522	Q2	209	5010	2.32
4713	Salamandra	Germany	0.522	Q2	124	1569	1.23
4714	Artificial Organs	United Kingdom	0.522	Q2	626	9057	2.11
4715	Journal of Korean Neurosurgical Society	South Korea	0.522	Q2	267	3563	1.73
4716	Minerva Medica	Italy	0.522	Q2	315	6639	2.03
4717	JGH Open	United States	0.522	Q3	552	3801	1.67
4718	Journal of Consciousness Studies	United Kingdom	0.521	Q1	234	3081	0.78
4719	Nordic Journal of Music Therapy	United Kingdom	0.521	Q1	92	1980	1.48
4720	Journal of Latinos and Education	United States	0.521	Q1	155	6199	1.19
4721	Planta Medica	Germany	0.521	Q1	386	6881	2.98
4722	Nuclear Physics A	Netherlands	0.521	Q2	872	8148	1.32
4723	Journal of Water and Health	United Kingdom	0.521	Q2	258	6299	2.54
4724	Mammalian Biology	Germany	0.521	Q2	281	11120	1.48
4725	International Journal of General Medicine	New Zealand	0.521	Q2	1233	28884	2.28
4726	Journal of the American Dental Association	United States	0.52	Q2	782	5229	1.49
4727	Chemosensors	Switzerland	0.52	Q2	559	33470	4.21
4728	Homology, Homotopy and Applications	United States	0.52	Q2	124	859	0.45
4729	Optimal Control Applications and Methods	United Kingdom	0.52	Q2	306	5170	2.24
4730	Proceedings of the Institution of Mechanical Engineers, Part O: Journal of Risk and Reliability	United Kingdom	0.52	Q2	233	6750	2.79
4731	journal of applied laboratory medicine, The	United Kingdom	0.52	Q2	502	0	1.53
4732	Journal of Clinical Pharmacy and Therapeutics	United Kingdom	0.52	Q2	585	9608	2.05
4733	American Journal of Philology	United States	0.519	Q1	63	1567	0.39
4734	Sarcoidosis Vasculitis and Diffuse Lung Diseases	Italy	0.519	Q2	110	0	1.32
4735	Urologia Internationalis	Switzerland	0.519	Q2	467	4680	1.87
4736	Critical Studies in Television	United Kingdom	0.518	Q1	89	2294	0.98
4737	Applied Organometallic Chemistry	United Kingdom	0.518	Q2	1762	28504	3.89
4738	Fermentation	Switzerland	0.518	Q2	547	44153	3.85
4739	Clinics in Laboratory Medicine	United Kingdom	0.518	Q2	163	3029	1.53
4740	European Journal of Histochemistry	Italy	0.518	Q2	157	1981	1.93
4741	Thought	United States	0.517	Q1	98	0	0.75
4742	Media, War and Conflict	United Kingdom	0.517	Q1	89	2448	1.73
4743	Parenting	United Kingdom	0.517	Q2	63	1243	2.76
4744	Science of Computer Programming	Netherlands	0.517	Q2	241	3182	1.61
4745	Primary Care - Clinics in Office Practice	United Kingdom	0.517	Q2	184	2128	1.64
4746	Meteorologische Zeitschrift	Germany	0.517	Q3	105	1662	1.26
4747	Musculoskeletal Care	United States	0.516	Q1	178	5026	1.83
4748	Journal of Structural Integrity and Maintenance	United Kingdom	0.516	Q2	73	773	2.29
4749	Leisure Sciences	United Kingdom	0.516	Q2	207	6613	3.85
4750	International Journal of Mathematical Education in Science and Technology	United Kingdom	0.516	Q2	293	11324	1.33
4751	Canadian Respiratory Journal	Egypt	0.516	Q2	172	2464	2.07
4752	Applied Optics	United States	0.515	Q2	4559	44844	1.98
4753	Applied Geomatics	Germany	0.515	Q2	150	3868	3.18
4754	Italian Journal of Geosciences	Italy	0.515	Q2	83	1985	1.79
4755	Aquatic Botany	Netherlands	0.515	Q2	243	3744	1.9
4756	Current Problems in Surgery	United States	0.515	Q2	105	2506	1.59
4757	Journal of the Canadian Urological Association	Canada	0.515	Q2	577	2898	1.04
4758	Journal of African Archaeology	Germany	0.514	Q1	35	957	1.46
4759	Physics Teacher	United States	0.514	Q2	737	2481	0.64
4760	Agricultural Finance Review	United Kingdom	0.514	Q2	121	2312	1.88
4761	IET Image Processing	United Kingdom	0.514	Q2	1128	14316	2.73
4762	Accounting History	United Kingdom	0.513	Q1	97	2268	1.15
4763	Global Society	United Kingdom	0.513	Q2	91	3661	1.9
4764	Social Service Review	United States	0.513	Q2	59	1857	1.83
4765	Cancer Reports	United Kingdom	0.513	Q3	245	8432	2.07
4766	Acta Stomatologica Croatica	Croatia	0.512	Q2	115	1268	1.53
4767	Chemical Biology and Drug Design	United Kingdom	0.512	Q2	474	9431	3.16
4768	Brazilian Journal of Geology	Brazil	0.512	Q2	123	2584	1.59
4769	Cartographica	Canada	0.512	Q2	61	898	1.42
4770	Journal of Sustainable Metallurgy	Switzerland	0.512	Q2	263	6716	2.63
4771	Journal fur Mathematik-Didaktik	Germany	0.512	Q2	48	1216	1.11
4772	Annals of Cardiothoracic Surgery	China	0.512	Q2	766	2071	1.73
4773	Polish Archives of Internal Medicine	Poland	0.512	Q3	723	5327	1.7
4774	Journal of Microencapsulation	United Kingdom	0.511	Q2	157	2798	3.99
4775	Annee Psychologique	France	0.511	Q2	61	2016	2.08
4776	International Journal of Image and Data Fusion	United Kingdom	0.511	Q2	58	1185	2.8
4777	Psychoanalytic Dialogues	United Kingdom	0.511	Q2	270	1540	0.54
4778	Revista de Psicologia Clinica con Ninos y Adolescentes	Spain	0.511	Q2	76	1326	2.66
4779	Virus Genes	Netherlands	0.511	Q3	257	2946	1.73
4780	Journal of Material Culture	United Kingdom	0.51	Q1	72	1710	1.17
4781	Regional and Federal Studies	United Kingdom	0.51	Q1	111	2743	1.65
4782	Jinshu Xuebao/Acta Metallurgica Sinica	China	0.51	Q2	457	7610	2.91
4783	Journal of Helminthology	United Kingdom	0.51	Q2	361	4581	1.58
4784	Journal of Experiential Education	United Kingdom	0.51	Q2	84	1720	1.95
4785	Canadian Family Physician	Canada	0.51	Q2	1030	4043	0.68
4786	Ophthalmic Surgery Lasers and Imaging Retina	United States	0.51	Q2	426	2167	1.01
4787	Cosmetics	Switzerland	0.509	Q2	287	8349	3.46
4788	Annals of Carnegie Museum	United States	0.509	Q2	26	414	1.2
4789	Journal of the Australian Mathematical Society	United Kingdom	0.509	Q2	134	909	0.76
4790	Die Naturwissenschaften	Germany	0.509	Q2	171	3352	1.75
4791	Work	Netherlands	0.509	Q2	908	20524	2.19
4792	Healthcare Technology Letters	United Kingdom	0.509	Q3	99	560	2.63
4793	Toxicon	United Kingdom	0.509	Q3	707	10690	2.87
4794	Anthropology of Work Review	United States	0.508	Q1	34	519	0.96
4795	Cereal Chemistry	United States	0.508	Q2	343	5271	2.78
4796	ChemistryOpen	United States	0.508	Q2	473	8215	2.19
4797	HardwareX	United Kingdom	0.508	Q2	195	3375	2.61
4798	Journal of Laser Applications	United States	0.508	Q2	448	3968	2.15
4799	Scientifica	Egypt	0.508	Q2	127	2067	3.54
4800	Annali dell'Istituto Superiore di Sanita	Italy	0.508	Q3	176	1198	2.0
4801	Phronesis	Netherlands	0.507	Q1	49	739	0.31
4802	Vanderbilt Law Review	United States	0.507	Q1	114	1602	0.99
4803	Ionics	Germany	0.507	Q2	1681	23761	3.05
4804	GFF	United Kingdom	0.507	Q2	80	1043	1.08
4805	Library Hi Tech	United Kingdom	0.507	Q2	207	11479	3.71
4806	Japanese Journal of Political Science	United Kingdom	0.506	Q1	49	1263	1.0
4807	PoLAR: Political and Legal Anthropology Review	Germany	0.506	Q1	80	733	0.64
4808	Acta Odontologica Scandinavica	United Kingdom	0.506	Q2	261	3782	2.38
4809	British Dental Journal	United Kingdom	0.506	Q2	2285	7300	0.64
4810	Radiation Physics and Chemistry	United Kingdom	0.506	Q2	1594	22420	2.93
4811	Australian Journal of Learning Difficulties	United Kingdom	0.506	Q2	29	730	0.85
4812	Emu	Australia	0.506	Q2	130	1704	0.97
4813	WMU Journal of Maritime Affairs	Germany	0.506	Q2	83	1308	2.57
4814	Mathematical Population Studies	United Kingdom	0.506	Q2	42	434	2.11
4815	Plant Breeding	United Kingdom	0.506	Q2	302	4132	2.09
4816	Asian Journal of Surgery	Taiwan	0.506	Q2	938	9608	1.33
4817	Annales d'Endocrinologie	France	0.506	Q3	163	2811	2.15
4818	Education for Primary Care	United Kingdom	0.505	Q2	278	1359	0.97
4819	Therapeutic Apheresis and Dialysis	United Kingdom	0.505	Q2	326	5903	1.57
4820	Euphytica	Netherlands	0.504	Q1	611	9956	1.97
4821	Multimodal Technologies and Interaction	Switzerland	0.504	Q2	245	7082	3.17
4822	Cryptogamie, Mycologie	France	0.504	Q2	30	195	1.46
4823	Child's Nervous System	Germany	0.504	Q2	1312	10386	1.39
4824	Cardiovascular Revascularization Medicine	United States	0.504	Q3	995	9023	1.16
4825	California Law Review	United States	0.503	Q1	138	9174	1.08
4826	Georesursy	Russian Federation	0.503	Q2	174	1393	0.91
4827	Folia Microbiologica	Netherlands	0.503	Q3	279	6220	2.96
4828	Levant	United Kingdom	0.502	Q1	59	2066	0.8
4829	Boyhood Studies	United States	0.502	Q1	50	305	0.67
4830	Progress in Palliative Care	United Kingdom	0.502	Q2	85	1264	1.89
4831	Journal of Developmental and Physical Disabilities	United States	0.502	Q2	163	4724	2.26
4832	Electronic Journal of Linear Algebra	United States	0.502	Q2	153	1107	0.8
4833	Periodica Mathematica Hungarica	Netherlands	0.502	Q2	131	1862	1.06
4834	International Journal of Architectural Computing	United Kingdom	0.502	Q2	88	1629	1.85
4835	Nordicom Review	Sweden	0.502	Q2	108	664	1.1
4836	BMC Surgery	United Kingdom	0.502	Q2	984	12045	1.82
4837	Journal of the Indian Institute of Science	India	0.501	Q1	169	6319	2.16
4838	Information Polity	Netherlands	0.501	Q2	83	1349	1.67
4839	Ensenanza de las Ciencias	Spain	0.501	Q2	103	1148	1.04
4840	Publius	United Kingdom	0.501	Q2	70	1186	1.98
4841	Clinics	Brazil	0.501	Q3	582	4393	2.09
4842	Journal of Health Care Chaplaincy	United States	0.5	Q1	37	2310	2.04
4843	IIC International Review of Intellectual Property and Competition Law	Germany	0.5	Q1	146	1832	0.73
4844	IET Wireless Sensor Systems	United Kingdom	0.5	Q2	107	511	2.6
4845	Energy Exploration and Exploitation	United States	0.499	Q2	342	4000	3.0
4846	Tropical Conservation Science	United States	0.499	Q2	162	1918	1.8
4847	Journal of Location Based Services	United Kingdom	0.499	Q2	33	736	2.57
4848	Journal de Mycologie Medicale	France	0.499	Q3	209	2301	3.46
4849	Journal of Quantitative Spectroscopy and Radiative Transfer	United Kingdom	0.498	Q2	1347	13758	2.22
4850	Journal of Physics B: Atomic, Molecular and Optical Physics	United Kingdom	0.498	Q2	998	9809	1.6
4851	OPSEARCH	India	0.498	Q2	165	2767	2.43
4852	Journal of Population Ageing	Netherlands	0.498	Q2	91	4272	2.17
4853	Folia Parasitologica	Czech Republic	0.498	Q3	86	1080	1.56
4854	Revista do Instituto de Medicina Tropical de Sao Paulo	Brazil	0.498	Q3	260	2137	1.97
4855	Beverages	Switzerland	0.497	Q2	220	4552	3.68
4856	Advances in Neonatal Care	United States	0.497	Q2	272	3115	1.35
4857	Pharmacy Practice	Spain	0.496	Q1	222	2728	2.48
4858	Public Integrity	United Kingdom	0.496	Q1	147	6260	1.44
4859	Reflective Practice	United Kingdom	0.496	Q1	177	2488	1.71
4860	SPE Production and Operations	United States	0.496	Q2	197	1274	1.56
4861	Journal of the Korean Ceramic Society	South Korea	0.496	Q2	214	4483	2.96
4862	Asia Europe Journal	Germany	0.496	Q2	102	1109	1.57
4863	Mathematical Inequalities and Applications	Croatia	0.496	Q2	291	741	0.97
4864	Cleveland Clinic Journal of Medicine	United States	0.496	Q3	437	2349	1.59
4865	JOGNN - Journal of Obstetric, Gynecologic, and Neonatal Nursing	United Kingdom	0.495	Q1	230	3409	1.49
4866	Nursing Clinics of North America	United Kingdom	0.495	Q2	173	2197	1.85
4867	International Journal of Photoenergy	United States	0.495	Q2	325	4853	3.41
4868	Bryologist	United States	0.495	Q2	123	1698	1.0
4869	Canadian Journal of Statistics	United States	0.495	Q3	136	3867	0.83
4870	BioNanoScience	United States	0.495	Q3	334	6435	3.44
4871	Inquiry (United States)	United States	0.495	Q3	358	7976	1.63
4872	Religion, State and Society	United Kingdom	0.494	Q1	90	1700	0.91
4873	Journal of Food Processing and Preservation	United States	0.494	Q2	2097	62260	2.93
4874	Journal of Analytical Science and Technology	United Kingdom	0.494	Q2	145	2267	2.53
4875	Ethics and Behavior	United States	0.494	Q2	124	5417	2.61
4876	Gesunde Pflanzen	Germany	0.494	Q2	127	11630	3.57
4877	Transactions of the American Entomological Society	United States	0.494	Q2	78	495	0.58
4878	Curator	United States	0.493	Q1	138	2107	0.87
4879	Dao	Netherlands	0.493	Q1	100	943	0.39
4880	Silva Fennica	Finland	0.493	Q1	133	1678	1.59
4881	Biological and Pharmaceutical Bulletin	Japan	0.493	Q2	843	9218	2.03
4882	Journal of Low Temperature Physics	United States	0.493	Q2	547	6297	1.91
4883	Soil Science Annual	Poland	0.493	Q2	100	1699	1.61
4884	Journal of Building Physics	United Kingdom	0.493	Q2	85	1151	2.09
4885	Mathematical Notes	United States	0.493	Q2	612	3392	0.6
4886	International Journal of Mentoring and Coaching in Education	United Kingdom	0.493	Q2	81	1470	1.71
4887	Medicina del Lavoro	Italy	0.493	Q3	161	1458	2.36
4888	Social Epistemology	United Kingdom	0.492	Q1	147	3888	1.45
4889	Applied Sciences (Switzerland)	Switzerland	0.492	Q2	26552	580458	3.1
4890	Journal of Chemical Health and Safety	United States	0.492	Q2	147	2035	2.14
4891	Silicon	Netherlands	0.492	Q2	1023	52263	4.47
4892	Acta Entomologica Musei Nationalis Pragae	Czech Republic	0.492	Q2	118	1575	0.7
4893	Phi Delta Kappan	United States	0.492	Q2	430	1083	0.83
4894	Cells Tissues Organs	Switzerland	0.492	Q2	136	2544	2.05
4895	Gland Surgery	China	0.492	Q2	791	6161	1.77
4896	Sexual Development	Switzerland	0.492	Q2	86	2415	1.88
4897	Journal of Social Archaeology	United Kingdom	0.491	Q1	51	1079	1.38
4898	Innovative Infrastructure Solutions	Switzerland	0.491	Q2	407	18575	2.8
4899	Amphibia - Reptilia	Netherlands	0.491	Q2	151	2233	1.44
4900	Psicologia Educativa	Spain	0.491	Q3	58	1189	2.25
4901	Journal of Health and Pollution	United States	0.491	Q3	146	0	2.25
4902	Journal of Global History	United Kingdom	0.49	Q1	89	2940	1.47
4903	Journal of the American Society for Horticultural Science	United States	0.49	Q1	126	1580	2.13
4904	Journal of Civil Society	United Kingdom	0.49	Q2	63	1470	1.74
4905	Centaurus	United States	0.489	Q1	124	2288	0.92
4906	Zeitschrift fur Physikalische Chemie	Germany	0.489	Q2	287	4790	2.97
4907	Microgravity Science and Technology	Netherlands	0.489	Q2	252	3507	1.9
4908	Australian Journal of General Practice	Australia	0.489	Q2	543	3159	1.37
4909	Journal of Neurosurgical Sciences	Italy	0.489	Q2	317	2285	1.09
4910	Bundesgesundheitsblatt - Gesundheitsforschung - Gesundheitsschutz	Germany	0.489	Q3	552	5839	1.62
4911	Deutsches A&#x0308;rzteblatt international	Germany	0.489	Q3	3290	4565	0.82
4912	Journal of the Royal Society of New Zealand	United Kingdom	0.488	Q1	126	4593	2.33
4913	Soccer and Society	United Kingdom	0.488	Q1	211	4292	1.94
4914	KONA Powder and Particle Journal	Japan	0.488	Q2	60	1281	3.98
4915	PsyCh Journal	United Kingdom	0.488	Q2	217	6236	1.78
4916	Managing Sport and Leisure	United Kingdom	0.488	Q2	151	6331	2.48
4917	Microprocessors and Microsystems	Netherlands	0.488	Q2	1056	7675	3.03
4918	Eksploatacja i Niezawodnosc	Poland	0.488	Q2	240	2991	2.87
4919	Electronic Library	United Kingdom	0.488	Q2	171	2006	2.42
4920	Journal of University Teaching and Learning Practice	Australia	0.488	Q2	199	3113	2.03
4921	CALICO Journal	United States	0.487	Q1	55	662	1.84
4922	International Review of Victimology	United States	0.487	Q1	57	2347	2.16
4923	European Journal of Wood and Wood Products	Germany	0.487	Q2	373	5639	2.95
4924	Minimax Theory and its Applications	Germany	0.487	Q2	64	478	0.88
4925	ACM Transactions on Autonomous and Adaptive Systems	United States	0.487	Q2	42	432	2.73
4926	Urban Rail Transit	Germany	0.487	Q2	63	723	1.71
4927	Current Medical Science	China	0.487	Q3	438	5472	2.55
4928	Psychiatry (New York)	United Kingdom	0.487	Q3	143	1639	0.78
4929	Teaching and Learning in Nursing	Netherlands	0.486	Q1	257	2329	1.8
4930	Anthrozoos	United Kingdom	0.486	Q1	153	3278	1.92
4931	Japan Journal of Nursing Science	Australia	0.486	Q2	213	2563	1.94
4932	Journal of Electron Spectroscopy and Related Phenomena	Netherlands	0.486	Q2	212	2907	1.8
4933	International Journal of Modern Physics A	Singapore	0.486	Q2	1060	16680	1.48
4934	Zoological Studies	Taiwan	0.486	Q2	174	4342	1.57
4935	ORL	Switzerland	0.486	Q2	151	1789	1.45
4936	Eastern Mediterranean Health Journal	Switzerland	0.486	Q3	517	3176	1.66
4937	Advances in Archaeological Practice	United Kingdom	0.485	Q1	119	1752	1.3
4938	Contemporary South Asia	United Kingdom	0.485	Q1	118	2398	1.29
4939	Applied Nanoscience (Switzerland)	Switzerland	0.485	Q2	952	23640	4.11
4940	Atoms	Switzerland	0.485	Q2	309	6769	1.65
4941	Welding in the World, Le Soudage Dans Le Monde	Germany	0.485	Q2	533	7476	2.16
4942	Journal of Women and Aging	United States	0.485	Q2	126	4014	1.63
4943	Journal of Medicinal Food	United States	0.485	Q3	460	5290	2.62
4944	Military Medicine	United States	0.485	Q3	1336	5202	1.17
4945	Anales Cervantinos	Spain	0.484	Q1	33	1401	0.31
4946	Metaphor and Symbol	United States	0.484	Q1	56	1135	1.38
4947	Quintessence International	United States	0.484	Q2	286	2136	1.6
4948	Geologica Carpathica	Slovakia	0.484	Q2	95	3103	1.42
4949	Journal of Iberian Geology	Switzerland	0.484	Q2	97	1839	1.37
4950	Orthopedic Reviews	United States	0.484	Q3	145	5006	1.96
4951	Systems	Switzerland	0.483	Q2	195	15227	2.35
4952	Journal of X-Ray Science and Technology	Netherlands	0.483	Q2	252	2699	3.03
4953	Waves in Random and Complex Media	United Kingdom	0.483	Q2	560	42486	4.26
4954	Geoscience Data Journal	United States	0.483	Q2	47	2295	3.93
4955	Greenhouse Gases: Science and Technology	United Kingdom	0.483	Q2	250	3156	2.26
4956	Hague Journal of Diplomacy, The	Netherlands	0.482	Q1	103	2126	1.7
4957	Reading Teacher	United States	0.482	Q1	286	2961	1.05
4958	World Leisure Journal	United Kingdom	0.482	Q1	100	2395	1.93
4959	Polymer Bulletin	Germany	0.482	Q2	1114	49261	3.57
4960	Arts and Health	United Kingdom	0.482	Q2	60	1728	1.95
4961	Avian Conservation and Ecology	Canada	0.482	Q2	140	5698	1.24
4962	Ecoscience	United Kingdom	0.482	Q2	79	937	1.51
4963	ACM Transactions on Design Automation of Electronic Systems	United States	0.482	Q2	180	3219	1.74
4964	Sport Psychologist	United States	0.482	Q3	94	1131	1.64
4965	Palaontologische Zeitschrift	Germany	0.481	Q2	152	5335	1.48
4966	Australian Occupational Therapy Journal	United Kingdom	0.48	Q1	209	2898	1.64
4967	Fashion Theory - Journal of Dress Body and Culture	United Kingdom	0.48	Q1	140	2854	0.93
4968	GAIA	Germany	0.48	Q2	201	861	1.1
4969	Journal of Operational Meteorology	United States	0.48	Q2	30	172	1.22
4970	Fundamenta Mathematicae	Poland	0.48	Q2	173	957	0.52
4971	Glasgow Mathematical Journal	United Kingdom	0.48	Q2	138	1230	0.6
4972	Adult Education Quarterly	United Kingdom	0.48	Q2	59	1429	1.88
4973	Omega: Journal of Death and Dying	United States	0.48	Q2	347	17659	2.09
4974	Lingua	Netherlands	0.479	Q1	284	7085	1.3
4975	Therapeutic Delivery	United Kingdom	0.479	Q2	209	3219	3.08
4976	Biologicals	United States	0.479	Q2	195	1263	1.82
4977	Journal of Advanced Dielectrics	Singapore	0.479	Q2	159	1699	2.9
4978	Data Technologies and Applications	United Kingdom	0.479	Q2	107	2670	2.26
4979	FME Transactions	Serbia	0.479	Q2	346	2384	1.93
4980	International Journal of Circumpolar Health	United Kingdom	0.479	Q2	188	2756	1.35
4981	Journal of Web Librarianship	United States	0.479	Q2	36	256	1.45
4982	Journal of Pediatric Health Care	United States	0.479	Q2	277	2788	1.94
4983	Fuel Cells	United Kingdom	0.478	Q2	205	1173	2.78
4984	Demonstratio Mathematica	Poland	0.478	Q2	109	1860	2.0
4985	Asian Population Studies	United Kingdom	0.478	Q2	58	1336	1.82
4986	Acta Parasitologica	Germany	0.478	Q3	412	8344	1.75
4987	Acta Naturae	Russian Federation	0.478	Q3	145	2080	2.07
4988	Journal of the World Federation of Orthodontists	Netherlands	0.477	Q2	99	1254	1.8
4989	Prehospital and Disaster Medicine	United Kingdom	0.477	Q2	367	3673	1.82
4990	Prosthetics and Orthotics International	United States	0.477	Q2	210	2759	1.32
4991	Steroids	United States	0.477	Q2	397	5144	2.86
4992	CIRIEC-Espana Revista de Economia Publica, Social y Cooperativa	Spain	0.477	Q2	111	1737	1.53
4993	Foresight	United Kingdom	0.477	Q2	119	5429	2.73
4994	Journal of Mathematical Imaging and Vision	Netherlands	0.477	Q2	213	3166	1.94
4995	Acta Geologica Polonica	Poland	0.477	Q2	57	2392	1.11
4996	ACM Transactions on Parallel Computing	United States	0.477	Q2	80	722	1.92
4997	Phonetica	Switzerland	0.476	Q1	54	1098	1.05
4998	Sport in Society	United Kingdom	0.476	Q1	432	11529	1.88
4999	African Journal of Disability	South Africa	0.476	Q2	89	2408	1.75
5000	Soldering and Surface Mount Technology	United Kingdom	0.476	Q2	93	1127	2.76
5001	Annals of Thoracic Medicine	India	0.476	Q2	128	1008	1.91
5002	Obstetrical and Gynecological Survey	United States	0.476	Q2	636	1878	0.56
5003	Cognitive Processing	Germany	0.476	Q3	161	3321	1.65
5004	Natural Computing	Netherlands	0.476	Q3	178	2514	2.05
5005	Structural Heart	United States	0.476	Q3	109	1634	0.69
5006	Perfusion (United Kingdom)	United Kingdom	0.475	Q1	414	7500	1.27
5007	Australian Archaeology	United Kingdom	0.475	Q1	91	1501	0.83
5008	Estonian Journal of Archaeology	Estonia	0.475	Q1	22	433	1.07
5009	Revista Brasileira de Politica Internacional	Brazil	0.475	Q1	75	1252	1.02
5010	Journal of Nursing Regulation	United States	0.475	Q2	121	1295	1.8
5011	Quality Innovation Prosperity	Slovakia	0.475	Q2	74	961	1.88
5012	IAWA Journal	Netherlands	0.475	Q2	135	1704	1.66
5013	Insectes Sociaux	Switzerland	0.475	Q2	167	2058	1.07
5014	Journal of Laparoendoscopic and Advanced Surgical Techniques - Part A	United States	0.475	Q2	773	5121	1.42
5015	Journal of Paediatrics and Child Health	United Kingdom	0.475	Q2	1411	8885	1.05
5016	Australian Journal of Primary Health	Australia	0.475	Q3	250	2477	1.31
5017	Computational and Mathematical Methods in Medicine	United States	0.474	Q2	827	51985	3.26
5018	ACM Transactions on Computer Systems	United States	0.474	Q2	33	59	1.64
5019	Hystrix	Italy	0.474	Q2	81	1050	1.43
5020	Displays	Netherlands	0.474	Q2	138	6759	4.61
5021	Journal of Physical and Chemical Reference Data	United States	0.473	Q2	45	3207	3.82
5022	Mining of Mineral Deposits	Ukraine	0.473	Q2	186	2205	2.78
5023	International Journal for the Advancement of Counselling	United States	0.473	Q2	106	2508	1.91
5024	International Journal of Automotive Technology	South Korea	0.473	Q2	429	3858	1.96
5025	Gaceta Sanitaria	Spain	0.473	Q3	503	2851	1.59
5026	Nurse Educator	United States	0.472	Q1	551	1412	1.31
5027	Fusion Science and Technology	United States	0.472	Q2	338	1708	0.91
5028	Global Pediatric Health	United States	0.472	Q2	432	2356	1.18
5029	Journal of Astrophysics and Astronomy	India	0.472	Q2	201	5541	1.09
5030	Jamba: Journal of Disaster Risk Studies	South Africa	0.472	Q2	143	1930	1.41
5031	Social Inclusion	Portugal	0.472	Q2	359	5283	1.56
5032	Minimally Invasive Therapy and Allied Technologies	United Kingdom	0.472	Q2	168	3753	2.0
5033	Dose-Response	United States	0.472	Q3	430	6042	2.22
5034	Diaspora Studies	United Kingdom	0.471	Q1	31	1053	1.15
5035	Textile Reseach Journal	United Kingdom	0.471	Q2	880	18723	2.99
5036	Tetrahedron	United Kingdom	0.471	Q2	1670	23419	2.11
5037	Mycobiology	United Kingdom	0.471	Q2	183	2198	2.06
5038	PhytoKeys	Bulgaria	0.471	Q2	513	8570	1.45
5039	Phytoparasitica	Netherlands	0.471	Q2	223	4734	1.68
5040	International Journal of STD and AIDS	United Kingdom	0.471	Q2	602	4897	1.48
5041	Anti-Cancer Drugs	United States	0.471	Q3	429	3431	2.23
5042	Contemporary Islam	Netherlands	0.47	Q1	56	1661	1.11
5043	International Journal for Educational and Vocational Guidance	Netherlands	0.47	Q1	92	5236	2.35
5044	Humor	Germany	0.47	Q1	97	1678	1.78
5045	Journal of Cellular Plastics	United Kingdom	0.47	Q2	72	1961	2.92
5046	Journal of Latin American Studies	United Kingdom	0.47	Q2	81	1507	1.19
5047	International Journal of Aeroacoustics	United Kingdom	0.47	Q2	91	1398	1.46
5048	Sports Coaching Review	United Kingdom	0.47	Q2	52	2124	3.18
5049	Journal de Theorie des Nombres de Bordeaux	France	0.47	Q2	126	914	0.37
5050	Journal of Elliptic and Parabolic Equations	Switzerland	0.47	Q2	104	1741	0.75
5051	Arthropoda Selecta	Russian Federation	0.47	Q2	162	1598	0.74
5052	Journal of Food Protection	United States	0.47	Q2	742	9424	2.17
5053	Journal of Pesticide Sciences	Japan	0.47	Q2	118	951	2.27
5054	Journal of Radiological Protection	United Kingdom	0.47	Q3	407	5181	1.26
5055	International Archives of Otorhinolaryngology	United States	0.47	Q3	265	2004	1.38
5056	American Journal of Archaeology	United States	0.469	Q1	84	2471	0.78
5057	Journal of Radiosurgery and SBRT	Spain	0.469	Q2	41	0	1.0
5058	Central Asian Survey	United Kingdom	0.469	Q2	91	3771	1.27
5059	Arkiv for Matematik	Netherlands	0.469	Q2	61	419	0.66
5060	Software Testing Verification and Reliability	United Kingdom	0.469	Q2	74	1586	1.53
5061	Estudios Sobre Educacion	Spain	0.469	Q2	64	1040	1.89
5062	Journal of Mineralogical and Petrological Sciences	Japan	0.468	Q2	102	375	0.88
5063	Revista Espanola de Pedagogia	Spain	0.468	Q2	77	1225	1.47
5064	Acupuncture in Medicine	United Kingdom	0.468	Q2	218	2609	1.76
5065	Canadian Mineralogist	Canada	0.468	Q3	231	3017	0.77
5066	Annals of African Medicine	India	0.468	Q3	148	1903	0.76
5067	Virtual Archaeology Review	Spain	0.467	Q1	59	1018	2.61
5068	Du Bois Review	United Kingdom	0.467	Q1	69	1834	1.14
5069	International Journal of Cosmetic Science	United Kingdom	0.467	Q2	222	2738	2.48
5070	Textile Progress	United Kingdom	0.467	Q2	10	969	3.83
5071	Place Branding and Public Diplomacy	United Kingdom	0.467	Q2	97	3074	1.52
5072	Journal of Nematology	United States	0.467	Q2	317	2361	1.44
5073	Brodogradnja	Croatia	0.467	Q2	90	1085	2.0
5074	Journal of Biosocial Science	United Kingdom	0.467	Q2	278	1425	1.21
5075	Journal of Microbiological Methods	Netherlands	0.467	Q3	627	6751	2.34
5076	Irish Journal of Medical Science	United Kingdom	0.467	Q3	691	16921	2.18
5077	Cultura y Educacion	United Kingdom	0.466	Q1	101	1641	1.26
5078	Celestial Mechanics and Dynamical Astronomy	Netherlands	0.466	Q2	171	2364	1.51
5079	Neutrosophic Sets and Systems	United States	0.466	Q2	599	6464	2.34
5080	Sociological Spectrum	United Kingdom	0.466	Q2	75	994	1.92
5081	Therapeutic Drug Monitoring	United States	0.466	Q3	341	3840	2.27
5082	International Journal of Reconfigurable Computing	United States	0.466	Q3	18	26	0.67
5083	European Biophysics Journal	Germany	0.466	Q3	237	2814	1.95
5084	Journal of Logical and Algebraic Methods in Programming	Netherlands	0.465	Q1	166	1630	1.16
5085	Psychological Record	Switzerland	0.465	Q2	151	2732	1.37
5086	Journal of Innovative Optical Health Sciences	Singapore	0.465	Q2	172	3895	2.48
5087	Boletin de la Sociedad Espanola de Ceramica y Vidrio	Spain	0.465	Q2	122	3503	2.53
5088	International Journal of Automation Technology	Japan	0.465	Q2	298	2374	1.3
5089	Perceptual and Motor Skills	United States	0.465	Q3	274	4887	1.8
5090	American Journal of Health-System Pharmacy	United States	0.464	Q1	1114	5163	1.47
5091	Adaptive Behavior	United Kingdom	0.464	Q1	131	3793	1.71
5092	Journal of Adult Protection, The	United Kingdom	0.464	Q1	100	877	1.23
5093	Cybernetics and Information Technologies	Bulgaria	0.464	Q2	154	1586	1.67
5094	Journal of Agricultural Education and Extension	United Kingdom	0.464	Q2	105	3674	2.81
5095	Social Science Information	United Kingdom	0.464	Q2	107	1098	1.19
5096	Neurochirurgie	France	0.464	Q2	283	4002	1.16
5097	Toxin Reviews	United Kingdom	0.464	Q3	213	8513	3.29
5098	Apeiron	Germany	0.463	Q1	272	1310	0.42
5099	Norwegian Archaeological Review	United Kingdom	0.463	Q1	30	709	0.7
5100	Propellants, Explosives, Pyrotechnics	Germany	0.463	Q2	554	6681	2.26
5101	Journal of Geosciences (Czech Republic)	Czech Republic	0.463	Q2	62	1405	1.16
5102	Journal of Occupational Science	United Kingdom	0.463	Q2	165	3864	1.49
5103	Dermatologica Sinica	United Kingdom	0.463	Q2	162	1141	0.89
5104	Revista Espanola de Cardiologia	Spain	0.463	Q3	908	7118	1.53
5105	Data	Switzerland	0.462	Q2	400	7622	2.54
5106	SAGE Open	United States	0.462	Q2	1852	55063	2.47
5107	Corporate Reputation Review	United Kingdom	0.462	Q2	53	2961	2.5
5108	Signal, Image and Video Processing	United Kingdom	0.462	Q2	598	12028	2.73
5109	Geriatrics (Switzerland)	Switzerland	0.462	Q2	288	6429	2.15
5110	Kolner Zeitschrift fur Soziologie und Sozialpsychologie	Germany	0.462	Q2	127	2622	1.35
5111	Information Visualization	United States	0.462	Q3	60	1142	3.18
5112	Packaging Technology and Science	United Kingdom	0.461	Q2	156	3075	3.29
5113	Proceedings of the Institution of Mechanical Engineers, Part K: Journal of Multi-body Dynamics	United Kingdom	0.461	Q2	160	1628	2.29
5114	International Journal of Shipping and Transport Logistics	United Kingdom	0.461	Q2	85	1575	1.51
5115	RELIEVE - Revista Electronica de Investigacion y Evaluacion Educativa	Spain	0.461	Q2	43	856	1.58
5116	Rural and Remote Health	Australia	0.46	Q1	309	2369	1.5
5117	Fashion and Textiles	Singapore	0.46	Q1	111	2265	2.79
5118	Evidence-based HRM	United Kingdom	0.46	Q2	66	3548	2.18
5119	Manufacturing Review	France	0.46	Q2	100	1878	2.9
5120	Journal of Elder Abuse and Neglect	United States	0.46	Q2	83	978	1.78
5121	Studies in Graduate and Postdoctoral Education	United Kingdom	0.46	Q2	56	1124	1.95
5122	BJA Education	United Kingdom	0.46	Q2	191	1534	1.49
5123	Journal of the Canadian Academy of Child and Adolescent Psychiatry	Canada	0.46	Q2	93	837	1.41
5124	Antiviral Therapy	United Kingdom	0.46	Q3	134	1175	1.23
5125	Journal of Essential Oil-Bearing Plants	United Kingdom	0.459	Q2	400	4726	2.53
5126	Wildfowl	United Kingdom	0.459	Q2	45	0	0.91
5127	Education, Citizenship and Social Justice	United Kingdom	0.459	Q2	58	2893	1.46
5128	Frontiers in Surgery	Switzerland	0.459	Q2	922	63469	1.69
5129	Kennedy Institute of Ethics Journal	United States	0.458	Q1	64	1181	1.25
5130	Contemporary Nurse	United Kingdom	0.458	Q2	131	1530	1.18
5131	Eurasip Journal on Audio, Speech, and Music Processing	United States	0.458	Q2	87	1702	2.92
5132	Romanian Journal of Physics	Romania	0.458	Q2	211	2366	1.48
5133	Counselor Education and Supervision	United States	0.458	Q2	62	1343	1.83
5134	Revista Complutense de Educacion	Spain	0.458	Q2	172	3183	1.72
5135	Anaesthesiology Intensive Therapy	Poland	0.458	Q2	222	1979	1.32
5136	Archives de Pediatrie	France	0.458	Q2	360	3523	1.7
5137	Island Studies Journal	Denmark	0.457	Q1	96	1546	1.67
5138	Advances in Polymer Technology	United States	0.457	Q2	223	3091	3.25
5139	Asian Journal of Technology Innovation	United Kingdom	0.457	Q2	67	4017	2.94
5140	Micron	United Kingdom	0.457	Q2	344	5155	2.53
5141	Complex Variables and Elliptic Equations	United Kingdom	0.457	Q2	391	7293	1.04
5142	Journal of Drug Issues	United States	0.457	Q2	126	3449	1.9
5143	Review of Faith and International Affairs	United Kingdom	0.456	Q1	133	1380	0.69
5144	Revista Electronica Complutense de Investigacion en Educacion Musical	Spain	0.456	Q1	34	695	1.04
5145	CYTA - Journal of Food	United Kingdom	0.456	Q2	291	2069	2.49
5146	Powder Metallurgy	United Kingdom	0.456	Q2	121	1626	1.49
5147	Journal of Vector Ecology	United States	0.456	Q2	106	927	1.23
5148	Crop and Pasture Science	Australia	0.456	Q2	296	10287	1.78
5149	Journal of Technology in Human Services	United States	0.456	Q2	61	1141	2.03
5150	Concurrency Computation Practice and Experience	United Kingdom	0.456	Q3	1615	41166	2.57
5151	Journal of the American Pharmacists Association : JAPhA	United States	0.455	Q1	741	8443	1.72
5152	Oceania	United States	0.455	Q1	76	844	0.91
5153	Phytopathologia Mediterranea	Italy	0.455	Q1	147	1659	2.37
5154	Tobacco Prevention and Cessation	Greece	0.455	Q2	173	1152	1.42
5155	Journal of Financial Counseling and Planning	United States	0.455	Q2	88	1473	2.08
5156	Journal of Geometry and Physics	Netherlands	0.455	Q2	631	5823	1.57
5157	African Journal of Aquatic Science	United Kingdom	0.455	Q2	143	2921	1.78
5158	International Journal on Digital Libraries	Germany	0.455	Q2	79	1406	1.96
5159	Journal for the Education of the Gifted	United States	0.455	Q2	52	1057	1.64
5160	Annals of Coloproctology	South Korea	0.455	Q2	211	2393	1.76
5161	Phlebology	United Kingdom	0.455	Q3	294	2726	1.57
5162	Journal of Manipulative and Physiological Therapeutics	United States	0.454	Q1	268	2413	1.29
5163	Anthropology in Action	United States	0.454	Q1	78	690	1.67
5164	Climate Law	Netherlands	0.454	Q1	40	168	0.5
5165	Journal of Visualized Experiments	United States	0.454	Q2	3571	33250	1.23
5166	Thin Solid Films	Netherlands	0.454	Q2	1579	16323	2.18
5167	Mathematical Modelling of Natural Phenomena	France	0.454	Q2	183	1777	2.35
5168	Botanica Marina	Germany	0.454	Q2	145	2103	2.19
5169	Comptes Rendus - Biologies	France	0.454	Q2	102	1393	1.59
5170	Journal of Aquatic Animal Health	United States	0.454	Q2	83	945	1.29
5171	Metrika	Germany	0.454	Q3	144	1660	0.85
5172	Stat	United Kingdom	0.454	Q3	195	3115	0.84
5173	Statistics and Probability Letters	Netherlands	0.454	Q3	727	3619	0.98
5174	Child Abuse Review	United Kingdom	0.453	Q1	140	2104	1.64
5175	Revista de Investigacoes Constitucionais	Brazil	0.453	Q1	94	1101	0.46
5176	Physical Medicine and Rehabilitation Clinics of North America	United Kingdom	0.453	Q2	199	3535	1.7
5177	Inorganics	Switzerland	0.453	Q2	300	16012	2.78
5178	Journal of Theoretical and Computational Acoustics	Singapore	0.453	Q2	102	1647	1.85
5179	Ichnos	United Kingdom	0.453	Q2	90	716	0.96
5180	BMC Zoology	United Kingdom	0.453	Q2	61	3613	1.78
5181	Industrial Robot	United Kingdom	0.453	Q2	264	4505	2.01
5182	SORT	Spain	0.453	Q3	26	0	2.6
5183	Annals of Human Biology	United Kingdom	0.453	Q3	245	2037	1.57
5184	Journal of English as a Lingua Franca	Germany	0.452	Q1	38	538	0.84
5185	Geografisk Tidsskrift	United Kingdom	0.452	Q2	37	555	3.05
5186	Journal of Sexual Aggression	United Kingdom	0.452	Q2	77	3153	1.8
5187	Journal of Global Mobility	United Kingdom	0.452	Q2	71	2252	2.13
5188	Acta Agrobotanica	Poland	0.452	Q2	91	329	1.36
5189	Starch/Staerke	Germany	0.452	Q2	438	10553	2.5
5190	International Spectator	United Kingdom	0.452	Q2	109	2194	1.67
5191	Journal of Teaching in Travel and Tourism	United States	0.452	Q2	73	2051	2.94
5192	Carbonates and Evaporites	Germany	0.452	Q3	332	4542	1.54
5193	Animal Welfare	United Kingdom	0.451	Q2	145	2841	0.97
5194	Ultrasonic Imaging	United States	0.451	Q2	65	598	2.33
5195	Iranian Polymer Journal (English Edition)	Switzerland	0.451	Q2	301	6061	3.36
5196	Flavour and Fragrance Journal	United Kingdom	0.451	Q2	172	1510	3.16
5197	Foreign Trade Review	India	0.451	Q2	76	1476	1.55
5198	Oceanology	United States	0.451	Q2	327	2754	1.03
5199	Bioremediation Journal	United Kingdom	0.451	Q2	81	3463	2.49
5200	Journal of Tropical Ecology	United Kingdom	0.451	Q2	113	1592	1.22
5201	Plant Biosystems	United Kingdom	0.451	Q2	336	8809	2.37
5202	Politikon	United Kingdom	0.451	Q2	92	1313	1.22
5203	Joint Diseases and Related Surgery	Turkey	0.451	Q2	284	2380	1.39
5204	Journal of the American Academy of Psychiatry and the Law	United States	0.451	Q2	339	2796	0.69
5205	Cytotechnology	Netherlands	0.451	Q3	234	2123	2.22
5206	Genes and Genetic Systems	Japan	0.451	Q3	98	1368	0.94
5207	Revista Tradumatica	Spain	0.45	Q1	30	529	1.39
5208	Medical Dosimetry	United States	0.45	Q2	231	1418	1.26
5209	Andean Geology	Chile	0.45	Q2	85	1464	1.0
5210	Russian Mathematical Surveys	United Kingdom	0.45	Q2	132	647	0.68
5211	Journal of Public Child Welfare	United Kingdom	0.45	Q2	94	3768	2.08
5212	International Journal of Osteoarchaeology	United Kingdom	0.449	Q1	304	8323	1.16
5213	Community Dental Health	United Kingdom	0.449	Q2	146	1369	1.54
5214	International Journal of Emotional Education	Malta	0.449	Q2	37	46	1.42
5215	Anais Brasileiros de Dermatologia	Brazil	0.449	Q2	542	2833	1.19
5216	Pleura and Peritoneum	Germany	0.449	Q3	67	673	1.43
5217	Revista de Investigacion Clinica	Mexico	0.449	Q3	144	0	1.25
5218	Currents in Pharmacy Teaching and Learning	United States	0.448	Q1	634	5278	1.1
5219	Anthropology and Medicine	United Kingdom	0.448	Q1	90	1425	1.64
5220	Journal of Nursing Care Quality	United States	0.448	Q2	267	813	1.09
5221	Earthquake Science	China	0.448	Q2	101	1441	1.11
5222	Forest and Society	Indonesia	0.448	Q2	91	2223	2.28
5223	Science Editing	South Korea	0.448	Q2	101	291	1.43
5224	LUTS: Lower Urinary Tract Symptoms	Japan	0.448	Q2	192	1534	1.28
5225	English in Education	United Kingdom	0.447	Q1	88	1039	1.16
5226	Violence and Victims	United States	0.447	Q1	149	2244	1.33
5227	Herpetozoa	Bulgaria	0.447	Q2	98	1165	1.07
5228	Frattura ed Integrita Strutturale	Italy	0.447	Q2	482	4491	1.59
5229	Sleep Science	Brazil	0.447	Q3	175	5320	1.54
5230	Holzforschung	Germany	0.447	Q3	353	4159	2.48
5231	Lung India	India	0.447	Q3	459	1854	0.89
5232	Saudi Dental Journal	Saudi Arabia	0.446	Q2	300	3395	1.92
5233	Journal of Cluster Science	United States	0.446	Q2	474	21347	3.8
5234	Ancient Mesoamerica	United Kingdom	0.446	Q2	111	3731	0.78
5235	New Zealand Journal of Ecology	New Zealand	0.446	Q2	97	2430	1.82
5236	Beton- und Stahlbetonbau	United States	0.446	Q2	346	2160	1.09
5237	Journal of the Astronautical Sciences	United States	0.446	Q2	146	2152	1.53
5238	Acta Biochimica Polonica	Poland	0.446	Q3	270	4419	1.64
5239	Libyan Journal of Medicine	United Kingdom	0.446	Q3	68	1138	2.56
5240	Brumal	Spain	0.445	Q1	70	939	0.29
5241	Hesperia	United States	0.445	Q1	47	1837	0.74
5242	Journal of Children's Services	United Kingdom	0.445	Q1	78	968	1.5
5243	Canadian Journal of Human Sexuality	Canada	0.445	Q2	101	2045	1.32
5244	Indagationes Mathematicae	Netherlands	0.445	Q2	207	1618	0.61
5245	Theoretical Population Biology	United States	0.445	Q2	162	1738	1.24
5246	Strain	United Kingdom	0.445	Q2	88	1009	2.04
5247	Journal of Cardiac Surgery	United Kingdom	0.445	Q2	2016	18562	1.15
5248	Journal of Pharmacological and Toxicological Methods	United States	0.445	Q3	190	1847	1.83
5249	Archeologicke Rozhledy	Czech Republic	0.444	Q1	55	802	0.62
5250	Modern Asian Studies	United Kingdom	0.444	Q1	182	3967	0.76
5251	Memory Studies	United Kingdom	0.444	Q1	246	7509	1.11
5252	Annales Societatis Geologorum Poloniae	Poland	0.444	Q2	77	2268	1.43
5253	International Journal of Mobile and Blended Learning	United States	0.444	Q2	60	224	2.1
5254	Diseases of Aquatic Organisms	Germany	0.444	Q2	327	2999	1.46
5255	Journal of Psychologists and Counsellors in Schools	United Kingdom	0.444	Q2	71	1298	1.24
5256	Sign Systems Studies	Estonia	0.443	Q1	73	904	1.04
5257	Tropical Animal Health and Production	Netherlands	0.443	Q2	1315	18544	1.81
5258	ChemTexts	Switzerland	0.443	Q2	69	1397	2.57
5259	SERIEs	Germany	0.443	Q2	56	692	1.26
5260	Bulletin de la Societe Mathematique de France	France	0.443	Q2	63	0	0.5
5261	International Electronic Journal of Algebra	Turkey	0.443	Q2	95	508	0.72
5262	Turkish Journal of Biology	Turkey	0.443	Q2	148	1945	2.4
5263	Journal of Political Ideologies	United Kingdom	0.443	Q2	72	0	1.54
5264	Tumori	Italy	0.443	Q3	306	3623	1.67
5265	Journal of Renal Care	United States	0.442	Q1	100	1954	1.55
5266	Collegian	Netherlands	0.442	Q2	282	5398	1.58
5267	European Journal of Women's Studies	United Kingdom	0.442	Q2	110	2043	1.38
5268	International Journal of Managerial Finance	United Kingdom	0.442	Q2	111	4770	2.65
5269	Pramana - Journal of Physics	India	0.442	Q2	571	9274	2.59
5270	International Journal of Aeronautical and Space Sciences	South Korea	0.442	Q2	307	3484	1.91
5271	Industrial and Commercial Training	United Kingdom	0.442	Q2	86	2282	1.87
5272	Acta Geochimica	Switzerland	0.442	Q3	195	5291	1.73
5273	Physica Scripta	United Kingdom	0.441	Q2	2569	38971	2.93
5274	Marine Geodesy	United Kingdom	0.441	Q2	81	1327	1.93
5275	Journal of Wildlife Diseases	United States	0.441	Q2	418	2567	1.35
5276	Journal of Symbolic Computation	United States	0.441	Q2	240	1591	0.9
5277	Journal of Low Power Electronics and Applications	Switzerland	0.441	Q2	117	2794	2.47
5278	Educar	Spain	0.441	Q2	92	1187	1.63
5279	Statistics and Risk Modeling	Germany	0.441	Q3	11	270	0.86
5280	Arab Journal of Urology	United Kingdom	0.441	Q3	164	1102	1.36
5281	Archaeology, Ethnology and Anthropology of Eurasia	Russian Federation	0.44	Q1	188	2013	0.55
5282	Medical Humanities	United Kingdom	0.44	Q1	198	3782	1.31
5283	TRaNS: Trans-Regional and -National Studies of Southeast Asia	United Kingdom	0.44	Q1	42	843	1.03
5284	IEEJ Journal of Industry Applications	Japan	0.44	Q2	327	1473	1.83
5285	Microfluidics and Nanofluidics	Germany	0.44	Q2	327	5099	2.84
5286	Physical Mesomechanics	United States	0.44	Q2	199	2085	1.92
5287	Rendiconti del Circolo Matematico di Palermo	Italy	0.44	Q2	240	4306	1.32
5288	Kybernetes	United Kingdom	0.44	Q2	439	28249	3.02
5289	Journal of Electronic Packaging, Transactions of the ASME	United States	0.44	Q2	183	2806	1.87
5290	Journal of Orthopaedic Science	Netherlands	0.44	Q2	678	10573	1.37
5291	International Journal of Low-Carbon Technologies	United Kingdom	0.439	Q1	265	3483	2.67
5292	Sexuality and Culture	United States	0.439	Q1	321	7929	1.73
5293	Practical Laboratory Medicine	Netherlands	0.439	Q2	145	1252	1.97
5294	Risks	Switzerland	0.439	Q2	479	12072	2.42
5295	Atlantic Geology	Canada	0.439	Q2	32	1107	1.43
5296	Applied Stochastic Models in Business and Industry	United Kingdom	0.439	Q2	248	2541	1.35
5297	Automatika	United Kingdom	0.439	Q2	166	2063	2.44
5298	European Journal of Entomology	Czech Republic	0.439	Q2	141	2559	1.34
5299	Cogent Education	United Kingdom	0.439	Q2	363	13417	1.96
5300	Journal of Convention and Event Tourism	United States	0.439	Q3	67	1698	3.23
5301	Journal of Integer Sequences	Canada	0.439	Q3	226	906	0.45
5302	Photobiomodulation, Photomedicine, and Laser Surgery	United States	0.439	Q3	347	4120	1.8
5303	Palestine Exploration Quarterly	United Kingdom	0.438	Q1	62	2078	0.74
5304	Studies in Documentary Film	United Kingdom	0.438	Q1	55	1043	0.78
5305	Folia Phoniatrica et Logopaedica	Switzerland	0.438	Q1	138	1696	1.42
5306	Acta Chimica Sinica	China	0.438	Q2	432	8596	2.57
5307	Journal of Adhesion Science and Technology	United Kingdom	0.438	Q2	485	10727	2.65
5308	Journal of Asian Ceramic Societies	United Kingdom	0.438	Q2	332	3136	2.41
5309	Journal of Education for Business	United Kingdom	0.438	Q2	193	2850	1.69
5310	Ardeola	Spain	0.438	Q2	74	528	1.22
5311	Terrorism and Political Violence	United Kingdom	0.438	Q2	269	72	2.24
5312	Geospatial health	Italy	0.438	Q2	134	2524	1.81
5313	Power and Education	United Kingdom	0.438	Q2	53	2127	1.53
5314	ECS Journal of Solid State Science and Technology	United States	0.438	Q3	1347	22379	3.3
5315	New Solutions	United States	0.438	Q3	118	1497	1.75
5316	Concrete Operators	Germany	0.438	Q3	36	293	0.68
5317	Growth Factors	United Kingdom	0.438	Q3	46	1667	1.92
5318	Indian Heart Journal	India	0.438	Q3	378	2345	1.33
5319	SPAL	Spain	0.437	Q1	70	2060	0.44
5320	Revista Brasileira de Parasitologia Veterinaria	Brazil	0.437	Q2	344	2739	1.29
5321	Journal of Electrochemical Energy Conversion and Storage	United States	0.437	Q2	175	3035	2.45
5322	Archiv der Mathematik	Switzerland	0.437	Q2	420	1910	0.59
5323	Canadian Mathematical Bulletin	Canada	0.437	Q2	238	1992	0.65
5324	Biological Bulletin	United States	0.437	Q2	127	3597	1.55
5325	Revue Suisse de Zoologie	Switzerland	0.437	Q2	73	1438	0.76
5326	IMA Journal of Mathematical Control and Information	United Kingdom	0.437	Q2	185	1351	1.76
5327	Anthropological Quarterly	United States	0.436	Q1	86	1790	0.9
5328	Partner Abuse	United States	0.436	Q1	73	1374	1.13
5329	Activities, Adaptation and Aging	United States	0.436	Q2	60	2137	2.55
5330	Feminist Review	United Kingdom	0.436	Q2	119	762	1.04
5331	Journal of Property Investment and Finance	United Kingdom	0.436	Q2	133	1988	2.01
5332	Journal of the Indian Ocean Region	United States	0.436	Q2	65	712	1.17
5333	Journal of Biological Systems	Singapore	0.436	Q2	94	1412	1.93
5334	Water Policy	United Kingdom	0.436	Q2	269	5126	1.87
5335	ETRI Journal	United States	0.436	Q2	251	3710	2.07
5336	Acta Zoologica	United Kingdom	0.436	Q2	121	3761	1.36
5337	Aerobiologia	Netherlands	0.436	Q2	188	2500	1.87
5338	On the Horizon	United Kingdom	0.436	Q2	54	872	3.4
5339	Journal of Pseudo-Differential Operators and Applications	Switzerland	0.436	Q3	189	1720	1.17
5340	Journal of Physical Education, Recreation and Dance	United Kingdom	0.435	Q2	305	2053	0.86
5341	Biointerphases	United States	0.435	Q2	159	2445	2.16
5342	Central Bank Review	Netherlands	0.435	Q2	46	635	2.31
5343	Archaea	United States	0.435	Q2	27	0	2.62
5344	Hortscience: A Publication of the American Society for Hortcultural Science	United States	0.435	Q2	922	7723	1.63
5345	Bulletin of the Atomic Scientists	United Kingdom	0.435	Q2	189	1152	0.64
5346	Magallania	Chile	0.435	Q2	73	394	0.42
5347	Revista de Comunicacion	Peru	0.435	Q2	83	3428	1.71
5348	Plasmonics	United States	0.435	Q3	710	9948	3.2
5349	Business History Review	United Kingdom	0.434	Q1	91	1264	0.51
5350	International Journal of Art and Design Education	United Kingdom	0.434	Q1	189	1585	1.47
5351	Journal of Financial Regulation	United States	0.434	Q2	32	723	2.82
5352	Radio Science	United States	0.434	Q2	290	3679	1.71
5353	American Journal of Enology and Viticulture	United States	0.434	Q2	115	1294	2.04
5354	Basic Income Studies	Germany	0.434	Q3	28	891	1.11
5355	Advances in Applied Clifford Algebras	Switzerland	0.434	Q3	246	1934	1.3
5356	Archivos de Bronconeumologia	Spain	0.434	Q3	898	4946	1.67
5357	Clinical Teacher	United Kingdom	0.433	Q2	504	1234	1.02
5358	Chemical and Pharmaceutical Bulletin	Japan	0.433	Q2	509	4827	1.72
5359	Cuadernos de Investigacion Geografica	Spain	0.433	Q2	82	1289	1.53
5360	Portugaliae Mathematica	Germany	0.433	Q2	50	465	0.81
5361	Optical and Quantum Electronics	United States	0.433	Q2	1624	33913	3.14
5362	Journal of the Korean Academy of Child and Adolescent Psychiatry	South Korea	0.433	Q2	57	432	1.81
5363	Journal of Risk Finance	United Kingdom	0.432	Q2	81	1913	2.37
5364	Journal of Engineered Fibers and Fabrics	United States	0.432	Q2	335	2997	2.95
5365	Complex Manifolds	Poland	0.432	Q2	55	440	0.61
5366	Skin Appendage Disorders	Switzerland	0.432	Q2	271	1488	0.92
5367	Allergologia et Immunopathologia	Singapore	0.432	Q3	340	3897	1.94
5368	HAU: Journal of Ethnographic Theory	United Kingdom	0.431	Q1	264	2316	0.64
5369	International Agrophysics	Germany	0.431	Q2	146	1676	2.24
5370	Comptes Rendus - Geoscience	France	0.431	Q2	166	5044	1.34
5371	Journal of Seismology	Netherlands	0.431	Q2	243	3793	1.5
5372	Aquatic Biology	Germany	0.431	Q2	40	1466	1.25
5373	St. Petersburg Mathematical Journal	United States	0.431	Q2	158	1003	0.51
5374	Early Years	United States	0.431	Q2	129	4078	1.39
5375	Teoria de la Educacion	Spain	0.431	Q2	65	939	1.94
5376	Alcoholism Treatment Quarterly	United States	0.431	Q3	113	1590	1.08
5377	Civil Wars	United States	0.43	Q1	74	1539	0.82
5378	UCLA Law Review	United States	0.43	Q1	51	5323	0.75
5379	Dental and Medical Problems	Poland	0.43	Q2	184	2963	2.65
5380	Candollea	Switzerland	0.43	Q2	73	389	0.56
5381	International Journal of Ambient Energy	United Kingdom	0.43	Q2	581	34557	3.63
5382	Protein Expression and Purification	United States	0.43	Q3	471	4097	1.82
5383	International Journal on Interactive Design and Manufacturing	France	0.429	Q2	298	13930	2.71
5384	Constraints	Netherlands	0.429	Q3	27	622	1.38
5385	Journal of Sol-Gel Science and Technology	Netherlands	0.428	Q2	811	14661	2.61
5386	Economia Politica	Switzerland	0.428	Q2	113	3414	1.49
5387	Eurasian Soil Science	United States	0.428	Q2	507	8521	1.56
5388	International Journal of Corrosion and Scale Inhibition	Russian Federation	0.428	Q2	267	4440	3.03
5389	Tuexenia	Germany	0.428	Q2	66	340	0.84
5390	Acta Botanica Brasilica	Brazil	0.428	Q2	190	5501	1.48
5391	Journal of College Counseling	United States	0.428	Q2	53	0	1.03
5392	Anales de Psicologia	Spain	0.428	Q3	179	3190	1.87
5393	Journal of Inverse and Ill-Posed Problems	Germany	0.428	Q3	187	1982	1.04
5394	Human Fertility	United Kingdom	0.428	Q3	160	6009	1.79
5395	MCN The American Journal of Maternal Child Nursing	United States	0.427	Q1	258	1247	1.38
5396	International Journal of Prisoner Health	United Kingdom	0.427	Q2	109	3315	1.87
5397	Quaestiones Mathematicae	United Kingdom	0.427	Q2	342	4893	0.86
5398	Space and Polity	United Kingdom	0.427	Q2	77	814	2.09
5399	Statistical Modelling	United Kingdom	0.427	Q3	98	1654	1.09
5400	Intelligenza Artificiale	Netherlands	0.427	Q3	39	529	1.73
5401	Clinical and Translational Imaging	Italy	0.427	Q3	146	4041	1.53
5402	Journal for healthcare quality : official publication of the National Association for Healthcare Quality	United States	0.427	Q3	163	1058	1.23
5403	Ratio	United Kingdom	0.426	Q1	91	839	0.57
5404	Changing English	United States	0.426	Q1	110	1062	0.97
5405	Women's Studies International Forum	United Kingdom	0.426	Q1	220	3781	1.6
5406	Revista Latino-Americana de Enfermagem	Brazil	0.426	Q2	426	3570	1.62
5407	Petrophysics	United States	0.426	Q2	149	815	0.86
5408	Journal of Arachnology	United States	0.426	Q2	119	1715	0.94
5409	Journal of Marine Science and Application	China	0.426	Q2	168	2647	1.97
5410	Journal of Transformative Education	United States	0.426	Q2	67	1735	0.98
5411	Innovative Surgical Sciences	Germany	0.426	Q2	132	542	1.91
5412	NeuroReport	United States	0.426	Q3	589	3172	1.7
5413	International Journal of Innovative Computing, Information and Control	Japan	0.426	Q3	448	3535	1.48
5414	History of the Family	United Kingdom	0.425	Q1	90	2909	0.89
5415	Avian Diseases	United States	0.425	Q2	267	853	1.17
5416	Microsystem Technologies	Germany	0.425	Q2	1224	8397	2.37
5417	Trudy Instituta Matematiki i Mekhaniki UrO RAN	Russian Federation	0.425	Q2	273	1429	0.51
5418	Drugs of Today	Spain	0.425	Q3	168	2350	1.79
5419	Few-Body Systems	Austria	0.425	Q3	220	3224	1.4
5420	Human Studies	Netherlands	0.424	Q1	112	1897	1.13
5421	Space and Culture	United States	0.424	Q1	151	3507	1.31
5422	SN Applied Sciences	Switzerland	0.424	Q2	4750	14771	2.88
5423	Canadian Journal of Soil Science	Canada	0.424	Q2	179	3113	1.49
5424	Wspolczesna Onkologia	Poland	0.424	Q3	126	1320	1.8
5425	OTJR Occupation, Participation and Health	United States	0.423	Q1	97	1619	1.62
5426	Journal of Futures Studies	Taiwan	0.423	Q1	116	1322	0.93
5427	Journal of Exercise Rehabilitation	South Korea	0.423	Q2	279	1684	1.99
5428	Physica C: Superconductivity and its Applications	Netherlands	0.423	Q2	362	3234	1.7
5429	Journal of Molecular Graphics and Modelling	United States	0.423	Q2	679	12272	3.16
5430	Invertebrate Biology	United States	0.423	Q2	106	1701	1.25
5431	Worldwide Hospitality and Tourism Themes	United Kingdom	0.423	Q2	232	2134	2.33
5432	George Washington Law Review	United States	0.422	Q1	93	968	0.75
5433	International Journal of Speech Technology	Netherlands	0.422	Q1	279	3476	2.74
5434	Space Policy	United Kingdom	0.422	Q1	98	2363	1.31
5435	Journal of Child and Adolescent Psychiatric Nursing	United States	0.422	Q2	104	1769	1.42
5436	Surface Topography: Metrology and Properties	United Kingdom	0.422	Q2	425	8270	2.62
5437	ILAR Journal	United Kingdom	0.422	Q2	90	0	1.36
5438	International Journal of Circuit Theory and Applications	United Kingdom	0.422	Q2	524	9996	2.45
5439	Proceedings of the Institution of Mechanical Engineers, Part A: Journal of Power and Energy	United Kingdom	0.422	Q2	294	5122	2.0
5440	Procesamiento del Lenguaje Natural	Spain	0.421	Q1	129	1050	1.67
5441	Health Care Manager	United States	0.421	Q2	66	0	2.31
5442	Journal of Back and Musculoskeletal Rehabilitation	Netherlands	0.421	Q2	366	5484	1.62
5443	Annals of Finance	Germany	0.421	Q2	62	902	1.17
5444	International Journal of Theoretical and Applied Finance	Singapore	0.421	Q2	155	990	0.64
5445	Photogrammetric Record	United Kingdom	0.421	Q2	116	824	1.07
5446	Journal of Molluscan Studies	United Kingdom	0.421	Q2	139	1853	1.02
5447	Zeitschrift fur Erziehungswissenschaft	Germany	0.421	Q2	199	4756	1.4
5448	Journal of Herbal Medicine	Germany	0.421	Q2	257	6142	2.79
5449	HEC Forum	Netherlands	0.421	Q3	83	2089	1.27
5450	Revista da Sociedade Brasileira de Medicina Tropical	Brazil	0.421	Q3	732	3984	1.38
5451	Critical Reviews in Therapeutic Drug Carrier Systems	United States	0.42	Q2	49	2440	3.0
5452	IForest	Italy	0.42	Q2	211	2866	1.89
5453	European Zoological Journal	United Kingdom	0.42	Q2	204	5508	1.71
5454	Microwave and Optical Technology Letters	United States	0.42	Q2	1492	8936	1.82
5455	Peacebuilding	United Kingdom	0.42	Q2	73	0	1.42
5456	Xenobiotica	United Kingdom	0.42	Q3	468	3886	1.94
5457	Acta Clinica Belgica	United Kingdom	0.42	Q3	231	4769	1.44
5458	Annales Medico-Psychologiques	France	0.419	Q2	456	7647	0.74
5459	Local Economy	United Kingdom	0.419	Q2	140	1209	1.63
5460	International Journal of Applied Ceramic Technology	United States	0.419	Q2	758	13997	2.49
5461	Semiconductor Science and Technology	United Kingdom	0.419	Q2	1070	10252	1.95
5462	Community Ecology	Hungary	0.419	Q2	95	2286	1.79
5463	Limnetica	Spain	0.419	Q2	120	1607	1.61
5464	Applied Radiation and Isotopes	United Kingdom	0.419	Q3	1240	13040	1.64
5465	IEEE Transactions on Plasma Science	United States	0.419	Q3	1793	18338	1.56
5466	Journal of the Marine Biological Association of the United Kingdom	United Kingdom	0.419	Q3	425	2883	1.08
5467	Coronary Artery Disease	United States	0.419	Q3	368	2808	1.3
5468	Mires and Peat	Germany	0.418	Q2	109	2122	1.4
5469	Algebra Universalis	Switzerland	0.418	Q2	175	878	0.54
5470	Mathematica Slovaca	Poland	0.418	Q2	354	2715	1.52
5471	Open Agriculture	Poland	0.418	Q2	239	3969	2.37
5472	Journal of Control, Automation and Electrical Systems	United States	0.418	Q2	368	4798	2.21
5473	Chinese Journal of Traumatology - English Edition	Netherlands	0.418	Q2	215	2421	2.1
5474	Journal of Object Technology	Switzerland	0.418	Q3	90	1399	1.21
5475	Bioelectromagnetics	United States	0.418	Q3	172	1822	1.9
5476	Somnologie	Germany	0.418	Q3	112	1496	1.27
5477	Ethos	United States	0.417	Q1	82	1664	0.61
5478	Entomological Science	United States	0.417	Q2	147	1001	0.98
5479	Frontiers of Education in China	China	0.417	Q2	53	0	3.29
5480	Practice Periodical on Structural Design and Construction	United States	0.416	Q2	223	4788	2.1
5481	Proceedings of the Geologists Association	United Kingdom	0.416	Q2	186	3593	1.25
5482	Siberian Electronic Mathematical Reports	Russian Federation	0.416	Q2	400	1466	0.49
5483	Education 3-13	United States	0.416	Q2	245	9442	1.3
5484	BJ Psych Advances	United Kingdom	0.416	Q3	171	1641	1.25
5485	University of Pennsylvania Law Review	United States	0.415	Q1	122	2554	0.73
5486	Zoo Biology	United States	0.415	Q2	166	3597	1.48
5487	Experimental Techniques	Switzerland	0.415	Q2	185	4198	2.14
5488	Journal of Scholarly Publishing	Canada	0.415	Q2	49	426	1.64
5489	Journal of Investigative Surgery	United Kingdom	0.415	Q2	498	7939	1.45
5490	Acta Radiologica	United Kingdom	0.415	Q3	619	8460	1.5
5491	Bulletin of Marine Science	United States	0.415	Q3	144	1248	1.25
5492	Bulletin of the Menninger Clinic	United States	0.415	Q3	66	889	1.02
5493	Turkish Studies	United Kingdom	0.414	Q1	101	2192	1.44
5494	ISRA International Journal of Islamic Finance	United Kingdom	0.414	Q2	67	1169	2.07
5495	Journal of Banking Regulation	United Kingdom	0.414	Q2	74	3047	2.2
5496	Microelectronics Journal	Netherlands	0.414	Q2	628	7204	2.45
5497	Solid-State Electronics	United Kingdom	0.414	Q2	507	4529	1.86
5498	Animal Production Science	Australia	0.414	Q2	681	9231	1.43
5499	Bulletin of the Peabody Museum of Natural History	United States	0.414	Q2	21	397	1.42
5500	Revista Brasileira de Ciencia do Solo	Brazil	0.414	Q2	155	2780	1.59
5501	Rheologica Acta	Germany	0.414	Q2	181	3100	2.24
5502	Journal of Radio and Audio Media	United States	0.414	Q2	86	2015	0.97
5503	Journal of the Society of Laparoendoscopic Surgeons	United States	0.414	Q2	190	1355	1.41
5504	Opto-Electronics Review	Netherlands	0.414	Q3	91	1056	1.6
5505	Philosophical Magazine	United Kingdom	0.414	Q3	464	6075	1.68
5506	Dialogic Pedagogy	United States	0.413	Q1	40	620	1.0
5507	Canadian Journal of Occupational Therapy	United States	0.413	Q2	121	1892	1.7
5508	Resource Geology	United States	0.413	Q2	72	1638	1.51
5509	Australian Planner	United Kingdom	0.413	Q2	46	463	1.35
5510	Library Trends	United States	0.413	Q2	112	1215	0.7
5511	Information and Computation	United States	0.413	Q3	228	5404	0.98
5512	Journal of Psychiatric Practice	United States	0.413	Q3	236	1361	1.14
5513	Michigan Law Review	United States	0.412	Q1	113	70	0.49
5514	Rehabilitation Counseling Bulletin	United States	0.412	Q2	79	2616	1.56
5515	Logic Journal of the IGPL	United Kingdom	0.411	Q1	150	988	1.01
5516	Biosemiotics	Netherlands	0.411	Q1	124	2049	0.87
5517	Survey Review	United Kingdom	0.411	Q2	159	2950	1.84
5518	Journal of Arthropod-Borne Diseases	Iran	0.411	Q3	114	282	1.13
5519	Detritus	Italy	0.411	Q3	238	2068	1.47
5520	Qualitative Theory of Dynamical Systems	United States	0.411	Q3	250	5230	1.5
5521	Youth Justice	United States	0.41	Q1	60	1557	1.5
5522	Russian Journal of Pacific Geology	United States	0.41	Q2	133	1794	0.87
5523	Revista Chilena de Historia Natural	Chile	0.41	Q2	21	520	1.63
5524	ZAMM Zeitschrift fur Angewandte Mathematik und Mechanik	Germany	0.41	Q2	401	8139	2.37
5525	International maritime health	Poland	0.41	Q3	154	400	1.53
5526	Journal of Roman Archaeology	United States	0.409	Q1	79	3035	0.57
5527	Intercultural Education	United Kingdom	0.409	Q1	131	1577	1.25
5528	Solvent Extraction and Ion Exchange	United States	0.409	Q2	126	1829	2.26
5529	Geographica Pannonica	Serbia	0.409	Q2	85	1368	1.93
5530	Laser Physics Letters	United Kingdom	0.409	Q2	660	6791	1.86
5531	Jurnal Tribologi	Malaysia	0.409	Q2	132	1307	1.67
5532	Rivista Italiana di Scienza Politica	Italy	0.409	Q2	64	2146	1.63
5533	Danish Medical Journal	Denmark	0.409	Q3	253	911	1.27
5534	Jornal Brasileiro de Pneumologia	Brazil	0.409	Q3	420	2316	1.0
5535	Scottish Medical Journal	United Kingdom	0.409	Q3	103	799	2.36
5536	European Journal of International Law	United Kingdom	0.408	Q1	192	2207	0.4
5537	Comparative Medicine	United States	0.408	Q2	160	2123	0.8
5538	JAOCS, Journal of the American Oil Chemists' Society	Germany	0.408	Q2	342	4234	2.18
5539	Acoustics Australia	Australia	0.408	Q2	93	1090	2.12
5540	Australian Journal of Anthropology, The	United States	0.408	Q2	74	1505	0.78
5541	Surgical and Radiologic Anatomy	France	0.408	Q2	708	4914	1.41
5542	Ukrainian Journal of Physical Optics	Ukraine	0.408	Q3	69	523	2.6
5543	Epilepsy Currents	United States	0.408	Q3	348	1753	1.04
5544	Strabismus	United Kingdom	0.408	Q3	116	742	0.86
5545	Turkish Journal of Haematology	Turkey	0.408	Q3	239	711	0.91
5546	Social Compass	United Kingdom	0.407	Q1	113	1939	1.1
5547	Administrative Law Review	United States	0.407	Q1	16	0	0.0
5548	Adoption & Fostering	United Kingdom	0.407	Q1	104	1048	0.42
5549	Logforum	Poland	0.407	Q2	126	1320	2.44
5550	Explore: The Journal of Science and Healing	United States	0.407	Q2	282	5821	1.65
5551	IEEE Embedded Systems Letters	United States	0.407	Q2	117	736	1.61
5552	Aquatic Insects	United Kingdom	0.407	Q2	64	1150	0.9
5553	Mitteilungen aus dem Museum fur Naturkunde in Berlin - Deutsche Entomologische Zeitschrift	Germany	0.407	Q2	42	310	0.68
5554	Clinical Psychologist	United States	0.407	Q3	95	1643	1.58
5555	Revista de Psicologia Social	United Kingdom	0.407	Q3	76	1085	2.04
5556	Psychiatria Danubina	Croatia	0.407	Q3	873	7188	1.77
5557	Narrative	United States	0.406	Q1	63	859	0.9
5558	Global Crime	United Kingdom	0.406	Q1	39	1300	2.3
5559	Inorganica Chimica Acta	Netherlands	0.406	Q2	1821	23258	2.96
5560	Journal of Plant Registrations	United States	0.406	Q2	218	1996	0.92
5561	ANZ Journal of Surgery	United Kingdom	0.406	Q2	2318	14498	0.83
5562	Journal of visceral surgery	France	0.406	Q2	320	2208	1.14
5563	Astrophysics and Space Science	Netherlands	0.406	Q3	517	7243	1.74
5564	Kidney Cancer	Netherlands	0.406	Q3	57	918	0.5
5565	Ursus	United States	0.405	Q2	55	715	1.32
5566	Neotropical Ichthyology	Brazil	0.405	Q2	194	3800	1.58
5567	Clinical Supervisor, The	United States	0.405	Q2	53	534	1.37
5568	Journal of North African Studies	United Kingdom	0.405	Q2	170	3913	0.75
5569	Journal of Spatial Science	United Kingdom	0.405	Q2	112	2054	2.26
5570	European Physical Journal D	United States	0.405	Q3	816	9866	1.69
5571	INFOR	Canada	0.405	Q3	76	842	1.44
5572	Clinical and Experimental Reproductive Medicine	South Korea	0.405	Q3	119	1445	1.9
5573	IET Software	United Kingdom	0.404	Q2	174	2190	2.21
5574	Australian Journal of Zoology	Australia	0.404	Q2	95	1222	1.17
5575	Nota Lepidopterologica	Bulgaria	0.404	Q2	56	1140	0.8
5576	Pediatric Emergency Care	United States	0.404	Q2	1080	11493	1.07
5577	Geotechnik	United States	0.404	Q3	85	438	0.46
5578	New Generation Computing	Japan	0.404	Q3	93	2210	3.05
5579	IEEE Pervasive Computing	United States	0.404	Q3	134	845	1.72
5580	Journal of Manual and Manipulative Therapy	United Kingdom	0.403	Q2	119	2778	1.43
5581	Surface Innovations	United Kingdom	0.403	Q2	133	2597	3.19
5582	Teaching and Learning Inquiry	Canada	0.403	Q2	102	913	1.05
5583	IET Optoelectronics	United Kingdom	0.403	Q3	146	1126	2.16
5584	Clean - Soil, Air, Water	Germany	0.403	Q3	151	2703	1.95
5585	BioSocieties	United Kingdom	0.403	Q3	82	4645	1.54
5586	Chemie-Ingenieur-Technik	Germany	0.402	Q2	606	7339	1.91
5587	Journal of Asia-Pacific Entomology	Netherlands	0.402	Q2	550	7425	1.52
5588	Asian Journal of Women's Studies	United Kingdom	0.402	Q2	90	1216	0.9
5589	Advances in Autism	United Kingdom	0.402	Q3	89	1262	1.25
5590	Annales de Paleontologie	France	0.402	Q3	75	1149	1.09
5591	Zeitschrift fur Arbeits- und Organisationspsychologie	Germany	0.402	Q3	59	833	1.42
5592	Boundary Value Problems	United Kingdom	0.402	Q3	445	3243	1.52
5593	Journal of Difference Equations and Applications	United Kingdom	0.402	Q3	272	2508	1.15
5594	Sahara J	United Kingdom	0.402	Q3	29	122	0.95
5595	Journal of Gastrointestinal Cancer	United States	0.402	Q3	585	8472	1.68
5596	International Journal of Multicultural Education	United States	0.401	Q1	61	1075	1.46
5597	Latin American and Caribbean Ethnic Studies	United Kingdom	0.401	Q1	68	2115	0.62
5598	Journal of Correctional Health Care	United States	0.401	Q2	125	2086	0.94
5599	Acta Polymerica Sinica	China	0.401	Q2	322	6929	1.99
5600	International Journal of Education Through Art	United Kingdom	0.401	Q2	75	936	0.72
5601	Bradleya	United Kingdom	0.401	Q2	87	576	1.42
5602	Water S.A.	South Africa	0.401	Q3	199	2390	1.63
5603	Journal of Military and Veterans' Health	Australia	0.401	Q3	1	0	2.0
5604	New Zealand Medical Journal	New Zealand	0.401	Q3	848	6197	1.02
5605	Boletin del Museo Chileno de Arte Precolombino	Chile	0.4	Q1	58	791	0.33
5606	Lucentum	Spain	0.4	Q1	48	1176	0.63
5607	Journal of Korean Academy of Nursing	South Korea	0.4	Q2	197	1900	1.4
5608	Polyhedron	United Kingdom	0.4	Q2	1719	27543	2.68
5609	Siberian Mathematical Journal	United States	0.4	Q2	290	2121	0.55
5610	Genetica	Netherlands	0.4	Q2	90	2182	1.43
5611	IFLA Journal	United Kingdom	0.4	Q2	103	2400	1.65
5612	Lipids	Germany	0.4	Q3	178	1372	2.01
5613	Annals of Saudi Medicine	Saudi Arabia	0.4	Q3	184	1371	1.43
5614	Kardiologia Polska	Poland	0.4	Q3	857	5034	1.15
5615	Patterns of Prejudice	United Kingdom	0.399	Q1	80	0	1.2
5616	Arctic Anthropology	United States	0.399	Q1	32	0	0.63
5617	AIMS Energy	United States	0.399	Q2	176	3347	2.28
5618	Journal of Industry, Competition and Trade	Netherlands	0.399	Q2	89	997	2.12
5619	Regular and Chaotic Dynamics	United States	0.399	Q2	136	1326	1.56
5620	Advanced Optical Technologies	Germany	0.399	Q3	119	567	1.59
5621	International Journal of Parallel Programming	United States	0.399	Q3	150	957	1.62
5622	Israel Medical Association Journal	Israel	0.399	Q3	632	3087	1.13
5623	Journal of International Advanced Otology	Turkey	0.399	Q3	284	2195	1.11
5624	Archaeological Prospection	United Kingdom	0.398	Q1	95	3139	2.2
5625	Journal of Beliefs and Values	United Kingdom	0.398	Q1	112	2928	1.51
5626	Apunts. Educacion Fisica y Deportes	Spain	0.398	Q1	124	853	1.3
5627	Journal of Gay and Lesbian Social Services	United States	0.398	Q2	81	2422	1.85
5628	Wideochirurgia I Inne Techniki Maloinwazyjne	Poland	0.398	Q2	251	1794	1.46
5629	Journal of Biological Physics	Netherlands	0.398	Q3	79	1289	1.79
5630	Biota Neotropica	Brazil	0.398	Q3	265	4418	1.28
5631	Singapore Medical Journal	Singapore	0.398	Q3	409	2086	1.49
5632	International Journal of Historical Archaeology	United States	0.397	Q1	140	5001	0.92
5633	Applied Ontology	Netherlands	0.397	Q1	50	967	1.29
5634	Revista Chilena de Derecho	Chile	0.397	Q1	118	277	0.39
5635	Journal of Social Distress and the Homeless	United Kingdom	0.397	Q2	44	0	0.5
5636	Mentoring and Tutoring: Partnership in Learning	United Kingdom	0.397	Q2	101	1578	1.31
5637	Artificial Life	United States	0.397	Q3	67	1642	3.76
5638	Epidemiologia e prevenzione	Italy	0.397	Q3	420	1612	0.9
5639	European Journal of Translational Myology	Italy	0.397	Q3	160	2591	2.13
5640	International Journal of Community Music	United Kingdom	0.396	Q1	66	831	0.71
5641	Nationalities Papers	United Kingdom	0.396	Q1	219	6264	1.1
5642	Mining, Metallurgy and Exploration	Switzerland	0.396	Q2	482	7059	2.13
5643	China Foundry	Singapore	0.396	Q2	181	2167	1.77
5644	Tohoku Mathematical Journal	Japan	0.396	Q2	84	622	0.51
5645	Brittonia	United States	0.396	Q2	132	1609	0.9
5646	Journal of Craniofacial Surgery	United States	0.396	Q2	2943	20048	0.89
5647	Indian Geotechnical Journal	India	0.396	Q3	239	5690	1.59
5648	Psicologia: Reflexao e Critica	Switzerland	0.396	Q3	81	1952	1.59
5649	Beitrage zur Algebra und Geometrie	Germany	0.396	Q3	163	1665	0.65
5650	Journal for the Study of the Old Testament	United Kingdom	0.395	Q1	122	1949	0.27
5651	Duke Law Journal	United States	0.395	Q1	89	7288	0.7
5652	MethodsX	Netherlands	0.395	Q2	1150	6896	1.97
5653	Open Geosciences	Germany	0.395	Q2	327	5678	2.13
5654	Biological Agriculture and Horticulture	United Kingdom	0.395	Q2	57	1159	1.72
5655	Acta Oceanologica Sinica	China	0.395	Q3	522	8965	1.44
5656	Electromagnetic Biology and Medicine	United Kingdom	0.395	Q3	117	1978	1.97
5657	Complutum	Spain	0.394	Q1	86	816	0.33
5658	Journal of Biblical Literature	United States	0.394	Q1	148	1832	0.38
5659	Law and Policy	United Kingdom	0.394	Q1	52	1544	1.09
5660	Experimental Animals	Japan	0.394	Q2	255	2299	1.47
5661	SAE International Journal of Engines	United States	0.394	Q2	172	2012	1.47
5662	Social Anthropology	United States	0.394	Q2	317	1755	0.79
5663	Aquatic Mammals	Netherlands	0.394	Q2	178	3648	1.09
5664	Agrekon	United Kingdom	0.394	Q2	93	1226	1.28
5665	Journal of Pharmacopuncture	South Korea	0.394	Q2	89	1068	1.42
5666	Neues Jahrbuch fur Geologie und Palaontologie - Abhandlungen	Germany	0.394	Q3	248	4831	0.89
5667	Proteome Science	United Kingdom	0.394	Q3	34	802	2.0
5668	Orbit	United Kingdom	0.394	Q3	360	5113	0.95
5669	Studia Linguistica	United States	0.393	Q1	66	1944	0.5
5670	Journal of Perinatal and Neonatal Nursing	United States	0.393	Q2	218	1657	0.72
5671	Revista Brasileira de Engenharia Agricola e Ambiental	Brazil	0.393	Q2	384	3307	1.41
5672	Medical Science Educator	United States	0.393	Q2	768	6435	1.44
5673	Peace and Conflict	United States	0.393	Q2	178	2938	1.09
5674	World journal for pediatric & congenital heart surgery	United States	0.393	Q2	501	2505	0.81
5675	Ameghiniana	Argentina	0.393	Q3	98	1691	0.93
5676	Advances in Geometry	Germany	0.393	Q3	134	937	0.41
5677	Journal of the American Mosquito Control Association	United States	0.393	Q3	157	1207	1.1
5678	Enterprise and Society	United Kingdom	0.392	Q1	126	3499	0.54
5679	Critical Inquiry	United States	0.392	Q1	146	3	1.05
5680	Afrika Matematika	United States	0.392	Q2	309	2425	1.13
5681	European Journal of Contemporary Education	Slovakia	0.392	Q2	243	4122	1.91
5682	South African Journal of Education	South Africa	0.392	Q2	249	3147	0.87
5683	Manchester School	United Kingdom	0.392	Q3	122	1480	1.09
5684	Revue de Micropaleontologie	France	0.392	Q3	65	1165	0.94
5685	Molecular Syndromology	Switzerland	0.392	Q4	174	1385	1.05
5686	International Journal of Fruit Science	United States	0.391	Q2	321	2886	2.7
5687	Electronic News	United States	0.391	Q2	33	878	1.09
5688	Quality Assurance in Education	United Kingdom	0.391	Q2	86	2237	2.09
5689	TripleC	Austria	0.391	Q2	81	317	1.43
5690	Arquivos de Neuro-Psiquiatria	Brazil	0.391	Q3	533	7590	1.11
5691	Quantitative InfraRed Thermography Journal	United Kingdom	0.391	Q3	58	1271	2.22
5692	African Journal of Marine Science	South Africa	0.391	Q3	129	1352	1.24
5693	Studies in Art Education	United Kingdom	0.39	Q1	102	997	0.47
5694	Safety	Switzerland	0.39	Q2	221	4559	1.95
5695	Journal of Cosmetic and Laser Therapy	United Kingdom	0.39	Q2	171	433	1.17
5696	Cambridge Quarterly of Healthcare Ethics	United Kingdom	0.39	Q3	225	1972	1.37
5697	Journal of Prevention and Intervention in the Community	United States	0.39	Q3	95	1264	1.32
5698	Open Medicine (Poland)	Germany	0.39	Q3	432	7500	2.12
5699	European Journal of Physics	United Kingdom	0.389	Q2	675	4386	0.73
5700	JETP Letters	United States	0.389	Q2	793	7124	1.28
5701	Mathematica Scandinavica	Denmark	0.389	Q2	92	14	0.47
5702	AIMS Agriculture and Food	United States	0.389	Q2	180	2924	2.24
5703	Insights: the UKSG Journal	United Kingdom	0.389	Q2	87	566	0.91
5704	Clinical Plasma Medicine	Germany	0.389	Q2	26	0	2.93
5705	Revista Espanola de Quimioterapia	Spain	0.389	Q3	334	3956	1.35
5706	Zeitschrift fur Padagogische Psychologie	Switzerland	0.389	Q3	70	2123	1.79
5707	Modeling, Identification and Control	Norway	0.389	Q3	49	271	1.85
5708	Annali di igiene : medicina preventiva e di comunita	Italy	0.389	Q3	210	1745	1.77
5709	Archivo Espanol de Arqueologia	Spain	0.388	Q1	48	1235	0.45
5710	Logopedics Phoniatrics Vocology	United Kingdom	0.388	Q2	73	2509	1.92
5711	Science of Sintering	Serbia	0.388	Q2	118	1528	1.64
5712	BioInvasions Records	Finland	0.388	Q2	295	4566	1.54
5713	Boletin de la Sociedad Matematica Mexicana	Switzerland	0.388	Q2	209	1700	0.96
5714	Cryptogamie, Bryologie	France	0.388	Q2	62	490	1.02
5715	Phytotaxa	New Zealand	0.388	Q2	2829	38570	1.08
5716	Revista de Administracao Publica	Brazil	0.388	Q2	226	2076	1.65
5717	Soziale Welt	Germany	0.388	Q2	23	0	4.0
5718	Sensing and Imaging	Germany	0.388	Q3	143	1280	2.81
5719	Axioms	Switzerland	0.388	Q3	626	25653	2.1
5720	Information Processing Letters	Netherlands	0.388	Q3	262	1445	0.75
5721	Surgical Innovation	United States	0.388	Q3	334	3388	1.5
5722	Modern Intellectual History	United Kingdom	0.387	Q1	136	3645	0.72
5723	European Journal of Hospital Pharmacy	Belgium	0.387	Q2	365	3330	1.36
5724	Therapeutic Innovation and Regulatory Science	United States	0.387	Q2	501	3500	1.44
5725	Africana Linguistica	Belgium	0.386	Q1	4	0	0.5
5726	International Journal of Evidence and Proof	United Kingdom	0.386	Q1	81	1177	1.14
5727	Publicationes Mathematicae	Hungary	0.386	Q2	189	1407	0.64
5728	Nova Hedwigia	Germany	0.386	Q2	171	2577	0.9
5729	Planning Perspectives	United Kingdom	0.386	Q2	158	5228	0.83
5730	Refugee Survey Quarterly	United Kingdom	0.386	Q2	75	1102	1.09
5731	Journal of Gambling Issues	Canada	0.386	Q3	90	740	1.03
5732	Journal of Maritime Archaeology	United States	0.385	Q1	62	1689	0.52
5733	Journal of Asia TEFL	South Korea	0.385	Q1	342	3011	0.73
5734	Journal of Borderlands Studies	United Kingdom	0.385	Q1	167	5054	1.38
5735	Visual Anthropology Review	United States	0.385	Q2	58	443	0.58
5736	Journal of Crop Improvement	United States	0.385	Q2	139	4320	1.8
5737	Quality Assurance and Safety of Crops and Foods	Singapore	0.385	Q2	173	2989	3.7
5738	Zephyrus	Spain	0.384	Q1	58	745	0.38
5739	Journal of the Textile Institute	United Kingdom	0.384	Q2	636	14812	2.45
5740	Journal of Information Processing Systems	South Korea	0.384	Q3	309	1420	1.71
5741	Forensic Imaging	United Kingdom	0.384	Q3	166	1395	0.9
5742	Jornal Brasileiro de Reproducao Assistida	Brazil	0.384	Q3	262	3434	1.52
5743	Postepy Dermatologii I Alergologii	Poland	0.384	Q3	487	5834	1.24
5744	International Journal of Ethics and Systems	United Kingdom	0.383	Q1	110	6862	2.86
5745	ESP Today	Serbia	0.383	Q1	40	619	0.68
5746	Journal of Linguistic Anthropology	United States	0.383	Q1	80	2189	0.98
5747	American Fern Journal	United States	0.383	Q2	62	469	0.52
5748	Turkish Journal of Botany	Turkey	0.383	Q2	185	2805	1.72
5749	American Journal of Sexuality Education	United States	0.383	Q2	83	2402	1.32
5750	Journal of Poverty	United States	0.383	Q2	106	2530	1.61
5751	Molecular Physics	United Kingdom	0.383	Q3	1066	19829	1.67
5752	Journal of Electrostatics	Netherlands	0.383	Q3	202	2477	2.01
5753	Comptes Rendus - Mecanique	France	0.383	Q3	180	1974	0.84
5754	Social Influence	United Kingdom	0.383	Q3	25	182	1.58
5755	Croatian Medical Journal	Croatia	0.383	Q3	270	2103	1.43
5756	Hemodialysis International	United States	0.383	Q3	258	2122	1.31
5757	Ethical Theory and Moral Practice	Netherlands	0.382	Q1	207	3264	0.79
5758	Software-Intensive Cyber-Physical Systems	Germany	0.382	Q2	40	0	3.12
5759	Kotuitui	United Kingdom	0.382	Q2	71	2384	2.21
5760	Chirality	United States	0.382	Q3	303	6056	2.1
5761	Radiochimica Acta	Germany	0.382	Q3	285	5049	1.95
5762	Journal of Dynamical and Control Systems	United States	0.382	Q3	123	1997	1.2
5763	Balkan Medical Journal	Turkey	0.382	Q3	246	1951	1.57
5764	Presse Medicale	France	0.382	Q3	391	2479	2.47
5765	International Journal of Nautical Archaeology	United Kingdom	0.381	Q1	80	1178	0.52
5766	Music Theory Online	United States	0.381	Q1	115	2081	0.8
5767	Oxford Journal of Archaeology	United Kingdom	0.381	Q1	66	1348	0.7
5768	Food, Culture and Society	United Kingdom	0.381	Q1	149	6012	1.14
5769	Journal of Forensic Nursing	United States	0.381	Q1	125	809	0.8
5770	Residential Treatment for Children and Youth	United States	0.381	Q1	75	1721	1.12
5771	Journal of Vocational Rehabilitation	Netherlands	0.381	Q2	173	1984	1.15
5772	Geologia Croatica	Croatia	0.381	Q2	66	1661	1.64
5773	African Journal of Range and Forage Science	United Kingdom	0.381	Q2	89	3044	1.72
5774	Plant Species Biology	United Kingdom	0.381	Q2	105	1783	1.21
5775	New Left Review	United Kingdom	0.381	Q2	17	0	0.0
5776	Pastoral Care in Education	United States	0.381	Q2	72	2292	1.31
5777	Lubrication Science	United States	0.381	Q3	104	1832	1.79
5778	Minimally Invasive Surgery	United States	0.381	Q3	26	179	1.62
5779	Financial History Review	United Kingdom	0.38	Q1	55	847	0.59
5780	Qualitative Report	United States	0.38	Q1	614	8477	1.32
5781	New Zealand Geographer	United States	0.38	Q2	71	593	0.82
5782	International Journal of Spray and Combustion Dynamics	United Kingdom	0.38	Q2	22	731	1.78
5783	Acta Chiropterologica	Poland	0.38	Q2	117	1470	1.03
5784	Interdisciplinary Journal of Problem-based Learning	United States	0.38	Q2	50	445	1.53
5785	Journal of Employment Counseling	United States	0.38	Q3	33	1110	1.86
5786	Metaphor and the Social World	Netherlands	0.379	Q1	43	656	1.03
5787	Journal of the Korean Association of Oral and Maxillofacial Surgeons	South Korea	0.379	Q3	195	1434	0.94
5788	European Physical Journal B	Germany	0.379	Q3	741	8980	1.53
5789	Electronics Letters	United Kingdom	0.379	Q3	1536	4050	1.35
5790	Revista Argentina de Microbiologia	Spain	0.379	Q3	180	1545	1.75
5791	Revista Electronica de LEEME	Spain	0.378	Q1	59	350	0.41
5792	Botany Letters	United Kingdom	0.378	Q2	136	3905	1.54
5793	Canadian Journal of Urology	Canada	0.378	Q3	318	547	0.88
5794	Service Oriented Computing and Applications	United Kingdom	0.377	Q2	75	845	1.32
5795	Irrigation and Drainage	United Kingdom	0.377	Q2	339	5453	1.85
5796	American Sociologist, The	United States	0.377	Q2	120	2842	0.54
5797	Congress and the Presidency	United Kingdom	0.377	Q2	43	1175	0.5
5798	Psychiatria Polska	Poland	0.377	Q3	286	2964	1.4
5799	Open Archaeology	Poland	0.376	Q1	150	4821	0.94
5800	Organizacija	Slovenia	0.376	Q2	64	1278	2.24
5801	World Mycotoxin Journal	Netherlands	0.376	Q2	125	1423	2.25
5802	Journal of Breast Imaging	United States	0.376	Q3	235	1836	0.98
5803	Digital Scholarship in the Humanities	United States	0.375	Q1	217	2303	1.04
5804	International Journal of Unconventional Computing	United States	0.375	Q2	54	532	1.62
5805	Landbauforschung	Germany	0.375	Q2	55	0	1.66
5806	GERMS	Romania	0.375	Q3	148	1108	1.64
5807	Modern Physics Letters B	Singapore	0.375	Q3	1597	12144	2.02
5808	Cellular Reprogramming	United States	0.375	Q3	109	1990	1.4
5809	Gynecology and Minimally Invasive Therapy	India	0.375	Q3	171	689	1.03
5810	Turk Psikiyatri Dergisi	Turkey	0.375	Q3	149	1077	0.68
5811	Labor History	United Kingdom	0.374	Q1	140	3516	0.68
5812	International Indigenous Policy Journal	United Kingdom	0.374	Q1	69	701	1.02
5813	British Journal of Occupational Therapy	United Kingdom	0.374	Q2	252	4194	1.36
5814	Phytocoenologia	Germany	0.374	Q2	46	723	1.12
5815	International Journal of Crashworthiness	United Kingdom	0.374	Q2	175	7334	2.39
5816	Revista Espanola de Documentacion Cientifica	Spain	0.374	Q2	89	1428	1.28
5817	Journal of Medical Radiation Sciences	United States	0.374	Q3	168	1965	1.73
5818	Near Eastern Archaeology	United States	0.373	Q1	92	896	0.92
5819	International Journal of Conflict and Violence	Germany	0.373	Q1	34	718	2.14
5820	AIP Advances	United States	0.373	Q2	4435	47202	1.65
5821	Revista Espanola de Orientacion y Psicopedagogia	Spain	0.373	Q2	80	1116	1.09
5822	Theory of Probability and its Applications	United States	0.373	Q3	102	1080	0.8
5823	Fluids	Switzerland	0.373	Q3	909	15771	1.95
5824	Vibrational Spectroscopy	Netherlands	0.373	Q3	344	4913	2.5
5825	Chemoecology	Switzerland	0.373	Q3	88	1026	1.91
5826	Revista Clinica Espanola	Spain	0.373	Q3	397	2402	1.47
5827	Common Market Law Review	Netherlands	0.372	Q1	292	8477	0.72
5828	Journal of Offender Rehabilitation	United States	0.372	Q1	87	1076	0.96
5829	Child and Youth Services	United States	0.372	Q2	99	1990	0.68
5830	Electric Power Components and Systems	United Kingdom	0.372	Q3	361	5030	2.03
5831	Russian Journal of Ecology	United States	0.372	Q3	211	2647	1.13
5832	Modern Physics Letters A	Singapore	0.371	Q2	1084	12967	1.34
5833	European Countryside	Germany	0.371	Q2	113	2464	1.71
5834	Forum (Germany)	Germany	0.371	Q2	97	934	0.63
5835	Scottish Affairs	United Kingdom	0.371	Q2	89	785	0.84
5836	Separations	Switzerland	0.371	Q3	375	21902	2.66
5837	Herz	Germany	0.371	Q3	353	2744	1.69
5838	Arabian Archaeology and Epigraphy	Denmark	0.37	Q1	77	1398	0.59
5839	Folia Linguistica	Germany	0.37	Q1	85	2033	0.71
5840	International Journal of Automation and Control	United Kingdom	0.37	Q2	103	1622	1.67
5841	Critical Studies on Terrorism	United Kingdom	0.37	Q2	117	3845	0.99
5842	Journal of Teaching in International Business	United States	0.37	Q3	55	618	1.4
5843	Agricultural History	United States	0.369	Q1	58	966	0.59
5844	Anthropologie	France	0.369	Q1	138	4750	0.52
5845	Historia y Comunicacion Social	Spain	0.369	Q1	164	1800	0.87
5846	Studia Islamika	Indonesia	0.369	Q1	57	729	0.56
5847	Revista Brasileira de Farmacognosia	Brazil	0.369	Q2	306	5254	1.57
5848	Nordic Journal of Working Life Studies	Denmark	0.369	Q2	81	1098	0.82
5849	Brazilian Journal of Biology	Brazil	0.369	Q2	401	12769	1.71
5850	Cell and Tissue Banking	Netherlands	0.369	Q2	185	4211	1.53
5851	Cranio - Journal of Craniomandibular Practice	United Kingdom	0.369	Q3	334	5522	1.58
5852	Australian Journal of Adult Learning	Australia	0.369	Q3	72	770	0.44
5853	Zygote	United Kingdom	0.369	Q4	244	2133	1.36
5854	Drama Therapy Review	United Kingdom	0.368	Q1	81	473	0.88
5855	Senses and Society	United Kingdom	0.368	Q1	85	1007	1.0
5856	Topics in Companion Animal Medicine	United States	0.368	Q2	156	2467	1.22
5857	Journal of Phase Equilibria and Diffusion	United States	0.368	Q2	226	2917	1.29
5858	ANZIAM Journal	United Kingdom	0.368	Q3	73	285	0.72
5859	Filomat	Serbia	0.368	Q3	1319	13416	0.82
5860	Folia Histochemica et Cytobiologica	Poland	0.368	Q3	82	1422	1.54
5861	Japan Forum	United Kingdom	0.367	Q1	99	2209	0.78
5862	Perspectives in Biology and Medicine	United States	0.367	Q2	150	1713	0.88
5863	Acta Geographica Slovenica	Slovenia	0.367	Q2	73	1007	1.3
5864	Family Journal	United States	0.367	Q2	182	4835	1.46
5865	Proceedings of the Institution of Civil Engineers: Ground Improvement	United Kingdom	0.367	Q3	95	1880	1.0
5866	Hydrologie und Wasserbewirtschaftung	Germany	0.367	Q3	1	0	1.0
5867	Bulletin of the Brazilian Mathematical Society	United States	0.367	Q3	154	1637	0.77
5868	Zeitschrift fur Gesundheitswissenschaften	Germany	0.367	Q3	404	14971	1.3
5869	Cognitive Studies	Poland	0.366	Q1	46	591	0.69
5870	Northwestern University Law Review	United States	0.366	Q1	104	93	0.44
5871	GeoScape	Poland	0.366	Q2	45	599	1.59
5872	African Zoology	United Kingdom	0.366	Q2	92	257	1.09
5873	Berliner Journal fur Soziologie	Germany	0.366	Q2	62	2071	0.76
5874	Analytical Letters	United States	0.366	Q3	607	10427	2.49
5875	Education and Treatment of Children	United States	0.366	Q3	78	1032	1.13
5876	Papers on Social Representations	United Kingdom	0.366	Q3	49	359	1.7
5877	Ukrainian Mathematical Journal	United States	0.366	Q3	399	2779	0.52
5878	African Journal of Ecology	United Kingdom	0.366	Q3	304	7175	1.07
5879	Ear, Nose and Throat Journal	United States	0.366	Q3	1228	10473	1.12
5880	Comparative Studies in Society and History	United Kingdom	0.365	Q1	107	2896	0.46
5881	Boston University Law Review	United States	0.365	Q1	176	6198	0.83
5882	Monografias de Traduccion e Interpretacion	Spain	0.365	Q1	67	754	0.78
5883	Building Acoustics	United Kingdom	0.365	Q2	65	1379	2.27
5884	Folia Geobotanica	Netherlands	0.365	Q2	71	1221	1.09
5885	British Journal of Guidance and Counselling	United States	0.365	Q3	235	5347	1.34
5886	Journal of the Korean Statistical Society	South Korea	0.365	Q3	175	1668	0.71
5887	Coupled Systems Mechanics	South Korea	0.365	Q3	96	1104	1.95
5888	Boletin de la Asociacion de Geografos Espanoles	Spain	0.364	Q2	171	3344	0.94
5889	Compost Science and Utilization	United Kingdom	0.364	Q2	37	0	2.41
5890	Australian Journal of Botany	Australia	0.364	Q2	156	2386	1.04
5891	Ornis Fennica	Finland	0.364	Q2	44	0	0.93
5892	Contemporary Pacific	United States	0.364	Q2	89	861	0.48
5893	Medicina Intensiva	Spain	0.364	Q2	389	3331	1.43
5894	Geologica Acta	Spain	0.364	Q3	43	1604	1.55
5895	International Journal of Modern Physics E	Singapore	0.364	Q3	363	5597	1.1
5896	Journal of Crustacean Biology	Netherlands	0.364	Q3	266	3383	0.91
5897	Journal of Neurological Surgery, Part B: Skull Base	United States	0.364	Q3	390	6133	1.0
5898	Journal of Electromagnetic Waves and Applications	United Kingdom	0.363	Q3	507	5540	1.87
5899	Rethinking History	United Kingdom	0.362	Q1	80	1601	0.68
5900	Speculum	United States	0.362	Q1	55	7	0.64
5901	ICSID Review	United Kingdom	0.362	Q1	98	2760	0.14
5902	Canadian Pharmacists Journal	Canada	0.362	Q2	198	1145	0.73
5903	Die Erde	Germany	0.362	Q2	57	1173	1.55
5904	Journal fur Verbraucherschutz und Lebensmittelsicherheit	Switzerland	0.362	Q2	114	1436	2.31
5905	City and Society	United States	0.362	Q2	163	496	0.86
5906	Journal of Molecular Modeling	Germany	0.362	Q3	1082	19007	2.27
5907	Origins of Life and Evolution of Biospheres	Netherlands	0.362	Q3	42	1026	1.65
5908	Clinica y Salud	Spain	0.362	Q3	60	599	2.9
5909	Journal for Specialists in Group Work	United Kingdom	0.362	Q3	73	607	0.83
5910	International Journal of Micro Air Vehicles	United Kingdom	0.362	Q3	58	617	1.66
5911	Journal of Advanced Academics	United States	0.362	Q3	62	1643	1.51
5912	Actas Espanolas de Psiquiatria	Spain	0.362	Q3	125	1180	0.92
5913	Ochsner Journal	United States	0.362	Q3	249	1309	1.03
5914	Nucleus (India)	India	0.362	Q4	106	3231	2.18
5915	Rhetoric Review	United States	0.361	Q1	83	869	0.3
5916	Revista Caatinga	Brazil	0.361	Q2	340	3287	1.11
5917	Comptes Rendus Chimie	France	0.361	Q3	222	4603	1.36
5918	Ageing International	United States	0.361	Q3	81	4234	1.56
5919	Saudi Medical Journal	Saudi Arabia	0.361	Q3	622	3745	1.25
5920	Ido Movement for Culture	Poland	0.36	Q1	111	1590	1.02
5921	Journal of Black Studies	United States	0.36	Q1	122	1754	1.3
5922	Biologia Plantarum	Netherlands	0.36	Q2	195	2116	1.79
5923	Fossil Record	Germany	0.36	Q3	60	1432	1.65
5924	Diagnostica	Germany	0.36	Q3	62	963	0.77
5925	Journal of Workplace Behavioral Health	United States	0.36	Q3	56	833	1.54
5926	Order	Netherlands	0.36	Q3	104	1187	0.49
5927	Canadian Entomologist	United Kingdom	0.36	Q3	186	2392	0.94
5928	Clinica e Investigacion en Arteriosclerosis	Spain	0.36	Q3	146	2015	1.62
5929	Monaldi Archives for Chest Disease	Italy	0.36	Q3	362	3075	1.62
5930	Asian Perspectives	United States	0.359	Q1	50	1249	0.61
5931	American Business Law Journal	United Kingdom	0.359	Q1	51	0	0.4
5932	Journal of the American Association of Nurse Practitioners	United Kingdom	0.359	Q2	471	4265	1.03
5933	Annales Botanici Fennici	Finland	0.359	Q2	150	364	0.62
5934	Plastics, Rubber and Composites	United Kingdom	0.359	Q3	149	1680	2.23
5935	Journal of Geometric Mechanics	United States	0.359	Q3	83	919	0.72
5936	International Journal of Uncertainty, Fuzziness and Knowlege-Based Systems	Singapore	0.359	Q3	184	2242	1.67
5937	Bulletin of Insectology	Italy	0.359	Q3	107	1630	1.2
5938	Longitudinal and Life Course Studies	United Kingdom	0.359	Q3	85	1491	0.75
5939	Arquivos Brasileiros de Cardiologia	Brazil	0.359	Q3	1010	7247	1.13
5940	Journal of Aesthetics and Art Criticism	United Kingdom	0.358	Q1	132	1309	0.46
5941	Geburtshilfe und Frauenheilkunde	Germany	0.358	Q2	959	5780	0.49
5942	Biologia Futura	Hungary	0.358	Q2	135	2977	2.23
5943	Journal of AOAC International	United States	0.358	Q2	618	3177	1.56
5944	Sugar Tech	India	0.358	Q2	383	9562	2.09
5945	Zoology in the Middle East	United Kingdom	0.358	Q2	135	1253	0.73
5946	New Review of Hypermedia and Multimedia	United Kingdom	0.358	Q2	35	245	1.71
5947	Asian Geographer	United Kingdom	0.358	Q2	32	1087	1.95
5948	Merrill-Palmer Quarterly	United States	0.358	Q2	55	539	0.59
5949	Revista Latinoamericana de Psicologia	Colombia	0.358	Q2	71	1126	1.15
5950	Journal of Emergencies, Trauma and Shock	India	0.358	Q2	187	771	0.95
5951	Journal of Elastomers and Plastics	United Kingdom	0.358	Q3	139	2563	2.08
5952	Journal of Mid-Life Health	India	0.358	Q3	150	1104	0.93
5953	Tzu Chi Medical Journal	India	0.358	Q3	198	3555	1.6
5954	Journal of Pharmaceutical Innovation	United States	0.357	Q2	156	8655	2.48
5955	Mammal Study	Japan	0.357	Q2	107	934	0.83
5956	Eure	Chile	0.357	Q2	118	2274	0.77
5957	International Journal of Geometric Methods in Modern Physics	Singapore	0.357	Q3	705	12665	1.63
5958	International Journal of Applied Glass Science	United Kingdom	0.357	Q3	176	3264	2.18
5959	Operative Orthopadie und Traumatologie	Germany	0.357	Q3	162	783	0.83
5960	Acta Archaeologica	United Kingdom	0.356	Q1	26	0	0.56
5961	Interaction Design and Architecture(s)	Italy	0.356	Q1	105	2161	1.64
5962	Journal of East-West Business	United States	0.356	Q2	46	1586	1.66
5963	Journal of Motor Behavior	United States	0.356	Q3	210	3246	1.45
5964	Astronomy Letters	United States	0.356	Q3	215	1820	0.8
5965	Educational Forum	United Kingdom	0.356	Q3	104	1767	1.08
5966	Przeglad Menopauzalny	Poland	0.356	Q3	111	1541	1.86
5967	Angelaki - Journal of the Theoretical Humanities	United Kingdom	0.355	Q1	216	1967	0.23
5968	Politica y Gobierno	Mexico	0.355	Q2	48	592	0.7
5969	Home Health Care Services Quarterly	United States	0.355	Q3	56	835	1.39
5970	Acta Cardiologica	Belgium	0.355	Q3	419	4462	0.93
5971	Gesundheitswesen	Germany	0.355	Q3	449	4436	1.09
5972	New Microbiologica	Italy	0.355	Q3	120	1283	1.72
5973	Academia Revista Latinoamericana de Administracion	United Kingdom	0.354	Q2	90	2030	1.81
5974	Revista Internacional de Sociologia	Spain	0.354	Q2	81	839	0.67
5975	IET Systems Biology	United Kingdom	0.354	Q3	96	906	2.49
5976	American Quarterly	United States	0.353	Q1	173	3214	0.52
5977	Arte, Individuo y Sociedad	Spain	0.353	Q1	185	3072	0.59
5978	Acta Polytechnica Hungarica	Hungary	0.353	Q2	383	3814	2.82
5979	Terrestrial, Atmospheric and Oceanic Sciences	Taiwan	0.353	Q2	195	1368	0.8
5980	Journal of Biological Education	United Kingdom	0.353	Q2	195	5865	1.35
5981	REVESCO Revista de Estudios Cooperativos	Spain	0.353	Q2	107	674	0.81
5982	Journal of the Iranian Chemical Society	Germany	0.353	Q3	806	19839	2.64
5983	Journal of Lie Theory	Germany	0.353	Q3	168	1064	0.46
5984	Journal of Applied Ichthyology	United Kingdom	0.353	Q3	439	2900	1.1
5985	Protein and Peptide Letters	Netherlands	0.353	Q3	372	4872	1.63
5986	Vetus Testamentum	Netherlands	0.352	Q1	173	2490	0.21
5987	Zoologia	Brazil	0.352	Q2	95	1395	1.02
5988	Bulletin of the Iranian Mathematical Society	Iran	0.352	Q3	382	5080	0.76
5989	Design Automation for Embedded Systems	Netherlands	0.352	Q3	39	296	1.21
5990	Revista Brasileira de Entomologia	Brazil	0.352	Q3	155	1667	0.86
5991	Journal of B.U.ON.	Greece	0.352	Q3	1250	0	1.1
5992	International Journal of Middle East Studies	United Kingdom	0.351	Q1	155	1811	0.49
5993	Chemical Papers	Switzerland	0.351	Q2	1254	30285	2.41
5994	Australian Journal of International Affairs	United Kingdom	0.351	Q2	136	2782	1.45
5995	IZA Journal of Labor Policy	United Kingdom	0.351	Q3	39	334	0.5
5996	Studia Scientiarum Mathematicarum Hungarica	Hungary	0.351	Q3	101	344	0.84
5997	Music Theory Spectrum	United States	0.35	Q1	51	501	0.91
5998	Science Progress	United Kingdom	0.35	Q2	568	6094	1.93
5999	Cornell Law Review	United States	0.35	Q2	52	8605	0.46
6000	RICYDE. Revista internacional de ciencias del deporte	Spain	0.35	Q3	81	678	1.06
6001	Chromatographia	Germany	0.35	Q3	396	3071	1.76
6002	Gold Bulletin	Germany	0.35	Q3	54	1215	2.3
6003	New Zealand Journal of Botany	United Kingdom	0.35	Q3	84	2539	0.95
6004	Journal of Skin Cancer	Egypt	0.35	Q3	26	517	1.15
6005	Cahiers Agricultures	France	0.349	Q2	110	979	0.95
6006	J. AGRICULTURAL METEOROLOGY	Japan	0.349	Q2	72	824	1.35
6007	Geofluids	United Kingdom	0.349	Q3	1510	32869	1.67
6008	Infants and Young Children	United States	0.349	Q3	74	857	1.02
6009	Studia Psychologica	Slovakia	0.349	Q3	68	1442	1.35
6010	Proceedings of the Institution of Civil Engineers: Municipal Engineer	United Kingdom	0.349	Q3	84	920	1.38
6011	Sao Paulo Medical Journal	Brazil	0.349	Q3	261	3341	1.22
6012	Revista Espanola de Educacion Comparada	Spain	0.348	Q1	86	1197	1.33
6013	Hermeneus	Spain	0.348	Q1	58	1176	0.19
6014	Journal of LGBT Issues in Counseling	United States	0.348	Q2	61	0	0.93
6015	Comprehensive Child and Adolescent Nursing	United Kingdom	0.348	Q3	124	1219	1.42
6016	Quality in Ageing and Older Adults	United Kingdom	0.348	Q3	63	596	1.24
6017	Motor Control	United States	0.348	Q3	114	2534	1.05
6018	Physics of Metals and Metallography	United States	0.348	Q3	576	5476	1.24
6019	Operators and Matrices	Croatia	0.348	Q3	244	1491	0.56
6020	Image Processing On Line	France	0.348	Q3	50	614	1.33
6021	Strategies in Trauma and Limb Reconstruction	Italy	0.348	Q3	91	830	1.0
6022	Estudios Fronterizos	Mexico	0.347	Q1	63	1413	1.43
6023	Journal of the British Society for Phenomenology	United Kingdom	0.347	Q1	71	1172	0.53
6024	Analisi	Spain	0.347	Q1	55	445	1.12
6025	Bragantia	Brazil	0.347	Q2	176	1811	1.29
6026	Evidence Based Library and Information Practice	Canada	0.347	Q2	187	853	0.53
6027	Medical Law Review	United Kingdom	0.347	Q2	102	1120	1.36
6028	Bulletin of the Korean Chemical Society	United States	0.347	Q3	695	8077	1.71
6029	Shock and Vibration	Egypt	0.347	Q3	2188	12890	1.6
6030	Nordic Journal of Botany	United States	0.347	Q3	334	4506	0.96
6031	Medicina Clinica	Spain	0.347	Q3	1164	5882	1.2
6032	Interaction Studies	Netherlands	0.346	Q1	62	293	1.59
6033	Girlhood Studies	United States	0.346	Q2	83	791	0.76
6034	Journal of Peace Education	United Kingdom	0.346	Q2	50	1115	0.59
6035	International Journal of Care Coordination	United Kingdom	0.346	Q3	59	699	1.32
6036	Zeitschrift fur Gerontologie und Geriatrie	Germany	0.346	Q3	468	2816	0.85
6037	Revista Mexicana de Astronomia y Astrofisica	Mexico	0.346	Q3	91	1418	0.74
6038	Journal of Function Spaces	Egypt	0.346	Q3	745	14293	1.67
6039	Endokrynologia Polska	Poland	0.346	Q3	288	4199	1.36
6040	Machine Translation	Netherlands	0.345	Q1	54	0	1.88
6041	Pesquisa Agropecuaria Tropical	Brazil	0.345	Q2	180	1951	0.9
6042	University of Chicago Law Review	United States	0.345	Q2	43	0	1.3
6043	Studia Geophysica et Geodaetica	Netherlands	0.345	Q3	77	412	0.89
6044	Journal of Sensory Studies	United States	0.345	Q3	201	3574	2.27
6045	Revista Brasileira de Botanica	Switzerland	0.345	Q3	248	6768	1.65
6046	Zoological Science	Japan	0.345	Q3	202	2127	0.89
6047	International Journal of Ventilation	United Kingdom	0.345	Q3	68	875	1.43
6048	Arquivos Brasileiros de Oftalmologia	Brazil	0.345	Q3	344	2448	0.89
6049	Einstein (Sao Paulo, Brazil)	Brazil	0.345	Q3	363	0	1.14
6050	Critical Reviews in Eukaryotic Gene Expression	United States	0.345	Q4	146	2307	1.65
6051	Philosophical Explorations	United Kingdom	0.344	Q1	72	1298	0.51
6052	Critique of Anthropology	United Kingdom	0.344	Q2	76	1298	1.31
6053	Advanced Composites Letters	United Kingdom	0.344	Q2	105	0	2.11
6054	Crime, Law and Social Change	Netherlands	0.344	Q2	170	4778	1.38
6055	Bratislava Medical Journal	Slovakia	0.344	Q3	451	4409	1.51
6056	Ethiopian journal of health sciences	Ethiopia	0.344	Q3	379	0	1.1
6057	Revista Paulista de Pediatria	Brazil	0.344	Q3	288	2396	1.28
6058	Revista INVI	Chile	0.343	Q1	85	1726	0.8
6059	Icono14	Spain	0.343	Q2	98	1517	1.5
6060	Journal of Modern African Studies	United Kingdom	0.343	Q2	76	1832	0.88
6061	Minnesota Law Review	United States	0.343	Q2	101	3272	0.77
6062	Politische Vierteljahresschrift	Germany	0.343	Q2	91	2057	1.22
6063	Rationality and Society	United Kingdom	0.343	Q2	53	1364	0.82
6064	Journal of Indian Prosthodontic Society, The	India	0.343	Q3	180	1605	1.17
6065	Revista de la Sociedad Geologica de Espana	Spain	0.343	Q3	41	636	0.44
6066	Zhongguo Jiguang/Chinese Journal of Lasers	China	0.343	Q3	1512	18531	2.1
6067	Psychological Studies	India	0.343	Q3	140	3459	1.16
6068	Journal of Military, Veteran and Family Health	Canada	0.343	Q3	153	1909	0.8
6069	Journal of Visual Impairment and Blindness	United States	0.343	Q3	187	1969	0.8
6070	Obstetric Medicine	United Kingdom	0.343	Q3	148	2583	0.83
6071	Metallurgist	United States	0.342	Q2	452	3334	0.97
6072	Polity	United States	0.342	Q2	114	327	0.47
6073	Vestnik Udmurtskogo Universiteta: Matematika, Mekhanika, Komp'yuternye Nauki	Russian Federation	0.342	Q3	133	1269	0.61
6074	Acta Montanistica Slovaca	Slovakia	0.342	Q3	147	3862	2.22
6075	Multiscale and Multidisciplinary Modeling, Experiments and Design	Switzerland	0.342	Q3	69	1142	2.91
6076	Journal of Bryology	United Kingdom	0.342	Q3	112	1510	0.92
6077	Traitement du Signal	France	0.342	Q3	393	7805	2.36
6078	Revista Electronica de Investigacion Educativa	Mexico	0.342	Q3	101	1034	0.93
6079	Current Geriatrics Reports	United States	0.342	Q4	98	369	1.17
6080	Collection and Curation	United Kingdom	0.341	Q1	57	336	0.95
6081	Symbolae Osloenses	United Kingdom	0.341	Q1	31	184	0.33
6082	Circulo de Linguistica Aplicada a la Comunicacion	Spain	0.341	Q1	184	2561	0.44
6083	Atomization and Sprays	United States	0.341	Q3	157	1749	1.15
6084	Botany	Canada	0.341	Q3	191	4387	1.08
6085	Automation and Remote Control	United States	0.341	Q3	468	2881	0.89
6086	AJP Reports	United States	0.341	Q3	161	472	1.0
6087	Sucht	Germany	0.341	Q3	119	1222	1.35
6088	International Journal of English Studies	Spain	0.34	Q1	49	590	0.74
6089	New Literary History	United States	0.34	Q1	120	1522	0.83
6090	Utilitas	United Kingdom	0.34	Q1	92	1038	0.47
6091	Ciencia e Agrotecnologia	Brazil	0.34	Q2	174	1392	1.39
6092	South African Journal of Science	South Africa	0.34	Q2	385	4520	1.37
6093	International Journal of Marine and Coastal Law	Netherlands	0.34	Q2	97	1324	0.92
6094	Letters in Spatial and Resource Sciences	Germany	0.34	Q2	60	1520	1.93
6095	Retos	Spain	0.34	Q3	1001	19679	1.83
6096	Indian Journal of Physics	India	0.34	Q3	700	21845	2.36
6097	Biologia (Poland)	Germany	0.34	Q3	729	18518	1.75
6098	Florida Entomologist	United States	0.34	Q3	279	1049	0.96
6099	New Zealand Journal of Zoology	United Kingdom	0.34	Q3	61	1847	1.64
6100	International Journal of Microwave and Wireless Technologies	United Kingdom	0.34	Q3	369	5226	2.07
6101	Journal of Smoking Cessation	Australia	0.34	Q3	80	563	1.17
6102	Undersea and Hyperbaric Medicine	United States	0.34	Q3	203	0	0.59
6103	Acta Analytica	Netherlands	0.339	Q1	109	2141	0.72
6104	Legal Theory	United Kingdom	0.339	Q1	39	497	0.42
6105	Neuroethics	Netherlands	0.339	Q1	124	1531	1.51
6106	Word Structure	United Kingdom	0.339	Q1	42	812	0.57
6107	Pediatric Reports	Switzerland	0.339	Q3	142	1797	1.17
6108	Digital Education Review	Spain	0.339	Q3	91	1321	1.93
6109	Scalable Computing	Romania	0.339	Q3	147	1124	1.49
6110	Journal of Singularities	United States	0.339	Q3	72	638	0.45
6111	Acta Ichthyologica et Piscatoria	Poland	0.339	Q3	166	1155	1.17
6112	Acta Neurobiologiae Experimentalis	Poland	0.339	Q3	113	2148	1.24
6113	Eurasian Journal of Medicine	Turkey	0.339	Q3	183	3658	1.19
6114	Contemporary Southeast Asia	Singapore	0.338	Q1	65	840	1.16
6115	Multicultural Perspectives	United States	0.338	Q1	98	812	0.71
6116	Acoustical Physics	United States	0.338	Q2	249	1670	0.93
6117	Families in Society	United States	0.338	Q2	124	2421	1.05
6118	Oil Shale	Estonia	0.338	Q3	71	589	1.75
6119	Mineral Processing and Extractive Metallurgy: Transactions of the Institute of Mining and Metallurgy	United Kingdom	0.338	Q3	95	932	1.57
6120	Foundations of Physics	United States	0.338	Q3	278	4451	1.3
6121	Journal of Superconductivity and Novel Magnetism	United States	0.338	Q3	1294	15404	1.87
6122	Journal of Enabling Technologies	United Kingdom	0.338	Q3	63	944	2.46
6123	Annales Polonici Mathematici	Poland	0.338	Q3	102	745	0.42
6124	Aula Abierta	Spain	0.338	Q3	116	1835	0.94
6125	International Journal of Coal Preparation and Utilization	United Kingdom	0.337	Q3	197	9646	2.25
6126	Guangxue Xuebao/Acta Optica Sinica	China	0.337	Q3	1879	21159	2.02
6127	Journal of the American Helicopter Society	United States	0.337	Q3	74	0	2.41
6128	Revista Espanola de Salud Publica	Spain	0.337	Q3	396	125	1.24
6129	Transactions of the Indian Institute of Metals	India	0.336	Q2	921	11945	1.71
6130	Journal of Asian and African Studies	United Kingdom	0.336	Q2	282	14070	1.25
6131	Journal of Surfactants and Detergents	Germany	0.336	Q3	318	4357	2.05
6132	IET Circuits, Devices and Systems	United Kingdom	0.336	Q3	404	1785	1.62
6133	Bulletin du Cancer	France	0.336	Q3	591	5537	0.87
6134	IDCases	United Kingdom	0.336	Q3	856	4055	1.31
6135	Archaeofauna	Spain	0.335	Q1	39	0	0.45
6136	Advances in Traditional Medicine	Singapore	0.335	Q2	208	6058	2.48
6137	Ostrich	United Kingdom	0.335	Q3	127	1738	1.03
6138	International Shipbuilding Progress	Netherlands	0.335	Q3	39	145	1.16
6139	Annals of the Royal College of Surgeons of England	United Kingdom	0.335	Q3	707	55	0.92
6140	Continuity and Change	United Kingdom	0.334	Q1	47	557	0.29
6141	Text and Talk	Germany	0.334	Q1	109	2932	0.71
6142	HOPOS	United States	0.334	Q2	70	1016	0.52
6143	Comparative Studies of South Asia, Africa and the Middle East	United States	0.334	Q2	173	2422	0.34
6144	Arhiv za Higijenu Rada i Toksikologiju	Croatia	0.334	Q3	119	1892	2.1
6145	PNA	Spain	0.334	Q3	31	690	0.58
6146	American Journal of Medical Quality	United States	0.334	Q3	294	0	0.75
6147	Journal of the Turkish German Gynecology Association	Turkey	0.334	Q3	164	1195	1.17
6148	Baltic Region	Russian Federation	0.333	Q1	110	1201	1.01
6149	Rural Theology	United Kingdom	0.333	Q1	52	264	0.86
6150	Millennial Asia	United States	0.333	Q1	62	3441	2.93
6151	International Journal of Digital Multimedia Broadcasting	United States	0.333	Q2	20	390	1.91
6152	Revista Iberoamericana de Tecnologias del Aprendizaje	United States	0.333	Q2	123	1636	2.43
6153	Revista Catalana de Dret Public	Spain	0.333	Q2	116	915	0.32
6154	Acta Microbiologica et Immunologica Hungarica	Hungary	0.333	Q3	118	1886	1.27
6155	Analele Stiintifice ale Universitatii Ovidius Constanta, Seria Matematica	Romania	0.333	Q3	134	925	0.7
6156	Acta Ethologica	Germany	0.333	Q3	75	1572	0.96
6157	Revista Eureka	Spain	0.333	Q3	109	1486	0.81
6158	Turkish Journal of Urology	Turkey	0.333	Q3	312	1837	1.2
6159	Acta Technologica Agriculturae	Poland	0.332	Q2	90	731	1.39
6160	Maderas: Ciencia y Tecnologia	Chile	0.332	Q2	170	1672	1.4
6161	Kew Bulletin	United Kingdom	0.332	Q3	197	3007	0.88
6162	South African Archaeological Bulletin	South Africa	0.331	Q1	60	1139	0.78
6163	Twentieth Century British History	United States	0.331	Q1	54	813	0.49
6164	Monthly Review	United States	0.331	Q2	94	0	1.56
6165	International Journal of Intelligent Information Technologies	United States	0.331	Q3	60	932	1.8
6166	Journal of Earthquake and Tsunami	Singapore	0.331	Q3	89	1550	1.61
6167	Tethys	Spain	0.331	Q3	6	35	1.75
6168	Giornale Italiano di Psicopatologia	Italy	0.331	Q3	110	956	0.83
6169	IEEE Latin America Transactions	United States	0.331	Q3	762	5971	1.62
6170	Ricerche di Matematica	Italy	0.331	Q3	234	3164	1.31
6171	Ethics and International Affairs	United Kingdom	0.33	Q1	104	1228	0.86
6172	Hypatia	United States	0.33	Q1	137	2372	1.01
6173	Notulae Botanicae Horti Agrobotanici Cluj-Napoca	Romania	0.33	Q2	511	9451	1.88
6174	Studies in Conflict and Terrorism	United Kingdom	0.33	Q2	307	290	1.76
6175	Journal of Patient Experience	United States	0.33	Q3	224	5041	1.23
6176	Natural Resource Modelling	United States	0.33	Q3	128	1267	1.48
6177	Kyungpook Mathematical Journal	South Korea	0.33	Q3	179	920	0.71
6178	Cancer radiotherapie : journal de la Societe francaise de radiotherapie oncologique	France	0.33	Q3	397	5964	1.24
6179	International Journal of Lower Extremity Wounds	United States	0.33	Q3	277	5738	1.45
6180	Pan African Medical Journal	Nigeria	0.33	Q3	2979	16890	0.96
6181	Comparative Legal History	United Kingdom	0.329	Q1	24	0	0.81
6182	Journal of Museum Education	United Kingdom	0.329	Q1	141	916	0.59
6183	Labour	United Kingdom	0.329	Q1	62	892	0.68
6184	Journal of Maxillofacial and Oral Surgery	India	0.329	Q3	385	6259	1.31
6185	Turkish Journal of Physical Medicine and Rehabilitation	Turkey	0.329	Q3	207	2073	1.31
6186	Fishery Bulletin	United States	0.329	Q3	80	1035	0.7
6187	Journal of HIV/AIDS and Social Services	United States	0.329	Q3	69	454	0.76
6188	Settler Colonial Studies	United Kingdom	0.328	Q1	86	0	0.63
6189	Rudarsko Geolosko Naftni Zbornik	Croatia	0.328	Q3	133	3088	1.48
6190	Revista Internacional de Medicina y Ciencias de la Actividad Fisica y del Deporte	Spain	0.328	Q3	149	2543	1.3
6191	Die Pharmazie	Germany	0.328	Q3	377	248	1.54
6192	Journal of Experimental Nanoscience	United Kingdom	0.328	Q3	69	2003	2.76
6193	Automatisierungstechnik	Germany	0.328	Q3	290	2367	1.02
6194	Metron	Italy	0.328	Q3	63	655	0.87
6195	Southern Medical Journal	United States	0.328	Q3	421	3321	0.77
6196	Journal of Contemporary European Studies	United Kingdom	0.327	Q1	127	7144	1.56
6197	Journal of Money Laundering Control	United Kingdom	0.327	Q2	203	4753	1.74
6198	Journal of Antitrust Enforcement	United Kingdom	0.327	Q2	94	2877	0.47
6199	Boletin de la Sociedad Geologica Mexicana	Mexico	0.327	Q3	147	2462	0.86
6200	Colloquium Mathematicum	Poland	0.327	Q3	228	1468	0.44
6201	African Health Sciences	Uganda	0.327	Q3	703	10684	0.98
6202	Voprosy Ekonomiki	Russian Federation	0.326	Q1	275	3500	0.86
6203	Revista de la Facultad de Ciencias Agrarias	Argentina	0.326	Q2	188	1062	0.94
6204	Rehabilitation Nursing	United States	0.326	Q3	191	850	1.02
6205	Journal of Oleo Science	Japan	0.326	Q3	495	6700	1.61
6206	Subjectivity	United Kingdom	0.326	Q3	54	750	0.35
6207	Journal of Freshwater Ecology	United Kingdom	0.326	Q3	112	1728	1.32
6208	Neurohospitalist, The	United States	0.326	Q3	197	2488	0.77
6209	Business and Professional Ethics Journal	United States	0.325	Q1	48	697	0.45
6210	Structural Monitoring and Maintenance	South Korea	0.325	Q2	59	463	1.44
6211	Theory and Practice of Legislation	United Kingdom	0.325	Q2	56	0	2.02
6212	International Journal of Entrepreneurial Venturing	Switzerland	0.325	Q3	77	2450	1.92
6213	History of Education Quarterly	United States	0.324	Q1	68	1466	0.44
6214	Migraciones	Spain	0.324	Q1	74	1956	0.91
6215	Journal of Applied Geodesy	Germany	0.324	Q2	88	1251	1.63
6216	Revista de Internet, Derecho y Politica	Spain	0.324	Q2	78	436	0.47
6217	Physical Sciences Reviews	Germany	0.324	Q3	430	11307	1.26
6218	Scanning	United States	0.324	Q3	125	3163	1.89
6219	Learning and Motivation	United States	0.324	Q3	126	2886	1.53
6220	Poetics Today	United States	0.323	Q1	89	1427	0.5
6221	Studies in Conservation	United Kingdom	0.323	Q1	204	4537	0.85
6222	Journal of Zoo and Wildlife Medicine	United States	0.323	Q2	449	2320	0.7
6223	Journal of Avian Medicine and Surgery	United States	0.323	Q3	155	1579	0.41
6224	ACSM's Health and Fitness Journal	United States	0.323	Q3	229	1047	0.73
6225	Journal of Sensors and Sensor Systems	Germany	0.323	Q3	108	697	1.26
6226	Revista Iberoamericana de Psicologia y Salud	Spain	0.323	Q3	29	511	2.41
6227	Journal of Animal and Feed Sciences	Poland	0.323	Q3	121	1511	1.05
6228	Reumatologia Clinica	Spain	0.323	Q3	387	3686	0.96
6229	Ethnomusicology Forum	United Kingdom	0.322	Q1	73	957	0.45
6230	Historia Contemporanea	Spain	0.322	Q1	93	1290	0.25
6231	Pamatky Archeologicke	Czech Republic	0.322	Q1	18	1080	0.69
6232	Revista de Estudios Sociales	Colombia	0.322	Q1	96	1715	0.85
6233	Combustion Theory and Modelling	United Kingdom	0.322	Q3	172	2292	1.5
6234	Acta Gymnica	Czech Republic	0.322	Q3	67	322	1.3
6235	Journal of Brachial Plexus and Peripheral Nerve Injury	United Kingdom	0.322	Q3	21	171	0.93
6236	Chimia	Switzerland	0.322	Q3	521	6519	0.85
6237	Astronomische Nachrichten	Germany	0.322	Q3	404	4204	0.98
6238	Himalayan Geology	India	0.322	Q3	27	3194	1.41
6239	Papeles del Psicologo	Spain	0.322	Q3	80	1003	1.3
6240	Acta Scientiarum Polonorum, Technologia Alimentaria	Poland	0.322	Q3	124	1486	1.69
6241	American Surgeon	United States	0.322	Q3	1565	14550	0.93
6242	Middle East Fertility Society Journal	Egypt	0.322	Q3	90	1559	1.53
6243	Annual of the British School at Athens	United Kingdom	0.321	Q1	39	1746	0.52
6244	China Perspectives	China	0.321	Q1	95	218	0.96
6245	Erdkunde	Germany	0.321	Q2	56	1303	1.39
6246	Radiation Protection Dosimetry	United Kingdom	0.321	Q3	854	1555	0.92
6247	Journal of the Chinese Chemical Society	United States	0.321	Q3	655	10507	1.88
6248	Employee Responsibilities and Rights Journal	United States	0.321	Q3	54	3339	0.92
6249	Revista Mexicana de Biodiversidad	Mexico	0.321	Q3	302	5883	0.78
6250	Ginekologia Polska	Poland	0.321	Q3	412	3895	1.09
6251	Journal for the Study of Judaism	Netherlands	0.32	Q1	68	1496	0.39
6252	Journal of World Investment and Trade	Netherlands	0.32	Q2	232	1548	0.71
6253	Journal of Community Practice	United States	0.32	Q2	93	1186	1.11
6254	Journal of Gender-Based Violence	United Kingdom	0.32	Q2	87	1496	1.26
6255	Zeitschrift fur Vergleichende Politikwissenschaft	Germany	0.32	Q2	61	1990	1.43
6256	Nursing Science Quarterly	United States	0.32	Q3	219	1499	0.85
6257	Physics of Wave Phenomena	United States	0.32	Q3	141	1461	1.54
6258	Preventing School Failure	United Kingdom	0.32	Q3	114	2674	1.23
6259	Formal Methods in System Design	Netherlands	0.32	Q3	70	363	0.98
6260	BioMedicine (Taiwan)	Taiwan	0.32	Q3	90	1180	1.57
6261	Zdravstveno Varstvo	Germany	0.32	Q3	102	741	1.36
6262	Ethics and Education	United Kingdom	0.319	Q1	101	997	1.17
6263	International Journal of Cultural Property	United Kingdom	0.319	Q1	78	857	0.71
6264	Social History of Medicine	United Kingdom	0.319	Q1	155	2357	0.48
6265	Homeopathy	United States	0.319	Q2	127	1785	0.99
6266	Journal of Continuing Education in Nursing	United States	0.319	Q3	335	1888	1.0
6267	Archives of Mining Sciences	Poland	0.319	Q3	146	1341	1.33
6268	Paleontological Journal	United States	0.319	Q3	396	6758	0.64
6269	Bolletino dell Unione Matematica Italiana	Switzerland	0.319	Q3	127	1077	0.82
6270	Arctic	Canada	0.319	Q3	113	2351	0.97
6271	BMJ Military Health	United Kingdom	0.319	Q3	507	3269	0.76
6272	Malawi Medical Journal	Malawi	0.319	Q3	148	1512	0.69
6273	Politique Europeenne	France	0.318	Q2	67	264	0.39
6274	Estudios Geologicos	Spain	0.318	Q3	58	268	0.67
6275	Journal of Low Frequency Noise Vibration and Active Control	United Kingdom	0.318	Q3	360	5250	2.28
6276	Graphical Models	United States	0.318	Q3	84	845	1.85
6277	Izvestiya Instituta Matematiki i Informatiki Udmurtskogo Gosudarstvennogo Universiteta	Russian Federation	0.318	Q3	57	425	0.58
6278	IEEE Spectrum	United States	0.318	Q3	444	0	0.94
6279	Revista da Associacao Medica Brasileira	Brazil	0.318	Q3	1035	6433	1.05
6280	Thesis Eleven	United Kingdom	0.317	Q1	159	2234	0.81
6281	Australian Feminist Studies	United Kingdom	0.317	Q2	92	344	0.69
6282	Chungara	Chile	0.317	Q2	153	1463	0.29
6283	Sojourn	Singapore	0.317	Q2	50	838	0.85
6284	Journal of the Canadian Dental Association	Canada	0.317	Q3	40	0	1.8
6285	Bulletin Mathematique de la Societe des Sciences Mathematiques de Roumanie	Romania	0.317	Q3	89	454	0.43
6286	Journal of the Korean Mathematical Society	South Korea	0.317	Q3	238	1091	0.61
6287	Asian Pacific Journal of Tropical Biomedicine	Netherlands	0.317	Q3	190	2439	1.8
6288	Cutis	United States	0.317	Q3	800	3532	0.46
6289	Journal for the Study of Spirituality	United Kingdom	0.316	Q1	44	433	1.55
6290	Transactions of the Institute of Metal Finishing	United Kingdom	0.316	Q2	153	1747	1.72
6291	Floresta e Ambiente	Brazil	0.316	Q2	394	1541	0.92
6292	Pacific Affairs	Canada	0.316	Q2	65	0	1.4
6293	Uluslararasi Iliskiler	Turkey	0.316	Q2	99	1215	0.55
6294	Journal of the Brazilian Chemical Society	Brazil	0.316	Q3	746	6482	1.51
6295	Journal of the Ceramic Society of Japan	Japan	0.316	Q3	444	5204	1.13
6296	Zeitschrift fur Anorganische und Allgemeine Chemie	Germany	0.316	Q3	771	13205	1.41
6297	Hokkaido Mathematical Journal	Japan	0.316	Q3	55	116	0.64
6298	Tropical Zoology	United Kingdom	0.316	Q3	34	121	0.95
6299	Journal of Fire Sciences	United Kingdom	0.316	Q3	76	1041	2.02
6300	Educational Theory	United States	0.316	Q3	117	0	1.3
6301	Asia Pacific Allergy	South Korea	0.316	Q3	46	1133	1.48
6302	Bulletin of the Comediantes	United States	0.315	Q1	31	0	0.11
6303	Diachronica	Netherlands	0.315	Q1	50	1567	0.69
6304	Journal of the Royal College of Physicians of Edinburgh, The	United States	0.315	Q1	371	1323	0.71
6305	Modern China	United States	0.315	Q1	72	3379	1.1
6306	Cerne	Brazil	0.315	Q2	131	1524	0.95
6307	Housing, Care and Support	United Kingdom	0.315	Q2	40	766	1.23
6308	International Journal of Care and Caring	United Kingdom	0.315	Q2	132	1666	1.11
6309	Revista Espanola de Antropologia Americana	Spain	0.315	Q2	61	884	0.06
6310	Revista Espanola de Derecho Constitucional	Spain	0.315	Q2	122	807	0.34
6311	Nurse Leader	United States	0.315	Q3	346	1585	1.19
6312	Der Nervenarzt	Germany	0.315	Q3	521	5376	0.91
6313	Elektronika ir Elektrotechnika	Lithuania	0.315	Q3	187	1620	1.65
6314	Iranian Journal of Ageing	Iran	0.315	Q4	133	1652	1.47
6315	HTS Teologiese Studies / Theological Studies	South Africa	0.314	Q1	876	11427	0.44
6316	Linguistic Variation	Netherlands	0.314	Q2	45	651	0.46
6317	Political Science Quarterly	United States	0.314	Q2	65	0	0.69
6318	Porta Linguarum	Spain	0.314	Q2	83	1873	1.06
6319	Archives of Budo	United States	0.314	Q3	100	731	1.31
6320	Drugs and Alcohol Today	United Kingdom	0.314	Q3	95	194	1.0
6321	International Journal of Children's Spirituality	United Kingdom	0.313	Q1	64	548	1.03
6322	Philosophical Papers	United Kingdom	0.313	Q1	55	534	1.0
6323	Revista de Literatura	Spain	0.313	Q1	72	1019	0.15
6324	Notfall und Rettungsmedizin	Germany	0.313	Q2	316	2571	0.86
6325	Polymer Crystallization	United States	0.313	Q3	123	167	1.74
6326	Journal of Knot Theory and its Ramifications	Singapore	0.313	Q3	354	2052	0.44
6327	Australian Universities Review	Australia	0.313	Q3	40	0	0.37
6328	Acta Medica Portuguesa	Portugal	0.313	Q3	640	2944	0.64
6329	HNO	Germany	0.313	Q3	479	3603	0.74
6330	Noropsikiyatri Arsivi	Turkey	0.313	Q3	206	2478	0.98
6331	Journal of Green Building	United States	0.312	Q1	137	2625	1.67
6332	Indian Journal of Traditional Knowledge	India	0.312	Q2	355	3377	0.92
6333	Promet - Traffic - Traffico	Croatia	0.312	Q2	206	2518	1.1
6334	Cuadernos.info	Chile	0.312	Q2	97	1606	0.96
6335	Iowa Law Review	United States	0.312	Q2	171	9067	0.6
6336	Zeitschrift fur Sprachwissenschaft	Germany	0.312	Q2	37	718	0.4
6337	Journal of Micro and Nano-Manufacturing	United States	0.312	Q3	133	345	1.01
6338	Journal of Modern Optics	United Kingdom	0.312	Q3	561	4186	1.45
6339	Bordon	Spain	0.312	Q3	106	1359	1.22
6340	Acta Phytotaxonomica et Geobotanica	Japan	0.312	Q3	67	623	0.6
6341	Alpine Entomology	Bulgaria	0.312	Q3	46	451	0.63
6342	Sensor Review	United Kingdom	0.312	Q3	202	2672	2.01
6343	South African Journal of Psychiatry	South Africa	0.312	Q3	115	2275	0.98
6344	Ethnoarchaeology	United Kingdom	0.311	Q1	23	526	0.42
6345	Journal of the History of Biology	Netherlands	0.311	Q2	77	3268	0.62
6346	International Journal of Game Theory	Germany	0.311	Q2	148	832	0.6
6347	Revista de Geografia Norte Grande	Chile	0.311	Q3	131	2052	0.81
6348	Indian Journal of Urology	India	0.311	Q3	248	1189	0.65
6349	Western Pacific surveillance and response journal : WPSAR	Philippines	0.311	Q3	95	0	0.85
6350	Journal of American History	United States	0.31	Q1	81	765	0.56
6351	Medizinhistorisches Journal	Germany	0.31	Q2	38	982	0.41
6352	Rhetoric Society Quarterly	United Kingdom	0.31	Q2	93	1343	0.46
6353	Revista Mexicana de Fisica	Mexico	0.31	Q3	265	4614	1.73
6354	Acta Virologica	Slovakia	0.31	Q3	168	1465	1.52
6355	Atencion Primaria	Spain	0.31	Q3	514	3773	1.22
6356	Blood Coagulation and Fibrinolysis	United States	0.31	Q3	295	1603	0.99
6357	Iranian Journal of Kidney Diseases	Iran	0.31	Q3	205	1436	1.2
6358	Reumatismo	Italy	0.31	Q4	111	474	1.21
6359	Contemporary British History	United Kingdom	0.309	Q1	83	1764	0.35
6360	Anais da Academia Brasileira de Ciencias	Brazil	0.309	Q2	1120	22263	1.37
6361	ADMET and DMPK	Croatia	0.309	Q2	63	789	2.16
6362	Molecular Astrophysics	Netherlands	0.309	Q3	15	0	1.33
6363	Revista Brasileira de Paleontologia	Brazil	0.309	Q3	65	1558	0.86
6364	Functiones et Approximatio, Commentarii Mathematici	Poland	0.309	Q3	96	236	0.52
6365	Grassland Science	United Kingdom	0.309	Q3	102	1784	1.51
6366	Bogoslovni Vestnik	Slovenia	0.308	Q1	212	1063	0.59
6367	Res Philosophica	United States	0.308	Q1	100	369	0.35
6368	New Medit	Italy	0.308	Q2	120	2220	1.21
6369	Izvestiya - Atmospheric and Oceanic Physics	United States	0.308	Q3	497	4876	0.74
6370	Bird Study	United Kingdom	0.308	Q3	175	672	0.59
6371	Magis	Colombia	0.308	Q3	86	1206	0.82
6372	Actas Urologicas Espanolas	Spain	0.308	Q3	285	2515	1.06
6373	Postepy w Kardiologii Interwencyjnej	Poland	0.308	Q3	252	1224	0.81
6374	Sophia	Netherlands	0.307	Q1	160	1836	0.35
6375	Polis (Russian Federation)	Russian Federation	0.307	Q2	215	1933	0.63
6376	Radioprotection	France	0.307	Q3	131	1307	1.11
6377	Journal of Near Infrared Spectroscopy	United Kingdom	0.307	Q3	116	1254	1.93
6378	Journal of Derivatives	United States	0.307	Q3	89	1168	0.66
6379	Review of Social Economy	United Kingdom	0.307	Q3	110	1989	0.85
6380	Astronomy Reports	United States	0.307	Q3	295	6531	0.74
6381	Journal of Ocean University of China	China	0.307	Q3	461	7165	1.63
6382	Adansonia	France	0.307	Q3	59	1036	0.75
6383	Journal of Craniovertebral Junction and Spine	India	0.307	Q3	179	1518	0.91
6384	HLA	United Kingdom	0.307	Q4	923	3188	0.85
6385	Informal Logic	Canada	0.306	Q1	71	1095	0.64
6386	Journal of Balkan and Near Eastern Studies	United Kingdom	0.306	Q1	141	0	0.77
6387	Constructions and Frames	Netherlands	0.306	Q2	31	474	0.57
6388	Science of Gymnastics Journal	Slovenia	0.306	Q3	96	1147	0.64
6389	Process Safety Progress	United States	0.306	Q3	249	2798	1.08
6390	Phase Transitions	United Kingdom	0.306	Q3	283	3176	1.71
6391	Algebra Colloquium	Singapore	0.306	Q3	169	963	0.29
6392	Acta Scientiarum Mathematicarum	Switzerland	0.305	Q3	108	1092	0.7
6393	Turkiye Entomoloji Dergisi	Turkey	0.305	Q3	133	1829	0.65
6394	Acta Cirurgica Brasileira	Brazil	0.305	Q3	287	2543	1.03
6395	Hong Kong Medical Journal	China	0.305	Q3	478	1105	0.84
6396	Indian Journal of Community Medicine	India	0.305	Q3	407	2400	0.69
6397	History Workshop Journal	United States	0.304	Q1	91	3097	0.36
6398	OCNOS	Spain	0.304	Q1	72	823	0.92
6399	Serials Review	United Kingdom	0.304	Q2	133	617	0.71
6400	Journal of Optics (India)	India	0.304	Q3	239	7723	2.16
6401	Psihologija	Serbia	0.304	Q3	66	1257	1.17
6402	Archives of Control Sciences	Poland	0.304	Q3	109	1081	1.5
6403	Acta Otorrinolaringologica Espanola	Spain	0.304	Q3	207	1658	0.73
6404	Folia Morphologica	Poland	0.304	Q3	360	4268	1.26
6405	Gynecological Surgery	Germany	0.304	Q3	46	0	0.94
6406	Rambam Maimonides Medical Journal	Israel	0.304	Q3	99	1000	1.45
6407	Distributed and Parallel Databases	Netherlands	0.303	Q3	98	1568	1.62
6408	Journal of Porphyrins and Phthalocyanines	Singapore	0.303	Q3	422	5709	1.21
6409	PPmP Psychotherapie Psychosomatik Medizinische Psychologie	Germany	0.303	Q3	262	1912	0.62
6410	Natural Areas Journal	United States	0.303	Q3	119	1479	0.85
6411	Scientific Programming	Egypt	0.303	Q3	1048	30295	1.85
6412	Crustaceana	Netherlands	0.303	Q3	287	2741	0.69
6413	Estudios Atacamenos	Chile	0.302	Q1	116	951	0.55
6414	Australian Journal of Political Science	United Kingdom	0.302	Q2	92	1819	1.22
6415	International Journal of Children's Rights	Netherlands	0.302	Q2	109	2439	1.17
6416	Texas Law Review	United States	0.302	Q2	109	53	0.39
6417	Accreditation and Quality Assurance	United States	0.302	Q3	133	1032	1.01
6418	Quaternaire	France	0.302	Q3	58	939	0.67
6419	Transactions of the Indian Ceramic Society	United Kingdom	0.302	Q3	95	977	1.45
6420	Revista Brasileira de Gestao de Negocios	Brazil	0.302	Q3	123	2781	1.36
6421	Journal of E-Learning and Knowledge Society	Italy	0.302	Q3	125	1527	1.48
6422	International Journal of Intangible Heritage	South Korea	0.301	Q1	39	549	0.54
6423	Margin	United Kingdom	0.301	Q2	57	289	1.15
6424	Indonesia and the Malay World	United Kingdom	0.301	Q2	53	1034	0.88
6425	Law and Practice of International Courts and Tribunals	Netherlands	0.301	Q2	62	657	0.23
6426	Medijske Studije	Croatia	0.301	Q2	46	523	0.43
6427	Smart Science	United Kingdom	0.301	Q3	66	1163	2.29
6428	Indian Chemical Engineer	United Kingdom	0.301	Q3	111	2302	1.86
6429	Boletim da Sociedade Paranaense de Matematica	Brazil	0.301	Q3	258	2790	0.71
6430	Pakistan Journal of Botany	Pakistan	0.301	Q3	812	10614	1.28
6431	Spanish Journal of Soil Science	Switzerland	0.301	Q3	40	638	1.04
6432	Organogenesis	United States	0.301	Q3	35	409	2.17
6433	MEDICC Review	United States	0.301	Q3	157	1008	0.76
6434	Revista Iberoamericana de Micologia	Spain	0.301	Q3	106	411	1.48
6435	Journal of Public and Nonprofit Affairs	United States	0.3	Q2	67	1493	0.83
6436	Southern Forests	United Kingdom	0.3	Q2	116	1750	0.84
6437	Communist and Post-Communist Studies	United Kingdom	0.3	Q2	107	2075	1.03
6438	Reference and User Services Quarterly	United States	0.3	Q2	39	0	0.25
6439	Deafness and Education International	United Kingdom	0.3	Q3	56	1364	1.22
6440	CEAS Space Journal	Austria	0.3	Q3	145	2197	1.48
6441	Russian Journal of Nondestructive Testing	United States	0.3	Q3	330	2772	0.92
6442	International Journal of Applied Psychoanalytic Studies	United States	0.3	Q3	99	1581	0.65
6443	Proceedings of the Indian Academy of Sciences: Mathematical Sciences	India	0.3	Q3	198	1499	0.32
6444	Egyptian Heart Journal	Egypt	0.3	Q3	223	2590	1.12
6445	Fashion Practice	United Kingdom	0.299	Q1	74	1689	1.08
6446	Human Arenas	Netherlands	0.299	Q2	157	4988	1.18
6447	Fragmenta Entomologica	Italy	0.299	Q3	95	584	0.78
6448	Koedoe	South Africa	0.299	Q3	66	576	1.12
6449	Mathematica Bohemica	Czech Republic	0.299	Q3	91	798	0.55
6450	Ophthalmologe	Germany	0.299	Q3	676	4864	0.73
6451	Wiener Medizinische Wochenschrift	Austria	0.299	Q3	197	3110	0.88
6452	IEEE Annals of the History of Computing	United States	0.298	Q2	106	1325	0.33
6453	Neurocase	United Kingdom	0.298	Q2	161	2529	0.69
6454	Drvna Industrija	Croatia	0.298	Q2	127	1652	1.33
6455	Anthropology Today	United States	0.298	Q2	133	847	1.06
6456	Georgetown Law Journal	United States	0.298	Q2	18	0	0.0
6457	KOME	Hungary	0.298	Q2	38	647	0.86
6458	Libri	Germany	0.298	Q2	79	1818	1.14
6459	Nutricion Hospitalaria	Spain	0.298	Q3	648	7332	1.12
6460	International Journal of Modern Physics B	Singapore	0.298	Q3	1349	13971	1.77
6461	Journal of Micro/ Nanolithography, MEMS, and MOEMS	United States	0.298	Q3	162	1915	1.66
6462	Pedagogische Studien	Netherlands	0.298	Q3	77	632	0.35
6463	Support for Learning	United States	0.298	Q3	102	853	0.75
6464	Journal of Poverty and Social Justice	United Kingdom	0.297	Q2	56	719	1.31
6465	Revista General de Derecho Administrativo	Spain	0.297	Q2	206	1501	0.14
6466	Journal of Nanofluids	United States	0.297	Q3	209	0	3.22
6467	Grasas y Aceites	Spain	0.297	Q3	151	1873	1.63
6468	Russian Chemical Bulletin	United States	0.297	Q3	940	12087	1.71
6469	International Journal of GEOMATE	Japan	0.297	Q3	1076	5131	0.85
6470	Led i Sneg	Russian Federation	0.297	Q3	138	1202	0.6
6471	Russian Physics Journal	United States	0.297	Q3	915	5412	0.61
6472	International Journal of Wavelets, Multiresolution and Information Processing	Singapore	0.297	Q3	228	2214	1.61
6473	Asian journal of endoscopic surgery	Japan	0.297	Q3	344	0	0.98
6474	Zeitschrift fur Rheumatologie	Germany	0.297	Q4	500	4289	0.6
6475	Wounds	United States	0.296	Q1	276	1821	0.94
6476	Contemporary European History	United Kingdom	0.296	Q1	113	2849	0.42
6477	Journal of Microwave Power and Electromagnetic Energy	United States	0.296	Q2	70	565	1.5
6478	China Report	India	0.296	Q2	64	1092	0.98
6479	Journal of Infusion Nursing	United States	0.296	Q3	129	703	0.72
6480	Zeitschrift fur Naturforschung - Section A Journal of Physical Sciences	Germany	0.296	Q3	299	4085	2.06
6481	Fluctuation and Noise Letters	Singapore	0.296	Q3	151	2617	1.76
6482	Journal of Integral Equations and Applications	United States	0.296	Q3	87	776	0.68
6483	Coleopterists Bulletin	United States	0.296	Q3	319	2050	0.49
6484	Journal of Insect Behavior	United States	0.296	Q3	84	1028	0.81
6485	NanoEthics	Netherlands	0.295	Q1	66	1313	1.43
6486	Cogent Arts and Humanities	United Kingdom	0.295	Q2	199	4605	1.41
6487	Metacritic Journal for Comparative Studies and Theory	Romania	0.295	Q2	69	565	0.5
6488	Games	Switzerland	0.295	Q3	205	3127	0.94
6489	Journal of Chemical Metrology	Turkey	0.295	Q3	35	387	1.46
6490	Zeitschrift der Deutschen Gesellschaft fur Geowissenschaften	Germany	0.295	Q3	89	2199	0.9
6491	Rural Society	United Kingdom	0.295	Q3	41	674	0.92
6492	Actas Dermo-Sifiliograficas	Spain	0.295	Q3	779	291	0.84
6493	American Journal of Dance Therapy	United States	0.295	Q3	49	568	0.74
6494	Revista Brasileira de Ginecologia e Obstetricia	Brazil	0.295	Q3	410	5018	0.99
6495	Journal of European Competition Law and Practice	United States	0.294	Q2	257	1779	0.36
6496	Journal of the Asia Pacific Economy	United Kingdom	0.294	Q2	176	3899	1.52
6497	Journal of Chromatographic Science	United States	0.294	Q3	344	2307	1.49
6498	Journal of Macromolecular Science - Physics	United States	0.294	Q3	183	2883	1.58
6499	Atmosfera	Mexico	0.294	Q3	80	2075	1.2
6500	International Journal of Game-Based Learning	United States	0.294	Q3	48	223	1.33
6501	Korean Journal of Plant Taxonomy	South Korea	0.294	Q3	102	1039	0.84
6502	Revista Brasileira de Fruticultura	Brazil	0.294	Q3	234	1778	0.88
6503	Folia Geographica	Slovakia	0.294	Q3	51	345	1.84
6504	Folia Biologica	Czech Republic	0.294	Q3	81	0	0.69
6505	British Journal of Middle Eastern Studies	United Kingdom	0.293	Q1	182	291	0.89
6506	History of Education Review	United Kingdom	0.293	Q1	57	1027	0.33
6507	Vestnik Sankt-Peterburgskogo Universiteta, Istoriya	Russian Federation	0.293	Q1	239	2251	0.19
6508	Caryologia	United Kingdom	0.293	Q2	156	1553	1.06
6509	Journal of Corporate Law Studies	United Kingdom	0.293	Q2	52	0	0.76
6510	Journal of Information Policy	United States	0.293	Q2	68	609	0.83
6511	Sankhya B	India	0.293	Q3	85	1614	0.68
6512	Sao Paulo Journal of Mathematical Sciences	Switzerland	0.293	Q3	141	3343	0.55
6513	Ecological Restoration	United States	0.293	Q3	108	1103	0.95
6514	Taiwania	Taiwan	0.293	Q3	189	2475	0.96
6515	Journal on Efficiency and Responsibility in Education and Science	Czech Republic	0.293	Q3	52	1342	1.44
6516	Scripta Nova	Spain	0.293	Q3	85	1100	0.66
6517	Pediatric Annals	United States	0.293	Q3	322	2315	0.87
6518	Journal of Medieval Iberian Studies	United Kingdom	0.292	Q1	59	1705	0.63
6519	Prahistorische Zeitschrift	Germany	0.292	Q2	75	3135	0.62
6520	SiSal Journal	Japan	0.292	Q2	80	717	0.87
6521	Scientia Iranica	Iran	0.292	Q3	820	10588	1.37
6522	International Journal of Modern Physics C	Singapore	0.292	Q3	481	7281	1.89
6523	Acta Ornithologica	Poland	0.292	Q3	70	0	0.83
6524	Revista Brasileira de Zootecnia	Brazil	0.292	Q3	254	2283	1.02
6525	Biomedizinische Technik	Germany	0.292	Q3	205	2384	1.81
6526	Archives Italiennes de Biologie	Italy	0.292	Q3	35	443	1.0
6527	Der Orthopade	Germany	0.292	Q3	478	1971	0.6
6528	Psicologia Sociale	Italy	0.292	Q4	60	864	0.85
6529	International journal of nursing knowledge	Germany	0.291	Q2	110	2392	1.19
6530	Journal of trauma nursing : the official journal of the Society of Trauma Nurses	United States	0.291	Q2	202	1032	0.77
6531	Horizon. Studies in Phenomenology	Russian Federation	0.291	Q2	98	900	0.22
6532	Archives of Acoustics	Poland	0.291	Q3	205	1721	1.12
6533	New Zealand Journal of Crop and Horticultural Science	United Kingdom	0.291	Q3	73	3173	1.35
6534	Transinformacao	Brazil	0.29	Q1	70	944	0.69
6535	Gestion y Politica Publica	Mexico	0.29	Q2	54	648	0.63
6536	Australasian Orthodontic Journal	Australia	0.29	Q3	97	1161	0.48
6537	American Midland Naturalist	United States	0.29	Q3	134	1856	0.67
6538	Cryo-Letters	United Kingdom	0.29	Q3	138	1798	1.03
6539	Inland Water Biology	United States	0.29	Q3	250	3827	0.89
6540	Plant Protection Science	Czech Republic	0.29	Q3	108	1649	1.36
6541	Revista Brasileira de Ciencia Avicola	Brazil	0.29	Q3	273	3037	1.01
6542	Neurologist	United States	0.29	Q3	159	1300	1.09
6543	Interdisciplinary Science Reviews	United Kingdom	0.289	Q2	104	2125	1.25
6544	Vitruvio	Spain	0.289	Q2	44	296	0.97
6545	Asian Affairs	United Kingdom	0.289	Q2	109	0	0.91
6546	Law and Critique	Netherlands	0.289	Q2	64	1602	1.24
6547	Quarterly Journal of Speech	United States	0.289	Q2	73	0	0.71
6548	Journal of Humanistic Counseling	United Kingdom	0.289	Q3	43	1414	0.88
6549	Psicologia Conductual	Spain	0.289	Q3	93	2304	0.97
6550	Performance Improvement Quarterly	United States	0.289	Q3	67	1009	1.09
6551	Georgian Mathematical Journal	Germany	0.289	Q3	213	1723	0.76
6552	Journal of Statistical Theory and Practice	United States	0.289	Q3	215	2079	0.67
6553	Ciencias Marinas	Mexico	0.289	Q3	61	639	0.74
6554	American Journal of Clinical Hypnosis	United States	0.289	Q3	77	1540	1.0
6555	Journal of the American Musicological Society	United States	0.288	Q1	38	968	0.43
6556	Foundations of Science	Netherlands	0.288	Q2	180	5581	1.06
6557	Mental Lexicon	Netherlands	0.288	Q2	54	321	0.75
6558	Revista de Derecho Privado	Colombia	0.288	Q2	85	985	0.23
6559	Sovremennaya Evropa	Russian Federation	0.288	Q2	380	1887	0.44
6560	Revista Brasileira de Recursos Hidricos	Brazil	0.288	Q3	131	2215	0.98
6561	Gravitation and Cosmology	United States	0.288	Q3	141	1585	0.77
6562	Families, Systems and Health	United States	0.288	Q3	252	1482	0.74
6563	Annales Mathematiques du Quebec	Switzerland	0.288	Q3	71	1108	0.47
6564	Saude e Sociedade	Brazil	0.288	Q3	310	2862	0.55
6565	Acta Borealia	United Kingdom	0.287	Q1	23	521	0.93
6566	American literature; a journal of literary history, criticism and bibliography	United States	0.287	Q1	74	1229	0.43
6567	Industrial Law Journal	United Kingdom	0.287	Q2	76	1114	0.84
6568	International Sports Law Journal	United States	0.287	Q2	59	1395	1.35
6569	Asian Myrmecology	Malaysia	0.287	Q3	23	579	0.74
6570	Grundwasser	Germany	0.287	Q3	76	754	0.64
6571	Bulletin of the Belgian Mathematical Society - Simon Stevin	Belgium	0.287	Q3	114	319	0.68
6572	Funkcialaj Ekvacioj	Japan	0.287	Q3	51	172	0.31
6573	Proceedings of the Entomological Society of Washington	United States	0.287	Q3	207	1967	0.4
6574	Hemoglobin	United States	0.287	Q3	237	1590	0.88
6575	Neophilologus	Netherlands	0.286	Q1	119	2029	0.26
6576	Forest Systems	Spain	0.286	Q2	77	1614	0.79
6577	Australian Journal of Indigenous Education	United Kingdom	0.286	Q2	88	0	1.33
6578	Teoria y Realidad Constitucional	Spain	0.286	Q2	110	946	0.33
6579	Acta Ortopedica Brasileira	Brazil	0.286	Q3	188	2164	0.74
6580	Polycyclic Aromatic Compounds	United Kingdom	0.286	Q3	382	44437	2.7
6581	Revista Brasileira de Geomorfologia	Brazil	0.286	Q3	154	2850	0.71
6582	Horticultura Brasileira	Brazil	0.286	Q3	195	1652	0.7
6583	Journal of Machinery Manufacture and Reliability	United States	0.286	Q3	342	2147	0.49
6584	Transactions of Famena	Croatia	0.286	Q3	106	804	1.24
6585	Journal for the Study of the New Testament	United Kingdom	0.285	Q1	84	1328	0.23
6586	Journal of Hindu Studies	India	0.285	Q1	42	144	0.22
6587	Stratum Plus	Moldova	0.285	Q1	385	7414	0.35
6588	Journal of Applied Biomedicine	Czech Republic	0.285	Q2	73	755	1.39
6589	Iberica	Spain	0.285	Q2	69	1281	0.51
6590	Survival	United Kingdom	0.285	Q2	231	0	0.84
6591	Noise and Health	India	0.285	Q3	56	818	1.42
6592	International Journal of Sport Finance	United States	0.285	Q3	44	0	0.96
6593	Bulletin of the Polish Academy of Sciences: Technical Sciences	Poland	0.285	Q3	458	3542	1.26
6594	Materialwissenschaft und Werkstofftechnik	Germany	0.285	Q3	411	4492	1.29
6595	Ansiedad y Estres	Spain	0.285	Q3	78	844	1.14
6596	Journal of Poetry Therapy	United Kingdom	0.285	Q3	70	1254	0.89
6597	International Journal of e-Collaboration	United States	0.285	Q3	64	2487	2.33
6598	OIE Revue Scientifique et Technique	France	0.285	Q3	189	621	0.63
6599	Turkish Journal of Field Crops	Turkey	0.285	Q3	98	1396	0.89
6600	Journal of Biological Regulators and Homeostatic Agents	Italy	0.285	Q3	1334	12880	1.79
6601	Leprosy Review	United Kingdom	0.285	Q3	148	1056	0.56
6602	Urology Practice	United States	0.285	Q3	256	979	0.29
6603	History of the Human Sciences	United Kingdom	0.284	Q1	113	3907	0.66
6604	Journal of African History	United Kingdom	0.284	Q1	62	960	0.59
6605	Veterinaria italiana	Italy	0.284	Q2	128	489	0.91
6606	Investigaciones Regionales	Spain	0.284	Q2	82	976	0.96
6607	Aloma	Spain	0.284	Q3	54	300	1.74
6608	Polimeros	Brazil	0.284	Q3	147	1688	1.37
6609	Emirates Journal of Food and Agriculture	United Arab Emirates	0.284	Q3	335	5058	1.31
6610	Current Nanoscience	United Arab Emirates	0.284	Q3	236	5132	1.58
6611	Acta Geodaetica et Geophysica	Netherlands	0.284	Q3	116	1710	1.46
6612	International Journal of Acoustics and Vibrations	United States	0.284	Q3	164	923	1.11
6613	Tourism	Croatia	0.284	Q3	113	2312	1.81
6614	Vestnik Sankt-Peterburgskogo Universiteta, Prikladnaya Matematika, Informatika, Protsessy Upravleniya	Russian Federation	0.284	Q3	122	423	0.93
6615	Journal of Apicultural Science	Poland	0.284	Q3	84	737	0.69
6616	Journal of Advanced Mechanical Design, Systems and Manufacturing	Japan	0.284	Q3	281	1500	1.13
6617	Revista de la Construccion	Chile	0.284	Q3	163	1287	1.31
6618	Tuberkuloz ve Toraks	Turkey	0.284	Q3	184	1202	0.99
6619	Nexus Network Journal	United States	0.283	Q1	158	1813	0.63
6620	Novel	United States	0.283	Q1	58	767	0.25
6621	Journal of American Folklore	United States	0.283	Q1	78	1044	0.63
6622	Asian Journal of International Law	United Kingdom	0.283	Q2	59	634	0.32
6623	Osterreichische Zeitschrift fur Soziologie	Switzerland	0.283	Q2	108	1831	0.71
6624	Revista Pedagogia Universitaria y Didactica del Derecho	Chile	0.283	Q2	75	972	0.72
6625	Rivista Italiana di Geotecnica	Italy	0.283	Q3	37	240	0.65
6626	Zeitschrift fur Geomorphologie	Germany	0.283	Q3	58	1203	0.97
6627	Doklady Physics	United States	0.283	Q3	287	163	0.71
6628	Schmerz	Germany	0.283	Q3	218	2278	0.75
6629	Notes and Records of the Royal Society	United Kingdom	0.282	Q2	95	1743	0.36
6630	Sotsiologicheskie issledovaniia	Russian Federation	0.282	Q2	624	2899	0.39
6631	International Journal of Emerging Electric Power Systems	Germany	0.282	Q3	184	3338	1.97
6632	Czechoslovak Mathematical Journal	United States	0.282	Q3	238	1342	0.49
6633	Oriental Insects	United Kingdom	0.282	Q3	122	2248	0.65
6634	Acta medica Indonesiana	Indonesia	0.282	Q3	185	0	1.38
6635	Medwave	Chile	0.282	Q3	244	0	1.17
6636	FORUM (Netherlands)	Netherlands	0.281	Q1	29	759	0.5
6637	Revista Signos	Chile	0.281	Q1	134	1352	0.66
6638	Rossijskaja Arheologija	Russian Federation	0.281	Q1	155	0	0.37
6639	Acta Facultatis Xylologiae	Slovakia	0.281	Q2	91	879	1.12
6640	Ciudad y Territorio Estudios Territoriales	Spain	0.281	Q2	194	2573	0.53
6641	Malaysian Orthopaedic Journal	Malaysia	0.281	Q2	212	1300	0.6
6642	Pflege	Switzerland	0.281	Q3	145	1601	0.8
6643	Physical Activity Review	Poland	0.281	Q3	83	1220	1.23
6644	Thalassas	Spain	0.281	Q3	257	7780	0.86
6645	Zeitschrift fur Entwicklungspsychologie und Padagogische Psychologie	Germany	0.281	Q3	37	746	0.75
6646	Bothalia	South Africa	0.281	Q3	72	305	0.74
6647	Journal of Drug Education	United States	0.281	Q3	14	164	0.79
6648	X-Ray Spectrometry	United Kingdom	0.281	Q4	217	2117	1.15
6649	South Asia: Journal of South Asia Studies	United Kingdom	0.28	Q1	209	0	0.93
6650	Asian Journal of Agriculture and Biology	Pakistan	0.28	Q2	236	1079	1.83
6651	Revista de Biologia Tropical	Costa Rica	0.28	Q2	441	3173	0.74
6652	Current legal problems	United Kingdom	0.28	Q2	29	0	0.53
6653	Hospitality and Society	United Kingdom	0.28	Q2	52	1159	0.9
6654	International Review of the Red Cross	United Kingdom	0.28	Q2	166	852	0.23
6655	Revista Espanola de Sociologia	Spain	0.28	Q2	193	2993	0.75
6656	Revista Mexicana de Ingeniera Quimica	Mexico	0.28	Q3	375	4048	1.61
6657	Acta Chromatographica	Hungary	0.28	Q3	145	1473	1.94
6658	Revista Espanola de Financiacion y Contabilidad	United Kingdom	0.28	Q3	63	2887	1.57
6659	Zeitschrift fur Kinder- und Jugendpsychiatrie und Psychotherapie	Switzerland	0.28	Q3	208	2350	0.8
6660	Glasnik Matematicki	Croatia	0.28	Q3	66	385	0.39
6661	Annales de Limnologie	France	0.28	Q3	79	0	1.04
6662	Helminthologia	Poland	0.28	Q3	136	1871	1.11
6663	Scientia Agropecuaria	Peru	0.28	Q3	198	1831	1.73
6664	History of Psychiatry	United Kingdom	0.28	Q3	102	1733	0.52
6665	Gladius	Spain	0.279	Q1	27	0	0.61
6666	Theatre, Dance and Performance Training	United Kingdom	0.279	Q1	168	941	0.34
6667	Acta Biotheoretica	Netherlands	0.279	Q2	77	1461	1.16
6668	Welding Journal	United States	0.279	Q2	160	443	1.59
6669	Rethinking Marxism	United Kingdom	0.279	Q2	103	1181	0.51
6670	SOCAR Proceedings	Azerbaijan	0.279	Q3	247	4619	2.4
6671	Journal of the Chilean Chemical Society	Chile	0.279	Q3	180	2136	1.81
6672	Travail Humain	France	0.279	Q3	36	170	0.79
6673	International Journal of Parallel, Emergent and Distributed Systems	United Kingdom	0.279	Q3	139	1315	1.28
6674	Revstat Statistical Journal	Portugal	0.279	Q3	98	742	0.85
6675	Acta Botanica Croatica	Croatia	0.279	Q3	79	1056	1.25
6676	Animal Biology	Netherlands	0.279	Q3	98	1594	1.15
6677	Belgian Journal of Zoology	Belgium	0.279	Q3	29	554	0.95
6678	Progres en Urologie	France	0.279	Q3	386	5383	0.91
6679	Archaeologies	United States	0.278	Q2	74	1839	0.39
6680	Adoption Quarterly	United States	0.278	Q2	44	1517	0.79
6681	Babel	Netherlands	0.278	Q2	134	1224	0.42
6682	English World-Wide	Netherlands	0.278	Q2	39	650	0.42
6683	Family Court Review	United States	0.278	Q2	200	871	0.73
6684	Partecipazione e Conflitto	Italy	0.278	Q2	177	3170	0.8
6685	International Journal of Exergy	United Kingdom	0.278	Q3	196	1942	1.4
6686	European Physical Journal H	Germany	0.278	Q3	53	1130	0.97
6687	Open Physics	Germany	0.278	Q3	312	4048	1.95
6688	Turkish Journal of Physics	Turkey	0.278	Q3	126	798	1.8
6689	Cybium	France	0.278	Q3	102	258	0.63
6690	Ornithological Science	Japan	0.278	Q3	61	1049	0.78
6691	South African Journal of Enology and Viticulture	South Africa	0.278	Q3	78	893	1.19
6692	World Rabbit Science	Spain	0.278	Q3	75	1221	1.02
6693	IDS Bulletin	United Kingdom	0.278	Q3	83	1136	0.66
6694	Children's Literature in Education	Netherlands	0.277	Q1	100	3138	0.45
6695	Open Library of Humanities	United Kingdom	0.277	Q1	148	1617	0.59
6696	Refuge	Canada	0.277	Q1	53	1112	0.91
6697	Acta Veterinaria Hungarica	Hungary	0.277	Q2	171	1033	0.88
6698	Journal of Chiropractic Education	United States	0.277	Q2	78	837	0.85
6699	Dendrobiology	Poland	0.277	Q2	49	1551	1.0
6700	Geomagnetism and Aeronomy	United States	0.277	Q3	431	3657	0.72
6701	Turczaninowia	Russian Federation	0.277	Q3	184	1815	0.5
6702	Cytologia	Japan	0.277	Q3	182	2013	0.89
6703	DISP	United Kingdom	0.277	Q3	105	638	0.88
6704	Gene Reports	Netherlands	0.277	Q4	1035	13275	1.39
6705	College and Undergraduate Libraries	United States	0.276	Q2	66	399	0.7
6706	Journal of Business and Finance Librarianship	United States	0.276	Q2	51	491	1.1
6707	Transactions of the Philological Society	United Kingdom	0.276	Q2	60	1396	0.53
6708	Fiber and Integrated Optics	United Kingdom	0.276	Q3	55	295	1.59
6709	Psychologische Rundschau	Germany	0.276	Q3	102	824	0.54
6710	Economia Agraria y Recursos Naturales	Spain	0.276	Q3	44	487	0.48
6711	Cryptogamie, Algologie	France	0.276	Q3	38	638	1.26
6712	Anuario Lope de Vega	Spain	0.275	Q1	56	694	0.35
6713	Medieval Archaeology	United Kingdom	0.275	Q1	36	987	0.56
6714	Grazer Philosophische Studien	Netherlands	0.275	Q2	99	952	0.48
6715	Sociolinguistic Studies	United Kingdom	0.275	Q2	52	649	0.38
6716	Gadjah Mada International Journal of Business	Indonesia	0.275	Q3	45	1118	1.1
6717	Agrivita	Indonesia	0.275	Q3	169	2242	1.23
6718	Revista Portuguesa de Cardiologia	Portugal	0.275	Q3	481	1645	0.74
6719	Shima	Australia	0.274	Q1	75	2494	0.56
6720	Digital Creativity	United Kingdom	0.274	Q2	65	1160	1.44
6721	Wood and Fiber Science	United States	0.274	Q2	52	0	2.23
6722	Modern Law Review	United States	0.274	Q2	143	0	0.62
6723	International Journal of Medicinal Mushrooms	United States	0.274	Q3	312	3708	1.24
6724	Monatshefte fur Chemie	Austria	0.274	Q3	560	6037	1.9
6725	African Review of Physics	Ghana	0.274	Q3	56	0	5.23
6726	Terapia Psicologica	Chile	0.274	Q3	72	1121	1.08
6727	Health Behavior and Policy Review	United States	0.274	Q3	94	1542	0.85
6728	Anales de Pediatria	Spain	0.274	Q3	665	3815	0.99
6729	Gynecologie Obstetrique Fertilite et Senologie	France	0.274	Q3	441	3733	0.77
6730	History of European Ideas	United Kingdom	0.273	Q1	244	4840	0.3
6731	Insight on Africa	United Kingdom	0.273	Q1	31	550	1.32
6732	Pacific Science	United States	0.273	Q2	89	729	0.65
6733	Footwear Science	United Kingdom	0.273	Q3	228	618	1.22
6734	Mathematical Medicine and Biology	United Kingdom	0.273	Q3	68	314	0.96
6735	Analytical Sciences	Switzerland	0.273	Q3	729	7390	1.47
6736	Sciences in Cold and Arid Regions	China	0.273	Q3	89	1212	1.01
6737	Proceedings of the Japan Academy Series A: Mathematical Sciences	Japan	0.273	Q3	58	277	0.43
6738	Acta Amazonica	Brazil	0.273	Q3	145	1842	0.85
6739	International Journal of Technoethics	United States	0.273	Q3	34	205	1.96
6740	Acta Clinica Croatica	Croatia	0.273	Q3	398	3033	0.62
6741	Signa	Spain	0.272	Q1	121	1541	0.14
6742	Urbani Izziv	Slovenia	0.272	Q1	90	1345	0.82
6743	Philosophia (United States)	Netherlands	0.272	Q2	369	6976	0.41
6744	Res Publica	Netherlands	0.272	Q2	104	2035	0.7
6745	Sankhya A	India	0.272	Q3	77	1364	0.91
6746	Acta Carsologica	Slovenia	0.272	Q3	65	349	0.6
6747	Fennia	Finland	0.272	Q3	63	715	1.18
6748	Global Nest Journal	Greece	0.272	Q3	207	4219	1.15
6749	Acta Biologica Cracoviensia Series Botanica	Poland	0.272	Q3	29	131	2.75
6750	Erwerbs-Obstbau	Germany	0.272	Q3	198	7026	1.32
6751	AIMS Biophysics	United States	0.272	Q3	67	876	1.49
6752	Kratkiye Soobshcheniya Instituta Arkheologii	Russian Federation	0.271	Q1	373	1903	0.22
6753	Postcolonial Studies	United Kingdom	0.271	Q1	121	0	1.1
6754	Revista brasileira de enfermagem	Brazil	0.271	Q3	1452	0	0.85
6755	Physicochemical Problems of Mineral Processing	Poland	0.271	Q3	347	4431	1.61
6756	Journal of Private Equity	United States	0.271	Q3	38	0	0.0
6757	Studia Quaternaria	Poland	0.271	Q3	44	495	0.52
6758	Akustika	Czech Republic	0.271	Q3	265	228	0.35
6759	Publicaciones de la Facultad de Educacion y Humanidades del Campus de Melilla	Spain	0.271	Q3	179	657	0.91
6760	American Journal of Case Reports	United States	0.271	Q3	1519	9401	1.07
6761	Fibonacci Quarterly	United States	0.271	Q4	136	109	0.4
6762	Spanish in Context	Netherlands	0.27	Q1	61	935	0.63
6763	Journal of Construction in Developing Countries	Malaysia	0.27	Q2	70	1185	1.1
6764	International Journal of Discrimination and the Law	United States	0.27	Q2	51	566	0.89
6765	Finisterra	Portugal	0.27	Q3	140	439	0.93
6766	Ardea	Netherlands	0.27	Q3	103	298	0.39
6767	Current History	United States	0.269	Q1	173	0	0.79
6768	Sibirica	United States	0.269	Q1	49	805	0.33
6769	Anthropological Forum	United Kingdom	0.269	Q2	78	925	1.02
6770	Kantian Review	United Kingdom	0.269	Q2	86	954	0.42
6771	International Journal	Canada	0.269	Q2	119	0	0.93
6772	International Journal of Chemical Kinetics	United States	0.269	Q3	269	2389	1.66
6773	Revista de la Union Matematica Argentina	Argentina	0.269	Q3	98	776	0.53
6774	International Journal of Online Pedagogy and Course Design	United States	0.269	Q3	60	1897	1.13
6775	Acta Dermatovenerologica Alpina, Panonica et Adriatica	Slovenia	0.269	Q3	125	1229	1.2
6776	Revista Espanola de Enfermedades Digestivas	Spain	0.269	Q3	895	2133	0.7
6777	Journal of Interior Design	United States	0.268	Q1	57	976	1.29
6778	Food and Foodways	United Kingdom	0.268	Q1	58	828	1.24
6779	EC Tax Review	Netherlands	0.268	Q2	104	2674	0.35
6780	Ulusal Travma ve Acil Cerrahi Dergisi	Turkey	0.268	Q2	367	5011	1.07
6781	Journal of the Japan Petroleum Institute	Japan	0.268	Q3	121	979	1.05
6782	Nase More	Croatia	0.268	Q3	88	619	0.89
6783	Journal of Planar Chromatography - Modern TLC	Hungary	0.268	Q3	213	1684	1.37
6784	Quaestiones Geographicae	Poland	0.268	Q3	122	2652	1.16
6785	Monthly Labor Review	United States	0.268	Q3	134	0	0.88
6786	Rad Hrvatske Akademije Znanosti i Umjetnosti, Matematicke Znanosti	Croatia	0.268	Q3	28	224	0.79
6787	Education for Health: Change in Learning and Practice	India	0.268	Q3	99	254	0.36
6788	Bulletin of Ugric Studies	Russian Federation	0.267	Q1	225	699	0.13
6789	Modern Italy	United Kingdom	0.267	Q1	82	1518	0.38
6790	Oceanological and Hydrobiological Studies	Germany	0.267	Q3	116	1781	1.05
6791	International Journal of Optics	United States	0.267	Q3	130	989	1.42
6792	Physics of Particles and Nuclei Letters	United States	0.267	Q3	377	2156	0.52
6793	Forest Products Journal	United States	0.267	Q3	184	1177	0.97
6794	Tizard Learning Disability Review	United Kingdom	0.267	Q3	102	549	0.43
6795	International Journal of Web and Grid Services	United Kingdom	0.267	Q3	59	814	1.2
6796	Odonatologica	Netherlands	0.267	Q3	52	288	0.64
6797	Journal of The American Institute for Conservation	United Kingdom	0.266	Q1	66	908	0.38
6798	Pesquisa Veterinaria Brasileira	Brazil	0.266	Q2	369	1851	0.61
6799	Canadian Journal of Hospital Pharmacy	Canada	0.266	Q2	178	691	0.56
6800	Revista Espanola de Ciencia Politica	Spain	0.266	Q2	76	1130	0.39
6801	Acta Physica Polonica B	Poland	0.266	Q3	471	1835	0.53
6802	Nano	Singapore	0.266	Q3	516	5674	1.13
6803	Children's Health Care	United States	0.266	Q3	83	1956	1.16
6804	Intangible Capital	Spain	0.266	Q3	32	1823	1.39
6805	Acta Societatis Botanicorum Poloniae	Poland	0.266	Q3	71	3172	1.13
6806	British Journal of Visual Impairment	United States	0.266	Q3	93	3950	1.06
6807	Journal of Minimal Access Surgery	India	0.266	Q3	299	2128	0.76
6808	Idojaras	Hungary	0.266	Q4	88	1149	0.97
6809	Caucasus Survey	United States	0.265	Q1	51	484	0.74
6810	History and Anthropology	United Kingdom	0.265	Q1	145	3407	0.69
6811	Journal of British Cinema and Television	United Kingdom	0.265	Q1	71	644	0.68
6812	News of the National Academy of Sciences of the Republic of Kazakhstan, Series of Geology and Technical Sciences	Kazakhstan	0.265	Q3	465	2022	0.68
6813	Polar Record	United Kingdom	0.265	Q3	115	2232	0.77
6814	Boletin de la Sociedad Argentina de Botanica	Argentina	0.265	Q3	113	2005	0.64
6815	Journal of the Chinese Institute of Engineers, Transactions of the Chinese Institute of Engineers,Series A/Chung-kuo Kung Ch'eng Hsuch K'an	United Kingdom	0.265	Q3	242	1867	1.34
6816	International Journal of Risk and Safety in Medicine	Netherlands	0.265	Q3	84	1127	1.26
6817	Gesture	Netherlands	0.264	Q1	40	0	0.92
6818	Tripodos	Spain	0.264	Q2	92	0	0.82
6819	Isokinetics and Exercise Science	Netherlands	0.264	Q3	136	1149	0.59
6820	Cuadernos de Relaciones Laborales	Spain	0.264	Q3	58	847	0.55
6821	Discrete Dynamics in Nature and Society	United States	0.264	Q3	1143	20959	1.55
6822	Vestnik Tomskogo Gosudarstvennogo Universiteta, Matematika i Mekhanika	Russian Federation	0.264	Q3	207	191	0.36
6823	Journal of Nippon Medical School	Japan	0.264	Q3	199	2340	0.98
6824	Israel Affairs	United Kingdom	0.263	Q1	184	2146	0.48
6825	Konstantinove Listy	Slovakia	0.263	Q1	91	1197	0.36
6826	Revista Notas Historicas y Geograficas	Chile	0.263	Q1	75	1478	0.74
6827	ACTA Paulista de Enfermagem	Brazil	0.263	Q2	269	0	0.86
6828	Journal of Contemporary Archaeology	United Kingdom	0.263	Q2	59	480	0.32
6829	Medizinische Klinik - Intensivmedizin und Notfallmedizin	Germany	0.263	Q3	350	2673	0.9
6830	Journal of Investing	United Kingdom	0.263	Q3	164	1109	0.49
6831	Mausam	India	0.263	Q3	194	1913	0.61
6832	Revista Mexicana de Ciencias Geologicas	Mexico	0.263	Q3	70	0	0.8
6833	Note di Matematica	Italy	0.263	Q3	49	91	0.61
6834	Journal of Agricultural Safety and Health	United States	0.263	Q3	44	646	1.31
6835	Tropical Grasslands - Forrajes Tropicales	Colombia	0.263	Q3	149	1140	0.77
6836	Sociologija	Serbia	0.263	Q3	91	1277	0.51
6837	British journal of hospital medicine (London, England : 2005)	United Kingdom	0.263	Q3	793	2510	0.57
6838	Muscles, Ligaments and Tendons Journal	Italy	0.263	Q3	257	2508	0.86
6839	Quaestio Rossica	Russian Federation	0.262	Q1	286	3005	0.16
6840	Urban History	United Kingdom	0.262	Q1	116	2349	0.49
6841	North American Archaeologist	United States	0.262	Q2	31	912	0.48
6842	London Review of International Law	United Kingdom	0.262	Q2	57	1696	0.26
6843	Open Systems and Information Dynamics	Singapore	0.262	Q3	65	730	0.78
6844	Ekonomicheskaya Sotsiologiya	Russian Federation	0.262	Q3	83	1494	0.51
6845	Zeitschrift fur Psychosomatische Medizin und Psychotherapie	Germany	0.262	Q3	128	66	0.4
6846	Enfermedades Infecciosas y Microbiologia Clinica	Spain	0.262	Q3	532	4083	0.83
6847	IEEE Pulse	United States	0.262	Q3	149	242	0.7
6848	Bulletin of the History of Medicine	United States	0.261	Q1	94	0	0.53
6849	Cauriensia	Spain	0.261	Q1	92	1269	0.4
6850	Journal of Imperial and Commonwealth History	United Kingdom	0.261	Q1	131	3056	0.48
6851	Small Axe	United States	0.261	Q1	130	1431	0.32
6852	Vestnik Sankt-Peterburgskogo Universiteta, Yazyk i Literatura	Russian Federation	0.261	Q1	140	949	0.24
6853	Constructivist Foundations	Belgium	0.261	Q2	232	440	0.35
6854	CoDAS	Brazil	0.261	Q2	316	2459	0.68
6855	Kodai Mathematical Journal	Japan	0.261	Q3	82	440	0.56
6856	Medical Acupuncture	United States	0.261	Q3	203	1355	0.78
6857	Urology Annals	India	0.261	Q3	266	1557	0.71
6858	Revista de Psiquiatria Clinica	Brazil	0.261	Q4	133	226	1.14
6859	Film Quarterly	United States	0.26	Q1	146	463	0.19
6860	International Journal of Performance Arts and Digital Media	United Kingdom	0.26	Q1	75	933	0.69
6861	Asia Pacific Journal of Anthropology	United Kingdom	0.26	Q1	83	1228	0.68
6862	ScienceAsia	Thailand	0.26	Q2	302	3801	1.3
6863	Journal of Exotic Pet Medicine	United Kingdom	0.26	Q2	257	1159	0.46
6864	Midcontinental Journal of Archaeology	United States	0.26	Q2	35	223	0.41
6865	Baltica	Lithuania	0.26	Q3	51	620	0.82
6866	Mediterranean Botany	Spain	0.26	Q3	63	1460	1.27
6867	Botanical Sciences	Mexico	0.26	Q3	229	4509	1.06
6868	Zemdirbyste	Lithuania	0.26	Q3	143	1896	1.09
6869	International Journal of Turbo and Jet Engines	Germany	0.26	Q3	195	1906	0.94
6870	Journal of Teaching English for Specific and Academic Purposes	Serbia	0.26	Q3	93	1256	0.75
6871	Zeitschrift fur Orthopadie und Unfallchirurgie	Germany	0.26	Q3	354	3709	0.74
6872	British Journal for the History of Science	United Kingdom	0.259	Q1	83	1832	0.6
6873	Journal of Al-Tamaddun	Malaysia	0.259	Q1	72	1381	0.41
6874	Organised Sound	United Kingdom	0.259	Q1	109	1116	0.68
6875	Somatechnics	United Kingdom	0.259	Q2	67	395	0.85
6876	Teorema	Spain	0.259	Q2	71	825	0.27
6877	Jiegou Huaxue	China	0.259	Q3	672	7555	1.72
6878	Caldasia	Colombia	0.259	Q3	125	3114	0.74
6879	TM. Technisches Messen	Germany	0.259	Q3	313	2308	1.06
6880	Journal of Peer Learning	Australia	0.259	Q3	10	207	0.6
6881	New Political Science	United Kingdom	0.259	Q3	107	0	0.67
6882	Colombia Medica	Colombia	0.259	Q3	126	918	0.89
6883	Journal of the College of Physicians and Surgeons--Pakistan : JCPSP	Pakistan	0.259	Q3	1267	7261	0.79
6884	Pneumologie	Germany	0.259	Q3	576	2645	0.4
6885	Revue d'Epidemiologie et de Sante Publique	France	0.259	Q3	141	1383	0.88
6886	Diplomatic History	United Kingdom	0.258	Q1	129	1693	0.48
6887	Medical History	United Kingdom	0.258	Q1	72	967	0.58
6888	Prilozi Instituta za Arheologiju	Croatia	0.258	Q1	24	873	0.24
6889	Sartre Studies International	United Kingdom	0.258	Q1	40	458	0.07
6890	Semiotica	Germany	0.258	Q1	261	3058	0.74
6891	Data in Brief	Netherlands	0.258	Q2	4061	10222	1.48
6892	College English	United States	0.258	Q2	74	303	0.83
6893	Atmospheric and Oceanic Optics	United States	0.258	Q3	301	3016	0.68
6894	Archives of Thermodynamics	Poland	0.258	Q3	137	801	1.04
6895	International Journal of Modelling, Identification and Control	United Kingdom	0.258	Q3	313	2052	0.79
6896	Monte Carlo Methods and Applications	Germany	0.258	Q3	72	650	0.54
6897	Journal of African Media Studies	United Kingdom	0.258	Q3	71	1098	0.8
6898	Hispania - Revista Espanola de Historia	Spain	0.257	Q1	66	1251	0.27
6899	Journal for Peace and Nuclear Disarmament	United Kingdom	0.257	Q2	109	1954	0.6
6900	Journal of World Intellectual Property	United Kingdom	0.257	Q2	82	65	0.69
6901	Terminology	Netherlands	0.257	Q2	33	552	0.57
6902	Mir Rossii	Russian Federation	0.257	Q3	110	1172	0.58
6903	Hrvatski Geografski Glasnik	Croatia	0.257	Q3	28	254	0.7
6904	Revue de Geographie Alpine	France	0.257	Q3	100	1125	0.41
6905	International Journal of Ad Hoc and Ubiquitous Computing	United Kingdom	0.257	Q3	181	2082	1.11
6906	Cahiers de Biologie Marine	France	0.257	Q3	109	384	0.55
6907	Empiria	Spain	0.257	Q3	83	1497	0.61
6908	Nature and Culture	United States	0.257	Q3	49	793	0.94
6909	Der Pathologe	Germany	0.257	Q3	384	952	0.61
6910	Ius Canonicum	Spain	0.256	Q1	75	1143	0.51
6911	Scandinavian Journal of History	United Kingdom	0.256	Q1	91	2624	0.5
6912	Visual Studies	United Kingdom	0.256	Q1	157	2835	0.5
6913	Culture, Theory and Critique	United Kingdom	0.256	Q1	83	259	0.4
6914	Kuwait Journal of Science	Kuwait	0.256	Q2	174	3527	1.29
6915	Journal of Cave and Karst Studies	United States	0.256	Q3	48	553	1.09
6916	Technical Physics Letters	United States	0.256	Q3	890	1030	0.64
6917	Rhodora	United States	0.256	Q3	51	385	0.32
6918	International Journal of Surgery Open	United Kingdom	0.256	Q3	281	2829	1.21
6919	Netherlands Journal of Medicine	Netherlands	0.256	Q3	239	0	0.5
6920	Rare Tumors	Italy	0.256	Q4	82	366	0.87
6921	Izquierdas	Chile	0.255	Q1	385	3851	0.26
6922	Anthropology and Aging	United States	0.255	Q2	71	445	0.62
6923	Crime Prevention and Community Safety	United Kingdom	0.255	Q2	69	1181	0.89
6924	Studies in Social Justice	Canada	0.255	Q2	84	1833	0.76
6925	Estudios de Psicologia	United Kingdom	0.255	Q3	81	1137	0.76
6926	International Journal of Software Innovation	United States	0.255	Q3	80	4675	0.95
6927	Counseling and Values	United States	0.254	Q1	42	0	1.1
6928	Geographia Polonica	Poland	0.254	Q1	91	1263	1.16
6929	Voprosy Onomastiki	Russian Federation	0.254	Q2	145	872	0.21
6930	Industria Textila	Romania	0.254	Q3	284	2456	1.38
6931	Health SA Gesondheid	South Africa	0.254	Q3	154	3299	0.89
6932	Nucleosides, Nucleotides and Nucleic Acids	United States	0.254	Q3	224	3197	1.46
6933	Revista Espanola de Medicina Nuclear e Imagen Molecular	Spain	0.254	Q3	253	1670	0.52
6934	Texas Heart Institute Journal	United States	0.254	Q3	207	1790	0.69
6935	Yonago Acta Medica	Japan	0.254	Q3	147	977	0.99
6936	Organic Preparations and Procedures International	United Kingdom	0.254	Q4	184	3051	1.68
6937	Revista de Economia Mundial	Spain	0.253	Q1	85	1376	0.62
6938	Southern African Humanities	South Africa	0.253	Q1	24	0	0.27
6939	South Asian Diaspora	United Kingdom	0.253	Q1	40	446	0.88
6940	Farmacia	Romania	0.253	Q2	448	5812	1.62
6941	Obrazovanie i Nauka	Russian Federation	0.253	Q3	219	2990	1.26
6942	Advances in Astronomy	United States	0.253	Q3	88	532	1.23
6943	SPIN	Singapore	0.253	Q3	114	1351	1.28
6944	Acta Universitatis Sapientiae, Mathematica	Germany	0.253	Q3	93	394	0.45
6945	Acta Botanica Mexicana	Mexico	0.253	Q3	162	2569	0.64
6946	Journal of Agrometeorology	India	0.253	Q3	223	1226	0.71
6947	Nuklearmedizin - NuclearMedicine	Germany	0.253	Q3	180	1443	0.71
6948	Revista Espanola de Anestesiologia y Reanimacion	Spain	0.253	Q3	314	2611	0.93
6949	Salud Colectiva	Argentina	0.253	Q3	137	1059	0.56
6950	Journal of Islamic Studies	United Kingdom	0.252	Q1	27	666	0.67
6951	Journal of Baltic Studies	United Kingdom	0.252	Q1	89	2961	0.59
6952	Journal of Pharmacy and Bioallied Sciences	India	0.252	Q2	798	5049	0.93
6953	Medical Problems of Performing Artists	United States	0.252	Q2	97	1072	0.87
6954	Theoria (Spain)	Spain	0.252	Q2	64	494	0.3
6955	Lexikos	South Africa	0.252	Q2	60	1149	0.6
6956	Verhaltenstherapie	Switzerland	0.252	Q3	110	1012	0.49
6957	Bois et Forets des Tropiques	France	0.252	Q3	91	1006	0.61
6958	Austrian Journal of Political Science	Germany	0.252	Q3	15	73	0.9
6959	Boletin Medico del Hospital Infantil de Mexico	Mexico	0.252	Q3	193	1711	0.97
6960	Clinical advances in periodontics	United States	0.252	Q3	98	0	0.8
6961	Acta Endocrinologica	Romania	0.252	Q4	266	1755	0.72
6962	International Journal of Digital Crime and Forensics	United States	0.252	Q4	94	193	1.18
6963	Columbia Journal of Transnational Law	United States	0.251	Q2	44	2097	0.53
6964	Belitung Nursing Journal	Indonesia	0.251	Q3	159	2468	1.35
6965	Journal of Medical Signals and Sensors	India	0.251	Q3	96	1428	1.47
6966	Geology of Ore Deposits	United States	0.251	Q3	170	2580	0.65
6967	Journal of Mining and Metallurgy, Section B: Metallurgy	Serbia	0.251	Q3	138	937	1.0
6968	Mapan - Journal of Metrology Society of India	India	0.251	Q3	207	2836	1.17
6969	Clinical Case Studies	United States	0.251	Q3	91	1697	1.03
6970	Revista de Psicologia del Deporte	Spain	0.251	Q3	243	2943	1.47
6971	Avances de Investigacion en Educacion Matematica	Spain	0.251	Q3	48	136	0.51
6972	Ciencia Florestal	Brazil	0.251	Q3	347	3757	0.41
6973	Prisma Social	Spain	0.251	Q3	169	2388	0.88
6974	Revista Fuentes	Spain	0.251	Q3	67	1317	0.88
6975	Acta Reumatologica Portuguesa	Portugal	0.251	Q3	163	1099	0.54
6976	Anuario de Psicologia Juridica	Spain	0.25	Q2	38	894	1.27
6977	Justice System Journal	United Kingdom	0.25	Q2	74	2018	0.39
6978	Revista de Nutricao	Brazil	0.25	Q3	136	2269	0.88
6979	Journal of the Mexican Chemical Society	Mexico	0.25	Q3	112	1940	1.75
6980	Metalurgija	Croatia	0.25	Q3	343	1616	0.68
6981	Open Astronomy	Poland	0.25	Q3	76	1303	0.67
6982	Cirugia Espanola	Spain	0.25	Q3	525	3526	0.66
6983	Der Anaesthesist	Germany	0.25	Q3	489	1992	0.78
6984	International Journal of Data Warehousing and Mining	United States	0.25	Q4	61	169	1.47
6985	Journal of Visual Culture	United Kingdom	0.249	Q1	63	637	1.27
6986	Revista Brasileira de Estudos Politicos	Brazil	0.249	Q2	87	1186	0.29
6987	Journal of Swine Health and Production	United States	0.249	Q3	76	724	0.38
6988	Scientific and Technical Information Processing	United States	0.249	Q3	157	1521	0.67
6989	Novon	United States	0.249	Q3	84	206	0.45
6990	Turkish Journal of Zoology	Turkey	0.249	Q3	186	2886	1.04
6991	DETUROPE	Serbia	0.249	Q3	86	1203	0.92
6992	Artificial Satellites	Poland	0.249	Q4	31	447	0.72
6993	Journal of World History	United States	0.248	Q1	69	150	0.54
6994	Revista 180	Chile	0.248	Q1	63	651	0.39
6995	Journal of Emerging Market Finance	India	0.248	Q3	43	905	1.57
6996	Public Finance Review	United States	0.248	Q3	90	989	0.64
6997	Advances in Acoustics and Vibration	United States	0.248	Q3	6	0	1.5
6998	Loisir et Societe	United Kingdom	0.248	Q3	89	1770	0.42
6999	Baltic Journal of Modern Computing	Latvia	0.248	Q3	114	1455	1.19
7000	International Journal of Grid and High Performance Computing	United States	0.248	Q3	65	779	0.91
7001	Lithuanian Mathematical Journal	Germany	0.248	Q3	115	773	0.51
7002	Ager	Spain	0.248	Q3	58	1032	1.14
7003	Voluntary Sector Review	United Kingdom	0.248	Q3	73	1055	1.35
7004	International Medical Case Reports Journal	New Zealand	0.248	Q3	321	2428	0.94
7005	Voprosy Filosofii	Russian Federation	0.247	Q1	677	3228	0.19
7006	Journal of Liquid Chromatography and Related Technologies	United States	0.247	Q3	248	737	1.22
7007	Beyond Behavior	United States	0.247	Q3	60	733	0.75
7008	Contemporary Problems of Ecology	United States	0.247	Q3	232	3860	0.83
7009	Canadian Journal of Information and Library Science	Canada	0.247	Q3	26	94	0.71
7010	Revista Arvore	Brazil	0.247	Q3	121	1278	0.65
7011	Journal of the Saudi Heart Association	Saudi Arabia	0.247	Q3	182	983	0.71
7012	Neural Network World	Czech Republic	0.247	Q4	73	455	1.02
7013	Cultura, Lenguaje y Representacion	Spain	0.246	Q1	67	950	0.55
7014	Current Science	India	0.246	Q2	1816	10328	0.71
7015	Archeologia e Calcolatori	Italy	0.246	Q2	128	1033	0.44
7016	International Journal of Law in Context	United Kingdom	0.246	Q2	109	1798	0.65
7017	ChemChemTech	Russian Federation	0.246	Q3	532	4608	0.89
7018	Acta Chimica Slovenica	Slovenia	0.246	Q3	360	4155	1.4
7019	Geografie-Sbornik CGS	Czech Republic	0.246	Q3	58	939	1.11
7020	Periodico di Mineralogia	Italy	0.246	Q3	62	625	0.83
7021	MRS Advances	Switzerland	0.246	Q3	950	5470	0.84
7022	Grana	United Kingdom	0.246	Q3	109	1583	0.92
7023	Pachyderm	Switzerland	0.246	Q3	56	542	0.62
7024	Klinische Monatsblatter fur Augenheilkunde	Germany	0.246	Q3	739	8574	0.56
7025	Problemy Analiza	Russian Federation	0.246	Q4	84	469	0.52
7026	Egyptian Rheumatologist	Egypt	0.246	Q4	181	2423	1.01
7027	Indian Journal of Cancer	India	0.246	Q4	327	3322	0.63
7028	Hobbes Studies	Netherlands	0.245	Q1	30	511	0.67
7029	Muzeologia a Kulturne Dedicstvo	Slovakia	0.245	Q1	92	827	0.39
7030	Studies in East European Thought	Netherlands	0.245	Q1	86	1989	0.33
7031	Victorian Studies	United States	0.245	Q1	72	605	0.61
7032	Acta Veterinaria Brno	Czech Republic	0.245	Q3	172	1660	0.62
7033	Insight: Non-Destructive Testing and Condition Monitoring	United Kingdom	0.245	Q3	236	1413	0.79
7034	Journal of Gaming and Virtual Worlds	United Kingdom	0.245	Q3	43	828	0.54
7035	Roads and Bridges - Drogi i Mosty	Poland	0.245	Q3	68	578	0.63
7036	Journal of the Canadian Health Libraries Association	Canada	0.245	Q3	43	152	0.23
7037	Zeitschrift fur Gastroenterologie	Germany	0.245	Q3	956	11081	0.28
7038	European Journal of Science and Theology	Romania	0.244	Q1	281	2077	0.54
7039	European Review of History/Revue Europeenne d'Histoire	United Kingdom	0.244	Q1	123	3239	0.36
7040	Journal of Modern Italian Studies	United Kingdom	0.244	Q1	105	2168	0.46
7041	RAE Revista de Administracao de Empresas	Brazil	0.244	Q3	127	3291	0.81
7042	Revista da Escola de Enfermagem da U S P	Brazil	0.244	Q3	516	3744	0.81
7043	Geologos	Poland	0.244	Q3	53	888	1.09
7044	International Journal of Image and Graphics	Singapore	0.244	Q3	125	5952	1.25
7045	Alter	France	0.244	Q3	76	0	1.09
7046	Life Span and Disability	Italy	0.244	Q3	46	673	0.69
7047	Griffith Law Review	United Kingdom	0.243	Q2	81	1934	0.71
7048	Journal of Intellectual Property Law and Practice	United States	0.243	Q2	504	4672	0.25
7049	SAE International Journal of Electrified Vehicles	United States	0.243	Q3	55	611	0.83
7050	Econ Journal Watch	United States	0.243	Q3	61	501	0.53
7051	SHILAP Revista de lepidopterologia	Spain	0.243	Q3	191	1701	0.36
7052	Circuit World	United Kingdom	0.243	Q3	146	2497	1.25
7053	Journal of Electronic Imaging	United States	0.243	Q3	551	13624	1.17
7054	TransNav	Poland	0.243	Q3	305	1923	0.7
7055	Global Responsibility to Protect	Netherlands	0.243	Q3	67	1341	0.8
7056	Macroheterocycles	Russian Federation	0.243	Q4	137	1590	1.34
7057	Journal of Hellenic Studies	United Kingdom	0.242	Q1	35	0	0.27
7058	Journal of War and Culture Studies	United Kingdom	0.242	Q1	90	1437	0.39
7059	Vestnik Tomskogo Gosudarstvennogo Universiteta, Filologiya	Russian Federation	0.242	Q1	304	3031	0.13
7060	SCIRES-IT	Italy	0.242	Q2	90	655	0.74
7061	Journal of International Dispute Settlement	United Kingdom	0.242	Q2	87	1552	0.4
7062	Monatsschrift fur Kriminologie und Strafrechtsreform	Germany	0.242	Q2	74	1100	0.54
7063	Journal of the Southern African Institute of Mining and Metallurgy	South Africa	0.242	Q3	289	2348	0.75
7064	Izvestiya Vysshikh Uchebnykh Zavedeniy. Prikladnaya Nelineynaya Dinamika	Russian Federation	0.242	Q3	132	1292	0.61
7065	All Life	United Kingdom	0.242	Q3	168	6065	1.33
7066	Archivos Argentinos de Pediatria	Argentina	0.242	Q3	620	2786	0.62
7067	Journal of the Indian Chemical Society	India	0.242	Q4	441	25386	1.65
7068	Southeastern Naturalist	United States	0.242	Q4	215	979	0.54
7069	Intertax	Netherlands	0.241	Q2	322	5676	0.31
7070	Zeitschrift fur Sexualforschung	Germany	0.241	Q3	91	645	0.41
7071	American Biology Teacher	United States	0.241	Q3	301	1819	0.49
7072	ASHRAE Journal	United States	0.241	Q3	270	178	0.6
7073	Journal of Electronic Testing: Theory and Applications (JETTA)	Netherlands	0.241	Q3	189	1391	0.94
7074	Nanotechnologies in Construction	Russian Federation	0.241	Q3	69	1231	1.26
7075	Asian Journal of Political Science	United States	0.241	Q3	53	934	1.11
7076	Estudios Demograficos y Urbanos	Mexico	0.241	Q3	75	1541	0.53
7077	Investigacion Bibliotecologica	Mexico	0.241	Q3	120	991	0.49
7078	Ancient Civilizations from Scythia to Siberia	Netherlands	0.24	Q1	41	435	0.29
7079	Historia y Politica	Spain	0.24	Q1	76	1235	0.31
7080	Design Issues	United States	0.24	Q2	90	63	0.81
7081	Forensische Psychiatrie, Psychologie, Kriminologie	Germany	0.24	Q2	149	1268	0.69
7082	Ciencia Rural	Brazil	0.24	Q3	706	3654	0.83
7083	Bulletin of the Chemical Society of Ethiopia	Ethiopia	0.24	Q3	164	2080	1.43
7084	Estudios Geograficos	Spain	0.24	Q3	81	1447	0.65
7085	Kybernetika	Czech Republic	0.24	Q3	172	991	0.48
7086	Revista Facultad de Ingenieria	Colombia	0.24	Q3	192	1894	0.88
7087	Masculinities and Social Change	Spain	0.24	Q3	30	784	0.35
7088	Politica y Sociedad	Spain	0.24	Q3	114	2708	0.51
7089	Acta Chirurgica Belgica	United Kingdom	0.24	Q3	252	2814	0.64
7090	Revue Europeenne de Psychologie Appliquee	France	0.24	Q4	92	2139	1.01
7091	Medizinische Genetik	Germany	0.24	Q4	110	1038	0.51
7092	Irish University Review	United Kingdom	0.239	Q1	83	1140	0.27
7093	Journal of Postcolonial Writing	United Kingdom	0.239	Q1	208	2059	0.34
7094	Schweizer Archiv fur Tierheilkunde	Switzerland	0.239	Q3	138	1955	0.66
7095	Journal of Geodetic Science	Poland	0.239	Q3	45	661	1.45
7096	Annales de Chimie: Science des Materiaux	France	0.239	Q3	173	1281	0.93
7097	American Mathematical Monthly	United States	0.239	Q3	371	956	0.39
7098	Frequenz	Germany	0.239	Q3	158	2270	1.42
7099	MM Science Journal	Czech Republic	0.239	Q3	426	2507	0.83
7100	Teknik Dergi/Technical Journal of Turkish Chamber of Civil Engineers	Turkey	0.239	Q3	81	2383	1.14
7101	Nomadic Peoples	United States	0.239	Q3	57	610	0.66
7102	Sexologies	France	0.239	Q3	114	2248	1.11
7103	Inteligencia Artificial	Spain	0.239	Q4	61	881	1.1
7104	English in Australia	Australia	0.238	Q1	63	172	0.11
7105	Expert Opinion on Orphan Drugs	United Kingdom	0.238	Q2	131	557	0.71
7106	Sagvntvm	Spain	0.238	Q2	39	908	0.26
7107	Jurnal Ilmu Ternak dan Veteriner	Indonesia	0.238	Q3	54	934	0.63
7108	Journal of Operational Risk	United States	0.238	Q3	46	767	0.63
7109	Physics of Atomic Nuclei	United States	0.238	Q3	717	3021	0.47
7110	Matematicki Vesnik	Serbia	0.238	Q3	88	412	0.78
7111	Phyllomedusa	Brazil	0.238	Q3	84	415	0.46
7112	Redia	Italy	0.238	Q3	71	794	0.57
7113	Asia Pacific Media Educator	India	0.238	Q3	57	0	0.74
7114	Rechtsmedizin	Germany	0.238	Q3	176	1850	0.61
7115	International Journal of Applied Metaheuristic Computing	United States	0.238	Q4	98	143	0.75
7116	Journal of Dynamics and Games	United States	0.238	Q4	69	964	0.84
7117	Critique - Studies in Contemporary Fiction	United States	0.237	Q1	144	3549	0.32
7118	Muqarnas	Netherlands	0.237	Q1	63	1365	0.52
7119	Papers of the British School at Rome	United Kingdom	0.237	Q1	81	812	0.2
7120	Archive for History of Exact Sciences	Germany	0.237	Q2	57	1034	0.61
7121	Lengua y Migracion	Spain	0.237	Q2	52	794	0.45
7122	Fibres and Textiles in Eastern Europe	Poland	0.237	Q3	286	2012	1.02
7123	Pesquisa Agropecuaria Brasileira	Brazil	0.237	Q3	411	2869	0.73
7124	Revista Ciencia Agronomica	Brazil	0.237	Q3	242	1960	0.99
7125	Journal of Medical Investigation	Japan	0.237	Q3	222	1487	0.81
7126	Gastroenterologia y Hepatologia	Spain	0.237	Q3	446	4790	0.84
7127	Historia y Memoria de la Educacion	Spain	0.236	Q1	144	892	0.34
7128	Style	United States	0.236	Q1	101	660	0.68
7129	Zygon	United Kingdom	0.236	Q1	202	2761	0.38
7130	Artseduca	Spain	0.236	Q2	144	1739	0.3
7131	History of Geo- and Space Sciences	Germany	0.236	Q2	46	914	0.58
7132	Uniciencia	Costa Rica	0.236	Q3	86	1813	0.91
7133	Geomorphologie. Relief, Processus, Environnement	France	0.236	Q3	58	596	0.6
7134	Revista Brasileirade Ciencias Agrarias	Brazil	0.236	Q3	325	1000	0.55
7135	International Journal of Emergency Services	United Kingdom	0.236	Q3	76	1816	0.98
7136	Small Wars and Insurgencies	United Kingdom	0.236	Q3	171	4930	0.75
7137	Dependence Modeling	Poland	0.236	Q4	63	689	0.62
7138	Museum Worlds	United States	0.235	Q1	44	679	0.96
7139	On the W@terfront	Spain	0.235	Q1	41	756	0.34
7140	Sains Malaysiana	Malaysia	0.235	Q2	936	13974	1.0
7141	Slavic Review	United States	0.235	Q2	116	1226	0.64
7142	Zeitschrift fur Assyriologie und Vorderasiastische Archaeologie	Germany	0.235	Q2	52	939	0.38
7143	Elia	Spain	0.235	Q2	34	0	0.45
7144	International Polymer Processing	Germany	0.235	Q3	159	2090	1.33
7145	Cuadernos de Economia (Spain)	Spain	0.235	Q3	62	1694	2.7
7146	Solnecno-Zemnaa Fizika	Russian Federation	0.235	Q3	145	1496	0.93
7147	International Journal of Global Warming	Switzerland	0.235	Q3	221	2782	1.0
7148	India Quarterly	India	0.235	Q3	116	1683	0.57
7149	Latin American Policy	United Kingdom	0.235	Q3	75	2026	0.7
7150	JAMS Journal of Acupuncture and Meridian Studies	South Korea	0.235	Q3	89	1130	0.9
7151	Nova Prisutnost	Croatia	0.234	Q1	115	1916	0.18
7152	Rijksmuseum Bulletin	Netherlands	0.234	Q1	60	207	0.05
7153	Archiv fur Geschichte der Philosophie	Germany	0.234	Q2	80	2072	0.35
7154	Geographia Technica	Romania	0.234	Q3	150	1124	1.09
7155	BrewingScience	Germany	0.234	Q3	52	575	0.53
7156	Archives Europeennes de Sociologie	United Kingdom	0.234	Q3	72	644	0.6
7157	Egitim ve Bilim	Turkey	0.234	Q3	230	4111	0.6
7158	Journal Francais d'Ophtalmologie	France	0.234	Q3	1099	5442	0.47
7159	Random Operators and Stochastic Equations	Germany	0.234	Q4	65	429	0.36
7160	Journal for the Study of the Pseudepigrapha	United Kingdom	0.233	Q1	50	136	0.09
7161	Renaissance Quarterly	United States	0.233	Q1	58	2219	0.41
7162	Enfermeria Intensiva	Spain	0.233	Q2	102	1768	1.03
7163	Recerca	Spain	0.233	Q2	46	921	0.82
7164	Revista Espanola de Linguistica Aplicada	Spain	0.233	Q2	93	1702	0.41
7165	Pharmaceutical patent analyst	United Kingdom	0.233	Q3	59	615	0.83
7166	Journal - American Water Works Association	United States	0.233	Q3	424	497	0.32
7167	Bulletin of the Lebedev Physics Institute	United States	0.233	Q3	263	1089	0.49
7168	Metal Science and Heat Treatment	United States	0.233	Q3	352	2281	0.75
7169	Egyptian Journal of Botany	Egypt	0.233	Q3	192	3579	1.11
7170	Informacije MIDEM	Slovenia	0.233	Q3	71	514	1.33
7171	Proceedings of the Estonian Academy of Sciences	Estonia	0.233	Q3	137	1276	1.08
7172	Movimento	Brazil	0.233	Q3	265	3291	0.61
7173	Ideggyogyaszati Szemle	Hungary	0.233	Q4	156	1312	0.91
7174	Medycyna Pracy	Poland	0.233	Q4	190	1375	0.99
7175	Politicka Misao	Croatia	0.232	Q1	77	2104	0.35
7176	Annales Instituti Archaeologici	Croatia	0.232	Q2	83	633	0.36
7177	Chinese Semiotic Studies	Germany	0.232	Q2	100	1054	0.22
7178	Humanity	United States	0.232	Q2	63	1275	0.76
7179	Bollettino di Geofisica Teorica ed Applicata	Italy	0.232	Q3	127	0	1.0
7180	Earth, Moon and Planets	Netherlands	0.232	Q3	19	390	0.92
7181	Surface Review and Letters	Singapore	0.232	Q3	521	8149	1.15
7182	International Journal of Distributed Systems and Technologies	United States	0.232	Q3	64	594	1.38
7183	India Review	United Kingdom	0.232	Q3	78	122	1.02
7184	Revista de Gastroenterologia de Mexico	Mexico	0.232	Q3	259	2913	0.87
7185	Journal of Vector Borne Diseases	India	0.232	Q4	179	2033	0.45
7186	Cambridge Classical Journal	United Kingdom	0.231	Q1	23	769	0.31
7187	Life Writing	United Kingdom	0.231	Q1	116	1755	0.38
7188	Anales del Seminario de Historia de la Filosofia	Spain	0.231	Q2	111	2397	0.22
7189	Estudios de Cultura Maya	Mexico	0.231	Q2	70	1174	0.2
7190	Names	United Kingdom	0.231	Q2	62	865	0.68
7191	TEM Journal	Serbia	0.231	Q3	689	6188	1.21
7192	Logica Universalis	Switzerland	0.231	Q3	79	853	1.07
7193	Acta Alimentaria	Hungary	0.231	Q3	179	1488	1.08
7194	California Agriculture	United States	0.231	Q3	58	529	1.0
7195	International Journal of Odonatology	Germany	0.231	Q3	73	302	1.02
7196	Foro de Educacion	Spain	0.231	Q3	86	2222	0.63
7197	Tempo Social	Brazil	0.231	Q3	137	1269	0.4
7198	Otolaryngologia Polska	Poland	0.231	Q3	112	1043	0.71
7199	Mikrobiyoloji Bulteni	Turkey	0.231	Q4	160	1383	0.9
7200	Biocell	Argentina	0.231	Q4	265	14035	1.18
7201	Tropical Doctor	United Kingdom	0.231	Q4	417	2177	0.6
7202	Black Scholar	United Kingdom	0.23	Q2	89	0	0.28
7203	International Journal of Refugee Law	United Kingdom	0.23	Q2	105	252	0.59
7204	Baghdad Science Journal	Iraq	0.23	Q3	478	5030	0.83
7205	CEPAL Review	United States	0.23	Q3	113	970	0.33
7206	Inzynieria Mineralna	Poland	0.23	Q3	366	524	0.37
7207	Botanica Serbica	Serbia	0.23	Q3	85	1602	0.87
7208	Foundation Review	United States	0.23	Q3	107	360	0.25
7209	Pacific Focus	United States	0.23	Q3	60	1031	0.52
7210	Revista CIDOB d'Afers Internacionals	Spain	0.23	Q3	113	1399	0.45
7211	International Journal of Osteopathic Medicine	United Kingdom	0.23	Q3	102	1771	1.57
7212	Interdisciplinaria	Argentina	0.23	Q4	111	3001	0.77
7213	Thailand Statistician	Thailand	0.23	Q4	121	1293	0.71
7214	JPMA. The Journal of the Pakistan Medical Association	Pakistan	0.23	Q4	2079	11768	0.63
7215	Enfermeria Clinica	Spain	0.229	Q3	1079	1973	0.63
7216	Polimery	Poland	0.229	Q3	211	1663	1.46
7217	Journal of Risk	United States	0.229	Q3	70	734	0.83
7218	Canadian Journal of Physics	Canada	0.229	Q3	461	2883	1.11
7219	Gruppe. Interaktion. Organisation. Zeitschrift fur Angewandte Organisationspsychologie	Germany	0.229	Q3	149	2067	0.78
7220	International Journal of Business Analytics	United States	0.229	Q3	61	299	0.93
7221	AIB Studi	Italy	0.229	Q3	105	1105	0.24
7222	Infancia y Aprendizaje	United Kingdom	0.229	Q3	86	1354	0.81
7223	Turk Patoloji Dergisi	Turkey	0.229	Q3	123	999	0.95
7224	Colloid Journal	United States	0.229	Q4	272	3306	1.18
7225	Physics of the Solid State	United States	0.229	Q4	985	2209	0.64
7226	International Journal of Fashion Studies	United Kingdom	0.228	Q1	53	963	0.24
7227	Defence Science Journal	India	0.228	Q3	287	2567	1.05
7228	Journal of Tekirdag Agricultural Faculty	Turkey	0.228	Q3	142	2522	0.69
7229	Journal of the Kansas Entomological Society	United States	0.228	Q3	75	445	1.0
7230	Semina:Ciencias Agrarias	Brazil	0.228	Q3	858	6175	0.56
7231	Dados	Brazil	0.228	Q3	84	1820	0.61
7232	Neues Jahrbuch fur Mineralogie, Abhandlungen	Germany	0.228	Q4	28	784	0.37
7233	Northeastern Naturalist	United States	0.228	Q4	215	1545	0.46
7234	Journal of the Polynesian Society	New Zealand	0.227	Q2	34	0	0.87
7235	International Journal of Lexicography	United Kingdom	0.227	Q2	70	515	0.87
7236	Revista Direito GV	Brazil	0.227	Q2	116	1650	0.23
7237	Klinische Padiatrie	Germany	0.227	Q3	142	1135	0.69
7238	Journal of Modern Applied Statistical Methods	United States	0.227	Q4	87	0	0.47
7239	American Literary History	United States	0.226	Q1	144	1341	0.2
7240	History and Theory	United States	0.226	Q1	118	0	1.09
7241	New Writing	United Kingdom	0.226	Q1	152	1407	0.3
7242	Nova Religio	United States	0.226	Q1	61	1114	0.56
7243	Studia Litterarum	Russian Federation	0.226	Q1	232	1515	0.1
7244	Bariatric Surgical Patient Care	United States	0.226	Q2	114	1133	0.32
7245	Journal of Architecture and Urbanism	Lithuania	0.226	Q2	56	694	0.85
7246	Cambridge International Law Journal	United Kingdom	0.226	Q2	46	185	0.27
7247	Assistenza Infermieristica e Ricerca	Italy	0.226	Q3	89	495	0.78
7248	International Journal of Athletic Therapy and Training	United States	0.226	Q3	131	1339	0.42
7249	Praktische Metallographie/Practical Metallography	Germany	0.226	Q3	135	364	0.35
7250	International Journal of Innovation and Learning	United Kingdom	0.226	Q3	154	3164	0.92
7251	Problemy Ekorozwoju	Poland	0.226	Q3	136	2130	1.2
7252	Journal of Cellular Automata	United States	0.226	Q3	53	293	0.25
7253	Nonlinear Optics Quantum Optics	United States	0.226	Q3	103	1206	1.28
7254	Allelopathy Journal	India	0.226	Q3	128	1576	0.76
7255	Telopea	Australia	0.226	Q3	60	0	0.5
7256	Pomorstvo	Croatia	0.226	Q3	117	1115	0.86
7257	Pythagoras	South Africa	0.226	Q3	39	543	0.9
7258	Der Unfallchirurg	Germany	0.226	Q3	497	2155	0.57
7259	JAAPA : official journal of the American Academy of Physician Assistants	United States	0.225	Q1	578	2475	0.59
7260	Afkar	Malaysia	0.225	Q1	62	1972	0.35
7261	Modern History of Russia	Russian Federation	0.225	Q1	182	1583	0.21
7262	AORN Journal	United States	0.225	Q2	716	2109	0.38
7263	Theoria	United States	0.225	Q2	156	2894	0.48
7264	Lex Localis	Slovenia	0.225	Q2	152	2708	0.53
7265	Transactions on Maritime Science	Croatia	0.225	Q2	108	1811	0.9
7266	Journal of the Indonesian Tropical Animal Agriculture	Indonesia	0.225	Q3	120	1267	0.57
7267	American Journal of Nursing	United States	0.225	Q3	1101	1581	0.45
7268	Cement, Wapno, Beton	Poland	0.225	Q3	133	755	0.69
7269	Medziagotyra	Lithuania	0.225	Q3	226	2154	1.08
7270	Mljekarstvo	Croatia	0.225	Q3	77	1045	1.33
7271	International Journal of Rotating Machinery	United States	0.225	Q3	42	303	1.17
7272	RUSI Journal	United Kingdom	0.225	Q3	145	0	0.64
7273	Journal of Tropical Meteorology	China	0.225	Q4	125	1664	0.78
7274	Nippon Suisan Gakkaishi	Japan	0.225	Q4	351	1208	0.15
7275	Capitale Culturale	Italy	0.224	Q1	225	3761	0.24
7276	Historia Agraria	Spain	0.224	Q1	70	1899	0.49
7277	Kiva, The	United States	0.224	Q1	70	1369	0.31
7278	Perm University Herald - History	Russian Federation	0.224	Q1	180	1408	0.07
7279	Political Theology	United Kingdom	0.224	Q1	158	2561	0.16
7280	Tejuelo	Spain	0.224	Q1	80	1003	0.53
7281	Vestnik Sankt-Peterburgskogo Universiteta, Filosofiia i Konfliktologiia	Russian Federation	0.224	Q1	166	1315	0.18
7282	Ciudades	Spain	0.224	Q2	31	412	0.48
7283	Humana Mente	Italy	0.224	Q2	67	0	0.72
7284	Journal of Value Inquiry	Netherlands	0.224	Q2	151	1005	0.32
7285	Palabra Clave	Colombia	0.224	Q2	119	1348	0.7
7286	Public Archaeology	United Kingdom	0.224	Q2	27	8	0.27
7287	Anthropozoologica	France	0.224	Q2	48	667	0.29
7288	Drewno	Poland	0.224	Q3	67	510	0.64
7289	Tehnicki Vjesnik	Croatia	0.224	Q3	800	7247	1.08
7290	Heart Surgery Forum	United States	0.224	Q3	465	2682	0.61
7291	Revista de Psicologia (Peru)	Peru	0.224	Q4	87	2327	0.34
7292	Atlantic Studies : Global Currents	United Kingdom	0.223	Q1	93	2716	0.28
7293	Historia da Historiografia	Brazil	0.223	Q1	109	1453	0.22
7294	Slavery and Abolition	United Kingdom	0.223	Q1	112	0	0.46
7295	Journal of Pharmaceutical Health Care and Sciences	United Kingdom	0.223	Q2	76	940	1.05
7296	Rev Roumaine des Sciences Techniques-Series Electrotechnique et Energetique	Romania	0.223	Q3	157	1789	0.88
7297	Human Sport Medicine	Russian Federation	0.223	Q3	354	1626	0.36
7298	Vavilovskii Zhurnal Genetiki i Selektsii	Russian Federation	0.223	Q3	338	3301	0.98
7299	Ingenieria e Investigacion	Colombia	0.223	Q3	81	1535	1.12
7300	SAE International Journal of Commercial Vehicles	United States	0.223	Q3	89	650	0.72
7301	International Sports Studies	Germany	0.223	Q3	40	461	0.37
7302	Journal of dance medicine & science : official publication of the International Association for Dance Medicine & Science	United States	0.223	Q4	82	0	0.75
7303	Media History	United Kingdom	0.222	Q1	101	2517	0.4
7304	Numen	Netherlands	0.222	Q1	71	1301	1.02
7305	Theology and Science	United Kingdom	0.222	Q1	136	56	0.41
7306	Bulletin of the European Association of Fish Pathologists	United Kingdom	0.222	Q3	65	0	0.58
7307	Investment Analysts Journal	United Kingdom	0.222	Q3	57	840	0.95
7308	Canadian Metallurgical Quarterly	United Kingdom	0.222	Q3	120	4434	0.84
7309	Acta Scientiarum Polonorum, Hortorum Cultus	Poland	0.222	Q3	266	3042	0.69
7310	Maydica	Italy	0.222	Q3	83	167	0.64
7311	Journal of Planning History	United States	0.222	Q3	42	61	0.54
7312	Bangladesh Journal of Medical Science	Bangladesh	0.222	Q4	445	4190	0.85
7313	Nagoya Journal of Medical Science	Japan	0.222	Q4	239	2230	0.86
7314	Historia (Chile)	Chile	0.221	Q1	54	0	0.46
7315	Vegueta	Spain	0.221	Q1	52	1411	0.37
7316	Practical Theology	United Kingdom	0.221	Q2	137	1713	0.36
7317	Capital Markets Law Journal	United Kingdom	0.221	Q2	82	777	0.42
7318	Ecology Law Quarterly	United States	0.221	Q2	56	0	1.18
7319	World Competition	Netherlands	0.221	Q2	77	34	0.18
7320	Indonesian Journal on Geoscience	Indonesia	0.221	Q3	70	909	0.64
7321	Annals of Library and Information Studies	India	0.221	Q3	88	968	0.74
7322	Turkish Journal of Anaesthesiology and Reanimation	Turkey	0.221	Q3	278	2037	0.41
7323	Journal of Gemmology	United Kingdom	0.221	Q4	189	828	0.31
7324	Prikladnaya Diskretnaya Matematika	Russian Federation	0.221	Q4	101	576	0.25
7325	Proceedings of Singapore Healthcare	Singapore	0.221	Q4	160	2830	0.55
7326	Revista Medica de Chile	Chile	0.221	Q4	780	2918	0.53
7327	Turk Kardiyoloji Dernegi Arsivi	Turkey	0.221	Q4	388	2518	0.6
7328	Anuario de Estudios Medievales	Spain	0.22	Q1	85	1809	0.22
7329	Informes de la Construccion	Spain	0.22	Q2	149	1675	0.68
7330	Rasprave Instituta za Hrvatski Jezik i Jezikoslovlje	Croatia	0.22	Q2	105	540	0.27
7331	Journal of the American Leather Chemists Association	United States	0.22	Q3	147	1288	0.77
7332	Crystallography Reports	United States	0.22	Q3	564	4493	0.6
7333	Wuli Xuebao/Acta Physica Sinica	China	0.22	Q3	2467	39604	1.06
7334	Custos e Agronegocio	Brazil	0.22	Q3	312	2840	0.39
7335	Jurnal Manajemen Hutan Tropika	Indonesia	0.22	Q3	76	1244	0.93
7336	Acta Adriatica	Croatia	0.22	Q4	64	880	1.0
7337	Case Reports in Medicine	United States	0.22	Q4	272	1044	0.76
7338	RoFo Fortschritte auf dem Gebiet der Rontgenstrahlen und der Bildgebenden Verfahren	Germany	0.22	Q4	1177	3913	0.33
7339	Cuadernos Europeos de Deusto	Spain	0.219	Q1	75	1782	0.47
7340	Journal of Anglican Studies	United Kingdom	0.219	Q1	46	896	0.42
7341	International Journal for the Study of Skepticism	Netherlands	0.219	Q2	56	325	0.29
7342	International Journal of Islamic Thought	Malaysia	0.219	Q2	77	1006	0.47
7343	Milli Folklor	Turkey	0.219	Q2	215	2125	0.17
7344	Juvenile and Family Court Journal	United States	0.219	Q2	65	684	0.41
7345	Kafkas Universitesi Veteriner Fakultesi Dergisi	Turkey	0.219	Q3	338	3390	0.81
7346	Large Animal Review	Italy	0.219	Q3	116	1293	0.58
7347	Membrane Water Treatment	South Korea	0.219	Q3	132	1476	0.88
7348	Journal of Structured Finance	United States	0.219	Q3	88	350	0.34
7349	Documents d' Analisi Geografica	Spain	0.219	Q3	73	1377	0.69
7350	Geografia Fisica e Dinamicca Quaternaria	Italy	0.219	Q3	25	0	0.52
7351	Computacion y Sistemas	Mexico	0.219	Q3	332	3889	0.7
7352	North-Western Journal of Zoology	Romania	0.219	Q3	130	1886	0.53
7353	Proceedings of the Biological Society of Washington	United States	0.219	Q3	35	0	0.31
7354	Archives and Manuscripts	United Kingdom	0.219	Q3	62	0	0.35
7355	Journal of Regional and City Planning	Indonesia	0.219	Q3	51	1166	1.09
7356	Society	United States	0.219	Q3	199	2137	0.58
7357	Hongwai Yu Haomibo Xuebao/Journal of Infrared and Millimeter Waves	China	0.219	Q4	339	3378	0.82
7358	Acta Neuropsychologica	Poland	0.219	Q4	91	1441	0.82
7359	Northwest Science	United States	0.219	Q4	63	524	0.64
7360	EGA Revista de Expresion Grafica Arquitectonica	Spain	0.218	Q1	175	1171	0.22
7361	Perinola	Spain	0.218	Q1	39	1041	0.29
7362	RILCE	Spain	0.218	Q1	174	1939	0.16
7363	Theatre Journal	United States	0.218	Q1	100	1268	0.23
7364	Revista de Metalurgia	Spain	0.218	Q3	73	633	0.73
7365	Russian Journal of Non-Ferrous Metals	United States	0.218	Q3	285	2499	0.92
7366	Journal of the Lepidopterists' Society	United States	0.218	Q3	111	1002	0.24
7367	Acta Biologica Colombiana	Colombia	0.218	Q3	152	2117	0.7
7368	Laser and Particle Beams	United States	0.218	Q3	120	900	1.05
7369	National Academy Science Letters	India	0.218	Q3	343	1698	1.33
7370	Handchirurgie Mikrochirurgie Plastische Chirurgie	Germany	0.218	Q3	267	1832	0.45
7371	Acta Colombiana de Psicologia	Colombia	0.218	Q4	89	1484	0.73
7372	Psikhologicheskii Zhurnal	Russian Federation	0.218	Q4	209	1740	0.4
7373	Archivum Mathematicum	Czech Republic	0.218	Q4	69	370	0.54
7374	Annali di Botanica	Italy	0.218	Q4	32	310	1.87
7375	Pan-Pacific Entomologist	United States	0.218	Q4	84	923	0.22
7376	Epidemiologie, Mikrobiologie, Imunologie	Czech Republic	0.218	Q4	86	815	0.53
7377	Literature Compass	United Kingdom	0.217	Q1	92	1685	0.16
7378	Text and Performance Quarterly	United Kingdom	0.217	Q1	62	1407	0.68
7379	Twentieth-Century Music	United Kingdom	0.217	Q1	58	1191	0.58
7380	Debats	Spain	0.217	Q2	86	1205	0.39
7381	International Journal for the Semiotics of Law	Netherlands	0.217	Q2	178	6308	0.66
7382	Journal of Chiropractic Medicine	United States	0.217	Q3	112	1728	0.88
7383	Pedagogy of Physical Culture and Sports	Ukraine	0.217	Q3	96	1894	0.83
7384	Annales Pharmaceutiques Francaises	France	0.217	Q3	174	4012	1.36
7385	Zbornik Radova Ekonomskog Fakultet au Rijeci	Croatia	0.217	Q3	74	836	1.37
7386	Moscow University Geology Bulletin	United States	0.217	Q3	209	1657	0.37
7387	Radiation Effects and Defects in Solids	United Kingdom	0.217	Q3	288	4119	1.01
7388	Gayana	Chile	0.217	Q3	48	123	0.19
7389	Genetika	Serbia	0.217	Q3	279	3922	0.97
7390	Waterbirds	United States	0.217	Q3	128	693	0.37
7391	Distinktion	United Kingdom	0.217	Q3	71	1601	0.73
7392	Annales de Chirurgie Plastique et Esthetique	France	0.217	Q3	225	1540	0.41
7393	LC-GC North America	United States	0.217	Q4	204	834	0.47
7394	International Journal of Information System Modeling and Design	United States	0.217	Q4	56	546	1.54
7395	Boletim do Instituto de Pesca	Brazil	0.217	Q4	124	1432	0.51
7396	Journal of Consumer Health on the Internet	United States	0.217	Q4	111	827	0.82
7397	Grafica	Spain	0.216	Q1	46	450	0.72
7398	Librosdelacorte.es	Spain	0.216	Q1	77	1261	0.29
7399	Deutsche Zeitschrift fur Philosophie	Germany	0.216	Q2	170	1355	0.16
7400	Evolution Psychiatrique	France	0.216	Q2	234	2478	0.38
7401	Air and Space Law	Netherlands	0.216	Q2	117	2542	0.38
7402	Qwerty	Italy	0.216	Q2	37	366	1.67
7403	Revista de Derecho Politico	Spain	0.216	Q2	108	2561	0.26
7404	Clinical Nurse Specialist	United States	0.216	Q3	203	1015	0.71
7405	Journal of Human Sport and Exercise	Spain	0.216	Q3	803	1637	0.7
7406	Tetsu-To-Hagane/Journal of the Iron and Steel Institute of Japan	Japan	0.216	Q3	362	3080	0.32
7407	Sportverletzung-Sportschaden	Germany	0.216	Q4	284	491	0.16
7408	Addictive Disorders and their Treatment	United States	0.216	Q4	146	0	0.61
7409	Mental Illness	Italy	0.216	Q4	23	0	0.88
7410	Journal of Global Slavery	Netherlands	0.215	Q1	81	637	0.27
7411	Journal of Religious Ethics	United Kingdom	0.215	Q1	116	1453	0.28
7412	KronoScope	Netherlands	0.215	Q2	31	266	0.57
7413	Cultura, Ciencia y Deporte	Spain	0.215	Q3	143	2214	0.86
7414	FinanzArchiv	Germany	0.215	Q3	42	1007	0.4
7415	Journal of Surface Investigation	United States	0.215	Q3	754	4873	0.48
7416	African Entomology	South Africa	0.215	Q3	192	0	0.83
7417	International Journal of Electric and Hybrid Vehicles	United Kingdom	0.215	Q3	63	642	0.83
7418	Insight Turkey	Turkey	0.215	Q3	108	1710	0.39
7419	Hacienda Publica Espanola	Spain	0.215	Q4	64	773	0.73
7420	Zeitschrift fur Klinische Psychologie und Psychotherapie	Germany	0.215	Q4	56	1405	1.03
7421	Canadian journal of rural medicine : the official journal of the Society of Rural Physicians of Canada = Journal canadien de la m&#x00e9;decine rurale : le journal officiel de la Soci&#x00e9;t&#x00e9; de m&#x00e9;decine rurale du Canada	Canada	0.215	Q4	118	492	0.4
7422	Schole	Russian Federation	0.214	Q1	153	1316	0.18
7423	Vestnik Volgogradskogo Gosudarstvennogo Universiteta, Seriia 4: Istoriia, Regionovedenie, Mezhdunarodnye Otnosheniia	Russian Federation	0.214	Q1	388	5147	0.21
7424	Textile: The Journal of Cloth and Culture	United Kingdom	0.214	Q2	97	2160	0.31
7425	Topicos (Mexico)	Mexico	0.214	Q2	80	1712	0.15
7426	Utopian studies	United States	0.214	Q2	96	1061	0.21
7427	Revista de Llengua i Dret	Spain	0.214	Q2	146	1074	0.16
7428	Tierarztliche Praxis Ausgabe G: Grosstiere - Nutztiere	Germany	0.214	Q3	201	1226	0.35
7429	Kao Teng Hsueh Hsiao Hua Heush Hsueh Pao/ Chemical Journal of Chinese Universities	China	0.214	Q3	1002	14403	1.05
7430	Revista de Teledeteccion	Spain	0.214	Q3	52	601	0.75
7431	Acta Metallurgica Slovaca	Slovakia	0.214	Q3	103	1169	1.07
7432	Journal of Ship Production and Design	United States	0.214	Q3	80	414	0.52
7433	Ceska Gynekologie	Czech Republic	0.214	Q3	211	1688	0.33
7434	Mechatronic Systems and Control	Canada	0.214	Q4	95	763	0.47
7435	Missouri Journal of Mathematical Sciences	United States	0.214	Q4	54	319	0.67
7436	Spixiana	Germany	0.214	Q4	57	676	0.39
7437	Kardiologiya	Russian Federation	0.214	Q4	575	3564	0.89
7438	Kesmas	Indonesia	0.214	Q4	138	1796	1.08
7439	Journal of Architectural Conservation	United Kingdom	0.213	Q2	42	0	0.73
7440	Asiascape: Digital Asia	Netherlands	0.213	Q2	31	705	0.9
7441	International Journal of Semantic Computing	Singapore	0.213	Q2	84	940	1.0
7442	Brain Impairment	United Kingdom	0.213	Q3	74	1300	0.59
7443	Journal of the Acoustical Society of Korea	South Korea	0.213	Q3	239	1509	0.37
7444	Revista Chapingo, Serie Ciencias Forestales y del Ambiente	Mexico	0.213	Q3	90	1184	0.58
7445	Revista de Urbanismo	Chile	0.213	Q3	69	1104	0.51
7446	Vestnik Moskovskogo Universiteta. Seriya 10. Zhurnalistika	Russian Federation	0.213	Q3	95	1283	0.29
7447	Hautarzt	Germany	0.213	Q3	570	2748	0.53
7448	Pravention und Gesundheitsforderung	Germany	0.213	Q4	169	3953	0.84
7449	Dialog so Vremenem	Russian Federation	0.212	Q1	379	3690	0.05
7450	Panta Rei	Spain	0.212	Q1	34	734	0.69
7451	Pharmacia	Bulgaria	0.212	Q2	207	4610	1.31
7452	Pesquisa Brasileira em Odontopediatria e Clinica Integrada	Brazil	0.212	Q3	487	2523	0.69
7453	Society and Animals	Netherlands	0.212	Q3	184	2365	0.74
7454	Journal of Private Enterprise	United States	0.212	Q3	67	746	0.5
7455	New Space	United States	0.212	Q3	83	977	0.63
7456	International Journal of Surgery Protocols	United Kingdom	0.212	Q3	45	0	1.07
7457	Toxicologie Analytique et Clinique	France	0.212	Q4	118	1889	0.37
7458	Gefahrstoffe Reinhaltung der Luft	Germany	0.212	Q4	236	654	0.17
7459	Estudos Historicos	Brazil	0.211	Q1	103	480	0.31
7460	Fotocinema	Spain	0.211	Q1	77	1260	0.19
7461	Fluoride - Quarterly Reports	New Zealand	0.211	Q3	93	661	0.83
7462	International Journal of Global Energy Issues	United Kingdom	0.211	Q3	66	908	1.21
7463	Kovove Materialy	Slovakia	0.211	Q3	130	1154	0.73
7464	Russian Metallurgy (Metally)	United States	0.211	Q3	799	5755	0.45
7465	Zuckerindustrie	Germany	0.211	Q3	215	240	0.18
7466	Journal of Settlements and Spatial Planning	Romania	0.211	Q3	64	1203	0.82
7467	Medical Letter on Drugs and Therapeutics	United States	0.211	Q3	305	905	0.67
7468	Journal of Grey System	United Kingdom	0.211	Q4	10	0	0.0
7469	African Invertebrates	South Africa	0.211	Q4	39	193	0.33
7470	Journal of Seismic Exploration	France	0.211	Q4	91	557	0.38
7471	Optical Review	Germany	0.211	Q4	233	1645	1.65
7472	American Imago	United States	0.21	Q1	93	946	0.8
7473	Hipogrifo	Spain	0.21	Q1	344	3178	0.14
7474	Scripta Theologica	Spain	0.21	Q1	225	995	0.13
7475	Studia Aurea	Spain	0.21	Q1	60	1074	0.21
7476	William and Mary Quarterly	United States	0.21	Q1	85	2138	0.4
7477	Arheoloski Vestnik	Slovenia	0.21	Q2	58	1464	0.49
7478	Popular Music and Society	United Kingdom	0.21	Q2	127	1906	0.36
7479	Aestimum	Italy	0.21	Q3	44	186	0.88
7480	Geograficky Casopis	Slovakia	0.21	Q3	60	870	0.75
7481	Ukrainian Journal of Physics	Ukraine	0.21	Q3	366	2516	0.58
7482	Bulletin of the Hospital for Joint Disease (2013)	United States	0.21	Q3	125	1762	0.36
7483	Journal of Endometriosis and Pelvic Pain Disorders	Italy	0.21	Q3	97	914	0.66
7484	Adultspan Journal	United States	0.21	Q4	30	0	0.65
7485	Transactions of the American Philological Association	United States	0.209	Q1	54	867	0.38
7486	Axiomathes	Netherlands	0.209	Q2	122	5538	0.58
7487	California Archaeology	United Kingdom	0.209	Q2	29	364	0.18
7488	Law, Probability and Risk	United Kingdom	0.209	Q2	47	0	0.56
7489	International Community Law Review	Netherlands	0.209	Q2	95	1184	0.4
7490	Onomazein	Chile	0.209	Q2	79	132	0.32
7491	Orthopaedic Nursing	United States	0.209	Q3	235	1265	0.36
7492	Geodetski Vestnik	Slovenia	0.209	Q3	80	613	0.39
7493	Materiali in Tehnologije	Slovenia	0.209	Q3	363	1857	0.62
7494	Madera Bosques	Mexico	0.209	Q3	192	1955	0.53
7495	Estudios de Economia	Chile	0.209	Q4	29	377	0.78
7496	Journal of Risk Model Validation	United States	0.209	Q4	40	470	0.61
7497	Scottish Journal of Geology	United Kingdom	0.209	Q4	40	612	0.45
7498	Revista Ingenieria de Construccion	Chile	0.209	Q4	75	804	0.52
7499	Archives and Records	United Kingdom	0.208	Q1	50	793	0.45
7500	Bylye Gody	Slovakia	0.208	Q1	566	6523	0.59
7501	New Review of Film and Television Studies	United Kingdom	0.208	Q1	77	1007	0.33
7502	JLIS.it	Italy	0.208	Q2	103	1086	0.32
7503	Ri-Vista	Italy	0.208	Q2	94	984	0.29
7504	Anti-Trafficking Review	Thailand	0.208	Q2	44	69	1.3
7505	Creative nursing	United States	0.208	Q3	184	891	0.59
7506	Quimica Nova	Brazil	0.208	Q3	493	8235	0.83
7507	Geopersia	Iran	0.208	Q3	73	1232	0.78
7508	Southeastern Geographer	United States	0.208	Q3	76	815	0.53
7509	Sociologie du Travail	France	0.208	Q3	62	967	0.21
7510	Journal of Medical Biography	United Kingdom	0.208	Q3	161	2265	0.13
7511	Mitteilungen Klosterneuburg	Austria	0.208	Q3	65	648	0.66
7512	Przeglad Elektrotechniczny	Poland	0.208	Q4	1383	9887	0.64
7513	Hepatitis Monthly	Netherlands	0.208	Q4	163	773	0.6
7514	Revue des Maladies Respiratoires	France	0.208	Q4	420	5164	0.46
7515	Byzantinische Zeitschrift	Germany	0.207	Q1	75	2026	0.23
7516	International Journal of Public Theology	Netherlands	0.207	Q1	96	1123	0.24
7517	Projections (New York)	United States	0.207	Q1	57	790	0.35
7518	Critical Horizons	United Kingdom	0.207	Q2	75	697	0.62
7519	AIBR Revista de Antropologia Iberoamericana	Spain	0.207	Q2	73	1131	0.42
7520	Journal of International Arbitration	United Kingdom	0.207	Q2	103	3353	0.13
7521	Lengua y Habla	Venezuela	0.207	Q2	67	507	0.24
7522	Notre Dame Law Review	United States	0.207	Q2	158	7987	0.26
7523	Revue de Medecine Veterinaire	France	0.207	Q3	26	0	0.0
7524	Urbano	Chile	0.207	Q3	52	644	0.51
7525	Acta Dermatovenerologica Croatica	Croatia	0.207	Q3	158	405	0.4
7526	Annales de Dermatologie et de Venereologie	France	0.207	Q3	470	1606	0.39
7527	Comptabilite Controle Audit	France	0.207	Q4	33	70	0.57
7528	Revista de la Sociedad Entomologica Argentina	Argentina	0.207	Q4	66	1252	0.48
7529	Studia Universitatis Babes-Bolyai Mathematica	Romania	0.207	Q4	156	1430	0.53
7530	Bell Labs Technical Journal	United States	0.207	Q4	3	0	0.0
7531	Hippokratia	Greece	0.207	Q4	125	0	0.46
7532	International Labor and Working-Class History	United Kingdom	0.206	Q1	55	695	0.29
7533	Literator	South Africa	0.206	Q1	52	915	0.36
7534	Modern Drama	Canada	0.206	Q1	56	924	0.25
7535	New Testament Studies	United Kingdom	0.206	Q1	105	1084	0.25
7536	Vestnik Drevnei Istorii	Russian Federation	0.206	Q1	124	2663	0.13
7537	Anthropology Southern Africa	United Kingdom	0.206	Q2	60	739	0.4
7538	Corpora	United Kingdom	0.206	Q2	48	1022	0.72
7539	Cosmopolitan Civil Societies	Australia	0.206	Q2	35	679	0.86
7540	Bereavement Care	United Kingdom	0.206	Q3	44	0	0.83
7541	Chalcogenide Letters	Romania	0.206	Q3	213	2788	1.05
7542	Journal of the Serbian Chemical Society	Serbia	0.206	Q3	341	3059	1.15
7543	Sumarski List	Croatia	0.206	Q3	134	1559	0.58
7544	Clinics in Podiatric Medicine and Surgery	United Kingdom	0.206	Q3	192	1820	0.58
7545	Algorithmic Finance	Netherlands	0.206	Q4	17	168	0.25
7546	Pratiques Psychologiques	France	0.206	Q4	68	1013	0.95
7547	Current Bladder Dysfunction Reports	United States	0.206	Q4	120	1753	0.43
7548	Studies in American Humor	United States	0.205	Q1	51	486	0.44
7549	Fordham Law Review	United States	0.205	Q2	218	9503	0.27
7550	Geographia Cassoviensis	Slovakia	0.205	Q3	42	453	0.46
7551	Psychologist-Manager Journal	United States	0.205	Q3	35	0	0.38
7552	Bioagro	Venezuela	0.205	Q3	74	1020	0.94
7553	Revista Iberoamericana de Psicologia del Ejercicio y el Deporte	Spain	0.205	Q4	96	1922	0.58
7554	Kinematics and Physics of Celestial Bodies	United States	0.205	Q4	86	1248	0.55
7555	Psychologie in Erziehung und Unterricht	Germany	0.205	Q4	69	274	0.41
7556	Proceedings of the Academy of Natural Sciences of Philadelphia	United States	0.205	Q4	23	0	0.74
7557	Nephrologie et Therapeutique	France	0.205	Q4	210	2895	0.64
7558	Africa Review	United Kingdom	0.204	Q1	43	1619	1.13
7559	Japanese Studies	United Kingdom	0.204	Q1	56	983	0.51
7560	PMLA	United Kingdom	0.204	Q1	197	1219	0.48
7561	Musica Hodie	Brazil	0.204	Q2	105	1673	0.28
7562	Musica Tecnologia	Italy	0.204	Q2	17	0	0.06
7563	Eesti ja Soome-Ugri Keeleteaduse Ajakiri	Estonia	0.204	Q2	69	930	0.15
7564	Safer Communities	United Kingdom	0.204	Q2	43	1311	0.81
7565	Studia Geotechnica et Mechanica	Poland	0.204	Q3	99	1106	0.6
7566	Demografie	Czech Republic	0.204	Q3	58	509	0.44
7567	Polski Przeglad Chirurgiczny	Poland	0.204	Q3	223	1192	0.58
7568	Urology Case Reports	United States	0.204	Q3	1077	2067	0.43
7569	Revue des Composites et des Materiaux Avances	France	0.204	Q4	139	1506	1.02
7570	Forum der Psychoanalyse	Germany	0.204	Q4	110	923	0.21
7571	Psychotherapeut	Germany	0.204	Q4	202	1314	0.54
7572	Acta et Commentationes Universitatis Tartuensis de Mathematica	Estonia	0.204	Q4	65	387	0.33
7573	New Zealand Entomologist	United Kingdom	0.204	Q4	31	234	0.24
7574	Islamic Africa	Netherlands	0.203	Q1	18	1087	0.4
7575	Logos: Revista de Linguistica, Filosofia y Literatura	Chile	0.203	Q1	81	1144	0.24
7576	Physics in Perspective	Switzerland	0.203	Q1	40	678	0.19
7577	Bitacora Urbano Territorial	Colombia	0.203	Q2	173	1524	0.35
7578	Heritage and Society	United Kingdom	0.203	Q2	34	1239	0.48
7579	Children Australia	United Kingdom	0.203	Q3	81	0	0.58
7580	Ekonomicheskaya Politika	Russian Federation	0.203	Q3	119	876	0.54
7581	Chirurg	Germany	0.203	Q3	715	2300	0.53
7582	Zhidkie Kristally i Ikh Prakticheskoe Ispol'zovanie	Russian Federation	0.203	Q4	116	842	0.68
7583	Psychoanalytic Inquiry	United Kingdom	0.203	Q4	235	1727	0.18
7584	Journal of Contemporary History	United Kingdom	0.202	Q1	125	0	0.54
7585	Mission Studies	Netherlands	0.202	Q1	85	646	0.13
7586	Filosofskii Zhurnal	Russian Federation	0.202	Q2	148	1112	0.14
7587	Langages	France	0.202	Q2	105	1184	0.29
7588	Desenvolvimento e Meio Ambiente	Brazil	0.202	Q3	211	2302	0.44
7589	Informacios Tarsadalom	Hungary	0.202	Q3	81	486	0.54
7590	Journal of the American Podiatric Medical Association	United States	0.202	Q4	308	0	0.57
7591	International Journal of Fluid Power	Denmark	0.202	Q4	48	435	1.03
7592	Materiaux et Techniques	France	0.202	Q4	106	929	0.77
7593	Polish Journal of Ecology	Poland	0.202	Q4	84	41	0.51
7594	Studia Historica, Historia Medieval	Spain	0.201	Q1	57	1197	0.21
7595	Meta (Canada)	Canada	0.201	Q2	117	440	0.23
7596	Contemporary Review of the Middle East	United Kingdom	0.201	Q2	82	1285	0.79
7597	European Company and Financial Law Review	Germany	0.201	Q2	95	1104	0.27
7598	Pediatric Dental Journal	Netherlands	0.201	Q3	100	941	0.94
7599	Revista Colombiana de Ciencias Pecuarias	Colombia	0.201	Q3	87	853	0.53
7600	Nukleonika	Poland	0.201	Q3	84	245	0.67
7601	Annals of Applied Sport Science	Iran	0.201	Q3	136	1685	0.67
7602	CTyF - Ciencia, Tecnologia y Futuro	Colombia	0.201	Q3	56	342	0.69
7603	Investigaciones Geograficas	Spain	0.201	Q3	77	1697	0.75
7604	Bosque	Chile	0.201	Q3	97	928	0.57
7605	Latvian Journal of Physics and Technical Sciences	Poland	0.201	Q3	115	780	0.78
7606	International Real Estate Review	United States	0.201	Q3	60	886	0.58
7607	Anasthesiologie und Intensivmedizin	Germany	0.201	Q3	256	2551	0.53
7608	Current Surgery Reports	United States	0.201	Q3	81	1684	0.6
7609	Neonatal network : NN	United States	0.201	Q3	173	1200	0.48
7610	Ecosistemas	Spain	0.201	Q4	176	1869	0.63
7611	Special Matrices	Poland	0.201	Q4	73	461	0.35
7612	Anales del Jardin Botanico de Madrid	Spain	0.201	Q4	41	634	0.56
7613	Canadian Ethnic Studies/Etudes Ethniques au Canada	Canada	0.2	Q1	45	1178	0.67
7614	Victorian Literature and Culture	United Kingdom	0.2	Q1	94	1712	0.26
7615	TAL Traitement Automatique des Langues	France	0.2	Q2	18	0	0.67
7616	Zeitschrift fur Geburtshilfe und Neonatologie	Germany	0.2	Q3	306	2195	0.38
7617	Chemie in Unserer Zeit	Germany	0.2	Q3	196	1295	0.31
7618	Acta Protozoologica	Poland	0.2	Q3	38	612	0.53
7619	Southwestern Entomologist	United States	0.2	Q3	373	2267	0.32
7620	International Journal of Heavy Vehicle Systems	United Kingdom	0.2	Q3	123	766	0.73
7621	Ibersid	Spain	0.2	Q3	34	649	0.57
7622	Journal of Forensic Practice	United Kingdom	0.2	Q3	73	1578	0.94
7623	Journal of Elementology	Poland	0.2	Q4	277	2476	0.84
7624	Soils and Rocks	Brazil	0.2	Q4	106	1924	0.55
7625	Psicologia Clinica dello Sviluppo	Italy	0.2	Q4	110	1357	0.5
7626	Psychodynamic Practice	United Kingdom	0.2	Q4	90	692	0.27
7627	Contributions to the History of Concepts	United States	0.199	Q1	35	879	0.63
7628	Linacre quarterly, The	United Kingdom	0.199	Q2	156	1292	0.32
7629	Tierarztliche Praxis Ausgabe K: Kleintiere - Heimtiere	Germany	0.199	Q3	210	1598	0.39
7630	Journal of the Society of Leather Technologies and Chemists	United Kingdom	0.199	Q3	122	492	0.26
7631	Boletin de la Asociacion Internacional de Derecho Cooperativo	Spain	0.199	Q3	68	200	0.35
7632	Journal of Legal Pluralism and Unofficial Law	United Kingdom	0.199	Q3	74	0	0.52
7633	Neurocirugia	Spain	0.199	Q3	147	1688	0.65
7634	American Annals of the Deaf	United States	0.199	Q4	100	1127	0.58
7635	Brazilian Journal of Physics	United States	0.199	Q4	380	8637	1.67
7636	Journal of the Iranian Statistical Society	Iran	0.199	Q4	55	218	0.57
7637	Notornis	New Zealand	0.199	Q4	97	37	0.63
7638	Psychiatric Annals	United States	0.199	Q4	298	1902	0.38
7639	Eastern Journal of European Studies	Romania	0.198	Q1	118	1858	0.7
7640	Open Theology	Poland	0.198	Q1	138	1713	0.46
7641	World Literature Studies	Slovakia	0.198	Q1	117	1179	0.21
7642	Zeitschrift fur Sportpsychologie	Germany	0.198	Q3	81	700	0.34
7643	Revue Economique	France	0.198	Q3	135	951	0.36
7644	Miscellanea Geographica	Germany	0.198	Q3	84	1258	0.82
7645	Chinese Journal of Comparative Law	United Kingdom	0.198	Q3	57	870	0.68
7646	State Crime Journal	United Kingdom	0.198	Q3	34	1008	1.17
7647	Journal of Acupuncture and Tuina Science	China	0.198	Q3	202	1955	0.46
7648	Active and Passive Electronic Components	United States	0.198	Q4	18	0	0.78
7649	REVUE ROUMAINE DE MATHEMATIQUES PURES ET APPLIQUEES	Romania	0.198	Q4	101	155	0.23
7650	Meta Gene	Netherlands	0.198	Q4	457	1528	0.7
7651	Klinik Psikiyatri Dergisi	Turkey	0.198	Q4	188	1686	0.67
7652	Philologica Canariensia	Spain	0.197	Q2	16	295	0.36
7653	Texto Livre	Brazil	0.197	Q2	160	1747	0.67
7654	Ankara Universitesi Veteriner Fakultesi Dergisi	Turkey	0.197	Q3	181	2368	0.78
7655	Journal of Agricultural and Food Information	United Kingdom	0.197	Q3	49	81	0.39
7656	Economists' Voice	Germany	0.197	Q3	42	509	0.44
7657	Urbanities	Italy	0.197	Q3	82	1176	0.26
7658	Journal of the Nepal Medical Association	Nepal	0.197	Q4	689	4189	0.56
7659	Casopis za Suvremenu Povijest	Croatia	0.196	Q1	108	756	0.24
7660	Modern and Contemporary France	United Kingdom	0.196	Q1	83	1393	0.27
7661	Contemporary Music Review	United Kingdom	0.196	Q2	126	1044	0.48
7662	Journal of the Statistical and Social Inquiry Society of Ireland	Ireland	0.196	Q3	18	0	0.0
7663	Annali Italiani di Chirurgia	Italy	0.196	Q3	497	1380	0.44
7664	Revue de Medecine Interne	France	0.196	Q3	492	4334	0.64
7665	Revista de Biologia Marina y Oceanografia	Chile	0.196	Q4	94	321	0.42
7666	Parallel Processing Letters	Singapore	0.196	Q4	62	505	0.51
7667	Ichthyological Exploration of Freshwaters	Germany	0.196	Q4	6	0	1.17
7668	Journal of Central European Agriculture	Croatia	0.196	Q4	290	3480	0.75
7669	Listy Cukrovarnicke a Reparske	Czech Republic	0.196	Q4	240	586	0.14
7670	Russian Journal of Theriology	Russian Federation	0.196	Q4	55	998	0.63
7671	Deleuze and Guattari Studies	United Kingdom	0.195	Q1	89	1013	0.19
7672	Manuscrito	Brazil	0.195	Q2	93	598	0.16
7673	AILA Review	Netherlands	0.195	Q2	34	326	0.72
7674	Sendebar	Spain	0.195	Q2	57	601	0.41
7675	Revista Mexicana De Ciencias Pecuarias	Mexico	0.195	Q3	259	2999	0.54
7676	Transactions of the Royal Society of South Australia	United Kingdom	0.195	Q3	39	1095	0.78
7677	Drustvena Istrazivanja	Croatia	0.195	Q3	110	1556	0.54
7678	Encontros Bibli	Brazil	0.195	Q3	113	1192	0.24
7679	Indiana Law Journal	United States	0.195	Q3	105	4814	0.28
7680	Obere Extremitat	Germany	0.195	Q3	131	1065	0.35
7681	Rendiconti del Seminario Matematico dell 'Universita' di Padova/Mathematical Journal of the University of Padova	Germany	0.195	Q4	77	406	0.32
7682	Acta Medica Okayama	Japan	0.195	Q4	263	2184	0.58
7683	Transactions of the Korean Society of Mechanical Engineers, A	South Korea	0.195	Q4	337	2059	0.36
7684	Byzantine and Modern Greek Studies	United Kingdom	0.194	Q1	47	722	0.18
7685	Classical Quarterly	United Kingdom	0.194	Q1	258	821	0.18
7686	Filozofia	Slovakia	0.194	Q1	172	1332	0.17
7687	Kant-Studien	Germany	0.194	Q2	68	619	0.32
7688	Museum International	United Kingdom	0.194	Q2	140	910	0.18
7689	Time and Mind	United Kingdom	0.194	Q2	69	679	0.3
7690	Tydskrift vir Geesteswetenskappe	South Africa	0.194	Q2	202	1897	0.11
7691	Bijdragen tot de Taal-, Land- en Volkenkunde	Netherlands	0.194	Q2	52	840	0.77
7692	Glottometrics	Germany	0.194	Q2	51	271	0.13
7693	Cuadernos de Gestion	Spain	0.194	Q3	61	2015	1.02
7694	Ciencia Tecnologia Agropecuaria	Colombia	0.194	Q3	125	2213	0.54
7695	Pedagogia Social	Spain	0.194	Q3	86	647	0.59
7696	Social Dynamics	United Kingdom	0.194	Q3	103	1270	0.38
7697	Guangzi Xuebao/Acta Photonica Sinica	China	0.194	Q4	881	13754	0.85
7698	Plant Root	Japan	0.194	Q4	17	124	0.58
7699	Psyche: Journal of Entomology	Egypt	0.194	Q4	19	317	1.09
7700	ELH - English Literary History	United States	0.193	Q1	123	2710	0.33
7701	Andamios	Mexico	0.193	Q2	174	1733	0.22
7702	Reti Saperi Linguaggi	Italy	0.193	Q2	60	705	0.35
7703	Global Economy Journal	Singapore	0.193	Q3	67	223	0.72
7704	Papers	Spain	0.193	Q3	81	1588	0.88
7705	Revija Za Socijalnu Politiku	Croatia	0.193	Q3	71	756	0.33
7706	International Journal of Surgery Case Reports	Netherlands	0.193	Q3	3068	18242	0.6
7707	Semergen	Spain	0.193	Q3	374	2134	0.6
7708	Journal of Energy Markets	United Kingdom	0.193	Q4	45	420	0.5
7709	Eurasian Chemico-Technological Journal	Kazakhstan	0.193	Q4	114	1203	0.62
7710	Papers in Physics	Argentina	0.193	Q4	19	932	0.83
7711	Acta Physica Polonica A	Poland	0.193	Q4	1080	6105	0.76
7712	International Journal of Grid and Utility Computing	United Kingdom	0.193	Q4	192	1841	0.8
7713	Critical Studies in Fashion and Beauty	United Kingdom	0.192	Q1	34	493	0.2
7714	Social Evolution and History	Russian Federation	0.192	Q2	58	583	0.29
7715	Voprosy Jazykoznanija	Russian Federation	0.192	Q2	108	1662	0.32
7716	Letters in Drug Design and Discovery	United Arab Emirates	0.192	Q3	355	4304	1.08
7717	Historia, Ciencias, Saude - Manguinhos	Brazil	0.192	Q3	295	3231	0.28
7718	Kardiochirurgia i Torakochirurgia Polska	Poland	0.192	Q3	144	942	0.48
7719	Zentralblatt fur Chirurgie	Germany	0.192	Q3	402	2580	0.38
7720	Przemysl Chemiczny	Poland	0.192	Q4	221	143	0.48
7721	French Screen Studies	United Kingdom	0.191	Q1	68	1512	0.22
7722	Soviet and Post Soviet Review	Netherlands	0.191	Q2	54	558	0.36
7723	Therapeutic Communities	United Kingdom	0.191	Q3	40	392	0.19
7724	Tekstil ve Konfeksiyon	Turkey	0.191	Q3	100	656	0.64
7725	Anthropologischer Anzeiger	Germany	0.191	Q3	104	2167	0.53
7726	Kerntechnik	Germany	0.191	Q4	167	1807	0.5
7727	Estudios Gerenciales	Colombia	0.191	Q4	136	2667	0.85
7728	Journal of the Torrey Botanical Society	United States	0.191	Q4	80	1254	0.24
7729	De Medio Aevo	Spain	0.19	Q1	56	1024	0.23
7730	Studies in Theatre and Performance	United Kingdom	0.19	Q1	88	515	0.32
7731	Conservar Patrimonio	Portugal	0.19	Q2	76	339	0.26
7732	Organon F	Slovakia	0.19	Q2	93	557	0.44
7733	Herald of the Russian Academy of Sciences	United States	0.19	Q2	257	3910	0.49
7734	Investigaciones Turisticas	Spain	0.19	Q3	75	2136	0.69
7735	Politix	France	0.19	Q3	86	786	0.31
7736	Recht und Psychiatrie	Germany	0.19	Q3	14	0	0.0
7737	Clinical Cases in Mineral and Bone Metabolism	Italy	0.19	Q3	17	0	0.0
7738	Hemijska Industrija	Serbia	0.19	Q4	102	696	0.89
7739	Current Orthopaedic Practice	United States	0.19	Q4	346	2996	0.3
7740	Zentralblatt fur Arbeitsmedizin, Arbeitsschutz und Ergonomie	Germany	0.19	Q4	145	1351	0.69
7741	Journal of Classics Teaching	United Kingdom	0.189	Q1	75	394	0.13
7742	Journal of British Studies	United Kingdom	0.189	Q2	86	3108	0.34
7743	Revista de Investigacion en Logopedia	Spain	0.189	Q2	52	1464	0.58
7744	Studies in Ethnicity and Nationalism	United Kingdom	0.189	Q3	54	1019	0.36
7745	Medecine Palliative	France	0.189	Q3	159	965	0.16
7746	Acta Universitatis Carolinae, Geographica	Czech Republic	0.189	Q4	60	741	0.68
7747	Journal of Physical Studies	Ukraine	0.189	Q4	131	1034	0.49
7748	Mechanika	Lithuania	0.189	Q4	196	1404	0.84
7749	Quadernos de Psicologia	Spain	0.189	Q4	108	1215	0.48
7750	Revista CES Psicologia	Colombia	0.189	Q4	97	1962	0.6
7751	Universitas Psychologica	Colombia	0.189	Q4	153	623	0.41
7752	Entomological News	United States	0.189	Q4	140	530	0.37
7753	Pakistan Journal of Zoology	Pakistan	0.189	Q4	922	13730	0.59
7754	Shokuhin eiseigaku zasshi. Journal of the Food Hygienic Society of Japan	Japan	0.189	Q4	104	578	0.33
7755	Bulletin of Tokyo Dental College, The	Japan	0.189	Q4	87	0	0.52
7756	Journal of Australian Studies	United Kingdom	0.188	Q1	110	0	0.5
7757	Annales-Anali za Istrske in Mediteranske Studije - Series Historia et Sociologia	Slovenia	0.188	Q2	135	448	0.56
7758	Philosophical Investigations	United Kingdom	0.188	Q2	67	1037	0.21
7759	Open House International	United Kingdom	0.188	Q2	100	3517	1.27
7760	Studi e Saggi Linguistici	Italy	0.188	Q2	35	626	0.18
7761	BRICS Law Journal	Russian Federation	0.188	Q3	84	170	0.27
7762	European Journal of Human Movement	Spain	0.188	Q3	62	705	0.62
7763	Acta Chirurgiae Orthopaedicae et Traumatologiae Cechoslovaca	Czech Republic	0.188	Q3	196	1412	0.47
7764	Chirurgia (Romania)	Romania	0.188	Q3	321	2918	0.54
7765	Fuentes el Reventon Energetico	Colombia	0.188	Q4	51	541	0.42
7766	Proceedings of Institution of Civil Engineers: Energy	United Kingdom	0.188	Q4	62	799	0.89
7767	Revista Internacional de Contaminacion Ambiental	Mexico	0.188	Q4	248	3669	0.61
7768	International Journal of Vehicle Design	United Kingdom	0.188	Q4	116	984	0.56
7769	Ethnohistory	United States	0.187	Q2	78	878	0.38
7770	Law and History Review	United Kingdom	0.187	Q2	96	1531	0.4
7771	Logos (Lithuania)	Lithuania	0.187	Q2	259	1310	0.11
7772	Loquens	Spain	0.187	Q2	23	228	0.19
7773	International Journal of Cyber Warfare and Terrorism	United States	0.187	Q3	50	857	0.78
7774	Kagaku Kogaku Ronbunshu	Japan	0.187	Q4	110	562	0.32
7775	Ciencia e Tecnica Vitivinicola	Portugal	0.187	Q4	40	856	1.04
7776	Ephemerides Theologicae Lovanienses	Belgium	0.186	Q1	73	0	0.17
7777	Diplomacy and Statecraft	United Kingdom	0.186	Q2	112	0	0.38
7778	Ethik in der Medizin	Germany	0.186	Q2	120	1643	0.56
7779	Journal of Modern Chinese History	United Kingdom	0.186	Q2	46	315	0.21
7780	Pensamiento	Spain	0.186	Q2	207	2865	0.14
7781	Veterinarski Arhiv	Croatia	0.186	Q3	198	2432	0.55
7782	Doxa Comunicacion	Spain	0.186	Q3	84	1561	0.55
7783	Revista Brasileira de Direito Processual Penal	Brazil	0.186	Q3	162	1827	0.14
7784	Acta Phlebologica	Italy	0.186	Q4	59	509	0.35
7785	Modern Chinese Literature and Culture	United Kingdom	0.185	Q1	41	842	0.08
7786	Law and Humanities	United Kingdom	0.185	Q2	40	0	0.63
7787	Dissolution Technologies	United States	0.185	Q3	63	802	0.69
7788	African Journal of Urology	Switzerland	0.185	Q3	262	1250	0.52
7789	Boletin de Geologia	Colombia	0.185	Q4	87	1483	0.33
7790	Scientia Sinica: Physica, Mechanica et Astronomica	China	0.185	Q4	460	6535	0.68
7791	Engenharia Sanitaria e Ambiental	Brazil	0.185	Q4	316	5300	0.52
7792	Agronomia Mesoamericana	Costa Rica	0.185	Q4	192	3340	0.55
7793	British Columbia Medical Journal	Canada	0.185	Q4	370	1094	0.22
7794	Journal of pastoral care & counseling : JPCC, The	United States	0.185	Q4	161	0	0.75
7795	Biblica	Italy	0.184	Q1	87	1173	0.16
7796	Glotta - Zeitschrift fur Griechische und Lateinische Sprache	Germany	0.184	Q1	47	0	0.29
7797	International Journal of Korean History	South Korea	0.184	Q1	48	538	0.26
7798	Postmedieval	United Kingdom	0.184	Q1	100	1267	0.3
7799	Studia Ceranea	Poland	0.184	Q1	103	2267	0.07
7800	Anuario de Estudios Americanos	Spain	0.184	Q2	70	1011	0.17
7801	Journal of the History of Ideas	United States	0.184	Q2	93	310	0.54
7802	Parliamentary History	United States	0.184	Q2	79	0	0.19
7803	Trziste	Croatia	0.184	Q3	56	654	0.6
7804	Anales de Geografia de la Universidad Complutense	Spain	0.184	Q3	63	1097	0.28
7805	Perfiles Latinoamericanos	Mexico	0.184	Q3	79	0	0.6
7806	Politicka Ekonomie	Czech Republic	0.184	Q3	91	1019	0.41
7807	Jokull	Iceland	0.184	Q4	32	0	0.32
7808	Journal of the Korean Physical Society	South Korea	0.184	Q4	1066	9195	0.64
7809	Proceedings of the Indian National Science Academy	India	0.184	Q4	198	4149	0.82
7810	Abhandlungen aus dem Mathematischen Seminar der Universitat Hamburg	Germany	0.184	Q4	50	273	0.39
7811	Sodobna Pedagogika	Slovenia	0.184	Q4	159	847	0.31
7812	English Text Construction	Netherlands	0.183	Q1	28	0	0.22
7813	Revue Biblique	France	0.183	Q1	47	0	0.14
7814	BioLaw Journal	Italy	0.183	Q2	432	5345	0.22
7815	Public Historian	United States	0.183	Q2	102	919	0.48
7816	GLQ	United States	0.183	Q2	122	1220	0.52
7817	Jundishapur Journal of Natural Pharmaceutical Products	Netherlands	0.183	Q3	153	2031	0.74
7818	Bibliotecas, Anales de Investigacion	Cuba	0.183	Q3	63	656	0.23
7819	China: An International Journal	Singapore	0.183	Q3	135	255	0.38
7820	Denver Law Review	United States	0.183	Q3	61	2222	0.34
7821	Netherlands International Law Review	Switzerland	0.183	Q3	65	889	0.52
7822	Revue d'Economie Politique	France	0.183	Q3	114	1150	0.38
7823	Rendiconti Online Societa Geologica Italiana	Italy	0.183	Q4	99	509	0.5
7824	Biology Bulletin	United States	0.183	Q4	632	12777	0.46
7825	Der Radiologe	Germany	0.183	Q4	423	1356	0.52
7826	Iranica Antiqua	Belgium	0.182	Q1	19	0	0.36
7827	Aportes	Spain	0.182	Q2	89	1199	0.19
7828	Kritika	United States	0.182	Q2	89	2476	0.22
7829	Comptes Rendus de L'Academie Bulgare des Sciences	Bulgaria	0.182	Q3	648	3716	0.35
7830	Slovensky Narodopis	Slovakia	0.182	Q3	75	1304	0.21
7831	Psychoanalytic Study of the Child	United Kingdom	0.182	Q3	77	1017	0.55
7832	Arkivoc	United States	0.182	Q4	376	5223	0.66
7833	Soldagem e Inspecao	Brazil	0.182	Q4	92	945	0.56
7834	Multiagent and Grid Systems	United States	0.182	Q4	51	489	0.8
7835	Fruits	France	0.182	Q4	91	931	0.61
7836	Orvosi Hetilap	Hungary	0.182	Q4	865	8044	0.61
7837	Mnemosyne	Netherlands	0.181	Q1	214	3492	0.14
7838	Zeitschrift fur Romanische Philologie	Germany	0.181	Q1	114	2752	0.16
7839	Gazi University Journal of Science	Turkey	0.181	Q3	258	3829	0.78
7840	Journal of Palestine Studies	United States	0.181	Q3	104	0	0.49
7841	Revista General de Informacion y Documentacion	Spain	0.181	Q3	89	811	0.35
7842	Zhurnal Issledovanii Sotsial'noi Politiki	Russian Federation	0.181	Q3	138	1399	0.28
7843	Revista Materia	Brazil	0.181	Q4	694	7731	0.54
7844	Granja	Ecuador	0.181	Q4	62	891	0.8
7845	Journal of the Palaeontological Society of India	India	0.181	Q4	42	0	0.38
7846	Araucaria	Spain	0.18	Q2	201	3237	0.28
7847	Acta Neophilologica	Slovenia	0.18	Q2	41	527	0.32
7848	Asclepio	Spain	0.18	Q3	81	1185	0.23
7849	Journal of Korean Studies	United States	0.18	Q3	54	693	0.29
7850	Journal of Gynecologic Surgery	United States	0.18	Q3	280	1721	0.24
7851	Optica Applicata	Poland	0.18	Q4	157	1428	0.57
7852	Nematropica	United States	0.18	Q4	36	0	0.29
7853	Medycyna Weterynaryjna	Poland	0.179	Q3	303	3922	0.43
7854	Surgical Practice	United Kingdom	0.179	Q3	113	958	0.63
7855	Statistika	Czech Republic	0.179	Q4	94	917	0.3
7856	Quality - Access to Success	Romania	0.179	Q4	728	9240	0.88
7857	Ecological Questions	Poland	0.179	Q4	105	1487	0.81
7858	Pegem Egitim ve Ogretim Dergisi	Turkey	0.179	Q4	139	7341	0.81
7859	Chaucer Review, The	United States	0.178	Q1	69	971	0.32
7860	Leonardo	United States	0.178	Q1	269	1892	0.34
7861	Doxa. Cuadernos de Filosofia del Derecho	Spain	0.178	Q2	76	976	0.12
7862	Colonial Latin American Review	United Kingdom	0.178	Q3	85	1653	0.19
7863	Anthropological Notebooks	Slovenia	0.178	Q3	38	661	0.07
7864	Sociologicky Casopis	Czech Republic	0.178	Q3	75	1212	0.51
7865	Journal of Acute Medicine	Netherlands	0.178	Q3	51	457	0.43
7866	Revista Chilena de Nutricion	Chile	0.178	Q4	286	3002	0.68
7867	Avances en Psicologia Latinoamericana	Colombia	0.178	Q4	117	1404	0.39
7868	Cedille	Spain	0.177	Q1	171	1615	0.17
7869	Studies in European Cinema	United Kingdom	0.177	Q1	58	1513	0.41
7870	Perspectivas em Ciencia da Informacao	Brazil	0.177	Q2	129	1414	0.21
7871	Urbe	Brazil	0.177	Q2	239	2268	0.39
7872	Lingvisticae Investigationes	Netherlands	0.177	Q2	35	221	0.17
7873	Habitat Sustentable	Chile	0.177	Q3	31	590	0.71
7874	Sociologus	Germany	0.177	Q3	30	0	0.25
7875	Tecnologia y Ciencias del Agua	Mexico	0.177	Q4	193	2543	0.46
7876	Commentationes Mathematicae Universitatis Carolinae	Czech Republic	0.177	Q4	119	231	0.21
7877	Nippon Shokuhin Kagaku Kogaku Kaishi	Japan	0.177	Q4	175	1261	0.23
7878	Journal of Integrated Design and Process Science	Netherlands	0.177	Q4	76	547	0.42
7879	Ancient Asia	United Kingdom	0.176	Q1	35	268	0.31
7880	Modern Philology	United States	0.176	Q1	78	114	0.21
7881	Journal of Moravian History	United States	0.176	Q2	18	330	0.55
7882	Kajian Malaysia	Malaysia	0.176	Q2	54	955	0.33
7883	Journal of Mathematical and Fundamental Sciences	Indonesia	0.176	Q3	75	461	0.51
7884	Revue Francaise de Sociologie	France	0.176	Q3	51	241	0.27
7885	Signa Vitae	Croatia	0.176	Q3	290	4042	0.92
7886	Chemical Product and Process Modeling	Germany	0.176	Q4	97	3057	1.26
7887	Nihon Reoroji Gakkaishi	Japan	0.176	Q4	83	1426	0.53
7888	Nippon Kinzoku Gakkaishi/Journal of the Japan Institute of Metals	Japan	0.176	Q4	165	962	0.34
7889	Future of Food: Journal on Food, Agriculture and Society	Germany	0.176	Q4	62	1057	0.82
7890	Der Internist	Germany	0.176	Q4	570	2021	0.32
7891	Archivo Espanol de Arte	Spain	0.175	Q1	80	1067	0.17
7892	Stanislavski Studies	United Kingdom	0.175	Q1	58	235	0.16
7893	Archaologisches Korrespondenzblatt	Germany	0.175	Q2	62	0	0.0
7894	Historia Critica	Colombia	0.175	Q2	73	1198	0.34
7895	Studies in Christian ethics	United Kingdom	0.175	Q2	107	0	0.35
7896	Digital Humanities Quarterly	United States	0.175	Q3	126	424	0.41
7897	European Public Law	Netherlands	0.175	Q3	108	1332	0.46
7898	Materiale Plastice	Romania	0.175	Q4	413	1710	0.72
7899	Composites Theory and Practice	Poland	0.175	Q4	70	811	0.84
7900	Zpravy Lesnickeho Vyzkumu	Czech Republic	0.175	Q4	90	1303	0.4
7901	Pteridines	United Kingdom	0.175	Q4	56	414	0.44
7902	Journal of Medical Devices, Transactions of the ASME	United States	0.175	Q4	188	1877	0.92
7903	Zbornik Instituta za Pedagoska Istrazivanja	Serbia	0.175	Q4	33	878	0.44
7904	Aging Medicine and Healthcare	Taiwan	0.175	Q4	78	953	0.83
7905	Geschichte und Gesellschaft	Germany	0.174	Q2	81	0	0.34
7906	International Journal of the History of Sport	United Kingdom	0.174	Q2	285	0	0.41
7907	Journal of Cold War Studies	United States	0.174	Q2	81	0	0.52
7908	Journal of Islamic Archaeology	United Kingdom	0.174	Q2	34	0	0.21
7909	Oral History Review	United Kingdom	0.174	Q2	59	0	0.64
7910	Records of the Australian Museum	Australia	0.174	Q2	45	297	0.31
7911	Revista de Linguistica y Lenguas Aplicadas	Spain	0.174	Q2	33	442	0.33
7912	GaBI Journal	Belgium	0.174	Q3	40	0	0.68
7913	OBETS	Spain	0.174	Q3	69	1007	0.44
7914	International Criminal Law Review	Netherlands	0.174	Q3	152	619	0.21
7915	Notarzt	Germany	0.174	Q3	200	726	0.17
7916	Geodetski List	Croatia	0.174	Q4	39	287	0.48
7917	Artnodes	Spain	0.173	Q1	90	912	0.34
7918	Bulletin of Hispanic Studies	United Kingdom	0.173	Q1	185	2079	0.14
7919	ArcheoSciences	France	0.173	Q2	99	0	0.28
7920	Cercles	Spain	0.173	Q2	24	0	0.0
7921	Revista de Hispanismo Filosofico	Spain	0.173	Q2	29	0	0.06
7922	TECHNE	Italy	0.173	Q3	250	830	0.3
7923	Canadian Journal of Law and Jurisprudence	United Kingdom	0.173	Q3	61	935	0.6
7924	Technical Services Quarterly	United States	0.173	Q3	179	530	0.29
7925	Teorija in Praksa	Slovenia	0.173	Q3	166	2241	0.36
7926	Berliner und Munchener Tierarztliche Wochenschrift	Germany	0.173	Q4	108	795	0.48
7927	Annales de Biologie Clinique	France	0.173	Q4	268	1101	0.35
7928	Fortschritte der Neurologie Psychiatrie	Germany	0.173	Q4	466	2909	0.22
7929	Agrarforschung Schweiz	Switzerland	0.173	Q4	108	312	0.59
7930	Architectural Design	United States	0.172	Q1	313	0	0.36
7931	Positions	United States	0.172	Q1	97	1622	0.2
7932	Metaphysica	Germany	0.172	Q2	48	1059	0.18
7933	Revista de Indias	Spain	0.172	Q2	65	1305	0.28
7934	Studijne Zvesti Archeologickeho Ustavu Slovenskej Akademie Vied	Slovakia	0.172	Q2	107	493	0.22
7935	University of New South Wales law journal, The	Australia	0.172	Q2	163	667	0.6
7936	Journal of World Energy Law and Business	United States	0.172	Q3	81	1110	0.42
7937	PSL Quarterly Review	Italy	0.172	Q3	42	46	0.68
7938	Utrecht Law Review	Netherlands	0.172	Q3	71	633	0.53
7939	Lithuanian Journal of Physics	Lithuania	0.172	Q4	71	1084	0.58
7940	Praxis der Kinderpsychologie und Kinderpsychiatrie	Germany	0.172	Q4	180	1626	0.39
7941	Der Urologe	Germany	0.172	Q4	806	1841	0.27
7942	Giornale di Chirurgia	Italy	0.172	Q4	117	514	0.83
7943	Przeglad Dermatologiczny	Poland	0.172	Q4	185	832	0.35
7944	Revista Chilena de Infectologia	Chile	0.172	Q4	337	1917	0.42
7945	Historia - Zeitschrift fur Alte Geschichte	Germany	0.171	Q1	68	1344	0.35
7946	Mitologias Hoy	Spain	0.171	Q1	107	863	0.1
7947	Temenos	Finland	0.171	Q2	32	0	0.89
7948	Rupkatha Journal on Interdisciplinary Studies in Humanities	India	0.171	Q3	530	3977	0.31
7949	Anthropology of Consciousness	United States	0.171	Q3	28	1048	0.7
7950	Journal of Chemical Crystallography	United States	0.171	Q4	148	2893	0.77
7951	Psychoterapia	Poland	0.171	Q4	72	239	0.21
7952	Rocznik Ochrona Srodowiska	Poland	0.171	Q4	236	828	0.4
7953	Castanea	United States	0.171	Q4	83	410	0.27
7954	Poljoprivreda	Croatia	0.171	Q4	60	720	0.67
7955	Elektrotechnik und Informationstechnik	Austria	0.171	Q4	267	1495	0.48
7956	Acta Baltico-Slavica	Poland	0.17	Q1	40	0	0.16
7957	Journal of Aesthetics and Culture	United Kingdom	0.17	Q1	44	864	0.37
7958	Kritika Kultura	Philippines	0.17	Q1	121	2060	0.22
7959	Scrutiny2	United Kingdom	0.17	Q1	55	0	0.28
7960	Latino Studies	United Kingdom	0.17	Q2	111	1830	0.34
7961	Journal of African American Studies	United States	0.17	Q2	108	1291	0.41
7962	Journal of Muslim Minority Affairs	United Kingdom	0.17	Q2	127	0	0.62
7963	International Insolvency Review	United Kingdom	0.17	Q3	78	0	0.26
7964	Liverpool Law Review	Netherlands	0.17	Q3	54	1020	1.0
7965	Revista de Estudios Politicos	Spain	0.17	Q3	106	1352	0.36
7966	Malaysian Journal of Fundamental and Applied Sciences	Malaysia	0.17	Q4	197	1955	0.78
7967	Vestnik Tomskogo Gosudarstvennogo Universiteta, Biologiya	Russian Federation	0.17	Q4	105	294	0.49
7968	Foundations and Trends in Electronic Design Automation	United States	0.17	Q4	2	0	1.0
7969	Bahrain Medical Bulletin	Bahrain	0.17	Q4	268	2435	0.39
7970	Screen	United Kingdom	0.169	Q1	121	858	0.15
7971	Signs and Society	United States	0.169	Q1	49	1051	0.56
7972	Bajo Palabra	Spain	0.169	Q2	167	477	0.32
7973	Historia, Instituciones, Documentos	Spain	0.169	Q2	57	0	0.2
7974	Isis	United States	0.169	Q2	169	0	0.34
7975	Journal of Egyptian Archaeology	United Kingdom	0.169	Q2	61	0	0.16
7976	Pasado y Memoria	Spain	0.169	Q2	93	1442	0.19
7977	Res Rhetorica	Poland	0.169	Q2	94	786	0.2
7978	Current Drug Therapy	United Arab Emirates	0.169	Q3	114	1963	0.71
7979	Korea Observer	South Korea	0.169	Q3	73	1729	0.5
7980	Revista Numismatica Hecate	Spain	0.169	Q3	44	711	0.25
7981	Science in Context	United Kingdom	0.169	Q3	69	0	0.2
7982	Slovenska Archeologia	Slovakia	0.169	Q3	134	482	0.09
7983	Buffalo Law Review	United States	0.169	Q3	81	1583	0.28
7984	Trauma	United Kingdom	0.169	Q3	166	1993	0.35
7985	Asian Biomedicine	Thailand	0.169	Q4	138	1032	0.52
7986	National Medical Journal of India	India	0.169	Q4	318	0	0.18
7987	Scientia Medica	Brazil	0.169	Q4	114	433	0.39
7988	Modern Judaism	United States	0.168	Q2	44	576	0.26
7989	Clinical Lactation	United States	0.168	Q3	77	737	0.33
7990	Dental Hypotheses	India	0.168	Q4	85	866	0.46
7991	Chiang Mai Journal of Science	Thailand	0.168	Q4	337	5512	0.48
7992	Journal of the Chemical Society of Pakistan	Pakistan	0.168	Q4	299	2278	0.74
7993	Public Finance Quarterly	Hungary	0.168	Q4	176	2366	0.46
7994	Arquivos Brasileiros de Psicologia	Brazil	0.168	Q4	149	0	0.29
7995	American Malacological Bulletin	United States	0.168	Q4	22	184	0.47
7996	Archivos Espanoles de Urologia	Spain	0.168	Q4	453	2638	0.38
7997	Antichthon	Australia	0.167	Q1	27	779	0.05
7998	DISEGNARECON	Italy	0.167	Q1	154	0	0.29
7999	Estudios Filologicos	Chile	0.167	Q1	84	857	0.2
8000	Journal of Commonwealth Literature	United Kingdom	0.167	Q1	178	5669	0.19
8001	History Compass	United States	0.167	Q2	136	3163	0.33
8002	Terapevticheskii Arkhiv	Russian Federation	0.167	Q2	726	5689	0.66
8003	Mezinarodni Vztahy	Czech Republic	0.167	Q3	69	621	0.43
8004	Lab Animal	United Kingdom	0.167	Q4	648	963	0.34
8005	California Fish and Game	United States	0.167	Q4	41	0	0.36
8006	Giornale Italiano di Cardiologia	Italy	0.167	Q4	530	5826	0.42
8007	Tidsskrift for den Norske Laegeforening	Norway	0.167	Q4	2346	3877	0.2
8008	University of Toronto Medical Journal	Canada	0.167	Q4	130	748	0.21
8009	Mark Twain Annual	United States	0.166	Q1	34	333	0.59
8010	America Latina Hoy	Spain	0.166	Q2	65	608	0.45
8011	International Review of Mission	United States	0.166	Q2	85	0	0.06
8012	Zolotoordynskoe Obozrenie	Russian Federation	0.166	Q2	144	1609	0.14
8013	Cultural Dynamics	United Kingdom	0.166	Q2	77	792	0.57
8014	Revista Argentina de Ciencias del Comportamiento	Argentina	0.166	Q2	62	918	0.47
8015	Acta Scientiae Veterinariae	Brazil	0.166	Q4	603	1609	0.21
8016	Nuovo Cimento della Societa Italiana di Fisica C	Italy	0.166	Q4	494	3558	0.31
8017	Aevum - Rassegna di Scienze Storiche Linguistiche e Filologiche	Italy	0.165	Q1	48	0	0.17
8018	Studia Metrica et Poetica	Estonia	0.165	Q1	43	275	0.41
8019	Apuntes	Peru	0.165	Q3	44	1271	0.43
8020	International Journal of Minority and Group Rights	Netherlands	0.165	Q3	119	1567	0.48
8021	Revista de Cercetare si Interventie Sociala	Romania	0.165	Q3	253	1533	0.66
8022	Revista de Gestao Ambiental e Sustentabilidade	Brazil	0.165	Q3	64	374	0.43
8023	Polymer (Korea)	South Korea	0.165	Q4	367	642	0.34
8024	Ekonomski Pregled	Croatia	0.165	Q4	101	1562	0.65
8025	Iheringia - Serie Botanica	Brazil	0.165	Q4	54	578	0.44
8026	Medical Journal of Indonesia	Indonesia	0.165	Q4	183	841	0.5
8027	Revista Hispanoamericana de Hernia	Spain	0.165	Q4	118	664	0.16
8028	Antiquaries Journal	United Kingdom	0.164	Q1	47	1133	0.5
8029	Journal of Scandinavian Cinema	United Kingdom	0.164	Q1	81	640	0.24
8030	Parallax	United Kingdom	0.164	Q1	87	0	0.36
8031	Notes	United States	0.164	Q2	34	235	0.28
8032	Problemos	Lithuania	0.164	Q2	101	771	0.19
8033	Interciencia	Venezuela	0.164	Q3	250	2549	0.4
8034	CyberGeo	France	0.164	Q3	120	2279	0.27
8035	Politologicky Casopis	Czech Republic	0.164	Q3	48	694	0.46
8036	Revista de Investigaciones Veterinarias del Peru	Peru	0.164	Q4	620	5238	0.26
8037	Atom Indonesia	Indonesia	0.164	Q4	81	889	0.52
8038	Nutricion Clinica y Dietetica Hospitalaria	Spain	0.164	Q4	213	1651	0.51
8039	Journal of Credit Risk	United States	0.164	Q4	39	453	0.34
8040	Annales de Pathologie	France	0.164	Q4	288	1188	0.21
8041	Eirene	Czech Republic	0.163	Q1	36	1014	0.04
8042	Journal of Chinese Cinemas	United Kingdom	0.163	Q1	54	629	0.27
8043	Ab Imperio	United States	0.163	Q2	118	887	0.2
8044	Historia Constitucional	Spain	0.163	Q2	117	1433	0.15
8045	Journal of Dharma	India	0.163	Q2	91	675	0.16
8046	Studia Neophilologica	United Kingdom	0.163	Q2	77	1705	0.35
8047	Studia Theologica - Nordic Journal of Theology	United Kingdom	0.163	Q2	33	588	0.23
8048	Reviews in Anthropology	United Kingdom	0.163	Q2	23	85	0.19
8049	Indonesian Journal of Pharmacy	Indonesia	0.163	Q3	139	2379	0.64
8050	Athenea Digital	Spain	0.163	Q3	172	1263	0.42
8051	Rivista Italiana delle Sostanze Grasse	Italy	0.163	Q4	70	1091	0.4
8052	Cuadernos de Desarrollo Rural	Colombia	0.163	Q4	37	406	0.56
8053	Advances in Multimedia	Egypt	0.163	Q4	90	8880	0.9
8054	Hiroshima Mathematical Journal	Japan	0.163	Q4	53	301	0.19
8055	Muzikoloski Zbornik	Slovenia	0.162	Q2	69	648	0.07
8056	Recherches de Theologie et Philosophie Medievales	Belgium	0.162	Q2	34	148	0.36
8057	Tempo	United Kingdom	0.162	Q2	134	333	0.18
8058	Arquiteturarevista	Brazil	0.162	Q3	57	522	0.4
8059	Ljetopis Socijalnog Rada	Croatia	0.162	Q3	78	690	0.23
8060	Revista de Direito Sanitario	Brazil	0.162	Q3	75	850	0.1
8061	Cuadernos de Turismo	Spain	0.162	Q4	105	452	0.6
8062	Zoologicheskii Zhurnal	Russian Federation	0.162	Q4	187	164	0.39
8063	Cirugia y Cirujanos	Mexico	0.162	Q4	493	3578	0.45
8064	Seminars in Colon and Rectal Surgery	United Kingdom	0.162	Q4	115	1378	0.21
8065	Ge-Conservacion	Spain	0.161	Q1	167	1011	0.27
8066	Critical Arts	United Kingdom	0.161	Q2	142	1035	0.31
8067	Forma y Funcion	Colombia	0.161	Q3	48	448	0.36
8068	Revista Colombiana de Quimica	Colombia	0.161	Q4	52	263	0.79
8069	Journal of Network Theory in Finance	United Kingdom	0.161	Q4	16	0	0.0
8070	Journal of Cotton Science	United States	0.161	Q4	69	258	0.35
8071	Bangladesh Journal of Botany	Bangladesh	0.161	Q4	352	2204	0.5
8072	Sovremennye Tehnologii v Medicine	Russian Federation	0.161	Q4	228	2025	0.77
8073	Bulletin of Russian State Medical University	Russian Federation	0.161	Q4	246	2008	0.39
8074	Deutsche Medizinische Wochenschrift	Germany	0.161	Q4	1148	4480	0.3
8075	Puerto Rico Health Sciences Journal	Puerto Rico	0.161	Q4	136	0	0.42
8076	Asian Ethnology	Japan	0.16	Q1	51	659	0.38
8077	Ben Jonson Journal	United Kingdom	0.16	Q1	46	254	0.38
8078	BioScope: South Asian Screen Studies	United States	0.16	Q1	74	519	0.17
8079	Canadian Theatre Review	Canada	0.16	Q1	238	617	0.14
8080	Classical Philology	United States	0.16	Q1	112	2625	0.24
8081	Criticon	France	0.16	Q1	69	0	0.22
8082	Early American Literature	United States	0.16	Q1	91	1135	0.15
8083	Logos (Russian Federation)	Russian Federation	0.16	Q1	167	1259	0.15
8084	Cahiers du Monde Russe	France	0.16	Q2	50	1528	0.09
8085	Human Affairs	Germany	0.16	Q2	142	1150	0.47
8086	Journal of Sufi Studies	Netherlands	0.16	Q2	25	319	0.44
8087	Historisk Tidsskrift	Norway	0.16	Q3	70	912	0.15
8088	Momento	Colombia	0.16	Q3	43	345	0.78
8089	Uniform Law Review	United States	0.16	Q3	88	1476	0.14
8090	University of Illinois Law Review	United States	0.16	Q3	107	3979	0.6
8091	Pferdeheilkunde	Germany	0.16	Q4	144	1050	0.24
8092	Manuelle Medizin	Germany	0.16	Q4	155	977	0.2
8093	Progress in Reaction Kinetics and Mechanism	United Kingdom	0.16	Q4	56	208	0.53
8094	Cuaternario y Geomorfologia	Spain	0.16	Q4	41	1235	0.5
8095	Psicoterapia e Scienze Umane	Italy	0.16	Q4	132	853	0.1
8096	Agrociencia	Mexico	0.16	Q4	216	1596	0.25
8097	Tropical Agriculture	Trinidad and Tobago	0.16	Q4	73	1250	0.42
8098	Gaceta Medica de Mexico	Mexico	0.16	Q4	580	1947	0.45
8099	South African Journal of Surgery	South Africa	0.16	Q4	202	1193	0.33
8100	Atlantis	Spain	0.159	Q1	68	1050	0.49
8101	European Romantic Review	United Kingdom	0.159	Q1	114	1835	0.1
8102	Nineteenth-Century Literature	United States	0.159	Q1	50	486	0.18
8103	Cultura de los Cuidados	Spain	0.159	Q2	254	1685	0.19
8104	Derrida Today	United Kingdom	0.159	Q2	50	204	0.39
8105	Enrahonar	Spain	0.159	Q2	59	811	0.18
8106	Estudos Ibero-Americanos	Brazil	0.159	Q2	156	1156	0.19
8107	Futuro del Pasado	Spain	0.159	Q2	71	59	0.18
8108	Philosophia (Philippines)	Philippines	0.159	Q2	76	586	0.16
8109	Revista de Filosofia: Aurora	Brazil	0.159	Q2	161	1031	0.05
8110	Studia Phaenomenologica	Romania	0.159	Q2	50	719	0.3
8111	Cuadernos de Economia (Colombia)	Colombia	0.159	Q3	117	678	0.28
8112	Inner Asia	Netherlands	0.159	Q3	38	636	0.33
8113	American Journal of Comparative Law	United States	0.159	Q3	51	0	0.72
8114	Studii de Lingvistica	Romania	0.159	Q3	36	696	0.0
8115	Tilburg Law Review	Netherlands	0.159	Q3	21	0	1.38
8116	Zeitschrift fur Dialektologie und Linguistik	Germany	0.159	Q3	42	210	0.22
8117	Ledger	United States	0.159	Q4	16	67	1.0
8118	Jordan Journal of Physics	Jordan	0.159	Q4	100	1751	0.68
8119	Psychiatria i Psychologia Kliniczna	Poland	0.159	Q4	111	919	0.36
8120	Direccion y Organizacion	Spain	0.159	Q4	80	796	0.37
8121	Revista Colombiana de Entomologia	Colombia	0.159	Q4	73	1189	0.35
8122	Generations	United States	0.159	Q4	190	298	0.23
8123	B-ENT	Belgium	0.159	Q4	102	1291	0.27
8124	Current Trauma Reports	Switzerland	0.159	Q4	68	1462	0.78
8125	SAJCH South African Journal of Child Health	South Africa	0.159	Q4	122	1184	0.33
8126	Sibirskii Filologicheskii Zhurnal	Russian Federation	0.158	Q1	292	1972	0.06
8127	Jewish Social Studies	United States	0.158	Q2	55	1348	0.22
8128	Journal of Egyptian History	Netherlands	0.158	Q2	29	397	0.58
8129	Metodicki Ogledi	Croatia	0.158	Q2	61	429	0.29
8130	Studies in World Christianity	United Kingdom	0.158	Q2	58	710	0.46
8131	Vestnik Pravoslavnogo Sviato-Tikhonovskogo Gumanitarnogo Universiteta, Seria I. Bogoslovie, Filosofia, Religiovedenie	Russian Federation	0.158	Q2	119	976	0.11
8132	Indogermanische Forschungen	Germany	0.158	Q3	44	1039	0.26
8133	NOWELE	Denmark	0.158	Q3	38	556	0.22
8134	Journal of Osseointegration	Italy	0.158	Q4	104	1180	0.34
8135	Chemicke Listy	Czech Republic	0.158	Q4	324	3431	0.47
8136	Dyna (Spain)	Spain	0.158	Q4	303	2405	0.49
8137	Rusin	Moldova	0.157	Q1	191	2196	0.27
8138	Journal of Modern European History	Germany	0.157	Q2	117	0	0.53
8139	Photography and Culture	United Kingdom	0.157	Q2	95	802	0.19
8140	Chinese Journal of Chromatography (Se Pu)	China	0.157	Q4	519	2854	0.51
8141	American Review of Canadian Studies	United Kingdom	0.157	Q4	101	1451	0.32
8142	Moscow University Physics Bulletin (English Translation of Vestnik Moskovskogo Universiteta, Fizika)	United States	0.157	Q4	273	3479	0.42
8143	Medecine/Sciences	France	0.157	Q4	791	4320	0.38
8144	Israel Journal of Psychiatry and Related Sciences	Israel	0.157	Q4	61	424	0.44
8145	Laryngo- Rhino- Otologie	Germany	0.157	Q4	662	5217	0.29
8146	Iberoromania	Germany	0.156	Q1	49	521	0.06
8147	Tirant	Spain	0.156	Q1	53	809	0.14
8148	Archiv fur Papyrusforschung und Verwandte Gebiete	Germany	0.156	Q2	60	408	0.12
8149	Avances del Cesor	Argentina	0.156	Q2	52	563	0.15
8150	Anthropological Journal of European Cultures	United States	0.156	Q2	62	535	0.53
8151	Canadian journal of women and the law = Revue juridique La femme et le droit	Canada	0.156	Q3	40	410	0.32
8152	Criminal Law Forum	Netherlands	0.156	Q3	46	164	0.27
8153	Science and Innovation	Ukraine	0.156	Q3	167	1446	0.43
8154	Sociologisk Forskning	Sweden	0.156	Q3	84	851	0.29
8155	Postepy Psychiatrii i Neurologii	Poland	0.156	Q4	91	543	0.4
8156	Ekonomicky Casopis	Slovakia	0.156	Q4	153	1518	0.41
8157	Fujitsu Scientific and Technical Journal	Japan	0.156	Q4	66	0	0.07
8158	Revista Fitotecnia Mexicana	Mexico	0.156	Q4	220	1818	0.24
8159	Diabetologie und Stoffwechsel	Germany	0.156	Q4	671	2295	0.17
8160	Journal of Surgical Case Reports	United Kingdom	0.156	Q4	90	0	0.5
8161	Seminars in Roentgenology	United Kingdom	0.156	Q4	124	2015	0.25
8162	Farmatsiya i Farmakologiya	Russian Federation	0.155	Q2	118	1555	0.64
8163	Journal of Southern History	United States	0.155	Q2	42	1017	0.21
8164	South Asian History and Culture	United Kingdom	0.155	Q2	82	2402	0.52
8165	Journal of the National Science Foundation of Sri Lanka	Sri Lanka	0.155	Q3	130	3278	0.63
8166	Acta Poloniae Pharmaceutica	Poland	0.155	Q3	312	2205	0.41
8167	Canadian Foreign Policy Journal	United Kingdom	0.155	Q3	76	987	0.36
8168	Revista de Estudios Internacionales Mediterraneos	Spain	0.155	Q3	69	1208	0.15
8169	Acta Cybernetica	Hungary	0.155	Q4	76	206	0.32
8170	Current Traditional Medicine	Netherlands	0.155	Q4	108	4684	0.68
8171	Chemija	Lithuania	0.155	Q4	73	693	0.58
8172	Transactions of the Korean Society of Mechanical Engineers, B	South Korea	0.155	Q4	244	1809	0.21
8173	Al-Qantara	Spain	0.154	Q1	50	1023	0.21
8174	Dix-Neuf	United Kingdom	0.154	Q1	61	654	0.08
8175	Zeitschrift fur Agyptische Sprache und Altertumskunde	Germany	0.154	Q1	53	1272	0.06
8176	Grey Room	United States	0.154	Q2	56	389	0.21
8177	Global Trade and Customs Journal	Netherlands	0.154	Q3	208	3187	0.15
8178	Lingue e Linguaggio	Italy	0.154	Q3	32	733	0.15
8179	Per Linguam	South Africa	0.154	Q3	27	651	0.33
8180	Journal of Diagnostic Medical Sonography	United States	0.154	Q4	228	1947	0.35
8181	Annual Review of CyberTherapy and Telemedicine	Belgium	0.154	Q4	98	337	0.42
8182	Zeitschrift fur Neuropsychologie	Switzerland	0.154	Q4	72	620	0.33
8183	Revue Roumaine de Chimie	Romania	0.154	Q4	394	1494	0.42
8184	Propagation of Ornamental Plants	Bulgaria	0.154	Q4	48	0	0.31
8185	Holocaust and Genocide Studies	United Kingdom	0.153	Q2	46	946	0.19
8186	Journal of Curatorial Studies	United Kingdom	0.153	Q2	37	399	0.3
8187	Journal of Popular Film and Television	United States	0.153	Q2	67	411	0.16
8188	Labor: Studies in Working-Class History	United States	0.153	Q2	115	860	0.1
8189	Rivista di Estetica	Italy	0.153	Q2	89	0	0.28
8190	Zeitschrift fur die Alttestamentliche Wissenschaft	Germany	0.153	Q2	91	696	0.19
8191	Eighteenth-Century Studies	United States	0.153	Q2	88	1674	0.27
8192	Yakugaku Zasshi	Japan	0.153	Q3	590	3970	0.33
8193	Journal of Policy History	United Kingdom	0.153	Q3	52	1893	0.09
8194	RLA	Chile	0.153	Q3	44	487	0.33
8195	Agri Dergisi	Turkey	0.153	Q3	132	0	0.51
8196	Journal of Hard Tissue Biology	Japan	0.153	Q4	144	1031	0.37
8197	Buffalo Bulletin	Thailand	0.153	Q4	230	1884	0.28
8198	Orbital	Brazil	0.153	Q4	158	1400	0.64
8199	Acta Turistica	Croatia	0.153	Q4	24	394	0.6
8200	Journal of Korea Trade	United Kingdom	0.153	Q4	160	0	0.48
8201	Revista Geografica Venezolana	Venezuela	0.153	Q4	102	1084	0.16
8202	Zeitschrift fur Padagogik	Germany	0.153	Q4	52	0	0.4
8203	Analisis Filosofico	Argentina	0.152	Q2	53	409	0.25
8204	Architectural Histories	United Kingdom	0.152	Q2	66	753	0.34
8205	Disputatio	Portugal	0.152	Q2	55	362	0.17
8206	Journal of Interdisciplinary History	United States	0.152	Q2	53	13	0.34
8207	Rivista Internazionale di Filosofia e Psicologia	Italy	0.152	Q2	71	962	0.29
8208	Actes de la Recherche en Sciences Sociales	France	0.152	Q3	45	423	0.29
8209	Revista de Antropologia Social	Spain	0.152	Q3	71	808	0.18
8210	Taiwan Journal of TESOL	Taiwan	0.152	Q3	27	482	0.45
8211	Kardiologe	Germany	0.152	Q4	206	539	0.42
8212	Canadian Slavonic Papers	United Kingdom	0.151	Q1	78	1255	0.3
8213	Castilla Estudios de Literatura	Spain	0.151	Q1	58	1047	0.04
8214	Anuario Colombiano de Historia Social y de la Cultura	Colombia	0.151	Q2	92	914	0.24
8215	Black Theology	United Kingdom	0.151	Q2	54	726	0.16
8216	Classical Receptions Journal	United Kingdom	0.151	Q2	76	1012	0.08
8217	Journal of Pentecostal Theology	Netherlands	0.151	Q2	58	778	0.1
8218	Sudosteuropa	Germany	0.151	Q2	48	0	0.85
8219	Asia Pacific Law Review	United Kingdom	0.151	Q3	53	0	0.31
8220	International Journal of the Legal Profession	United Kingdom	0.151	Q3	60	950	0.23
8221	Suvremena Lingvistika	Croatia	0.151	Q3	43	444	0.19
8222	Orthodontic Waves	United Kingdom	0.151	Q4	73	73	0.67
8223	Revista Virtual de Quimica	Brazil	0.151	Q4	382	5366	0.52
8224	Ricerche di Psicologia	Italy	0.151	Q4	141	890	0.2
8225	Vie et Milieu	France	0.151	Q4	12	0	1.0
8226	Revista Internacional de Metodos Numericos para Calculo y Diseno en Ingenieria	Spain	0.151	Q4	128	1266	0.36
8227	HIV and AIDS Review	Poland	0.151	Q4	137	1518	0.26
8228	Trauma Monthly	Iran	0.151	Q4	141	1567	0.51
8229	Estudios Romanicos	Spain	0.15	Q1	75	800	0.22
8230	Etudes Romanes de Brno	Czech Republic	0.15	Q1	132	1063	0.13
8231	Biblical Theology Bulletin	United States	0.15	Q2	67	751	0.13
8232	Book History	United States	0.15	Q2	41	780	0.24
8233	Israel Exploration Journal	Israel	0.15	Q2	34	295	0.35
8234	Journal of Chinese Overseas	Netherlands	0.15	Q2	40	820	0.48
8235	Journal of the History of Collections	United Kingdom	0.15	Q2	105	2467	0.2
8236	Nordisk Judaistik	Finland	0.15	Q2	44	272	0.09
8237	Arab Law Quarterly	Netherlands	0.15	Q3	100	758	0.15
8238	Geopolitica(s)	Spain	0.15	Q3	78	991	0.34
8239	Word	United States	0.15	Q3	53	590	0.65
8240	Revista MVZ Cordoba	Colombia	0.15	Q4	139	2120	0.38
8241	MHSalud	Costa Rica	0.15	Q4	41	959	0.39
8242	Staps	Belgium	0.15	Q4	86	678	0.32
8243	Boletin Geologico y Minero	Spain	0.15	Q4	120	1285	0.32
8244	Suchttherapie	Germany	0.15	Q4	109	610	0.14
8245	Anales del Sistema Sanitario de Navarra	Spain	0.15	Q4	163	1257	0.65
8246	Nefrologia	Spain	0.15	Q4	18	0	1.0
8247	Acta Orientalia	Hungary	0.149	Q1	77	1852	0.16
8248	Children's Literature Association Quarterly	United States	0.149	Q1	65	362	0.19
8249	Journal of Screenwriting	United Kingdom	0.149	Q1	65	782	0.13
8250	Camera Obscura	United States	0.149	Q2	80	569	0.26
8251	History of Political Thought	United Kingdom	0.149	Q2	75	349	0.26
8252	Home Cultures	United Kingdom	0.149	Q2	22	958	0.58
8253	Modern Theology	United Kingdom	0.149	Q2	158	0	0.35
8254	Olba	Turkey	0.149	Q3	21	0	0.0
8255	Peace Review	United Kingdom	0.149	Q3	176	1894	0.16
8256	Revista Criminalidad	Colombia	0.149	Q3	95	1345	0.25
8257	Yearbook of Phraseology	Germany	0.149	Q3	26	337	0.71
8258	Neuropsychological Trends	Italy	0.149	Q4	32	370	0.6
8259	Geoingegneria Ambientale e Mineraria	Italy	0.149	Q4	58	203	0.48
8260	Gayana - Botanica	Chile	0.149	Q4	63	311	0.26
8261	Ars Combinatoria	Canada	0.149	Q4	208	0	0.16
8262	Revista Latinoamericana de Investigacion en Matematica Educativa	Mexico	0.149	Q4	45	142	0.3
8263	Journal of the Korean Medical Association	South Korea	0.149	Q4	293	3107	0.26
8264	SARE	Malaysia	0.148	Q1	84	444	0.11
8265	Welt der Slaven-Halbjahresschrift fur Slavistik	Germany	0.148	Q1	49	751	0.28
8266	Dress	United Kingdom	0.148	Q2	55	0	0.16
8267	Etnoloska Tribina	Croatia	0.148	Q2	31	612	0.18
8268	Dynamis	Spain	0.148	Q3	72	532	0.11
8269	Boletin de la Real Academia Espanola	Spain	0.148	Q3	42	0	0.11
8270	European Journal of Health Law	Netherlands	0.148	Q3	100	1455	0.5
8271	Giornale Italiano di Endodonzia	Italy	0.148	Q4	86	1134	0.42
8272	MolBank	Switzerland	0.148	Q4	265	5050	0.56
8273	Nautilus	United States	0.148	Q4	50	110	0.05
8274	Cold War History	United Kingdom	0.147	Q2	84	0	0.28
8275	Feminist Media Histories	United States	0.147	Q2	97	1280	0.34
8276	Isegoria	Spain	0.147	Q2	108	1779	0.25
8277	Kurdish Studies	United Kingdom	0.147	Q2	39	83	0.87
8278	IC Revista Cientifica de Informacion y Comunicacion	Spain	0.147	Q2	52	1317	0.22
8279	Southern Cultures	United States	0.147	Q2	154	858	0.16
8280	Digithum	Spain	0.147	Q3	60	0	0.32
8281	Fachsprache	Austria	0.147	Q3	33	463	0.28
8282	Geoadria	Croatia	0.147	Q4	23	339	0.41
8283	Bulletin of Siberian Medicine	Russian Federation	0.147	Q4	322	2497	0.3
8284	Current Cancer Therapy Reviews	United Arab Emirates	0.147	Q4	88	1901	0.54
8285	Medecine et Sante Tropicales	France	0.147	Q4	102	0	0.0
8286	Australian Feminist Law Journal	Australia	0.146	Q1	52	0	0.29
8287	Scandinavian Studies	United States	0.146	Q1	73	1077	0.27
8288	Ayer	Spain	0.146	Q2	134	537	0.17
8289	Critical Studies in Men's Fashion	United Kingdom	0.146	Q2	41	633	0.13
8290	Espacio, Tiempo y Forma, Serie III: Historia Medieval	Spain	0.146	Q2	49	1260	0.19
8291	Greece and Rome	United Kingdom	0.146	Q2	56	622	0.15
8292	Journal of Contemporary Chinese Art	United Kingdom	0.146	Q2	61	679	0.3
8293	Journal of the History of Medicine and Allied Sciences	United Kingdom	0.146	Q2	55	1566	0.38
8294	Seventeenth Century	United Kingdom	0.146	Q2	109	2713	0.16
8295	Fashion, Style and Popular Culture	United Kingdom	0.146	Q2	79	1439	0.2
8296	Library	United Kingdom	0.146	Q3	56	205	0.12
8297	Communitas	South Africa	0.146	Q3	36	377	0.25
8298	Veterinaria Mexico	Mexico	0.146	Q4	23	0	0.5
8299	Revista Mexicana de Psicologia	Mexico	0.146	Q4	26	0	0.5
8300	European Journal of Anatomy	Spain	0.146	Q4	221	2303	0.27
8301	AJS Review	United Kingdom	0.145	Q1	52	829	0.31
8302	College Literature	United States	0.145	Q1	104	1081	0.28
8303	AlBayan	Netherlands	0.145	Q2	27	780	0.32
8304	Berichte zur Wissenschaftsgeschichte	Germany	0.145	Q2	74	2130	0.58
8305	Central European History	United Kingdom	0.145	Q2	79	1458	0.32
8306	Fascism	Netherlands	0.145	Q2	41	1002	0.19
8307	International Journal of the Classical Tradition	Netherlands	0.145	Q2	71	0	0.33
8308	Mouvement Social	France	0.145	Q2	99	2353	0.03
8309	Philosophical Forum	United States	0.145	Q2	75	685	0.27
8310	Revista Brasileira de Historia	Brazil	0.145	Q2	126	2417	0.22
8311	Trends in Classics	Germany	0.145	Q2	47	943	0.25
8312	Changing Societies and Personalities	Russian Federation	0.145	Q2	82	1579	0.37
8313	Ceskoslovenska Psychologie	Czech Republic	0.145	Q3	130	2165	0.35
8314	Logique et Analyse	Belgium	0.145	Q3	35	0	0.26
8315	Deutsche Lebensmittel-Rundschau	Germany	0.145	Q3	907	467	0.03
8316	Libres	Australia	0.145	Q3	21	285	0.47
8317	Vlaams Diergeneeskundig Tijdschrift	Belgium	0.145	Q4	146	705	0.18
8318	Ernahrungs Umschau	Germany	0.145	Q4	362	1481	0.11
8319	Psychologie Francaise	France	0.145	Q4	85	2775	0.47
8320	Wasserwirtschaft	Germany	0.145	Q4	406	763	0.1
8321	Transactions of A. Razmadze Mathematical Institute	Georgia	0.145	Q4	142	921	0.19
8322	Dissent	United States	0.145	Q4	225	0	0.17
8323	Klimik Dergisi	Turkey	0.145	Q4	190	1076	0.29
8324	Cadernos de Traducao	Brazil	0.144	Q1	246	1347	0.08
8325	Wordsworth Circle	United States	0.144	Q1	79	867	0.04
8326	Aries	Netherlands	0.144	Q2	40	517	0.16
8327	Bogoslovska Smotra	Croatia	0.144	Q2	134	0	0.06
8328	Die Welt des Islams	Netherlands	0.144	Q2	52	1279	0.29
8329	Film History: An International Journal	United States	0.144	Q2	75	666	0.27
8330	Harvard Theological Review	United Kingdom	0.144	Q2	76	788	0.28
8331	Music, Sound and the Moving Image	United Kingdom	0.144	Q2	26	202	0.2
8332	Palaeohispanica	Spain	0.144	Q2	58	0	0.18
8333	Pneuma	Netherlands	0.144	Q2	86	830	0.2
8334	Teologia y Vida	Chile	0.144	Q2	64	638	0.29
8335	International Journal of Humanities and Arts Computing	United Kingdom	0.144	Q3	42	377	0.48
8336	Restaurator	Germany	0.144	Q3	45	413	0.54
8337	Anuario Calderoniano	Spain	0.143	Q2	50	926	0.14
8338	Fluminensia	Croatia	0.143	Q2	72	326	0.11
8339	History	United States	0.143	Q2	91	0	0.47
8340	Journal of Church and State	United States	0.143	Q2	75	615	0.25
8341	Journal of the Society for American Music	United Kingdom	0.143	Q2	62	908	0.33
8342	Mariner's Mirror	United Kingdom	0.143	Q2	108	817	0.15
8343	Studies in the Novel	United States	0.143	Q2	82	443	0.26
8344	Zeitschrift fur Slawistik	Germany	0.143	Q2	78	1269	0.29
8345	Arbor	Spain	0.143	Q2	130	1753	0.33
8346	International Journal of Asia-Pacific Studies	Malaysia	0.143	Q2	38	1395	0.36
8347	Journal of Mediterranean Studies	Malta	0.143	Q2	30	0	0.17
8348	Diametros	Poland	0.143	Q3	64	556	0.26
8349	Onati Socio-Legal Series	Spain	0.143	Q3	141	4421	0.38
8350	Virologie	France	0.143	Q4	130	1730	0.44
8351	Gedrag en Organisatie	Netherlands	0.143	Q4	51	1212	0.36
8352	Zhurnal Obshchei Biologii	Russian Federation	0.143	Q4	50	0	0.56
8353	Informacao e Sociedade	Brazil	0.143	Q4	141	0	0.2
8354	Minerva Ortopedica e Traumatologica	Italy	0.143	Q4	74	0	0.36
8355	Ariel	United States	0.142	Q2	64	781	0.3
8356	Culture and History Digital Journal	Spain	0.142	Q2	64	1494	0.32
8357	European History Quarterly	United Kingdom	0.142	Q2	70	0	0.24
8358	Italian Culture	United Kingdom	0.142	Q2	43	537	0.07
8359	Journal of the History of International Law	Netherlands	0.142	Q2	65	1208	0.26
8360	Logos (Netherlands)	Netherlands	0.142	Q2	61	264	0.15
8361	Minnesota Review	United States	0.142	Q2	67	156	0.2
8362	Primerjalna Knjizevnost	Slovenia	0.142	Q2	110	860	0.04
8363	Scandia	Sweden	0.142	Q2	37	480	0.11
8364	Science Fiction Film and Television	United Kingdom	0.142	Q2	57	160	0.21
8365	Trames	Estonia	0.142	Q3	80	1088	0.29
8366	Transactions of the Charles S Peirce Society	United States	0.142	Q3	70	461	0.36
8367	Wisconsin Law Review	United States	0.142	Q3	37	0	0.0
8368	Writing and Pedagogy	United Kingdom	0.142	Q3	46	462	0.24
8369	Point of Care	United States	0.142	Q4	35	0	0.78
8370	Croatica Chemica Acta	Croatia	0.142	Q4	157	44	0.14
8371	Anales de la Asociacion Fisica Argentina	Argentina	0.142	Q4	56	627	0.44
8372	Journal of the American Pomological Society	United States	0.142	Q4	9	0	1.0
8373	Papeles de Poblacion	Mexico	0.142	Q4	123	650	0.17
8374	Monatsschrift fur Kinderheilkunde	Germany	0.142	Q4	587	3800	0.25
8375	Acta Theologica	South Africa	0.141	Q2	150	1241	0.16
8376	Adalya	Turkey	0.141	Q2	19	826	0.16
8377	Documenti Geografici	Italy	0.141	Q2	126	583	0.19
8378	Immigrants and Minorities	United Kingdom	0.141	Q2	32	642	0.13
8379	Sub-Stance	United States	0.141	Q2	78	761	0.13
8380	War & society	United Kingdom	0.141	Q2	60	0	0.39
8381	E-Journal of International and Comparative Labour Studies	Italy	0.141	Q3	50	0	0.22
8382	Harvard Journal of Legislation	United States	0.141	Q3	35	0	0.5
8383	Mandenkan	France	0.141	Q3	13	243	0.44
8384	Studia Universitatis Babes-Bolyai Chemia	Romania	0.141	Q4	275	2062	0.33
8385	Vestnik Tomskogo Gosudarstvennogo Universiteta - Upravlenie, Vychislitel'naya Tekhnika i Informatika	Russian Federation	0.141	Q4	157	292	0.09
8386	Rivista di Matematica della Universita di Parma	Italy	0.141	Q4	22	0	0.56
8387	Journal of the Chinese Society of Mechanical Engineers, Transactions of the Chinese Institute of Engineers, Series C/Chung-Kuo Chi Hsueh Kung Ch'eng Hsuebo Pao	Taiwan	0.141	Q4	224	1243	0.29
8388	Formosan Journal of Surgery	India	0.141	Q4	138	862	0.31
8389	Italian Journal of Medicine	Italy	0.141	Q4	132	388	0.46
8390	Atalanta	Spain	0.14	Q2	61	0	0.08
8391	Black Camera	Russian Federation	0.14	Q2	206	1001	0.16
8392	Cross-Currents	United States	0.14	Q2	38	0	0.36
8393	History and Memory	United States	0.14	Q2	39	494	0.67
8394	Journal of Ancient History and Archaeology	Romania	0.14	Q2	143	2872	0.23
8395	Prose Studies	United Kingdom	0.14	Q2	30	0	0.23
8396	Iran	United Kingdom	0.14	Q2	77	1461	0.43
8397	Law, Culture and the Humanities	United Kingdom	0.14	Q2	167	138	0.27
8398	Pluralist	United States	0.14	Q3	74	584	0.15
8399	Deutsche Sprache	Germany	0.14	Q3	66	554	0.17
8400	Melbourne University Law Review	Australia	0.14	Q3	33	0	0.0
8401	Queen Mary Journal of Intellectual Property	United Kingdom	0.14	Q3	83	196	0.35
8402	International Journal of Information Technologies and Systems Approach	United States	0.14	Q4	36	536	0.72
8403	Tidsskrift for Samfunnsforskning	Norway	0.14	Q4	98	760	0.33
8404	Anasthesiologie, Intensivmedizin, Notfallmedizin, Schmerztherapie : AINS	Germany	0.14	Q4	325	1436	0.17
8405	Indian Journal of Otology	India	0.14	Q4	166	1281	0.2
8406	Turk Geriatri Dergisi	Turkey	0.14	Q4	196	1682	0.29
8407	American Jewish History	United States	0.139	Q2	89	413	0.23
8408	Bulletin of the American Society of Papyrologists	United States	0.139	Q2	76	0	0.13
8409	Festival dell'Architettura Magazine	Italy	0.139	Q2	169	386	0.05
8410	Grotiana	Netherlands	0.139	Q2	45	791	0.19
8411	Moenia	Spain	0.139	Q2	64	326	0.03
8412	Opus	Brazil	0.139	Q2	141	595	0.1
8413	Prospettiva	Italy	0.139	Q2	40	1808	0.19
8414	Science-Fiction Studies	United States	0.139	Q2	86	956	0.09
8415	Metode	Spain	0.139	Q3	86	408	0.29
8416	Dialectologia	Spain	0.139	Q3	77	645	0.14
8417	South African Statistical Journal	South Africa	0.139	Q4	34	156	0.25
8418	Ekonomia i Srodowisko	Poland	0.139	Q4	127	1987	0.42
8419	Mathematical Gazette	United Kingdom	0.139	Q4	247	380	0.12
8420	Aktuelle Urologie	Germany	0.139	Q4	404	1313	0.15
8421	Journal of Child Science	Germany	0.139	Q4	117	1013	0.29
8422	Dickens Quarterly	United States	0.138	Q2	65	936	0.11
8423	Extrapolation	United States	0.138	Q2	23	349	0.7
8424	International Journal of African Renaissance Studies	United Kingdom	0.138	Q2	54	1279	0.29
8425	Journal of Conflict Archaeology	United Kingdom	0.138	Q2	35	503	0.23
8426	Journal of Modern Turkish History	Turkey	0.138	Q2	90	1635	0.07
8427	Journal of the Early Republic	United States	0.138	Q2	78	994	0.19
8428	Journal of Tourism History	United Kingdom	0.138	Q2	43	0	0.23
8429	Safundi	United Kingdom	0.138	Q2	102	101	0.34
8430	Steinbeck Review	United States	0.138	Q2	48	324	0.09
8431	Cuadernos Electronicos de Filosofia del Derecho	Spain	0.138	Q3	69	550	0.13
8432	Dutch Crossing	United Kingdom	0.138	Q3	59	592	0.27
8433	Logos (Spain)	Spain	0.138	Q3	57	626	0.21
8434	Law Teacher	United Kingdom	0.138	Q3	121	72	0.54
8435	Zeitschrift fur Bibliothekswesen und Bibliographie	Germany	0.138	Q4	101	609	0.07
8436	Oncologie	France	0.138	Q4	83	3089	0.79
8437	Senior care pharmacist, The	United States	0.138	Q4	29	0	0.0
8438	UHOD - Uluslararasi Hematoloji-Onkoloji Dergisi	Turkey	0.138	Q4	92	871	0.48
8439	Acta Classica	South Africa	0.137	Q2	42	735	0.14
8440	Contemporary Buddhism	United Kingdom	0.137	Q2	54	44	0.28
8441	Itinerario	United Kingdom	0.137	Q2	71	1627	0.4
8442	Journal of Vietnamese Studies	United States	0.137	Q2	61	458	0.14
8443	Revista de Filologia Espanola	Spain	0.137	Q2	50	1107	0.24
8444	Avant	Poland	0.137	Q3	134	461	0.1
8445	Chinese Journal of International Law	United Kingdom	0.137	Q3	94	795	0.33
8446	Linguamatica	Portugal	0.137	Q3	36	373	0.61
8447	McGill Journal of Law and Health	Canada	0.137	Q3	19	0	0.25
8448	Revista Latinoamericana de Derecho Social	Mexico	0.137	Q3	54	753	0.19
8449	Aktuelle Ernahrungsmedizin Klinik und Praxis	Germany	0.137	Q4	309	739	0.07
8450	Agrochimica	Italy	0.137	Q4	91	214	0.54
8451	Ornitologia Neotropical	United States	0.137	Q4	68	0	0.33
8452	Territorios	Colombia	0.137	Q4	88	785	0.12
8453	Al-'Arabiyya	United States	0.136	Q2	23	0	0.06
8454	Al-Shajarah	Malaysia	0.136	Q2	55	0	0.17
8455	Asian Review of World Histories	Netherlands	0.136	Q2	37	415	0.12
8456	Comparative Literature Studies	United States	0.136	Q2	89	2024	0.35
8457	Iran and the Caucasus	Netherlands	0.136	Q2	85	954	0.35
8458	Journal of Film and Video	United States	0.136	Q2	49	298	0.12
8459	Journal of Jesuit Studies	Netherlands	0.136	Q2	84	1063	0.13
8460	Louvain Studies	Belgium	0.136	Q2	46	178	0.15
8461	Revista de Historiografia	Spain	0.136	Q2	101	1901	0.14
8462	RUDN Journal of Russian History	Russian Federation	0.136	Q2	144	914	0.19
8463	Daimon	Spain	0.136	Q3	126	1441	0.18
8464	Journal of Nietzsche Studies	United States	0.136	Q3	51	303	0.18
8465	Osiris	United States	0.136	Q3	50	0	0.42
8466	University of Toronto Quarterly	Canada	0.136	Q3	78	1240	0.51
8467	Israel Law Review	United Kingdom	0.136	Q3	51	594	0.19
8468	Revista de Derecho Comunitario Europeo	Spain	0.136	Q3	77	673	0.27
8469	Zeitschrift fur Germanistische Linguistik	Germany	0.136	Q3	71	993	0.19
8470	Periodicum Biologorum	Croatia	0.136	Q4	32	307	0.31
8471	Archivio Storico Italiano	Italy	0.135	Q2	50	0	0.09
8472	Biblische Zeitschrift	Germany	0.135	Q2	58	382	0.04
8473	Ecclesiology	Netherlands	0.135	Q2	52	419	0.21
8474	Esprit Createur	United States	0.135	Q2	131	1398	0.15
8475	History of Photography	United Kingdom	0.135	Q2	66	0	0.11
8476	Ilha do Desterro	Brazil	0.135	Q2	171	1050	0.15
8477	Journal of Modern Literature	United States	0.135	Q2	133	1229	0.14
8478	Lion and the Unicorn	United States	0.135	Q2	67	421	0.07
8479	MFS - Modern Fiction Studies	United States	0.135	Q2	80	1098	0.33
8480	Osmanli Arastirmalari - Journal of Ottoman Studies	Turkey	0.135	Q2	50	1082	0.12
8481	Revista de Historia Industrial	Spain	0.135	Q2	47	1058	0.26
8482	Third Text	United Kingdom	0.135	Q2	123	0	0.16
8483	Victorian Periodicals Review	United States	0.135	Q2	86	455	0.12
8484	Journal of Medieval and Early Modern Studies	United States	0.135	Q3	78	1320	0.17
8485	Derecho PUCP	Peru	0.135	Q3	102	1240	0.18
8486	University of Toronto Law Journal	Canada	0.135	Q3	97	418	0.3
8487	Zeitschrift fur Ethnologie	Germany	0.135	Q3	39	0	0.4
8488	Uchenye Zapiski Kazanskogo Universiteta. Seriya Estestvennye Nauki	Russian Federation	0.135	Q4	124	1083	0.34
8489	Organizatsionnaya Psikhologiya	Russian Federation	0.135	Q4	102	2971	0.24
8490	Eco.mont	Austria	0.135	Q4	73	455	0.42
8491	Internasjonal Politikk	Norway	0.135	Q4	82	697	0.16
8492	Journal of Popular Television	United Kingdom	0.135	Q4	69	654	0.2
8493	Indian Journal of Surgery	India	0.135	Q4	1079	11905	0.28
8494	Insuficiencia Cardiaca	Argentina	0.135	Q4	54	477	0.29
8495	Klinische Neurophysiologie	Germany	0.135	Q4	140	813	0.15
8496	Pediatria i Medycyna Rodzinna	Poland	0.135	Q4	217	1055	0.33
8497	Postepy Higieny i Medycyny Doswiadczalnej	Poland	0.135	Q4	254	2511	0.3
8498	Aisthesis (Italy)	Italy	0.134	Q2	90	621	0.11
8499	Anclajes	Argentina	0.134	Q2	96	692	0.09
8500	Cahiers des Etudes Anciennes	Canada	0.134	Q2	22	0	0.33
8501	Late Imperial China	United States	0.134	Q2	32	353	0.32
8502	Novoe Literaturnoe Obozrenie	Russian Federation	0.134	Q2	172	2950	0.06
8503	Palaeobulgarica	Bulgaria	0.134	Q2	72	1000	0.19
8504	Quaderni Urbinati di Cultura Classica	Italy	0.134	Q2	96	568	0.07
8505	Studi Storici	Italy	0.134	Q2	122	2909	0.2
8506	VLC Arquitectura	Spain	0.134	Q2	42	699	0.1
8507	Nuncius / Istituto e museo di storia della scienza	Netherlands	0.134	Q3	84	361	0.25
8508	Hidrobiologica	Mexico	0.134	Q4	73	817	0.23
8509	Gorteria: Tijdschrift voor Onderzoek aan de Wilde Flora	Netherlands	0.134	Q4	9	0	0.5
8510	Acta Scientiarum - Health Sciences	Brazil	0.134	Q4	90	946	0.22
8511	Archivos de Cardiologia de Mexico	Mexico	0.134	Q4	368	2683	0.26
8512	Paediatrica Indonesiana	Indonesia	0.134	Q4	165	1538	0.24
8513	Revista Latinoamericana de Hipertension	Venezuela	0.134	Q4	242	2699	0.23
8514	Turk Onkoloji Dergisi	Turkey	0.134	Q4	239	2261	0.3
8515	Al-Masaq: Islam and the Medieval Mediterranean	United Kingdom	0.133	Q2	52	0	0.26
8516	Arenal	Spain	0.133	Q2	79	1147	0.11
8517	Contemporary Literature	United States	0.133	Q2	44	426	0.11
8518	HiSTOReLo	Colombia	0.133	Q2	72	912	0.13
8519	Historia Mexicana	Mexico	0.133	Q2	123	1200	0.23
8520	Historia Unisinos	Brazil	0.133	Q2	133	2189	0.07
8521	Iranian Studies	United Kingdom	0.133	Q2	114	0	0.28
8522	Library and Information History	United Kingdom	0.133	Q3	34	734	0.25
8523	Neohelicon	Netherlands	0.133	Q3	148	1982	0.21
8524	QED	United States	0.133	Q3	117	416	0.22
8525	Archives of Orofacial Sciences	Malaysia	0.133	Q4	73	1177	0.18
8526	Nihon Enerugi Gakkaishi/Journal of the Japan Institute of Energy	Japan	0.133	Q4	86	822	0.3
8527	Zhurnal Vysshei Nervnoi Deyatelnosti Imeni I.P. Pavlova	Russian Federation	0.133	Q4	174	3258	0.45
8528	Hrvatske Vode	Croatia	0.133	Q4	42	0	0.45
8529	Mitteilungen der Osterreichischen Geographischen Gesellscaft	Austria	0.133	Q4	58	0	0.26
8530	Sibirskiy Psikhologicheskiy Zhurnal	Russian Federation	0.133	Q4	115	932	0.26
8531	BiD	Spain	0.133	Q4	101	678	0.14
8532	Journal of the Anatomical Society of India	India	0.133	Q4	115	1327	0.29
8533	Laeknabladid	Iceland	0.133	Q4	488	958	0.07
8534	Boundary 2	United States	0.132	Q2	129	1034	0.05
8535	Cultural Critique	United States	0.132	Q2	102	839	0.11
8536	Dialog	United States	0.132	Q2	198	55	0.1
8537	Journal of Modern Jewish Studies	United Kingdom	0.132	Q2	83	2017	0.19
8538	Journal of Qur'anic Studies	United Kingdom	0.132	Q2	56	714	0.26
8539	Lias	Belgium	0.132	Q2	8	0	0.25
8540	Muslim World, The	United States	0.132	Q2	107	375	0.21
8541	Polis	Netherlands	0.132	Q2	74	460	0.15
8542	Rassegna Storica del Risorgimento	Italy	0.132	Q2	20	0	0.05
8543	Revista Musical Chilena	Chile	0.132	Q2	84	196	0.14
8544	Twentieth-Century China	United Kingdom	0.132	Q2	62	116	0.36
8545	Endeavour	United Kingdom	0.132	Q3	42	1039	0.33
8546	Kant Yearbook	Germany	0.132	Q3	18	207	0.17
8547	Rhizomata	Germany	0.132	Q3	37	159	0.14
8548	Tydskrif vir die Suid-Afrikaanse Reg	South Africa	0.132	Q3	140	702	0.14
8549	Archivos Latinoamericanos de Nutricion	Venezuela	0.132	Q4	87	1099	0.36
8550	Medecine Nucleaire	France	0.132	Q4	127	579	0.24
8551	Sprache Stimme Gehor	Germany	0.132	Q4	205	539	0.16
8552	Romanian Journal of Acoustics and Vibration	Romania	0.132	Q4	66	51	0.29
8553	Gefasschirurgie	Germany	0.132	Q4	315	2260	0.17
8554	Journal of Pediatric and Neonatal Individualized Medicine	Italy	0.132	Q4	141	1421	0.36
8555	Russian Open Medical Journal	Russian Federation	0.132	Q4	178	2566	0.59
8556	Turk Dermatoloji Dergisi	Turkey	0.132	Q4	81	116	0.11
8557	Conradiana	United States	0.131	Q2	1	0	0.0
8558	Espacio, Tiempo y Forma, Serie VII: Historia del Arte	Spain	0.131	Q2	66	801	0.12
8559	Iberoamericana. America Latina - Espana - Portugal	Spain	0.131	Q2	101	729	0.29
8560	Muziki	United States	0.131	Q2	44	222	0.38
8561	Oxford Literary Review	United Kingdom	0.131	Q2	79	208	0.03
8562	Quiroga	Spain	0.131	Q2	68	878	0.18
8563	Revista Complutense de Historia de America	Spain	0.131	Q2	40	668	0.04
8564	Shakespeare	United Kingdom	0.131	Q2	147	1307	0.14
8565	Studies in Romanticism	United States	0.131	Q2	70	1105	0.12
8566	Theatre Survey	United Kingdom	0.131	Q2	62	470	0.16
8567	Zeitschrift des Deutschen Palastina-Vereins	Germany	0.131	Q2	2	410	0.0
8568	Bulletin de la Societe Prehistorique Francaise	France	0.131	Q3	1	0	0.0
8569	Caracteres	Spain	0.131	Q3	31	0	0.0
8570	Revue de Linguistique Romane	France	0.131	Q3	45	0	0.1
8571	Caribbean Journal of Science	Puerto Rico	0.131	Q4	1	0	0.0
8572	South Asian Journal of Cancer	India	0.131	Q4	1	1180	0.0
8573	Virchows Archiv fur pathologische Anatomie und Physiologie und fur klinische Medizin	Germany	0.131	Q4	1	0	0.0
8574	Canadian Journal of Latin American and Caribbean Studies	United Kingdom	0.131	Q4	63	1266	0.22
8575	London Journal	United Kingdom	0.131	Q4	44	0	0.31
8576	ACG Case Reports Journal	United States	0.131	Q4	1	0	0.0
8577	International Medical Journal Malaysia	Malaysia	0.131	Q4	1	0	0.0
8578	Turk Noroloji Dergisi	Turkey	0.131	Q4	238	660	0.2
8579	Configurations	United States	0.13	Q2	64	0	0.08
8580	Cuadernos de Musica, Artes Visuales y Artes Escenicas	Colombia	0.13	Q2	73	410	0.12
8581	English Literary Renaissance	United Kingdom	0.13	Q2	68	116	0.25
8582	Gender and History	United Kingdom	0.13	Q2	117	1	0.32
8583	Horror Studies	United Kingdom	0.13	Q2	48	657	0.18
8584	Journal of the Society of Architectural Historians	United States	0.13	Q2	68	1348	0.36
8585	Mouseion	Canada	0.13	Q2	80	239	0.26
8586	Paedagogica Historica	United Kingdom	0.13	Q2	176	1	0.35
8587	Studies in Australasian Cinema	United Kingdom	0.13	Q2	37	263	0.17
8588	TDR - The Drama Review - A Journal of Performance Studies	United States	0.13	Q2	93	0	0.25
8589	Zeitschrift fur Literaturwissenschaft und Linguistik	Germany	0.13	Q2	122	1034	0.16
8590	Journal of African Law	United Kingdom	0.13	Q3	92	693	0.31
8591	Revista Espanola de Nutricion Humana y Dietetica	Spain	0.13	Q4	213	1770	0.48
8592	KGK Kautschuk Gummi Kunststoffe	Germany	0.13	Q4	109	0	0.36
8593	Zeitschrift fur Psychiatrie, Psychologie und Psychotherapie	Switzerland	0.13	Q4	49	0	0.24
8594	Sylwan	Poland	0.13	Q4	97	1378	0.38
8595	Plaridel	Philippines	0.13	Q4	61	766	0.18
8596	Arthroskopie	Germany	0.13	Q4	204	1875	0.26
8597	Cor et Vasa	Czech Republic	0.13	Q4	284	3072	0.3
8598	Hong Kong Journal of Paediatrics	Hong Kong	0.13	Q4	140	727	0.21
8599	Antiguo Oriente	Argentina	0.129	Q2	23	0	0.25
8600	Ars Judaica	United Kingdom	0.129	Q2	23	0	0.13
8601	Asiatic	Malaysia	0.129	Q2	45	628	0.35
8602	Canadian Journal of Film Studies	Canada	0.129	Q2	42	601	0.18
8603	Dead Sea Discoveries	Netherlands	0.129	Q2	53	766	0.11
8604	Early China	United Kingdom	0.129	Q2	29	730	0.29
8605	Historia 396	Chile	0.129	Q2	85	1000	0.22
8606	International Journal of Military History and Historiography	Netherlands	0.129	Q2	40	1100	0.16
8607	Journal of Design History	United Kingdom	0.129	Q2	52	640	0.15
8608	Journal of Ecumenical Studies	United States	0.129	Q2	99	1441	0.19
8609	Knjizevna Smotra	Croatia	0.129	Q2	147	1298	0.03
8610	Mexican Studies/Estudios Mexicanos	United States	0.129	Q2	55	645	0.24
8611	Mosaic	Canada	0.129	Q2	66	0	0.13
8612	Cinta de Moebio	Chile	0.129	Q3	69	82	0.27
8613	Perseitas	Colombia	0.129	Q3	67	665	0.04
8614	Rivista di Filosofia del Diritto	Italy	0.129	Q3	81	56	0.23
8615	Estudios de Asia y Africa	Mexico	0.129	Q3	63	908	0.12
8616	Slovo a Slovesnost	Czech Republic	0.129	Q3	51	739	0.18
8617	Ochrona Przed Korozja	Poland	0.129	Q4	188	988	0.11
8618	Actualites Pharmaceutiques	Netherlands	0.129	Q4	548	1546	0.09
8619	Boletim Paranaense de Geosciencias	Brazil	0.129	Q4	27	713	0.17
8620	Anuario Mexicano de Derecho Internacional	Mexico	0.129	Q4	74	848	0.07
8621	Statute Law Review	United Kingdom	0.129	Q4	78	1140	0.22
8622	Archives des Maladies Professionnelles et de l'Environnement	France	0.129	Q4	172	1182	0.13
8623	Haseki Tip Bulteni	Turkey	0.129	Q4	244	1942	0.31
8624	Onkologe	Germany	0.129	Q4	538	2774	0.21
8625	Vojnosanitetski Pregled	Serbia	0.129	Q4	561	3817	0.2
8626	Anglia	Germany	0.128	Q2	73	1121	0.25
8627	Belleten	Turkey	0.128	Q2	105	1920	0.13
8628	Costume	United Kingdom	0.128	Q2	36	605	0.13
8629	Gerion	Spain	0.128	Q2	53	1515	0.09
8630	Memoria y Civilizacion	Spain	0.128	Q2	129	1030	0.04
8631	Studies in Russian and Soviet Cinema	United Kingdom	0.128	Q2	54	326	0.13
8632	Tocqueville Review	Canada	0.128	Q2	83	766	0.28
8633	Vestnik Sankt-Peterburgskogo Universiteta, Iskusstvovedenie	Russian Federation	0.128	Q2	103	1632	0.17
8634	Wacana Seni	Malaysia	0.128	Q2	32	309	0.31
8635	Open Insight	Mexico	0.128	Q3	68	393	0.1
8636	Revue Roumaine de Linguistique	Romania	0.128	Q3	60	594	0.18
8637	Acta Bioethica	Chile	0.128	Q4	93	1040	0.38
8638	American Political Thought	United States	0.128	Q4	62	760	0.1
8639	Romanian Journal of European Affairs	Romania	0.128	Q4	46	611	0.3
8640	Arthuriana	United States	0.127	Q2	64	639	0.16
8641	Bookbird: Journal of International Children's Literature	Switzerland	0.127	Q2	117	567	0.14
8642	Exemplaria	United Kingdom	0.127	Q2	55	977	0.13
8643	Fabrications	United Kingdom	0.127	Q2	73	0	0.27
8644	Jewish Quarterly Review	United States	0.127	Q2	110	3217	0.08
8645	Journal of Song-Yuan Studies	United States	0.127	Q2	45	628	0.2
8646	Revista de Estudios Hispanicos	United States	0.127	Q2	106	489	0.09
8647	Slovene	Russian Federation	0.127	Q2	108	0	0.11
8648	Enfance	France	0.127	Q3	88	1274	0.23
8649	Fronteras de la Historia	Colombia	0.127	Q3	59	1116	0.15
8650	Review of Metaphysics	United States	0.127	Q3	50	102	0.13
8651	Revolutionary Russia	United Kingdom	0.127	Q3	39	683	0.19
8652	Caracol	Brazil	0.127	Q3	152	713	0.07
8653	Langue Francaise	France	0.127	Q3	99	971	0.16
8654	Nueva Revista de Filologia Hispanica	Mexico	0.127	Q3	62	1147	0.14
8655	Wiener Tierarztliche Monatsschrift	Austria	0.127	Q4	41	230	0.15
8656	Afinidad	Spain	0.127	Q4	92	1194	0.2
8657	Revista de Estudios Regionales	Spain	0.127	Q4	38	695	0.23
8658	Alergia Astma Immunologia	Poland	0.127	Q4	64	378	0.15
8659	Gematologiya i Transfuziologiya	Russian Federation	0.127	Q4	113	411	0.39
8660	Giornale Italiano di Ostetricia e Ginecologia	Italy	0.127	Q4	14	0	0.0
8661	New Armenian Medical Journal	Armenia	0.127	Q4	170	1798	0.25
8662	Onkourologiya	Russian Federation	0.127	Q4	234	1362	0.17
8663	Magnificat Cultura i Literatura Medievals	Spain	0.126	Q2	24	716	0.21
8664	NAN NU	Netherlands	0.126	Q2	26	381	0.31
8665	Slavic and East European Journal	United States	0.126	Q2	94	1353	0.04
8666	Slovenska Literatura	Slovakia	0.126	Q2	131	1014	0.07
8667	Translation and Literature	United Kingdom	0.126	Q2	54	2	0.13
8668	Amerasia Journal	United Kingdom	0.126	Q3	114	0	0.18
8669	Etikk i Praksis	Norway	0.126	Q3	31	167	0.35
8670	Filozofija i Drustvo	Serbia	0.126	Q3	123	1925	0.17
8671	International Public History	Germany	0.126	Q3	48	407	0.17
8672	Latin American Journal of Pharmacy	Argentina	0.126	Q4	1121	9887	0.24
8673	Clothing Cultures	United Kingdom	0.125	Q2	45	0	0.03
8674	Jung Journal: Culture and Psyche	United Kingdom	0.125	Q2	146	650	0.07
8675	Zeitschrift fur die Neutestamentliche Wissenschaft und die Kunde der Alteren Kirche	Germany	0.125	Q2	36	229	0.08
8676	T'ang Studies	United Kingdom	0.125	Q3	13	497	0.38
8677	Universum	Chile	0.125	Q3	98	1323	0.18
8678	Disparidades. Revista de Antropologia	Spain	0.125	Q3	66	865	0.12
8679	Rawal Medical Journal	Pakistan	0.125	Q4	692	5125	0.21
8680	China Nonprofit Review	Netherlands	0.125	Q4	38	0	0.45
8681	Acta Physica Slovaca	Slovakia	0.125	Q4	2	0	0.0
8682	Video-Assisted Thoracic Surgery	Hong Kong	0.125	Q4	105	930	0.15
8683	Russian Law Journal	Russian Federation	0.125	Q4	76	538	0.4
8684	Marmara Medical Journal	Turkey	0.125	Q4	100	1621	0.32
8685	Pneumon	Greece	0.125	Q4	88	739	0.32
8686	Therapeutische Umschau. Revue therapeutique	Switzerland	0.125	Q4	266	2645	0.22
8687	452°F	Spain	0.124	Q2	53	970	0.11
8688	Bulletin of Spanish Studies	United States	0.124	Q2	193	0	0.13
8689	Canadian Literature	Canada	0.124	Q2	24	0	0.0
8690	Diacritics	United States	0.124	Q2	91	0	0.12
8691	Emily Dickinson Journal	United States	0.124	Q2	23	149	0.06
8692	Keats-Shelley Review	United Kingdom	0.124	Q2	61	0	0.05
8693	Oud Holland	Netherlands	0.124	Q2	39	473	0.1
8694	Postmodern Culture	United States	0.124	Q2	59	357	0.18
8695	Romance Quarterly	United Kingdom	0.124	Q2	51	729	0.19
8696	Scando-Slavica	United Kingdom	0.124	Q2	37	675	0.15
8697	South Central Review	United States	0.124	Q2	83	352	0.03
8698	Historicka Sociologie	Czech Republic	0.124	Q3	54	767	0.06
8699	Idealistic Studies	United States	0.124	Q3	40	218	0.19
8700	Lectora	Spain	0.124	Q3	53	629	0.17
8701	Revue d'Histoire Moderne et Contemporaine	France	0.124	Q3	77	1786	0.12
8702	Kleintierpraxis	Germany	0.124	Q4	147	1209	0.09
8703	Elektrotehniski Vestnik/Electrotechnical Review	Slovenia	0.124	Q4	118	182	0.24
8704	Obrana a Strategie	Czech Republic	0.124	Q4	30	453	0.13
8705	Tijdschrift voor Communicatiewetenschap	Netherlands	0.124	Q4	53	833	0.14
8706	Allergologie	Germany	0.124	Q4	245	2924	0.21
8707	Cuadernos de bioe&#x0301;tica : revista oficial de la Asociacio&#x0301;n Espan&#x0303;ola de Bioe&#x0301;tica y E&#x0301;tica Me&#x0301;dica	Spain	0.124	Q4	76	0	0.4
8708	Sri Lankan Journal of Anaesthesiology	Sri Lanka	0.124	Q4	117	375	0.14
8709	Afghanistan	United Kingdom	0.123	Q2	30	625	0.25
8710	Artibus Asiae	Switzerland	0.123	Q2	16	460	0.1
8711	Classical World	United States	0.123	Q2	60	1001	0.1
8712	Hudebni Veda	Czech Republic	0.123	Q2	50	814	0.15
8713	Ikon	Croatia	0.123	Q2	94	1074	0.02
8714	Internationales Archiv für Sozialgeschichte der Deutschen Literatur	Germany	0.123	Q2	82	1318	0.07
8715	Jewish Film and New Media	United States	0.123	Q2	42	0	0.2
8716	Journal of the Royal Musical Association	United Kingdom	0.123	Q2	45	1272	0.1
8717	Journal of Victorian Culture	United Kingdom	0.123	Q2	118	636	0.18
8718	Literature and Medicine	United States	0.123	Q2	67	288	0.1
8719	Parergon	Australia	0.123	Q2	50	465	0.27
8720	Romanische Forschungen	Germany	0.123	Q2	43	788	0.07
8721	Anuario de Historia de la Iglesia	Spain	0.123	Q3	62	685	0.26
8722	Contemporary Pragmatism	Netherlands	0.123	Q3	63	671	0.2
8723	Estudios de Historia Moderna Contemporanea de Mexico	Mexico	0.123	Q3	62	1076	0.09
8724	Medieval History Journal	United States	0.123	Q3	37	497	0.36
8725	Music and Letters	United Kingdom	0.123	Q3	63	1209	0.09
8726	Reti Medievali Rivista	Italy	0.123	Q3	93	2115	0.04
8727	Revista de Filosofia (Spain)	Spain	0.123	Q3	63	1113	0.19
8728	Linguistica Pragensia	Czech Republic	0.123	Q3	34	488	0.29
8729	Boletin de Malariologia y Salud Ambiental	Venezuela	0.123	Q4	175	5048	0.23
8730	Psychologie du Travail et des Organisations	France	0.123	Q4	73	1113	0.25
8731	Fourrages	France	0.123	Q4	36	0	0.0
8732	Revista de la Facultad de Agronomia	Venezuela	0.123	Q4	140	1808	0.23
8733	Journal of Private International Law	United Kingdom	0.123	Q4	71	0	0.17
8734	University of Bologna Law Review	Italy	0.123	Q4	31	379	0.05
8735	Acta Pediatrica de Mexico	Mexico	0.123	Q4	127	962	0.29
8736	Journal fur Asthetische Chirurgie	Germany	0.123	Q4	100	466	0.1
8737	Srpski Arhiv Za Celokupno Lekarstvo	Serbia	0.123	Q4	366	2840	0.18
8738	Dickensian	United Kingdom	0.122	Q2	70	266	0.04
8739	Journal Asiatique	Belgium	0.122	Q2	45	0	0.14
8740	Journal of Contemporary Drama in English	Germany	0.122	Q2	52	656	0.66
8741	Melanges de la Casa de Velazquez	Spain	0.122	Q2	123	1333	0.12
8742	Scandinavian Journal of the Old Testament	United Kingdom	0.122	Q2	55	0	0.14
8743	Canadian Journal of History	Canada	0.122	Q3	36	863	0.22
8744	Con-textos Kantianos	Spain	0.122	Q3	138	39	0.06
8745	Eire-Ireland; a journal of Irish studies	United States	0.122	Q3	68	958	0.41
8746	Filosofia Unisinos	Brazil	0.122	Q3	101	520	0.1
8747	Northern History	United Kingdom	0.122	Q3	43	0	0.12
8748	Tempo (Brazil)	Brazil	0.122	Q3	119	1630	0.09
8749	Estudos de Linguistica Galega	Spain	0.122	Q3	23	239	0.23
8750	Journal de la Societe des Americanistes	France	0.122	Q3	94	844	0.11
8751	Verba	Spain	0.122	Q3	43	775	0.1
8752	Turk Psikoloji Dergisi	Turkey	0.122	Q4	6	0	0.0
8753	Voprosy Psikhologii	Russian Federation	0.122	Q4	235	0	0.16
8754	Radical Teacher	United States	0.122	Q4	162	548	0.13
8755	Bulletin de l'Academie Nationale de Medecine	France	0.122	Q4	468	4618	0.2
8756	Zeitschrift fur Epileptologie	Germany	0.122	Q4	167	2157	0.33
8757	Ceska Literatura	Czech Republic	0.121	Q2	112	860	0.05
8758	J19	United States	0.121	Q2	77	617	0.04
8759	Journal of Italian Cinema and Media Studies	United Kingdom	0.121	Q2	96	1015	0.06
8760	Nineteenth-Century Contexts	United Kingdom	0.121	Q2	109	1128	0.1
8761	Nka	United States	0.121	Q2	87	608	0.13
8762	Novum Testamentum	Netherlands	0.121	Q2	71	78	0.11
8763	Transnational Screens	United Kingdom	0.121	Q2	31	477	0.26
8764	Ecumenical Review	United States	0.121	Q3	200	0	0.09
8765	Ethical Perspectives	Belgium	0.121	Q3	75	0	0.23
8766	Journal of Family History	United States	0.121	Q3	68	0	0.4
8767	Metropolitan Museum Journal	Belgium	0.121	Q3	34	465	0.08
8768	Mundo Agrario	Argentina	0.121	Q3	74	437	0.12
8769	Perspectiva Teologica	Brazil	0.121	Q3	103	748	0.13
8770	Tuna	Estonia	0.121	Q3	104	0	0.0
8771	Versus	Italy	0.121	Q3	62	255	0.14
8772	Vinculos de Historia	Spain	0.121	Q3	73	1474	0.22
8773	Voprosy Leksikografii	Russian Federation	0.121	Q3	61	31	0.22
8774	Bunseki Kagaku	Japan	0.121	Q4	248	1790	0.24
8775	Optica Pura y Aplicada	Spain	0.121	Q4	83	898	0.22
8776	Philippine Agricultural Scientist	Philippines	0.121	Q4	106	1521	0.26
8777	Acta Facultatis Medicae Naissensis	Serbia	0.121	Q4	106	1461	0.27
8778	African American Review	United States	0.12	Q2	58	256	0.11
8779	ARQ	Chile	0.12	Q2	144	501	0.12
8780	Baltic Journal of Art History	Estonia	0.12	Q2	41	265	0.12
8781	Chasqui	United States	0.12	Q2	124	857	0.07
8782	MELUS	United States	0.12	Q2	112	352	0.05
8783	Ars et Humanitas	Slovenia	0.12	Q3	110	0	0.2
8784	Boletin Americanista	Spain	0.12	Q3	64	482	0.12
8785	Civil War History	United States	0.12	Q3	44	1071	0.1
8786	Journal of Persianate Studies	Netherlands	0.12	Q3	19	828	0.23
8787	Journal of the Royal Asiatic Society	United Kingdom	0.12	Q3	112	2119	0.28
8788	Quest. Issues in Contemporary Jewish History	Italy	0.12	Q3	43	0	0.03
8789	Wacana	Indonesia	0.12	Q3	81	1120	0.11
8790	Archiv fur Lebensmittelhygiene	Germany	0.12	Q4	16	23	0.0
8791	Atelie Geografico	Brazil	0.12	Q4	120	1474	0.14
8792	Sante Mentale au Quebec	Canada	0.12	Q4	74	866	0.23
8793	Gynakologische Endokrinologie	Germany	0.12	Q4	165	1201	0.09
8794	Iranian Heart Journal	Iran	0.12	Q4	175	1820	0.15
8795	Journal of Christian nursing : a quarterly publication of Nurses Christian Fellowship	United States	0.12	Q4	318	0	0.12
8796	English Academy Review	United Kingdom	0.119	Q2	55	345	0.17
8797	Journal of English and Germanic Philology	United States	0.119	Q2	52	1284	0.15
8798	Journal of Islamic Manuscripts	Netherlands	0.119	Q2	46	332	0.09
8799	Journal of Romance Studies	United Kingdom	0.119	Q2	89	770	0.13
8800	Revista Proyecto, Progreso, Arquitectura	Spain	0.119	Q2	51	151	0.24
8801	Rita Revista Indexada de Textos Academicos	Spain	0.119	Q2	97	294	0.07
8802	Slavia Meridionalis	Poland	0.119	Q2	68	813	0.1
8803	Zeitschrift fur Antikes Christentum	Germany	0.119	Q2	58	492	0.05
8804	Anos 90	Brazil	0.119	Q3	103	523	0.09
8805	Atenea	Chile	0.119	Q3	109	486	0.07
8806	Bach	United States	0.119	Q3	32	0	0.05
8807	Cosmos and History	Australia	0.119	Q3	120	0	0.16
8808	Journal of the Musical Arts in Africa	United Kingdom	0.119	Q3	32	211	0.19
8809	Museum Anthropology	United States	0.119	Q3	25	820	0.29
8810	Nineteenth-Century Music Review	United Kingdom	0.119	Q3	58	1275	0.28
8811	Thomist	United States	0.119	Q3	53	1282	0.03
8812	Vierteljahrshefte fur Zeitgeschichte	Germany	0.119	Q3	100	593	0.1
8813	Panacea	Spain	0.119	Q3	85	0	0.09
8814	Magyar Allatorvosok Lapja	Hungary	0.119	Q4	200	2053	0.1
8815	Zuchtungskunde	Germany	0.119	Q4	55	0	0.18
8816	Journal of Investment Strategies	United Kingdom	0.119	Q4	36	333	0.29
8817	Journal of the Australasian Tax Teachers Association	Australia	0.119	Q4	32	0	0.15
8818	Travail, Genre et Societes	France	0.119	Q4	84	365	0.15
8819	Revista UNISCI	Spain	0.119	Q4	93	1153	0.27
8820	Scire	Spain	0.119	Q4	38	434	0.12
8821	Aktuelle Dermatologie	Germany	0.119	Q4	392	1340	0.06
8822	Journal of the Liaquat University of Medical and Health Sciences	Pakistan	0.119	Q4	189	1225	0.12
8823	Germanic Review, The	United States	0.118	Q2	66	0	0.12
8824	Victoriographies	United Kingdom	0.118	Q2	47	689	0.07
8825	Western American Literature	United States	0.118	Q2	52	235	0.19
8826	Greek, Roman and Byzantine Studies	United States	0.118	Q3	91	43	0.24
8827	Journal of Aesthetics and Phenomenology	United Kingdom	0.118	Q3	31	0	0.11
8828	New Global Studies	Germany	0.118	Q3	72	1034	0.23
8829	Caplletra	Spain	0.118	Q3	74	771	0.11
8830	Hawwa	Netherlands	0.118	Q3	70	30	0.35
8831	Romani Studies	United Kingdom	0.118	Q3	20	275	0.33
8832	Revista Critica de Ciencias Sociais	Portugal	0.118	Q4	75	632	0.06
8833	Jaen Journal on Approximation	Spain	0.118	Q4	11	0	0.0
8834	AMHA - Acta Medico-Historica Adriatica	Croatia	0.118	Q4	69	663	0.17
8835	Angiologia	Spain	0.118	Q4	139	496	0.03
8836	Contemporary Women's Writing	United Kingdom	0.117	Q2	45	213	0.08
8837	SCRIPTA	Spain	0.117	Q2	126	749	0.07
8838	Theleme	Spain	0.117	Q2	76	592	0.08
8839	Alpha	Chile	0.117	Q3	118	350	0.11
8840	Architektura a Urbanizmus	Slovakia	0.117	Q3	74	992	0.25
8841	Bilig	Turkey	0.117	Q3	113	1288	0.09
8842	Edad Media	Spain	0.117	Q3	34	825	0.13
8843	Ideas y Valores	Colombia	0.117	Q3	112	981	0.11
8844	Oriens	Netherlands	0.117	Q3	34	522	0.32
8845	Preternature	United States	0.117	Q3	31	708	0.13
8846	Studia Neoaristotelica	Germany	0.117	Q3	29	0	0.18
8847	Torres de Lucca	Spain	0.117	Q3	65	879	0.29
8848	Zeitschrift fur Philosophische Forschung	Germany	0.117	Q3	105	484	0.08
8849	Dental Cadmos	Italy	0.117	Q4	303	2058	0.15
8850	Imago Mundi	United Kingdom	0.117	Q4	42	56	0.1
8851	Revista Cubana de Fisica	Cuba	0.117	Q4	57	0	0.26
8852	Annals of Science	United Kingdom	0.117	Q4	54	114	0.21
8853	Bali Medical Journal	Indonesia	0.117	Q4	505	8786	0.19
8854	Physician Assistant Clinics	United States	0.117	Q4	200	2361	0.16
8855	Cambridge Journal of Postcolonial Literary Inquiry	United Kingdom	0.116	Q2	97	788	0.12
8856	Comitatus	United States	0.116	Q2	24	650	0.06
8857	Current Writing	United Kingdom	0.116	Q2	55	566	0.11
8858	European Journal of Jewish Studies	Netherlands	0.116	Q2	46	438	0.11
8859	German Life and Letters	United Kingdom	0.116	Q2	96	0	0.18
8860	Journal of British and Irish Innovative Poetry	United Kingdom	0.116	Q2	44	299	0.11
8861	Libri et Liberi	Croatia	0.116	Q2	45	104	0.05
8862	Luso-Brazilian Review	United States	0.116	Q2	35	720	0.09
8863	Ramus	Australia	0.116	Q2	32	896	0.14
8864	Scriblerian and the Kit-Cats	United States	0.116	Q2	2	0	0.0
8865	Wenshan Review of Literature and Culture	Taiwan	0.116	Q2	60	641	0.17
8866	Americas	United States	0.116	Q3	55	639	0.11
8867	Atalante	Spain	0.116	Q3	76	380	0.16
8868	Boletin de Arte	Spain	0.116	Q3	97	547	0.1
8869	Eighteenth-Century Music	United Kingdom	0.116	Q3	83	421	0.08
8870	Espacio, Tiempo y Educacion	Spain	0.116	Q3	91	751	0.28
8871	Film International	United Kingdom	0.116	Q3	210	364	0.02
8872	Journal of Pacific History	United Kingdom	0.116	Q3	80	0	0.15
8873	Journal of Presbyterian History	United States	0.116	Q3	3	0	0.0
8874	Opera	United Kingdom	0.116	Q3	8	0	0.0
8875	Spirituality Studies	Slovakia	0.116	Q3	43	374	0.07
8876	Tempo e Argumento	Brazil	0.116	Q3	222	1880	0.11
8877	Winterthur Portfolio	United States	0.116	Q3	29	0	0.0
8878	Drugs of the Future	Spain	0.116	Q4	255	2460	0.17
8879	Revija za Kriminalistiko in Kriminologijo	Slovenia	0.116	Q4	15	186	0.17
8880	Wulfenia	Austria	0.116	Q4	57	0	0.48
8881	Acta Angiologica	Poland	0.116	Q4	56	342	0.17
8882	Gazzetta Medica Italiana Archivio per le Scienze Mediche	Italy	0.116	Q4	416	3572	0.11
8883	ESQ - Journal of the American Renaissance	United States	0.115	Q2	57	920	0.08
8884	French Studies	United Kingdom	0.115	Q2	72	902	0.21
8885	Partial Answers	United States	0.115	Q2	54	724	0.0
8886	Pasavento	Spain	0.115	Q2	75	1287	0.06
8887	Quaderns de Filologia: Estudis Literaris	Spain	0.115	Q2	39	227	0.17
8888	Revista Chilena de Literatura	Chile	0.115	Q2	158	1196	0.09
8889	Aspasia	United Kingdom	0.115	Q3	28	702	0.21
8890	Bijdragen en Mededelingen Betreffende de Geschiedenis der Nederlanden	Netherlands	0.115	Q3	70	1347	0.27
8891	Con A de Animacion	Spain	0.115	Q3	49	342	0.07
8892	Early Medieval Europe	United Kingdom	0.115	Q3	66	0	0.27
8893	Eikasmos	Italy	0.115	Q3	87	0	0.03
8894	European Legacy	United Kingdom	0.115	Q3	157	1463	0.16
8895	Historia Caribe	Colombia	0.115	Q3	62	351	0.02
8896	Pennsylvania History	United States	0.115	Q3	78	1610	0.07
8897	Philosophical Inquiries	Italy	0.115	Q3	75	1006	0.16
8898	Radovi Zavoda za Hrvatsku Povijest	Croatia	0.115	Q3	110	0	0.01
8899	Resonancias	Chile	0.115	Q3	65	736	0.07
8900	Zeitschrift fur Volkskunde	Germany	0.115	Q3	35	0	0.03
8901	Implantologie	Germany	0.115	Q4	113	971	0.1
8902	Anthropos	Switzerland	0.115	Q4	91	673	0.07
8903	Archives of Hellenic Medicine	Greece	0.115	Q4	432	3582	0.08
8904	Cocuk Enfeksiyon Dergisi	Turkey	0.115	Q4	180	1023	0.08
8905	Guncel Pediatri	Turkey	0.115	Q4	108	1298	0.12
8906	Jeunesse: Young People, Texts, Cultures	Canada	0.114	Q2	92	262	0.07
8907	Journal of Semitic Studies	United Kingdom	0.114	Q2	78	251	0.14
8908	MAIA-Rivista di Letterature Classiche	Italy	0.114	Q2	109	0	0.15
8909	Studies in American Indian Literatures	United States	0.114	Q2	52	371	0.17
8910	Studies in Philology	United States	0.114	Q2	85	136	0.1
8911	Victorian Poetry	United States	0.114	Q2	87	552	0.04
8912	Acadiensis	Canada	0.114	Q3	63	1032	0.05
8913	Contemporary Theatre Review	United Kingdom	0.114	Q3	90	0	0.22
8914	Critica-Revista Hispanoamericana de Filosofia	Mexico	0.114	Q3	38	361	0.4
8915	Historia Mathematica	United States	0.114	Q3	51	746	0.52
8916	International journal of maritime history	United States	0.114	Q3	160	0	0.12
8917	Iride	Italy	0.114	Q3	132	463	0.07
8918	Labour/Le Travail	Canada	0.114	Q3	53	1952	0.03
8919	Tzintzun	Mexico	0.114	Q3	90	484	0.05
8920	Psychological Perspectives	United Kingdom	0.114	Q4	174	321	0.05
8921	Ambitos	Spain	0.114	Q4	14	0	0.0
8922	Great Plains Quarterly	United States	0.114	Q4	43	809	0.04
8923	Adelaide Law Review	Australia	0.114	Q4	109	0	0.15
8924	Law and Literature	United Kingdom	0.114	Q4	77	0	0.29
8925	Revista Mad	Chile	0.114	Q4	23	136	0.31
8926	Der Gynakologe	Germany	0.114	Q4	452	1582	0.11
8927	Gastroenterologe	Germany	0.114	Q4	162	510	0.12
8928	Iatreia	Colombia	0.114	Q4	184	2033	0.18
8929	Mundo da Saude	Brazil	0.114	Q4	177	2211	0.1
8930	Recherche en soins infirmiers	France	0.114	Q4	106	0	0.25
8931	Arethusa	United States	0.113	Q2	47	527	0.03
8932	Etudes Germaniques	France	0.113	Q2	92	272	0.04
8933	Interdisciplinary Literary Studies	United States	0.113	Q2	75	847	0.06
8934	Junctures	New Zealand	0.113	Q2	24	291	0.07
8935	Monumenta Serica	United States	0.113	Q2	55	1149	0.13
8936	Tydskrif vir Letterkunde	South Africa	0.113	Q2	79	816	0.11
8937	Archaeologia Maritima Mediterranea	Italy	0.113	Q3	22	0	0.07
8938	Future Anterior	United States	0.113	Q3	41	0	0.04
8939	Haser	Spain	0.113	Q3	25	120	0.32
8940	Journal of Early Christian Studies	United States	0.113	Q3	61	2461	0.19
8941	Journal of Glass Studies	United States	0.113	Q3	42	0	0.14
8942	Journal of the British Archeological Association	United Kingdom	0.113	Q3	29	0	0.19
8943	Vulcan	Netherlands	0.113	Q3	13	474	0.62
8944	Souls	United Kingdom	0.113	Q3	51	0	0.16
8945	Diabetologe	Germany	0.113	Q4	320	1063	0.13
8946	Gazi Medical Journal	Turkey	0.113	Q4	442	2358	0.11
8947	Turk Osteoporoz Dergisi	Turkey	0.113	Q4	100	989	0.12
8948	Latomus	Belgium	0.112	Q2	83	0	0.05
8949	Zeitschrift fur Anglistik und Amerikanistik	Germany	0.112	Q2	79	877	0.11
8950	Emerita	Spain	0.112	Q3	42	858	0.15
8951	Film Fashion and Consumption	United Kingdom	0.112	Q3	33	523	0.08
8952	German Quarterly, The	United States	0.112	Q3	70	773	0.12
8953	Illes i Imperis	Spain	0.112	Q3	41	585	0.12
8954	Phainomena	Slovenia	0.112	Q3	80	1043	0.06
8955	Southeastern Europe	Netherlands	0.112	Q3	45	446	0.23
8956	New German Critique	United States	0.112	Q3	81	1322	0.13
8957	Amme Idaresi Dergisi	Turkey	0.112	Q4	62	749	0.07
8958	Gazeta de Antropologia	Spain	0.112	Q4	37	0	0.07
8959	Mexican Law Review	Mexico	0.112	Q4	41	611	0.19
8960	Tsinghua China Law Review	China	0.112	Q4	22	0	0.09
8961	Medical Journal of Bakirkoy	Turkey	0.112	Q4	146	1669	0.12
8962	Phlebologie	Germany	0.112	Q4	206	44	0.14
8963	Pneumologe	Germany	0.112	Q4	184	569	0.18
8964	Acta Historica Tallinnensia	Estonia	0.111	Q3	26	135	0.25
8965	Agora - Estudos Classicos em Debate	Portugal	0.111	Q3	34	0	0.13
8966	Anuario Filosofico	Spain	0.111	Q3	55	411	0.11
8967	Archipel	France	0.111	Q3	74	799	0.19
8968	Architectural Theory Review	United Kingdom	0.111	Q3	73	0	0.15
8969	Archiv fur Rechts- und Sozialphilosophie	Germany	0.111	Q3	92	1497	0.12
8970	ARTMargins	United States	0.111	Q3	61	349	0.16
8971	British Catholic History	United Kingdom	0.111	Q3	26	278	0.12
8972	Cambrian Medieval Celtic Studies	United Kingdom	0.111	Q3	29	201	0.06
8973	Cambridge Opera Journal	United Kingdom	0.111	Q3	32	500	0.09
8974	Co-herencia	Colombia	0.111	Q3	80	1025	0.24
8975	Critical Quarterly	United States	0.111	Q3	148	51	0.17
8976	Critical Survey	United Kingdom	0.111	Q3	85	1550	0.11
8977	Cuadernos de Filologia Clasica	Spain	0.111	Q3	40	1272	0.14
8978	English	United Kingdom	0.111	Q3	67	189	0.17
8979	Expressions Maghrebines	United States	0.111	Q3	68	567	0.07
8980	Forum Modernes Theater	Germany	0.111	Q3	53	757	0.05
8981	Gymnasium	Germany	0.111	Q3	69	0	0.04
8982	Images	Netherlands	0.111	Q3	27	211	0.13
8983	Journal of Religious History	United States	0.111	Q3	81	0	0.08
8984	Kyiv-Mohyla Humanities Journal	Ukraine	0.111	Q3	41	380	0.35
8985	Mediterranea: Ricerche Storiche	Italy	0.111	Q3	55	839	0.08
8986	Medium Aevum	United Kingdom	0.111	Q3	49	0	0.06
8987	Milton Quarterly	United States	0.111	Q3	46	187	0.03
8988	Orbis Litterarum	United Kingdom	0.111	Q3	82	1399	0.15
8989	Prometeica	Argentina	0.111	Q3	57	1409	0.24
8990	Revue Italienne d'Etudes Francaises	Italy	0.111	Q3	89	736	0.02
8991	Ricerche di Storia Politica	Italy	0.111	Q3	39	212	0.03
8992	Romance Notes	United States	0.111	Q3	137	0	0.02
8993	Russian Literature	Netherlands	0.111	Q3	123	2423	0.17
8994	Scottish Literary Review	United Kingdom	0.111	Q3	57	524	0.03
8995	Zeitschrift fur Deutsches Altertum und Deutsche Literatur	Germany	0.111	Q3	57	1090	0.05
8996	Khyber Medical University Journal	Pakistan	0.111	Q4	123	859	0.2
8997	Journal for the History of Astronomy	United States	0.111	Q4	59	0	0.16
8998	La Linguistique	France	0.111	Q4	54	380	0.21
8999	Revue d'Histoire des Sciences	France	0.111	Q4	30	0	0.07
9000	Antropologia Portuguesa	Portugal	0.111	Q4	23	0	0.17
9001	Deutsch als Fremdsprache	Germany	0.111	Q4	58	412	0.03
9002	Recherche et Pratiques Pedagogiques en Langues de Specialite - Cahiers de l'APLIUT	France	0.111	Q4	60	441	0.05
9003	Revista Republicana	Colombia	0.111	Q4	58	811	0.2
9004	Territoire en Mouvement	France	0.111	Q4	66	778	0.04
9005	Annales Francaises de Medecine d'Urgence	France	0.111	Q4	162	1506	0.14
9006	Nephrologe	Germany	0.111	Q4	213	716	0.08
9007	Nobel Medicus	Turkey	0.111	Q4	74	704	0.04
9008	Osteologie	Germany	0.111	Q4	122	1411	0.12
9009	African Arts	United States	0.11	Q3	99	751	0.15
9010	Alea: estudos neolatinos	Brazil	0.11	Q3	169	1159	0.06
9011	Bruniana e Campanelliana	Italy	0.11	Q3	110	0	0.03
9012	Canadian Poetry	Canada	0.11	Q3	4	0	0.0
9013	Church History	United Kingdom	0.11	Q3	90	664	0.08
9014	Colloquia Humanistica	Poland	0.11	Q3	49	254	0.0
9015	Critica Letteraria	Italy	0.11	Q3	153	1393	0.01
9016	Cultura	Italy	0.11	Q3	61	1328	0.05
9017	Ecclesiastical Law Journal	United Kingdom	0.11	Q3	114	397	0.1
9018	Estudios de Literatura Colombiana	Colombia	0.11	Q3	86	305	0.08
9019	Etudes Theologiques et Religieuses	France	0.11	Q3	83	357	0.05
9020	Filosofia Politica	Italy	0.11	Q3	91	494	0.02
9021	French Review, The	United States	0.11	Q3	133	1251	0.04
9022	German History	United Kingdom	0.11	Q3	70	2072	0.29
9023	Goya	Spain	0.11	Q3	66	1312	0.11
9024	James Joyce Quarterly	United States	0.11	Q3	68	1561	0.11
9025	Journal of Modern Craft	United Kingdom	0.11	Q3	81	0	0.08
9026	Journal of the Gilded Age and Progressive Era	United Kingdom	0.11	Q3	117	1003	0.14
9027	Korea Journal	South Korea	0.11	Q3	30	0	0.25
9028	Master Drawings	United States	0.11	Q3	78	1336	0.05
9029	Oido Pensante	Argentina	0.11	Q3	51	503	0.19
9030	Poetica	Germany	0.11	Q3	142	771	0.05
9031	Reception: Texts, Readers, Audiences, History	United States	0.11	Q3	21	239	0.05
9032	Rivista di Storia della Filosofia	Italy	0.11	Q3	105	1174	0.06
9033	Textile History	United Kingdom	0.11	Q3	51	0	0.36
9034	World of Music	Germany	0.11	Q3	40	627	0.12
9035	Zagadnienia Filozoficzne w Nauce	Poland	0.11	Q3	53	0	0.18
9036	Zbornik Matice Srpske za Slavistiku	Serbia	0.11	Q3	126	1761	0.05
9037	Zeitschrift fur Geschichtswissenschaft	Germany	0.11	Q3	137	1699	0.04
9038	Journal of the American Oriental Society	United States	0.11	Q3	44	473	0.0
9039	Nashim	United States	0.11	Q3	61	206	0.27
9040	New Scientist	United States	0.11	Q4	734	0	0.12
9041	Scientific American	United States	0.11	Q4	23	0	0.23
9042	Food and Drug Law Journal	United States	0.11	Q4	3	364	0.0
9043	Veredas do Direito	Brazil	0.11	Q4	101	0	0.13
9044	Entomologica Americana	United States	0.11	Q4	19	0	0.25
9045	Journal of New Zealand Studies	New Zealand	0.11	Q4	59	90	0.24
9046	Revista de Humanidades (SPAIN)	Spain	0.11	Q4	75	647	0.08
9047	Teaching Artist Journal	United States	0.11	Q4	28	53	0.19
9048	Feministische Studien	Germany	0.11	Q4	65	411	0.15
9049	Materiali per una Storia della Cultura Giuridica	Italy	0.11	Q4	91	1228	0.04
9050	Revista de Estudos Constitucionais, Hermeneutica e Teoria do Direito	Brazil	0.11	Q4	94	275	0.02
9051	Revista de Estudos da Linguagem	Brazil	0.11	Q4	130	2257	0.12
9052	Sydney law review, The	Australia	0.11	Q4	22	69	0.32
9053	Journal Africain d'Hepato-Gastroenterologie	France	0.11	Q4	17	85	0.33
9054	Acta Musicologica	Switzerland	0.109	Q3	32	411	0.22
9055	Anales de Literatura Chilena	Chile	0.109	Q3	112	0	0.05
9056	ArcHistoR	Italy	0.109	Q3	242	367	0.13
9057	CLA Journal	United States	0.109	Q3	5	0	0.0
9058	Codex Aquilarensis	Spain	0.109	Q3	30	87	0.11
9059	Common Knowledge	United States	0.109	Q3	84	515	0.08
9060	Contexto	Mexico	0.109	Q3	49	474	0.14
9061	Helios	United States	0.109	Q3	29	188	0.07
9062	Histoire Sociale	Canada	0.109	Q3	65	581	0.1
9063	Historisk Tidskrift	Sweden	0.109	Q3	59	0	0.15
9064	Mississippi Quarterly	United States	0.109	Q3	55	1	0.05
9065	Perichoresis	Romania	0.109	Q3	94	981	0.11
9066	Spiritus	United States	0.109	Q3	53	612	0.14
9067	Studies in American Jewish Literature	United States	0.109	Q3	34	353	0.08
9068	Technoetic Arts	United Kingdom	0.109	Q3	76	362	0.0
9069	Temas Americanistas	Spain	0.109	Q3	93	1342	0.13
9070	Topoi (Brazil)	Brazil	0.109	Q3	111	1719	0.12
9071	International Journal of Cuban Studies	United Kingdom	0.109	Q3	50	270	0.1
9072	Information-Wissenschaft und Praxis	Germany	0.109	Q4	131	395	0.07
9073	Revista de Investigacion en Educacion	Spain	0.109	Q4	34	741	0.17
9074	Clinica e Investigacion en Ginecologia y Obstetricia	Spain	0.109	Q4	147	1260	0.13
9075	Imagerie de la Femme	France	0.109	Q4	76	266	0.06
9076	Spektrum der Augenheilkunde	Austria	0.109	Q4	77	485	0.09
9077	Catholic University Law Review	United States	0.108	Q3	72	2150	0.11
9078	Imagologiya i Komparativistika	Russian Federation	0.108	Q3	60	0	0.15
9079	Journal of the Civil War Era	United States	0.108	Q3	69	865	0.19
9080	Marvels and Tales	United States	0.108	Q3	61	329	0.02
9081	Philologia Classica	Russian Federation	0.108	Q3	81	579	0.11
9082	Pomegranate	United Kingdom	0.108	Q3	30	0	0.06
9083	Review of Rabbinic Judaism	Netherlands	0.108	Q3	35	307	0.12
9084	Revue d'Histoire de l'Amerique Francaise	Canada	0.108	Q3	60	0	0.06
9085	Revue d'Histoire Ecclesiastique	Belgium	0.108	Q3	58	985	0.05
9086	Revue Romane	Netherlands	0.108	Q3	45	671	0.17
9087	Sobornost Incorporating Eastern Churches Review	United Kingdom	0.108	Q3	6	0	0.0
9088	Vivarium	Netherlands	0.108	Q3	40	404	0.64
9089	Global Journal Al-Thaqafah	Malaysia	0.108	Q3	107	1871	0.13
9090	Ambix	United Kingdom	0.108	Q4	61	0	0.07
9091	Internetworking Indonesia Journal	United States	0.108	Q4	53	0	0.0
9092	Journal of Formalized Reasoning	Italy	0.108	Q4	4	0	3.0
9093	Estudios Irlandeses	Spain	0.108	Q4	71	547	0.12
9094	Legal Ethics	United Kingdom	0.108	Q4	22	0	0.13
9095	Vjesnik Arheoloskog Muzeja u Zagrebu	Croatia	0.108	Q4	42	424	0.09
9096	Cadmo	Italy	0.108	Q4	54	0	0.09
9097	Archiv Orientalni	Czech Republic	0.107	Q3	83	0	0.08
9098	Art Bulletin	United Kingdom	0.107	Q3	83	0	0.19
9099	Asian Theatre Journal	United States	0.107	Q3	72	393	0.06
9100	Boletin de Literatura Oral	Spain	0.107	Q3	94	388	0.07
9101	Cahiers Elisabethains	United States	0.107	Q3	69	5	0.19
9102	Contagion: Journal of Violence, Mimesis, and Culture	United States	0.107	Q3	37	0	0.0
9103	Dance Chronicle	United Kingdom	0.107	Q3	39	0	0.13
9104	Index on Censorship	United States	0.107	Q3	340	0	0.14
9105	International journal for the Study of the Christian Church	United Kingdom	0.107	Q3	69	752	0.13
9106	Intersections (Australia)	Australia	0.107	Q3	31	941	0.0
9107	Journal of American Ethnic History	United States	0.107	Q3	44	1353	0.18
9108	Labour History	Australia	0.107	Q3	20	802	0.25
9109	Museum History Journal	United Kingdom	0.107	Q3	26	0	0.06
9110	Nordic Theatre Studies	Denmark	0.107	Q3	59	0	0.21
9111	Queensland Review	United Kingdom	0.107	Q3	52	0	0.1
9112	Rossiiskaia Istoria	Russian Federation	0.107	Q3	325	0	0.03
9113	Studi Slavistici	Italy	0.107	Q3	69	512	0.03
9114	Terrae Incognitae	United Kingdom	0.107	Q3	48	0	0.22
9115	Theater	United States	0.107	Q3	75	33	0.04
9116	Word and Image	United Kingdom	0.107	Q3	85	0	0.09
9117	Zutot	Netherlands	0.107	Q3	29	520	0.14
9118	Acta Microscopica	Venezuela	0.107	Q4	654	439	0.06
9119	Biblos	Portugal	0.107	Q4	38	212	0.08
9120	Kunstiteaduslikke Uurimusi	Estonia	0.107	Q4	58	242	0.15
9121	Schweizerisches Archiv fur Volkskunde	Switzerland	0.107	Q4	33	294	0.09
9122	Law Library Journal	United States	0.107	Q4	38	0	0.1
9123	America sin Nombre	Spain	0.106	Q3	96	529	0.06
9124	Buddhist-Christian Studies	United States	0.106	Q3	94	986	0.1
9125	Byzantinoslavica	Czech Republic	0.106	Q3	25	0	0.0
9126	Cristianesimo nella Storia	Italy	0.106	Q3	67	0	0.0
9127	Expository Times	United Kingdom	0.106	Q3	267	129	0.04
9128	Fabula	Germany	0.106	Q3	53	698	0.06
9129	Hypnos	Brazil	0.106	Q3	5	115	0.4
9130	Journal of Ecclesiastical History	United Kingdom	0.106	Q3	68	885	0.23
9131	Journal of Pre-Raphaelite Studies-New Series	Canada	0.106	Q3	5	0	0.0
9132	Literary Imagination	United Kingdom	0.106	Q3	61	174	0.12
9133	Malaysian Journal of Music	Malaysia	0.106	Q3	34	226	0.12
9134	Perfect Beat	United Kingdom	0.106	Q3	33	172	0.21
9135	Popular Entertainment Studies	Australia	0.106	Q3	8	0	0.0
9136	Publishing History	United Kingdom	0.106	Q3	5	0	0.0
9137	Quintana	Spain	0.106	Q3	61	0	0.02
9138	Revue Historique	France	0.106	Q3	75	1005	0.06
9139	Russkaia Literatura	Russian Federation	0.106	Q3	304	546	0.04
9140	Text Matters	Poland	0.106	Q3	75	0	0.16
9141	Tulsa Studies in Womens Literature	United States	0.106	Q3	56	599	0.03
9142	Vingtieme Siecle: Revue d'Histoire	France	0.106	Q3	5	0	0.0
9143	Yearbook for Traditional Music	United States	0.106	Q3	26	266	0.4
9144	Activitas Nervosa Superior Rediviva	Slovakia	0.106	Q4	54	0	0.24
9145	American Bankruptcy Law Journal	United States	0.106	Q4	5	0	0.0
9146	Etica e Politica	Italy	0.106	Q4	158	7	0.04
9147	Kriterion	Brazil	0.106	Q4	94	1323	0.17
9148	Midwest Quarterly, The	United States	0.106	Q4	6	0	0.0
9149	Revue Roumaine de Philosophie	Romania	0.106	Q4	29	0	0.0
9150	Soundings	United States	0.106	Q4	69	281	0.12
9151	Revista de Derecho Civil	Spain	0.106	Q4	101	0	0.25
9152	Aktuelle Rheumatologie	Germany	0.106	Q4	451	1640	0.05
9153	Revista de la Federacion Argentina de Cardiologia	Argentina	0.106	Q4	124	877	0.06
9154	Aboriginal history	Australia	0.105	Q3	7	0	0.14
9155	Arion - Journal of Humanities and the Classics	United States	0.105	Q3	51	0	0.05
9156	Bulletin of the Institute of History and Philology Academia Sinica	Taiwan	0.105	Q3	6	0	0.0
9157	Cahiers d'Etudes Africaines	France	0.105	Q3	99	575	0.12
9158	CEA Critic	United States	0.105	Q3	95	95	0.1
9159	Comparative Critical Studies	United Kingdom	0.105	Q3	71	696	0.15
9160	Comparative Drama	United States	0.105	Q3	35	673	0.08
9161	Documenti e Studi sulla Tradizione Filosofica Medievale	Italy	0.105	Q3	53	0	0.32
9162	Eidola	Italy	0.105	Q3	6	572	0.0
9163	Journal of Arabic Literature	Netherlands	0.105	Q3	40	421	0.26
9164	Lingua e Stile	Italy	0.105	Q3	37	699	0.08
9165	Neotestamentica	South Africa	0.105	Q3	64	0	0.0
9166	PAJ - Journal of Performance and Art	United States	0.105	Q3	113	44	0.09
9167	Quaderni Storici	Italy	0.105	Q3	108	0	0.11
9168	Radovi Zavoda za Povijesne Znanosti HAZU u Zadru	Croatia	0.105	Q3	45	289	0.1
9169	Revista de Occidente	Spain	0.105	Q3	350	393	0.04
9170	Studia Slavica et Balcanica Petropolitana	Russian Federation	0.105	Q3	78	638	0.08
9171	Studies in Comics	United Kingdom	0.105	Q3	63	182	0.16
9172	Woman's Art Journal	United States	0.105	Q3	10	0	0.0
9173	Hyle	Germany	0.105	Q4	14	0	0.36
9174	Biologicheskie Membrany	Russian Federation	0.105	Q4	123	1611	0.13
9175	Allgemeine Zeitschrift fur Philosophie	Germany	0.105	Q4	61	485	0.05
9176	Endoxa	Spain	0.105	Q4	93	293	0.11
9177	Industrial Archaeology Review	United Kingdom	0.105	Q4	40	0	0.15
9178	Trans/Form/Acao	Brazil	0.105	Q4	313	2022	0.06
9179	Communiquer	Canada	0.105	Q4	73	307	0.17
9180	Rhetorica - Journal of the History of Rhetoric	United States	0.105	Q4	52	461	0.06
9181	Studia z Filologii Polskiej i Slowianskiej	Poland	0.105	Q4	82	250	0.11
9182	West Indian Medical Journal	Jamaica	0.105	Q4	123	640	0.05
9183	Abriu	Spain	0.104	Q3	26	0	0.0
9184	American Literary Realism	United States	0.104	Q3	51	519	0.09
9185	ANQ - Quarterly Journal of Short Articles Notes and Reviews	United States	0.104	Q3	252	2478	0.09
9186	Archiv fur Musikwissenschaft	Germany	0.104	Q3	47	648	0.08
9187	Arizona Quarterly	United States	0.104	Q3	64	887	0.2
9188	Arms and Armour	United Kingdom	0.104	Q3	30	0	0.05
9189	CR: The New Centennial Review	United States	0.104	Q3	101	393	0.05
9190	Ilu	Spain	0.104	Q3	8	906	0.0
9191	Journal of Contemporary Painting	United Kingdom	0.104	Q3	44	0	0.18
9192	Kamchatka	Spain	0.104	Q3	147	1460	0.15
9193	Modernism/Modernity	United States	0.104	Q3	99	998	0.05
9194	Musical Quarterly	United States	0.104	Q3	47	667	0.0
9195	New Theatre Quarterly	United Kingdom	0.104	Q3	82	787	0.14
9196	Oxford Art Journal	United Kingdom	0.104	Q3	56	465	0.05
9197	Pamietnik Literacki	Poland	0.104	Q3	211	101	0.02
9198	Religious Inquiries	Iran	0.104	Q3	46	487	0.03
9199	Thomas Wolfe Review	United States	0.104	Q3	8	0	0.0
9200	Virginia Quarterly Review	United States	0.104	Q3	165	0	0.06
9201	Northern Scotland	United Kingdom	0.104	Q4	30	471	0.05
9202	Revue d'Etudes Comparatives Est-Ouest	France	0.104	Q4	48	0	0.22
9203	Acta Koreana	South Korea	0.104	Q4	46	592	0.07
9204	Akkadica	Belgium	0.104	Q4	24	221	0.17
9205	Documenta et Instrumenta	Spain	0.104	Q4	30	428	0.1
9206	East European Jewish Affairs	United Kingdom	0.104	Q4	58	0	0.04
9207	Empedocles	United Kingdom	0.104	Q4	42	394	0.07
9208	Folk Life	United Kingdom	0.104	Q4	26	0	0.11
9209	Gesnerus	Switzerland	0.104	Q4	23	0	0.23
9210	Ragion Pratica	Italy	0.104	Q4	75	984	0.12
9211	Telos	United States	0.104	Q4	152	91	0.06
9212	Brussels Studies	Belgium	0.104	Q4	37	213	0.09
9213	Revue Francaise de Linguistique Appliquee	France	0.104	Q4	9	0	0.0
9214	University of Pittsburgh Law Review	United States	0.104	Q4	80	1492	0.1
9215	Actualizaciones en Osteologia	Argentina	0.104	Q4	52	231	0.03
9216	AAA - Arbeiten aus Anglistik und Amerikanistik	Germany	0.103	Q3	10	0	0.0
9217	Art Journal	United Kingdom	0.103	Q3	121	0	0.13
9218	Cithara	United States	0.103	Q3	14	56	0.0
9219	Etudes Classiques	Belgium	0.103	Q3	11	0	0.0
9220	European Judaism	United States	0.103	Q3	82	666	0.04
9221	Explicator	United States	0.103	Q3	113	166	0.07
9222	Film Comment	United States	0.103	Q3	15	0	0.0
9223	Folk Music Journal	United Kingdom	0.103	Q3	20	0	0.14
9224	Hispanic Review	United States	0.103	Q3	61	1000	0.19
9225	Journal of Austrian studies	United States	0.103	Q3	62	901	0.11
9226	Manuscript Studies	United States	0.103	Q3	39	786	0.4
9227	Notes and Queries	United Kingdom	0.103	Q3	468	807	0.05
9228	Rivista di Filologia Classica	Italy	0.103	Q3	76	0	0.09
9229	Slavia	Czech Republic	0.103	Q3	93	556	0.09
9230	South African Theatre Journal	United Kingdom	0.103	Q3	39	372	0.05
9231	Studia Austriaca	Italy	0.103	Q3	12	0	0.0
9232	Taller de Letras	Chile	0.103	Q3	85	0	0.06
9233	T'oung Pao	Netherlands	0.103	Q3	45	1218	0.06
9234	West 86th	United States	0.103	Q3	57	295	0.05
9235	Zeitschrift fu&#x0308;r Kunstgeschichte	Germany	0.103	Q3	11	0	0.0
9236	Revue d'Histoire des Mathematiques	France	0.103	Q4	10	0	0.0
9237	Correspondances en MHND	France	0.103	Q4	180	619	0.03
9238	Gaceta Mexicana de Oncologia	Spain	0.103	Q4	123	932	0.04
9239	Afriques	France	0.103	Q4	10	390	0.1
9240	Britain and the World	United Kingdom	0.103	Q4	29	0	0.06
9241	Early Music	United Kingdom	0.103	Q4	155	0	0.04
9242	Esprit	France	0.103	Q4	381	0	0.03
9243	Etudes Philosophiques	France	0.103	Q4	80	723	0.24
9244	Innes Review	United Kingdom	0.103	Q4	23	44	0.07
9245	Irish Theological Quarterly	United States	0.103	Q4	59	0	0.18
9246	Italianist	United Kingdom	0.103	Q4	92	0	0.04
9247	Kritike	Philippines	0.103	Q4	74	505	0.14
9248	Liturgy	United Kingdom	0.103	Q4	91	0	0.11
9249	Meta	Romania	0.103	Q4	91	0	0.11
9250	New Zealand Journal of History	New Zealand	0.103	Q4	22	0	0.0
9251	Opera Quarterly	United States	0.103	Q4	26	0	0.0
9252	Studia Leibnitiana	Germany	0.103	Q4	11	0	0.0
9253	Teoria	Italy	0.103	Q4	96	162	0.04
9254	Trashumante	Colombia	0.103	Q4	55	971	0.12
9255	Zeitschrift der Deutschen Morgenlandischen Gesellschaft	Germany	0.103	Q4	10	445	0.1
9256	Zeitschrift fur Historische Forschung	Germany	0.103	Q4	27	460	0.05
9257	Analele Universitatii din Bucuresti, Seria Stiinte Politice	Romania	0.103	Q4	12	98	0.08
9258	Revista de Etnografie si Folclor	Romania	0.103	Q4	9	297	0.0
9259	Amaltea	Spain	0.102	Q3	17	142	0.1
9260	Bulletin Hispanique	France	0.102	Q3	16	847	0.0
9261	Confrontation	United States	0.102	Q3	14	0	0.0
9262	Contemporary French and Francophone Studies	United Kingdom	0.102	Q3	214	439	0.01
9263	Early Medieval China	United Kingdom	0.102	Q3	22	0	0.07
9264	Eighteenth-Century Fiction	Canada	0.102	Q3	81	434	0.08
9265	Ekphrasis	Romania	0.102	Q3	76	372	0.07
9266	In_Bo	Italy	0.102	Q3	79	501	0.06
9267	Infini	France	0.102	Q3	18	25	0.0
9268	Insula	Spain	0.102	Q3	359	874	0.04
9269	International Journal of Persian Literature	United States	0.102	Q3	24	0	0.0
9270	Medieval Sermon Studies	United Kingdom	0.102	Q3	15	0	0.0
9271	Modernist Cultures	United Kingdom	0.102	Q3	75	1049	0.1
9272	Revista Hispanica Moderna	United States	0.102	Q3	32	430	0.1
9273	Sculpture Review	United States	0.102	Q3	60	10	0.03
9274	Seminar - A Journal of Germanic Studies	Canada	0.102	Q3	61	993	0.05
9275	Sight and Sound	United Kingdom	0.102	Q3	131	0	0.0
9276	Studi Secenteschi	Italy	0.102	Q3	32	0	0.0
9277	SVMMA	Spain	0.102	Q3	18	0	0.0
9278	Translation Review	United Kingdom	0.102	Q3	50	237	0.33
9279	Wasafiri	United Kingdom	0.102	Q3	186	430	0.1
9280	World Literature Today	United States	0.102	Q3	331	10	0.02
9281	Vierteljahresschrift fur Sozial und Wirtschaftsgeschichte	Germany	0.102	Q4	42	802	0.08
9282	Vakuum in Forschung und Praxis	Germany	0.102	Q4	101	278	0.03
9283	Change Over Time	United States	0.102	Q4	28	826	0.0
9284	International Sugar Journal	United Kingdom	0.102	Q4	29	0	0.03
9285	Transactions of the Ancient Monuments Society	United Kingdom	0.102	Q4	19	0	0.0
9286	Acta Philosophica	Italy	0.102	Q4	54	415	0.21
9287	Belgisch Tijdschrift voor Nieuwste Geschiedenis/ Revue Belge de Histoire Contemporaine	Belgium	0.102	Q4	21	0	0.0
9288	Cuadernos Hispanoamericanos	Spain	0.102	Q4	19	0	0.0
9289	Degres	Belgium	0.102	Q4	57	175	0.05
9290	East Central Europe	Netherlands	0.102	Q4	46	692	0.33
9291	Filozofska Istrazivanja	Croatia	0.102	Q4	151	234	0.02
9292	Filozofski Vestnik	Slovenia	0.102	Q4	107	0	0.03
9293	French Colonial History	United States	0.102	Q4	20	0	0.07
9294	Frontiers of History in China	Netherlands	0.102	Q4	21	0	0.0
9295	Galilaeana	Italy	0.102	Q4	19	0	0.09
9296	KNOB Bulletin	Netherlands	0.102	Q4	18	0	0.0
9297	Midland History	United Kingdom	0.102	Q4	62	0	0.11
9298	Ming studies	United States	0.102	Q4	26	362	0.05
9299	Monumenta Nipponica	Japan	0.102	Q4	17	163	0.08
9300	Musik und Kirche	Germany	0.102	Q4	17	0	0.0
9301	Pacific Northwest Quarterly	United States	0.102	Q4	24	205	0.0
9302	Philobiblon	Romania	0.102	Q4	69	12	0.0
9303	Plainsong and Medieval Music	United Kingdom	0.102	Q4	18	112	0.0
9304	Revista Portuguesa de Historia	Portugal	0.102	Q4	44	566	0.06
9305	Rinascimento	Italy	0.102	Q4	34	0	0.06
9306	Slovo	United Kingdom	0.102	Q4	19	220	0.07
9307	Storia della Donne	Italy	0.102	Q4	20	0	0.05
9308	Studia et Documenta	Italy	0.102	Q4	17	38	0.06
9309	Studia Historica, Historia Antigua	Spain	0.102	Q4	43	845	0.03
9310	Zeitschrift fur Evangelische Ethik	Germany	0.102	Q4	101	324	0.06
9311	Muttersprache	Germany	0.102	Q4	61	488	0.09
9312	Neuphilologische Mitteilungen	Finland	0.102	Q4	21	0	0.0
9313	Acta Anaesthesiologica Belgica	Belgium	0.102	Q4	76	1243	0.01
9314	Revista Medica de Rosario	Argentina	0.102	Q4	44	364	0.04
9315	Acta Poetica	Mexico	0.101	Q3	55	127	0.03
9316	Anales de Literatura Hispanoamericana	Spain	0.101	Q3	114	0	0.05
9317	Appalachian Journal	United States	0.101	Q3	39	0	0.0
9318	Clio	United States	0.101	Q3	25	594	0.05
9319	French Forum	United States	0.101	Q3	69	362	0.0
9320	George Eliot-George Henry Lewes Studies	United States	0.101	Q3	22	81	0.06
9321	Germanoslavica (Czech Republic)	Czech Republic	0.101	Q3	26	182	0.06
9322	Henry James Review	United States	0.101	Q3	65	659	0.02
9323	Ibsen Studies	United States	0.101	Q3	27	174	0.1
9324	Materiali e Discussioni per l'Analisi dei Testi Classici	Italy	0.101	Q3	22	478	0.0
9325	Revue des Etudes Juives	Belgium	0.101	Q3	41	0	0.0
9326	Russian Studies in Literature	United States	0.101	Q3	27	0	0.0
9327	Sociedad Espanola de Estudios Renacentistas Ingleses	Spain	0.101	Q3	20	0	0.15
9328	Stilistica e Metrica Italiana	Italy	0.101	Q3	32	388	0.0
9329	Studies in Spanish and Latin American Cinemas	United Kingdom	0.101	Q4	52	224	0.05
9330	Tierarztliche Umschau	Germany	0.101	Q4	96	0	0.06
9331	Architectural History	United Kingdom	0.101	Q4	35	492	0.19
9332	Boletin Academico	Spain	0.101	Q4	22	0	0.08
9333	Construction History	United Kingdom	0.101	Q4	44	0	0.07
9334	RA Revista de Arquitectura	Spain	0.101	Q4	44	470	0.04
9335	Acta Literaria	Chile	0.101	Q4	53	307	0.06
9336	Acta Poloniae Historica	Poland	0.101	Q4	50	126	0.03
9337	Agenda	United Kingdom	0.101	Q4	59	1	0.0
9338	Agora - Papeles de Filosofia	Spain	0.101	Q4	75	618	0.12
9339	Akroterion	South Africa	0.101	Q4	32	0	0.0
9340	Akzente	Germany	0.101	Q4	57	0	0.0
9341	Aleph	United States	0.101	Q4	23	0	0.07
9342	Altre Modernita	Italy	0.101	Q4	200	1546	0.05
9343	American Art	United States	0.101	Q4	69	226	0.08
9344	American Book Review	United States	0.101	Q4	54	0	0.02
9345	American Nineteenth Century History	United States	0.101	Q4	40	661	0.11
9346	American Periodicals	United States	0.101	Q4	40	262	0.13
9347	American Poetry Review	United States	0.101	Q4	39	0	0.0
9348	Annales de Bretagne et des pays de l'Ouest	France	0.101	Q4	26	0	0.0
9349	Antike und Abendland	Germany	0.101	Q4	33	856	0.03
9350	Antioch Review, The	United States	0.101	Q4	52	0	0.0
9351	Anuario Musical	Spain	0.101	Q4	32	666	0.05
9352	Arabica	Netherlands	0.101	Q4	53	905	0.21
9353	Aramaic Studies	Netherlands	0.101	Q4	39	182	0.26
9354	Arcadia	Germany	0.101	Q4	31	614	0.05
9355	Archiv fur Reformationsgeschichte	Germany	0.101	Q4	38	372	0.12
9356	Arti Musices	Croatia	0.101	Q4	45	187	0.04
9357	Augustinian Studies	United States	0.101	Q4	23	369	0.0
9358	Aut Aut	Italy	0.101	Q4	156	647	0.07
9359	Beitrage zur Geschichte der Deutschen Sprache und Literatur	Germany	0.101	Q4	46	1002	0.0
9360	Boletim de Estudos Classicos	Portugal	0.101	Q4	34	186	0.0
9361	Boletim do Arquivo da Universidade de Coimbra	Portugal	0.101	Q4	25	552	0.0
9362	Bulletin of the John Rylands Library	United Kingdom	0.101	Q4	41	468	0.0
9363	Burlington Magazine	United Kingdom	0.101	Q4	110	0	0.02
9364	Cahiers Victoriens and Edouardiens	France	0.101	Q4	54	379	0.0
9365	Cinema	Portugal	0.101	Q4	28	0	0.0
9366	Collectanea Christiana Orientalia	Spain	0.101	Q4	50	430	0.0
9367	Colloquia Germanica	Chile	0.101	Q4	65	300	0.02
9368	Comics Grid	United Kingdom	0.101	Q4	37	185	0.08
9369	Communio Viatorum	United States	0.101	Q4	50	222	0.03
9370	Confluenze	Italy	0.101	Q4	146	0	0.07
9371	Contemporary Chinese Thought	United States	0.101	Q4	47	0	0.21
9372	Convivium (Czech Republic)	Belgium	0.101	Q4	107	551	0.02
9373	CounterText	United Kingdom	0.101	Q4	64	612	0.02
9374	Cuadernos de Literatura	Colombia	0.101	Q4	70	596	0.03
9375	Cumhuriyet Ilahiyat Dergisi	Turkey	0.101	Q4	163	1122	0.07
9376	Dacoromania	Romania	0.101	Q4	35	286	0.04
9377	Danza e Ricerca	Italy	0.101	Q4	42	655	0.03
9378	Deutsche Vierteljahrsschrift fur Literaturwissenschaft und Geistesgeschichte	Germany	0.101	Q4	61	67	0.2
9379	Edinburgh Law Review	United Kingdom	0.101	Q4	137	39	0.09
9380	English Literature in Transition, 1880-1920	United States	0.101	Q4	46	0	0.0
9381	Enthymema	Italy	0.101	Q4	170	798	0.03
9382	Erasmus of Rotterdam Society Yearbook	Netherlands	0.101	Q4	30	215	0.11
9383	Estreno	United States	0.101	Q4	30	66	0.14
9384	Explorations in Renaissance culture	Netherlands	0.101	Q4	35	464	0.0
9385	F. Scott Fitzgerald Review	United States	0.101	Q4	39	0	0.0
9386	Family and Community History	United Kingdom	0.101	Q4	39	63	0.04
9387	Fontes Artis Musicae	United States	0.101	Q4	49	269	0.03
9388	GESTA-International Center of Medieval Art	United States	0.101	Q4	25	0	0.24
9389	Hagiographica	Italy	0.101	Q4	30	0	0.0
9390	Hiperboreea	Romania	0.101	Q4	30	604	0.1
9391	Historiographia Linguistica	Netherlands	0.101	Q4	34	0	0.14
9392	Hume Studies	United States	0.101	Q4	27	511	0.0
9393	I Tatti Studies in the Italian Renaissance	Italy	0.101	Q4	60	0	0.06
9394	Iconographica	Italy	0.101	Q4	43	610	0.0
9395	Ilahiyat Studies	Turkey	0.101	Q4	35	271	0.08
9396	Indo-Iranian Journal	Netherlands	0.101	Q4	29	591	0.12
9397	International Journal of Platonic Tradition	Netherlands	0.101	Q4	25	670	0.19
9398	International Journal of Sino-Western Studies	Finland	0.101	Q4	79	112	0.02
9399	Islam - Zeitschrift fur Geschichte und Kultur des Islamischen Orients	Germany	0.101	Q4	43	1064	0.1
9400	Journal of African Cinemas	United Kingdom	0.101	Q4	46	232	0.0
9401	Journal of Beckett Studies	United Kingdom	0.101	Q4	65	286	0.06
9402	Journal of Israeli History	United Kingdom	0.101	Q4	42	510	0.08
9403	Journal of Jewish Ethics	United States	0.101	Q4	38	377	0.14
9404	Journal of Medieval Religious Cultures	United States	0.101	Q4	23	347	0.0
9405	Judaica Bohemiae	Czech Republic	0.101	Q4	28	1	0.0
9406	LEA	Italy	0.101	Q4	42	0	0.0
9407	Lebenswelt	Italy	0.101	Q4	34	0	0.0
9408	Letteratura e Letterature	Italy	0.101	Q4	32	0	0.0
9409	Lied und Populare Kultur	Germany	0.101	Q4	29	0	0.0
9410	Lino	Spain	0.101	Q4	42	320	0.04
9411	Listy Filologicke	Czech Republic	0.101	Q4	46	307	0.0
9412	Literature and History	United Kingdom	0.101	Q4	30	0	0.05
9413	Logos (United States)	United States	0.101	Q4	84	1061	0.11
9414	Massachusetts Review	United States	0.101	Q4	48	0	0.0
9415	Meanjin	Australia	0.101	Q4	351	294	0.03
9416	Mesto a Dejiny	Slovakia	0.101	Q4	28	378	0.05
9417	Michigan Quarterly Review	United States	0.101	Q4	182	114	0.02
9418	Micrologus	Italy	0.101	Q4	30	80	0.0
9419	Miscelanea de Estudios Arabes y Hebraicos, Seccion Hebreo	Spain	0.101	Q4	29	283	0.0
9420	Mitteilungen des Kunsthistorischen Institutes in Florenz	Germany	0.101	Q4	51	515	0.08
9421	Moreana	France	0.101	Q4	36	0	0.0
9422	Museon	Belgium	0.101	Q4	31	0	0.13
9423	Musicologica Brunensia	Czech Republic	0.101	Q4	54	284	0.07
9424	Musikforschung	Germany	0.101	Q4	38	589	0.05
9425	New York History	United States	0.101	Q4	30	515	0.03
9426	Nineteenth Century Prose	United States	0.101	Q4	42	671	0.04
9427	October	United States	0.101	Q4	99	0	0.13
9428	Pacific Coast Philology	United States	0.101	Q4	29	175	0.08
9429	Papers of the Bibliographical Society of America	United States	0.101	Q4	41	39	0.07
9430	Paragraph	United Kingdom	0.101	Q4	67	150	0.04
9431	PentecoStudies	United Kingdom	0.101	Q4	33	0	0.05
9432	Philological Quarterly	United States	0.101	Q4	37	312	0.0
9433	Philosophische Rundschau	Germany	0.101	Q4	40	247	0.0
9434	Plato Journal	Portugal	0.101	Q4	43	271	0.15
9435	Poetry	United States	0.101	Q4	104	4	0.0
9436	Poetry Wales	United Kingdom	0.101	Q4	50	20	0.03
9437	Portuguese Studies	United Kingdom	0.101	Q4	42	637	0.07
9438	Print Quarterly	United Kingdom	0.101	Q4	25	0	0.0
9439	Prolegomena	Croatia	0.101	Q4	36	240	0.0
9440	Quaerendo	Netherlands	0.101	Q4	41	210	0.17
9441	Queens Quarterly	Canada	0.101	Q4	137	0	0.01
9442	Radovi Instituta za Povijest Umjetnosti	Croatia	0.101	Q4	65	0	0.13
9443	Raritan	United States	0.101	Q4	99	0	0.07
9444	Rassegna della Letteratura Italiana	Italy	0.101	Q4	29	232	0.0
9445	Renascence	United States	0.101	Q4	38	146	0.0
9446	Res Mobilis	Spain	0.101	Q4	77	832	0.04
9447	Revista de Filologia Alemana	Spain	0.101	Q4	36	269	0.04
9448	Revista de Filosofia (Chile)	Chile	0.101	Q4	63	0	0.0
9449	Revista de Letras	Brazil	0.101	Q4	47	0	0.0
9450	Revista Euphrosyne	Portugal	0.101	Q4	67	14	0.0
9451	Revue de Musicologie	France	0.101	Q4	25	118	0.05
9452	Revue de Philologie de Litterature et d Histoire Anciennes	France	0.101	Q4	29	0	0.0
9453	Revue des Sciences Philosophiques et Theologiques	France	0.101	Q4	51	392	0.0
9454	Revue Philosophique de la France et de La Etranger	France	0.101	Q4	56	429	0.0
9455	Revue Philosophique de Louvain	Belgium	0.101	Q4	43	0	0.0
9456	Revue Theologique de Louvain	Belgium	0.101	Q4	54	0	0.0
9457	RIHA Journal	Germany	0.101	Q4	69	534	0.06
9458	Rivista di Storia e Letteratura Religiosa	Italy	0.101	Q4	60	0	0.0
9459	Rivista Storica dell'Antichita	Italy	0.101	Q4	22	0	0.13
9460	Romance Philology	Belgium	0.101	Q4	54	0	0.0
9461	Russell - Journal of the Bertrand Russell Studies	Canada	0.101	Q4	34	0	0.0
9462	Saeculum	Germany	0.101	Q4	25	0	0.0
9463	Scriptorium	Belgium	0.101	Q4	36	0	0.04
9464	Sefarad	Spain	0.101	Q4	42	0	0.11
9465	Sic	Croatia	0.101	Q4	54	318	0.09
9466	Simiolus	Netherlands	0.101	Q4	48	240	0.03
9467	Sino-Christian Studies	Taiwan	0.101	Q4	32	126	0.0
9468	Sixteenth Century Journal	United States	0.101	Q4	20	0	0.0
9469	Sixties, The	United Kingdom	0.101	Q4	28	0	0.0
9470	Slavonica	United Kingdom	0.101	Q4	34	347	0.0
9471	Source	United States	0.101	Q4	85	281	0.05
9472	Spiegel der Letteren	Belgium	0.101	Q4	27	0	0.06
9473	Studi Francesi	Italy	0.101	Q4	34	0	0.0
9474	Studi Piemontesi	Italy	0.101	Q4	46	580	0.0
9475	Studia Canonica	Canada	0.101	Q4	30	0	0.0
9476	Studia Theodisca	Italy	0.101	Q4	25	183	0.0
9477	Studies in American Fiction	United States	0.101	Q4	39	0	0.0
9478	Sun Yat-sen Journal of Humanities	Taiwan	0.101	Q4	35	195	0.04
9479	Theatre History Studies	United States	0.101	Q4	37	514	0.04
9480	Tijdschrift voor Filosofie	Belgium	0.101	Q4	55	0	0.07
9481	Tijdschrift Voor Geschiedenis	Netherlands	0.101	Q4	91	0	0.04
9482	Tijdschrift Voor Nederlandse Taal-en Letterkunde	Netherlands	0.101	Q4	37	0	0.0
9483	Tyndale Bulletin	United States	0.101	Q4	42	633	0.0
9484	Wallace Stevens Journal	United States	0.101	Q4	56	134	0.05
9485	Walt Whitman Quarterly Review	United States	0.101	Q4	30	208	0.08
9486	Wesley and Methodist Studies	United States	0.101	Q4	26	251	0.06
9487	Word and Text	Romania	0.101	Q4	33	293	0.04
9488	Zeitschrift fur Franzosische Sprache und Literatur	Germany	0.101	Q4	35	0	0.0
9489	Zograf	Serbia	0.101	Q4	35	0	0.0
9490	ACDI Anuario Colombiano de Derecho Internacional	Colombia	0.101	Q4	47	283	0.05
9491	Adamantius	Italy	0.101	Q4	49	0	0.0
9492	Biblios	United States	0.101	Q4	50	169	0.0
9493	Early Modern Women	United States	0.101	Q4	44	0	0.04
9494	Filologia Mediolatina	Italy	0.101	Q4	38	240	0.0
9495	Frontiers of Law in China	China	0.101	Q4	31	0	0.17
9496	Hrvatski Dijalektoloski Zbornik	Croatia	0.101	Q4	28	0	0.0
9497	Lingua Nostra	Italy	0.101	Q4	42	341	0.0
9498	Medecine et Droit	France	0.101	Q4	68	155	0.15
9499	Studia Ethnologica Croatica	Croatia	0.101	Q4	33	438	0.04
9500	Tekst, Kniga, Knigoizdaniye	Russian Federation	0.1	Q4	79	20	0.05
9501	Lotus International	Italy	0.1	Q4	57	0	0.0
9502	Studii de Istoria si Teoria Arhitecturii	Romania	0.1	Q4	70	0	0.02
9503	Afterall	United States	0.1	Q4	78	167	0.0
9504	American Literary Scholarship	United States	0.1	Q4	56	0	0.0
9505	American Scholar	United States	0.1	Q4	209	0	0.01
9506	Anafora	Croatia	0.1	Q4	64	571	0.05
9507	Anali Zavoda za Povijesne Znanosti Hrvatske Akademije Znanosti i Umjetnosti u Dubrovniku	Croatia	0.1	Q4	85	0	0.02
9508	Aperture	United States	0.1	Q4	138	0	0.0
9509	Apollo	United Kingdom	0.1	Q4	242	0	0.0
9510	Art in America	United States	0.1	Q4	241	0	0.01
9511	ARTnews	United States	0.1	Q4	229	0	0.0
9512	Arts of Asia	Hong Kong	0.1	Q4	83	0	0.0
9513	Athenaeum	Italy	0.1	Q4	93	957	0.0
9514	Avant Scene Opera	France	0.1	Q4	138	100	0.0
9515	Balkanistic Forum	Bulgaria	0.1	Q4	156	964	0.04
9516	Bollettino Filosofico	Italy	0.1	Q4	65	0	0.04
9517	Bronte Studies	United Kingdom	0.1	Q4	101	113	0.05
9518	Cahiers de Civilisation Medievale	France	0.1	Q4	69	465	0.02
9519	Caravelle	France	0.1	Q4	69	186	0.03
9520	Chicago Review	United States	0.1	Q4	97	176	0.0
9521	Cineforum	Italy	0.1	Q4	208	0	0.0
9522	Coloquio-Letras	Portugal	0.1	Q4	173	661	0.01
9523	Confluencia	United States	0.1	Q4	100	352	0.01
9524	Connaissance des Arts	France	0.1	Q4	376	0	0.0
9525	Critique (France)	France	0.1	Q4	149	537	0.02
9526	Dalhousie Review	Canada	0.1	Q4	68	0	0.0
9527	Dance Magazine	United States	0.1	Q4	421	0	0.0
9528	Dancing Times	United Kingdom	0.1	Q4	701	2	0.0
9529	Daphnis	Netherlands	0.1	Q4	99	111	0.0
9530	Diasporas	France	0.1	Q4	58	0	0.13
9531	Du: Zeitschrift Der Kultur	Switzerland	0.1	Q4	242	2	0.0
9532	Edgar Allan Poe Review	United States	0.1	Q4	86	303	0.0
9533	Espiritu	Spain	0.1	Q4	68	320	0.0
9534	Estudios de Teoria Literaria	Argentina	0.1	Q4	190	299	0.05
9535	Etudes Anglaises	France	0.1	Q4	89	259	0.02
9536	Eugene O'Neill Review	United States	0.1	Q4	78	276	0.07
9537	Euphorion - Zeitschrift fur Literaturgeschichte	Germany	0.1	Q4	57	0	0.0
9538	Europe	France	0.1	Q4	672	157	0.0
9539	Filosoficky Casopis	Czech Republic	0.1	Q4	204	138	0.01
9540	Forum Italicum	United States	0.1	Q4	122	1117	0.04
9541	Fourth Genre: Explorations in Nonfiction	United States	0.1	Q4	126	34	0.0
9542	French History	United Kingdom	0.1	Q4	67	0	0.04
9543	Germanisch-Romanische Monatsschrift	Germany	0.1	Q4	55	0	0.05
9544	Giornale Critico della Filosofia Italiana	Italy	0.1	Q4	113	913	0.05
9545	Giornale Storico della Letteratura Italiana	Italy	0.1	Q4	68	0	0.03
9546	Goethe Jahrbuch	Germany	0.1	Q4	87	0	0.0
9547	Gothic Studies	United Kingdom	0.1	Q4	53	598	0.05
9548	Gradiva	United States	0.1	Q4	69	16	0.0
9549	Guerres Mondiales et Conflicts Contemporains	France	0.1	Q4	105	1222	0.0
9550	Hispamerica	United States	0.1	Q4	92	66	0.0
9551	Hispanofila	United States	0.1	Q4	67	429	0.05
9552	Historicky Casopis	Slovakia	0.1	Q4	162	707	0.02
9553	Intersezioni	Italy	0.1	Q4	60	126	0.0
9554	Journal of the West	United States	0.1	Q4	70	552	0.02
9555	Kenyon Review	United States	0.1	Q4	198	10	0.0
9556	Landfall	New Zealand	0.1	Q4	92	0	0.02
9557	Latin American Theatre Review	United States	0.1	Q4	59	150	0.03
9558	Laval Theologique et Philosophique	Canada	0.1	Q4	73	0	0.0
9559	Legacy	United States	0.1	Q4	68	0	0.03
9560	Lettere Italiane	Italy	0.1	Q4	71	0	0.0
9561	Leviathan	United States	0.1	Q4	86	519	0.04
9562	Liberte	Canada	0.1	Q4	231	0	0.0
9563	Literatur und Kritik	Austria	0.1	Q4	184	88	0.0
9564	Magic, Ritual, and Witchcraft	United States	0.1	Q4	55	1058	0.09
9565	Missouri Review	United States	0.1	Q4	157	19	0.01
9566	Montana : the magazine of western history	United States	0.1	Q4	65	0	0.0
9567	Moyen Age	Belgium	0.1	Q4	56	529	0.0
9568	Neue Zeitschrift fur Musik	Germany	0.1	Q4	250	156	0.0
9569	New England Review-Middlebury Series	United States	0.1	Q4	181	9	0.0
9570	North American Review	United States	0.1	Q4	96	1	0.0
9571	Nouvelle Revue Francaise	France	0.1	Q4	259	19	0.0
9572	Novyj Istoriceskij Vestnik	Russian Federation	0.1	Q4	107	84	0.03
9573	Nuova Rivista Storica	Italy	0.1	Q4	114	255	0.0
9574	Overland	Australia	0.1	Q4	172	85	0.03
9575	Oxford German Studies	United Kingdom	0.1	Q4	84	0	0.0
9576	Parabola	United States	0.1	Q4	189	79	0.0
9577	Paris Review	France	0.1	Q4	92	0	0.0
9578	Ploughshares	United States	0.1	Q4	184	0	0.0
9579	Positif	France	0.1	Q4	608	201	0.0
9580	Revue de l'Art	France	0.1	Q4	94	625	0.05
9581	Revue de Metaphysique et de Morale	France	0.1	Q4	93	546	0.06
9582	Revue des Langues Romanes	France	0.1	Q4	56	0	0.0
9583	Revue des Mondes Musulmans et de la Mediterranee	France	0.1	Q4	150	456	0.01
9584	Revue des Musees de France	France	0.1	Q4	92	428	0.02
9585	Revue d'Histoire du Theatre	France	0.1	Q4	102	231	0.0
9586	Revue du Nord	France	0.1	Q4	105	468	0.0
9587	Revue Francaise d'Etudes Americaines	France	0.1	Q4	98	0	0.04
9588	Revue Internationale de Philosophie	Belgium	0.1	Q4	77	268	0.04
9589	Ricerche di Storia dell Arte	Italy	0.1	Q4	93	1017	0.03
9590	Rivista di Letterature Moderne e Comparate	Italy	0.1	Q4	73	305	0.02
9591	Rivista Storica Italiana	Italy	0.1	Q4	90	0	0.09
9592	Romantisme	France	0.1	Q4	125	2099	0.02
9593	Salmagundi	United States	0.1	Q4	73	20	0.0
9594	SEL - Studies in English Literature	United States	0.1	Q4	81	429	0.05
9595	Sewanee Review	United States	0.1	Q4	120	0	0.04
9596	SHAW	United States	0.1	Q4	61	837	0.0
9597	Sinn und Form	Germany	0.1	Q4	224	0	0.0
9598	Southern Humanities Review	United States	0.1	Q4	128	11	0.0
9599	Storia del Pensiero Politico	Italy	0.1	Q4	64	0	0.05
9600	Strumenti Critici	Italy	0.1	Q4	79	322	0.0
9601	Studi e Problemi di Critica Testuale	Italy	0.1	Q4	63	698	0.0
9602	Studi Medievali	Italy	0.1	Q4	61	581	0.0
9603	Studia Musicologica	Hungary	0.1	Q4	59	51	0.02
9604	Studies in Musical Theatre	United Kingdom	0.1	Q4	73	377	0.04
9605	Tanz	Germany	0.1	Q4	431	0	0.0
9606	Teksty Drugie	Poland	0.1	Q4	131	0	0.01
9607	Text und Kritik	Germany	0.1	Q4	111	474	0.0
9608	Theaterheute	Germany	0.1	Q4	142	0	0.0
9609	Twentieth Century Literature	United States	0.1	Q4	54	868	0.11
9610	Umeni	Czech Republic	0.1	Q4	79	569	0.04
9611	Veredas	Portugal	0.1	Q4	89	430	0.0
9612	Verifiche	Italy	0.1	Q4	60	15	0.24
9613	Vigiliae Christianae	Netherlands	0.1	Q4	83	502	0.07
9614	Weimarer Beitrage	Austria	0.1	Q4	96	748	0.01
9615	Westerly	Australia	0.1	Q4	248	0	0.0
9616	Western Humanities Review	United States	0.1	Q4	63	0	0.0
9617	Yale Review	United States	0.1	Q4	209	0	0.02
9618	Zeitschrift fur Theologie und Kirche	Germany	0.1	Q4	56	415	0.15
9619	Zivot Umjetnosti	Croatia	0.1	Q4	65	0	0.08
9620	Universität Trier, Mathematik/Informatik, Forschungsbericht	\N	\N	\N	\N	\N	\N
9621	GTE Laboratories Incorporated	\N	\N	\N	\N	\N	\N
9622	Technical Report	\N	\N	\N	\N	\N	\N
9623	IWBS Report	\N	\N	\N	\N	\N	\N
9624	LILOG-Report	\N	\N	\N	\N	\N	\N
9625	LILOG-Memo	\N	\N	\N	\N	\N	\N
9626	IBM Publication	\N	\N	\N	\N	\N	\N
9627	ANSI X3H2	\N	\N	\N	\N	\N	\N
9628	ANSI X2H2	\N	\N	\N	\N	\N	\N
9629	Technical Rep. UKSC 0060, IBM United Kingdom Scientific Centre	\N	\N	\N	\N	\N	\N
9630	Compulog Newsletter	\N	\N	\N	\N	\N	\N
9631	IJCAET	\N	\N	\N	\N	\N	\N
9632	iJEP	\N	\N	\N	\N	\N	\N
9633	JTAER	\N	\N	\N	\N	\N	\N
9634	Comput. Meth. in Appl. Math.	\N	\N	\N	\N	\N	\N
9635	IJICTHD	\N	\N	\N	\N	\N	\N
9636	Kognitionswissenschaft	\N	\N	\N	\N	\N	\N
9637	SIGBED Review	\N	\N	\N	\N	\N	\N
9638	J. Comp. Assisted Learning	\N	\N	\N	\N	\N	\N
9639	Journal of Systems Integration	\N	\N	\N	\N	\N	\N
9640	IEEE Expert	\N	\N	\N	\N	\N	\N
9641	Document Numérique	\N	\N	\N	\N	\N	\N
9642	I. J. Robotic Res.	\N	\N	\N	\N	\N	\N
9643	Technique et Science Informatiques	\N	\N	\N	\N	\N	\N
9644	IEEE Trans. Med. Imaging	\N	\N	\N	\N	\N	\N
9645	IJICoT	\N	\N	\N	\N	\N	\N
9646	LLC	\N	\N	\N	\N	\N	\N
9647	TinyToCS	\N	\N	\N	\N	\N	\N
9648	IEEE Transactions on Speech and Audio Processing	\N	\N	\N	\N	\N	\N
9649	IJICTE	\N	\N	\N	\N	\N	\N
9650	JACIC	\N	\N	\N	\N	\N	\N
9651	IJISMD	\N	\N	\N	\N	\N	\N
9652	J. of IT & Tourism	\N	\N	\N	\N	\N	\N
9653	Angewandte Informatik	\N	\N	\N	\N	\N	\N
9654	Wirtschaftsinformatik	\N	\N	\N	\N	\N	\N
9655	Webology	\N	\N	\N	\N	\N	\N
9656	IJAGR	\N	\N	\N	\N	\N	\N
9657	TACO	\N	\N	\N	\N	\N	\N
9658	VLDB J.	\N	\N	\N	\N	\N	\N
9659	IJCICG	\N	\N	\N	\N	\N	\N
9660	IJSE	\N	\N	\N	\N	\N	\N
9661	IJAIP	\N	\N	\N	\N	\N	\N
9662	IJDCF	\N	\N	\N	\N	\N	\N
9663	IJCALLT	\N	\N	\N	\N	\N	\N
9664	J. Adv. Inf. Fusion	\N	\N	\N	\N	\N	\N
9665	IJSSS	\N	\N	\N	\N	\N	\N
9666	IEEE Trans. Comput. Intellig. and AI in Games	\N	\N	\N	\N	\N	\N
9667	IEEE T. Human-Machine Systems	\N	\N	\N	\N	\N	\N
9668	IJCSA	\N	\N	\N	\N	\N	\N
9669	TiiS	\N	\N	\N	\N	\N	\N
9670	IJDLDC	\N	\N	\N	\N	\N	\N
9671	Design Autom. for Emb. Sys.	\N	\N	\N	\N	\N	\N
9672	TAAS	\N	\N	\N	\N	\N	\N
9673	IEEE Trans. Knowl. Data Eng.	\N	\N	\N	\N	\N	\N
9674	IJAMC	\N	\N	\N	\N	\N	\N
9675	Australasian J. of Inf. Systems	\N	\N	\N	\N	\N	\N
9676	IJCAC	\N	\N	\N	\N	\N	\N
9677	IJPRAI	\N	\N	\N	\N	\N	\N
9678	IJAOSE	\N	\N	\N	\N	\N	\N
9679	I. J. Bifurcation and Chaos	\N	\N	\N	\N	\N	\N
9680	IJISTA	\N	\N	\N	\N	\N	\N
9681	Ann. Math. Artif. Intell.	\N	\N	\N	\N	\N	\N
9682	IJALR	\N	\N	\N	\N	\N	\N
9683	IJBIS	\N	\N	\N	\N	\N	\N
9684	Data Quality Journal	\N	\N	\N	\N	\N	\N
9685	IJHPCN	\N	\N	\N	\N	\N	\N
9686	JACIII	\N	\N	\N	\N	\N	\N
9687	TAPOS	\N	\N	\N	\N	\N	\N
9688	Journal of Social Structure	\N	\N	\N	\N	\N	\N
9689	IJMDEM	\N	\N	\N	\N	\N	\N
9690	TOMCCAP	\N	\N	\N	\N	\N	\N
9691	Intell. Data Anal.	\N	\N	\N	\N	\N	\N
9692	T. Edutainment	\N	\N	\N	\N	\N	\N
9693	LOPLAS	\N	\N	\N	\N	\N	\N
9694	IEEE Signal Process. Mag.	\N	\N	\N	\N	\N	\N
9695	Pattern Anal. Appl.	\N	\N	\N	\N	\N	\N
9696	Rel. Eng. & Sys. Safety	\N	\N	\N	\N	\N	\N
9697	Operating Systems Review	\N	\N	\N	\N	\N	\N
9698	Math. Meth. of OR	\N	\N	\N	\N	\N	\N
9699	IJIEI	\N	\N	\N	\N	\N	\N
9700	Theory Comput. Syst.	\N	\N	\N	\N	\N	\N
9701	Mathematical Systems Theory	\N	\N	\N	\N	\N	\N
9702	IJDAR	\N	\N	\N	\N	\N	\N
9703	JMPT	\N	\N	\N	\N	\N	\N
9704	IJICT	\N	\N	\N	\N	\N	\N
9705	IJISCRAM	\N	\N	\N	\N	\N	\N
9706	Journal Comp. Netw. and Communic.	\N	\N	\N	\N	\N	\N
9707	IJIIP	\N	\N	\N	\N	\N	\N
9708	IJHCR	\N	\N	\N	\N	\N	\N
9709	IJDMB	\N	\N	\N	\N	\N	\N
9710	IJKSS	\N	\N	\N	\N	\N	\N
9711	IJAL	\N	\N	\N	\N	\N	\N
9712	JOEUC	\N	\N	\N	\N	\N	\N
9713	JoSSR	\N	\N	\N	\N	\N	\N
9714	JoSS	\N	\N	\N	\N	\N	\N
9715	Inf. Sci.	\N	\N	\N	\N	\N	\N
9716	Eur. J. Control	\N	\N	\N	\N	\N	\N
9717	IJKSR	\N	\N	\N	\N	\N	\N
9718	IEEE Trans. Software Eng.	\N	\N	\N	\N	\N	\N
9719	ACM SIGMOD Digital Symposium Collection	\N	\N	\N	\N	\N	\N
9720	Software - Concepts and Tools	\N	\N	\N	\N	\N	\N
9721	Structured Programming	\N	\N	\N	\N	\N	\N
9722	IJMR	\N	\N	\N	\N	\N	\N
9723	J. Riga Technical University	\N	\N	\N	\N	\N	\N
9724	EG	\N	\N	\N	\N	\N	\N
9725	BIAA	\N	\N	\N	\N	\N	\N
9726	AI EDAM	\N	\N	\N	\N	\N	\N
9727	IJHCITP	\N	\N	\N	\N	\N	\N
9728	IJBIC	\N	\N	\N	\N	\N	\N
9729	TWEB	\N	\N	\N	\N	\N	\N
9730	IJCIS	\N	\N	\N	\N	\N	\N
9731	BMC Systems Biology	\N	\N	\N	\N	\N	\N
9732	ACM Trans. Softw. Eng. Methodol.	\N	\N	\N	\N	\N	\N
9733	Requir. Eng.	\N	\N	\N	\N	\N	\N
9734	Discrete Math., Alg. and Appl.	\N	\N	\N	\N	\N	\N
9735	IJANTTI	\N	\N	\N	\N	\N	\N
9736	IJSDS	\N	\N	\N	\N	\N	\N
9737	IEEE Technol. Soc. Mag.	\N	\N	\N	\N	\N	\N
9738	Cryptologia	\N	\N	\N	\N	\N	\N
9739	EJIS	\N	\N	\N	\N	\N	\N
9740	IJEHMC	\N	\N	\N	\N	\N	\N
9741	IJGHPC	\N	\N	\N	\N	\N	\N
9742	Praxis der Informationsverarbeitung und Kommunikation	\N	\N	\N	\N	\N	\N
9743	Comp. in Bio. and Med.	\N	\N	\N	\N	\N	\N
9744	IEEE/ACM Trans. Comput. Biology Bioinform.	\N	\N	\N	\N	\N	\N
9745	I. J. Information Acquisition	\N	\N	\N	\N	\N	\N
9746	Electron. Trans. Artif. Intell.	\N	\N	\N	\N	\N	\N
9747	IJSNM	\N	\N	\N	\N	\N	\N
9748	IJWNBT	\N	\N	\N	\N	\N	\N
9749	J. London Math. Society	\N	\N	\N	\N	\N	\N
9750	IJBDCN	\N	\N	\N	\N	\N	\N
9751	Expert Syst. Appl.	\N	\N	\N	\N	\N	\N
9752	MMI Interaktiv	\N	\N	\N	\N	\N	\N
9753	Int. J. Applied Earth Observation and Geoinformation	\N	\N	\N	\N	\N	\N
9754	IJSS	\N	\N	\N	\N	\N	\N
9755	e-Minds	\N	\N	\N	\N	\N	\N
9756	IJES	\N	\N	\N	\N	\N	\N
9757	Inf. Retr.	\N	\N	\N	\N	\N	\N
9758	I. J. RF Technol.: Res. and Appl.	\N	\N	\N	\N	\N	\N
9759	IEEE Distributed Systems Online	\N	\N	\N	\N	\N	\N
9760	IJSSOE	\N	\N	\N	\N	\N	\N
9761	I. J. Comput. Appl.	\N	\N	\N	\N	\N	\N
9762	JCM	\N	\N	\N	\N	\N	\N
9763	IJORIS	\N	\N	\N	\N	\N	\N
9764	J. Comput. Syst. Sci.	\N	\N	\N	\N	\N	\N
9765	IEEE Trans. Biomed. Circuits and Systems	\N	\N	\N	\N	\N	\N
9766	CoRR	\N	\N	\N	\N	\N	\N
9767	Aslib Proceedings	\N	\N	\N	\N	\N	\N
9768	Social Netw. Analys. Mining	\N	\N	\N	\N	\N	\N
9769	Smart CR	\N	\N	\N	\N	\N	\N
9770	First Monday	\N	\N	\N	\N	\N	\N
9771	IJHAC	\N	\N	\N	\N	\N	\N
9772	IJITBAG	\N	\N	\N	\N	\N	\N
9773	PVLDB	\N	\N	\N	\N	\N	\N
9774	PsychNology Journal	\N	\N	\N	\N	\N	\N
9775	iJOE	\N	\N	\N	\N	\N	\N
9776	Elektronische Informationsverarbeitung und Kybernetik	\N	\N	\N	\N	\N	\N
9777	TAP	\N	\N	\N	\N	\N	\N
9778	EAIT	\N	\N	\N	\N	\N	\N
9779	J. Prog. Lang.	\N	\N	\N	\N	\N	\N
9780	J. Log. Comput.	\N	\N	\N	\N	\N	\N
9781	ISPRS Int. J. Geo-Information	\N	\N	\N	\N	\N	\N
9782	IEEE Trans. Circuits Syst. Video Techn.	\N	\N	\N	\N	\N	\N
9783	Int. J. Comput. Proc. Oriental Lang.	\N	\N	\N	\N	\N	\N
9784	JIT	\N	\N	\N	\N	\N	\N
9785	Quality and Reliability Eng. Int.	\N	\N	\N	\N	\N	\N
9786	OOPS Messenger	\N	\N	\N	\N	\N	\N
9787	L'OBJET	\N	\N	\N	\N	\N	\N
9788	IEICE Electronic Express	\N	\N	\N	\N	\N	\N
9789	JSAT	\N	\N	\N	\N	\N	\N
9790	IJGCMS	\N	\N	\N	\N	\N	\N
9791	EAI Endorsed Trans. Energy Web	\N	\N	\N	\N	\N	\N
9792	Intelligent Tutoring Media	\N	\N	\N	\N	\N	\N
9793	IJWMC	\N	\N	\N	\N	\N	\N
9794	IEEE Trans. Mob. Comput.	\N	\N	\N	\N	\N	\N
9795	Appl. Intell.	\N	\N	\N	\N	\N	\N
9796	J. ACM	\N	\N	\N	\N	\N	\N
9797	Monte Carlo Meth. and Appl.	\N	\N	\N	\N	\N	\N
9798	IBM Systems Journal	\N	\N	\N	\N	\N	\N
9799	OR Insight	\N	\N	\N	\N	\N	\N
9800	ACM Trans. Model. Comput. Simul.	\N	\N	\N	\N	\N	\N
9801	TOCT	\N	\N	\N	\N	\N	\N
9802	ACM TIST	\N	\N	\N	\N	\N	\N
9803	Scandinavian J. Inf. Systems	\N	\N	\N	\N	\N	\N
9804	Interact. Techn. Smart Edu.	\N	\N	\N	\N	\N	\N
9805	J. Database Manag.	\N	\N	\N	\N	\N	\N
9806	Journal of Software Maintenance	\N	\N	\N	\N	\N	\N
9807	JSEA	\N	\N	\N	\N	\N	\N
9808	IJITN	\N	\N	\N	\N	\N	\N
9809	IEEE Trans. VLSI Syst.	\N	\N	\N	\N	\N	\N
9810	IJDTIS	\N	\N	\N	\N	\N	\N
9811	Math. Oper. Res.	\N	\N	\N	\N	\N	\N
9812	J. Log. Program.	\N	\N	\N	\N	\N	\N
9813	J. Log. Algebr. Program.	\N	\N	\N	\N	\N	\N
9814	ACM Trans. Comput.-Hum. Interact.	\N	\N	\N	\N	\N	\N
9815	IJOM	\N	\N	\N	\N	\N	\N
9816	SIGCSE Bulletin	\N	\N	\N	\N	\N	\N
9817	JGIM	\N	\N	\N	\N	\N	\N
9818	IJISSC	\N	\N	\N	\N	\N	\N
9819	IJMHCI	\N	\N	\N	\N	\N	\N
9820	J. Inf. Sci. Eng.	\N	\N	\N	\N	\N	\N
9821	Eur. J. Comb.	\N	\N	\N	\N	\N	\N
9822	KES Journal	\N	\N	\N	\N	\N	\N
9823	IEEE Trans. Neural Netw. Learning Syst.	\N	\N	\N	\N	\N	\N
9824	ACM SIGMOD Digital Review	\N	\N	\N	\N	\N	\N
9825	Digital Investigation	\N	\N	\N	\N	\N	\N
9826	TRETS	\N	\N	\N	\N	\N	\N
9827	Control and Cybernetics	\N	\N	\N	\N	\N	\N
9828	JIPS	\N	\N	\N	\N	\N	\N
9829	ECEASST	\N	\N	\N	\N	\N	\N
9830	Int. J. Comput. Syst. Signal	\N	\N	\N	\N	\N	\N
9831	IMPACT Comput. Sci. Eng.	\N	\N	\N	\N	\N	\N
9832	Dagstuhl Manifestos	\N	\N	\N	\N	\N	\N
9833	MONET	\N	\N	\N	\N	\N	\N
9834	JCIT	\N	\N	\N	\N	\N	\N
9835	CVGIP: Graphical Model and Image Processing	\N	\N	\N	\N	\N	\N
9836	LOG IN	\N	\N	\N	\N	\N	\N
9837	CIT	\N	\N	\N	\N	\N	\N
9838	IJT	\N	\N	\N	\N	\N	\N
9839	OMICS	\N	\N	\N	\N	\N	\N
9840	TOSN	\N	\N	\N	\N	\N	\N
9841	Software and System Modeling	\N	\N	\N	\N	\N	\N
9842	eLearn Magazine	\N	\N	\N	\N	\N	\N
9843	TPLP	\N	\N	\N	\N	\N	\N
9844	MCFNS	\N	\N	\N	\N	\N	\N
9845	ACM Trans. Comput. Log.	\N	\N	\N	\N	\N	\N
9846	JETC	\N	\N	\N	\N	\N	\N
9847	IEEE Trans. on CAD of Integrated Circuits and Systems	\N	\N	\N	\N	\N	\N
9848	Software Focus	\N	\N	\N	\N	\N	\N
9849	J. Comb. Theory, Ser. A	\N	\N	\N	\N	\N	\N
9850	J. Comb. Theory, Ser. B	\N	\N	\N	\N	\N	\N
9851	JOCCH	\N	\N	\N	\N	\N	\N
9852	IJEIS	\N	\N	\N	\N	\N	\N
9853	JUSPN	\N	\N	\N	\N	\N	\N
9854	IJWS	\N	\N	\N	\N	\N	\N
9855	JITE	\N	\N	\N	\N	\N	\N
9856	Int. J. Web Eng. Technol.	\N	\N	\N	\N	\N	\N
9857	Comput. Graph. Forum	\N	\N	\N	\N	\N	\N
9858	SIGACT News	\N	\N	\N	\N	\N	\N
9859	IJDLS	\N	\N	\N	\N	\N	\N
9860	IJSSCI	\N	\N	\N	\N	\N	\N
9861	J. Parallel Distrib. Comput.	\N	\N	\N	\N	\N	\N
9862	IEEE Trans. Vis. Comput. Graph.	\N	\N	\N	\N	\N	\N
9863	Journal of Zhejiang University - Science C	\N	\N	\N	\N	\N	\N
9864	IJDMMM	\N	\N	\N	\N	\N	\N
9865	Procedia CS	\N	\N	\N	\N	\N	\N
9866	IJRFITA	\N	\N	\N	\N	\N	\N
9867	IJEH	\N	\N	\N	\N	\N	\N
9868	IEEE J. Rob. Autom.	\N	\N	\N	\N	\N	\N
9869	IJPOP	\N	\N	\N	\N	\N	\N
9870	Commun. ACM	\N	\N	\N	\N	\N	\N
9871	Int. Arab J. Inf. Technol.	\N	\N	\N	\N	\N	\N
9872	Electronic Publishing	\N	\N	\N	\N	\N	\N
9873	Adv. in Math. of Comm.	\N	\N	\N	\N	\N	\N
9874	EAI Endorsed Trans. Ambient Systems	\N	\N	\N	\N	\N	\N
9875	ICST Trans. Ambient Systems	\N	\N	\N	\N	\N	\N
9876	Paladyn	\N	\N	\N	\N	\N	\N
9877	JTHTL	\N	\N	\N	\N	\N	\N
9878	IJATS	\N	\N	\N	\N	\N	\N
9879	Inf. Comput.	\N	\N	\N	\N	\N	\N
9880	IJSIR	\N	\N	\N	\N	\N	\N
9881	IJWIS	\N	\N	\N	\N	\N	\N
9882	Neural Parallel & Scientific Comp.	\N	\N	\N	\N	\N	\N
9883	Comput. Syst. Sci. Eng.	\N	\N	\N	\N	\N	\N
9884	IJSHC	\N	\N	\N	\N	\N	\N
9885	IEEE Trans. Dependable Sec. Comput.	\N	\N	\N	\N	\N	\N
9886	IJLT	\N	\N	\N	\N	\N	\N
9887	IJWP	\N	\N	\N	\N	\N	\N
9888	IJKBO	\N	\N	\N	\N	\N	\N
9889	Sci. Ann. Cuza Univ.	\N	\N	\N	\N	\N	\N
9890	Sci. Ann. Comp. Sci.	\N	\N	\N	\N	\N	\N
9891	IJKDB	\N	\N	\N	\N	\N	\N
9892	SIGART Newsletter	\N	\N	\N	\N	\N	\N
9893	VLSI Design	\N	\N	\N	\N	\N	\N
9894	Adv. Internet of Things	\N	\N	\N	\N	\N	\N
9895	IJACDT	\N	\N	\N	\N	\N	\N
9896	Real-Time Imaging	\N	\N	\N	\N	\N	\N
9897	IJAVET	\N	\N	\N	\N	\N	\N
9898	J. Comput. Sci. Technol.	\N	\N	\N	\N	\N	\N
9899	JDCTA	\N	\N	\N	\N	\N	\N
9900	IJEEI	\N	\N	\N	\N	\N	\N
9901	Scholarpedia	\N	\N	\N	\N	\N	\N
9902	Int. J. Comp. Sci. Sport	\N	\N	\N	\N	\N	\N
9903	JAMIA	\N	\N	\N	\N	\N	\N
9904	JECO	\N	\N	\N	\N	\N	\N
9905	ACM Trans. Internet Techn.	\N	\N	\N	\N	\N	\N
9906	Future Generation Comp. Syst.	\N	\N	\N	\N	\N	\N
9907	iJET	\N	\N	\N	\N	\N	\N
9908	Appl. Math. Lett.	\N	\N	\N	\N	\N	\N
9909	IJMIS	\N	\N	\N	\N	\N	\N
9910	IJMHeur	\N	\N	\N	\N	\N	\N
9911	EURASIP J. Image and Video Processing	\N	\N	\N	\N	\N	\N
9912	Electr. Notes Theor. Comput. Sci.	\N	\N	\N	\N	\N	\N
9913	User Model. User-Adapt. Interact.	\N	\N	\N	\N	\N	\N
9914	J. Sci. Comput.	\N	\N	\N	\N	\N	\N
9915	IJIDSS	\N	\N	\N	\N	\N	\N
9916	IJEBR	\N	\N	\N	\N	\N	\N
9917	IJTM	\N	\N	\N	\N	\N	\N
9918	Fundam. Inform.	\N	\N	\N	\N	\N	\N
9919	Data Knowl. Eng.	\N	\N	\N	\N	\N	\N
9920	IJCVIP	\N	\N	\N	\N	\N	\N
9921	EURASIP J. Wireless Comm. and Networking	\N	\N	\N	\N	\N	\N
9922	JASIST	\N	\N	\N	\N	\N	\N
9923	JASIS	\N	\N	\N	\N	\N	\N
9924	IEEE Trans. on Circuits and Systems	\N	\N	\N	\N	\N	\N
9925	IJNCR	\N	\N	\N	\N	\N	\N
9926	IJNMC	\N	\N	\N	\N	\N	\N
9927	Foundations and Trends in Networking	\N	\N	\N	\N	\N	\N
9928	J. Mobile Multimedia	\N	\N	\N	\N	\N	\N
9929	IJMTM	\N	\N	\N	\N	\N	\N
9930	CLEI Electron. J.	\N	\N	\N	\N	\N	\N
9931	Cybernetics and Human Knowing	\N	\N	\N	\N	\N	\N
9932	J. Network Syst. Manage.	\N	\N	\N	\N	\N	\N
9933	Informatik Spektrum	\N	\N	\N	\N	\N	\N
9934	IEICE Transactions	\N	\N	\N	\N	\N	\N
9935	IJIPT	\N	\N	\N	\N	\N	\N
9936	J. UCS	\N	\N	\N	\N	\N	\N
9937	In Silico Biology	\N	\N	\N	\N	\N	\N
9938	HMD - Praxis Wirtschaftsinform.	\N	\N	\N	\N	\N	\N
9939	Inform., Forsch. Entwickl.	\N	\N	\N	\N	\N	\N
9940	IJICST	\N	\N	\N	\N	\N	\N
9941	ACM StandardView	\N	\N	\N	\N	\N	\N
9942	Journal of Functional and Logic Programming	\N	\N	\N	\N	\N	\N
9943	Int. Arab J. e-Technol.	\N	\N	\N	\N	\N	\N
9944	IJEB	\N	\N	\N	\N	\N	\N
9945	JILSA	\N	\N	\N	\N	\N	\N
9946	IJAPUC	\N	\N	\N	\N	\N	\N
9947	IEEE Robot. Automat. Mag.	\N	\N	\N	\N	\N	\N
9948	IJQAETE	\N	\N	\N	\N	\N	\N
9949	ITSSA	\N	\N	\N	\N	\N	\N
9950	IJCINI	\N	\N	\N	\N	\N	\N
9951	JOOP	\N	\N	\N	\N	\N	\N
9952	IxD&A	\N	\N	\N	\N	\N	\N
9953	TAL	\N	\N	\N	\N	\N	\N
9954	IJIDE	\N	\N	\N	\N	\N	\N
9955	IJGC	\N	\N	\N	\N	\N	\N
9956	T. Petri Nets and Other Models of Concurrency	\N	\N	\N	\N	\N	\N
9957	IJAEIS	\N	\N	\N	\N	\N	\N
9958	Nord. J. Comput.	\N	\N	\N	\N	\N	\N
9959	Archive of Formal Proofs	\N	\N	\N	\N	\N	\N
9960	IEEE Data Eng. Bull.	\N	\N	\N	\N	\N	\N
9961	IEEE Database Eng. Bull.	\N	\N	\N	\N	\N	\N
9962	IJATEM	\N	\N	\N	\N	\N	\N
9963	J. Solid-State Circuits	\N	\N	\N	\N	\N	\N
9964	Electr. J. Comb.	\N	\N	\N	\N	\N	\N
9965	IJICTRDA	\N	\N	\N	\N	\N	\N
9966	IEEE Personal Commun.	\N	\N	\N	\N	\N	\N
9967	Arch. Math. Log.	\N	\N	\N	\N	\N	\N
9968	JIDM	\N	\N	\N	\N	\N	\N
9969	Int. J. Intell. Syst.	\N	\N	\N	\N	\N	\N
9970	IEEE-RITA	\N	\N	\N	\N	\N	\N
9971	IJAHUC	\N	\N	\N	\N	\N	\N
9972	J. Applied Logic	\N	\N	\N	\N	\N	\N
9973	Comp. Med. Imag. and Graph.	\N	\N	\N	\N	\N	\N
9974	news@nature.com	\N	\N	\N	\N	\N	\N
9975	Int. J. Approx. Reasoning	\N	\N	\N	\N	\N	\N
9976	IEEE/ACM Trans. Netw.	\N	\N	\N	\N	\N	\N
9977	Int. J. Hum. Comput. Interaction	\N	\N	\N	\N	\N	\N
9978	J. Systems and IT	\N	\N	\N	\N	\N	\N
9979	SIGSPATIAL Special	\N	\N	\N	\N	\N	\N
9980	IEEE T. Cybernetics	\N	\N	\N	\N	\N	\N
9981	Oper. Res. Lett.	\N	\N	\N	\N	\N	\N
9982	IJEBM	\N	\N	\N	\N	\N	\N
9983	IJTEM	\N	\N	\N	\N	\N	\N
9984	JCP	\N	\N	\N	\N	\N	\N
9985	IEEE Instrum. Meas. Mag.	\N	\N	\N	\N	\N	\N
9986	IJCSE	\N	\N	\N	\N	\N	\N
9987	T. GIS	\N	\N	\N	\N	\N	\N
9988	ACM Crossroads	\N	\N	\N	\N	\N	\N
9989	ACM Trans. Database Syst.	\N	\N	\N	\N	\N	\N
9990	IJNVO	\N	\N	\N	\N	\N	\N
9991	IJDE	\N	\N	\N	\N	\N	\N
9992	ACM Trans. Comput. Syst.	\N	\N	\N	\N	\N	\N
9993	International Journal of Shape Modeling	\N	\N	\N	\N	\N	\N
9994	SIGIR Forum	\N	\N	\N	\N	\N	\N
9995	IJGUC	\N	\N	\N	\N	\N	\N
9996	IEEE Signal Process. Lett.	\N	\N	\N	\N	\N	\N
9997	ACM Trans. Design Autom. Electr. Syst.	\N	\N	\N	\N	\N	\N
9998	Appl. Algebra Eng. Commun. Comput.	\N	\N	\N	\N	\N	\N
9999	IJ3DIM	\N	\N	\N	\N	\N	\N
10000	IJISP	\N	\N	\N	\N	\N	\N
10001	J. Braz. Comp. Soc.	\N	\N	\N	\N	\N	\N
10002	JAMDS	\N	\N	\N	\N	\N	\N
10003	ADS	\N	\N	\N	\N	\N	\N
10004	Enterprise IS	\N	\N	\N	\N	\N	\N
10005	CMG Transactions	\N	\N	\N	\N	\N	\N
10006	IJAISC	\N	\N	\N	\N	\N	\N
10007	iJIM	\N	\N	\N	\N	\N	\N
10008	Int. J. IT Standards and Standardization Res.	\N	\N	\N	\N	\N	\N
10009	IJDSST	\N	\N	\N	\N	\N	\N
10010	ACM Trans. Math. Softw.	\N	\N	\N	\N	\N	\N
10011	Zeitschrift für Medienpsychologie	\N	\N	\N	\N	\N	\N
10012	J. Autom. Reasoning	\N	\N	\N	\N	\N	\N
10013	IJMSO	\N	\N	\N	\N	\N	\N
10014	IJHISI	\N	\N	\N	\N	\N	\N
10015	Stud. Inform. Univ.	\N	\N	\N	\N	\N	\N
10016	TACL	\N	\N	\N	\N	\N	\N
10017	JAISE	\N	\N	\N	\N	\N	\N
10018	IJIMR	\N	\N	\N	\N	\N	\N
10019	IJDET	\N	\N	\N	\N	\N	\N
10020	ACM SIGMOD Anthology	\N	\N	\N	\N	\N	\N
10021	T. Large-Scale Data- and Knowledge-Centered Systems	\N	\N	\N	\N	\N	\N
10022	Progress in AI	\N	\N	\N	\N	\N	\N
10023	IJMEI	\N	\N	\N	\N	\N	\N
10024	SIGKDD Explorations	\N	\N	\N	\N	\N	\N
10025	J. Web Sem.	\N	\N	\N	\N	\N	\N
10026	Object Oriented Systems	\N	\N	\N	\N	\N	\N
10027	Sci. Comput. Program.	\N	\N	\N	\N	\N	\N
10028	Bull. Acad. Polon. Sci., Sér. Sci. Math. Astronom. Phys.	\N	\N	\N	\N	\N	\N
10029	IJCLCLP	\N	\N	\N	\N	\N	\N
10030	Comp. Opt. and Appl.	\N	\N	\N	\N	\N	\N
10031	Int. J. Math. Mathematical Sciences	\N	\N	\N	\N	\N	\N
10032	NHM	\N	\N	\N	\N	\N	\N
10033	ACM Trans. Asian Lang. Inf. Process.	\N	\N	\N	\N	\N	\N
10034	Cyberpsy., Behavior, and Soc. Networking	\N	\N	\N	\N	\N	\N
10035	TOCE	\N	\N	\N	\N	\N	\N
10036	Math. Comput.	\N	\N	\N	\N	\N	\N
10037	IJWBC	\N	\N	\N	\N	\N	\N
10038	IT & People	\N	\N	\N	\N	\N	\N
10039	Auton. Robots	\N	\N	\N	\N	\N	\N
10040	ISSE	\N	\N	\N	\N	\N	\N
10041	Comput. J.	\N	\N	\N	\N	\N	\N
10042	IJOCI	\N	\N	\N	\N	\N	\N
10043	Knowledge Eng. Review	\N	\N	\N	\N	\N	\N
10044	IJEOE	\N	\N	\N	\N	\N	\N
10045	Int. J. Auton. Comp.	\N	\N	\N	\N	\N	\N
10046	J. Electron. Commerce Res.	\N	\N	\N	\N	\N	\N
10047	Inf. Res.	\N	\N	\N	\N	\N	\N
10048	Int. J. Comput. Math.	\N	\N	\N	\N	\N	\N
10049	JNIT	\N	\N	\N	\N	\N	\N
10050	Game Studies	\N	\N	\N	\N	\N	\N
10051	Bulletin of the IGPL	\N	\N	\N	\N	\N	\N
10052	Math. Program. Comput.	\N	\N	\N	\N	\N	\N
10053	JIKM	\N	\N	\N	\N	\N	\N
10054	Inf. Process. Manage.	\N	\N	\N	\N	\N	\N
10055	IJSKD	\N	\N	\N	\N	\N	\N
10056	IJGBL	\N	\N	\N	\N	\N	\N
10057	IEEE J. Emerg. Sel. Topics Circuits Syst.	\N	\N	\N	\N	\N	\N
10058	ACM Trans. Program. Lang. Syst.	\N	\N	\N	\N	\N	\N
10059	IJSN	\N	\N	\N	\N	\N	\N
10060	Chicago J. Theor. Comput. Sci.	\N	\N	\N	\N	\N	\N
10061	IJNGC	\N	\N	\N	\N	\N	\N
10062	Comput. Lang.	\N	\N	\N	\N	\N	\N
10063	IJSITA	\N	\N	\N	\N	\N	\N
10064	IJDSN	\N	\N	\N	\N	\N	\N
10065	IJTD	\N	\N	\N	\N	\N	\N
10066	Tran. CBR	\N	\N	\N	\N	\N	\N
10067	Trans. MLDM	\N	\N	\N	\N	\N	\N
10068	J. Graphics, GPU, & Game Tools	\N	\N	\N	\N	\N	\N
10069	J. Graphics Tools	\N	\N	\N	\N	\N	\N
10070	J. Comput. Inf. Sci. Eng.	\N	\N	\N	\N	\N	\N
10071	Int. J. of Asian Lang. Proc.	\N	\N	\N	\N	\N	\N
10072	IJCEE	\N	\N	\N	\N	\N	\N
10073	IJKL	\N	\N	\N	\N	\N	\N
10074	J. Funct. Program.	\N	\N	\N	\N	\N	\N
10075	TOS	\N	\N	\N	\N	\N	\N
10076	IJCNS	\N	\N	\N	\N	\N	\N
10077	Int. J. Found. Comput. Sci.	\N	\N	\N	\N	\N	\N
10078	SIGHIT Record	\N	\N	\N	\N	\N	\N
10079	Int. J. Inf. Sec.	\N	\N	\N	\N	\N	\N
10080	IJISSS	\N	\N	\N	\N	\N	\N
10081	i-com	\N	\N	\N	\N	\N	\N
10082	Inf. Sec. Techn. Report	\N	\N	\N	\N	\N	\N
10083	J. Inf. Sec. Appl.	\N	\N	\N	\N	\N	\N
10084	IJMNO	\N	\N	\N	\N	\N	\N
10085	Revue Internationale de Géomatique	\N	\N	\N	\N	\N	\N
10086	JNW	\N	\N	\N	\N	\N	\N
10087	J. Comb. Optim.	\N	\N	\N	\N	\N	\N
10088	IRMJ	\N	\N	\N	\N	\N	\N
10089	Eng. Comput. (Lond.)	\N	\N	\N	\N	\N	\N
10090	Elektronische Rechenanlagen	\N	\N	\N	\N	\N	\N
10091	Adv. in MM	\N	\N	\N	\N	\N	\N
10092	IJITCC	\N	\N	\N	\N	\N	\N
10093	IJDWM	\N	\N	\N	\N	\N	\N
10094	Formal Asp. Comput.	\N	\N	\N	\N	\N	\N
10095	EURASIP J. Audio, Speech and Music Processing	\N	\N	\N	\N	\N	\N
10096	IJABIM	\N	\N	\N	\N	\N	\N
10097	Perform. Eval.	\N	\N	\N	\N	\N	\N
10098	EURASIP J. Adv. Sig. Proc.	\N	\N	\N	\N	\N	\N
10099	TSLP	\N	\N	\N	\N	\N	\N
10100	Meth. of Logic in CS	\N	\N	\N	\N	\N	\N
10101	IJCNIS	\N	\N	\N	\N	\N	\N
10102	IJKM	\N	\N	\N	\N	\N	\N
10103	IJBPSCM	\N	\N	\N	\N	\N	\N
10104	IJCMAM	\N	\N	\N	\N	\N	\N
10105	IJAOM	\N	\N	\N	\N	\N	\N
10106	FDT - Bulletin of ACM SIGMOD	\N	\N	\N	\N	\N	\N
10107	FDT - Bulletin of ACM SIGFIDET	\N	\N	\N	\N	\N	\N
10108	Simul. Pr. Theory	\N	\N	\N	\N	\N	\N
10109	J. Comput. Physics	\N	\N	\N	\N	\N	\N
10110	IJISCM	\N	\N	\N	\N	\N	\N
10111	IJVCSN	\N	\N	\N	\N	\N	\N
10112	IJERTCS	\N	\N	\N	\N	\N	\N
10113	International Journal of Man-Machine Studies	\N	\N	\N	\N	\N	\N
10114	Int. J. Hum.-Comput. Stud.	\N	\N	\N	\N	\N	\N
10115	LDV Forum	\N	\N	\N	\N	\N	\N
10116	JLCL	\N	\N	\N	\N	\N	\N
10117	ITC	\N	\N	\N	\N	\N	\N
10118	SIAM J. Discrete Math.	\N	\N	\N	\N	\N	\N
10119	Proc. Natl. Acad. Sci. USA	\N	\N	\N	\N	\N	\N
10120	EMISA Forum	\N	\N	\N	\N	\N	\N
10121	ACM SIGAPL APL Quote Quad	\N	\N	\N	\N	\N	\N
10122	IJBIDM	\N	\N	\N	\N	\N	\N
10123	JDIM	\N	\N	\N	\N	\N	\N
10124	The Atlantic Monthly	\N	\N	\N	\N	\N	\N
10125	IJKEDM	\N	\N	\N	\N	\N	\N
10126	IJOPCD	\N	\N	\N	\N	\N	\N
10127	IJIIT	\N	\N	\N	\N	\N	\N
10128	ARIST	\N	\N	\N	\N	\N	\N
10129	IJTHI	\N	\N	\N	\N	\N	\N
10130	InformingSciJ	\N	\N	\N	\N	\N	\N
10131	IJCIH	\N	\N	\N	\N	\N	\N
10132	IEEE Trans. Parallel Distrib. Syst.	\N	\N	\N	\N	\N	\N
10133	TLT	\N	\N	\N	\N	\N	\N
10134	Revista Colombiana de Computación	\N	\N	\N	\N	\N	\N
10135	IJITPM	\N	\N	\N	\N	\N	\N
10136	IJMTIE	\N	\N	\N	\N	\N	\N
10137	JSW	\N	\N	\N	\N	\N	\N
10138	J. Symb. Log.	\N	\N	\N	\N	\N	\N
10139	IEEE Trans. Automat. Contr.	\N	\N	\N	\N	\N	\N
10140	EURASIP J. Emb. Sys.	\N	\N	\N	\N	\N	\N
10141	IJACT	\N	\N	\N	\N	\N	\N
10142	OCLC Systems & Services	\N	\N	\N	\N	\N	\N
10143	J. Grid Comput.	\N	\N	\N	\N	\N	\N
10144	IJSNet	\N	\N	\N	\N	\N	\N
10145	Inf. Process. Lett.	\N	\N	\N	\N	\N	\N
10146	Digital Technical Journal	\N	\N	\N	\N	\N	\N
10147	ACM Trans. Graph.	\N	\N	\N	\N	\N	\N
10148	IJAACS	\N	\N	\N	\N	\N	\N
10149	JVRB	\N	\N	\N	\N	\N	\N
10150	IJMBL	\N	\N	\N	\N	\N	\N
10151	MCSS	\N	\N	\N	\N	\N	\N
10152	IJITSA	\N	\N	\N	\N	\N	\N
10153	Adv. Artificial Intellegence	\N	\N	\N	\N	\N	\N
10154	IJOSSP	\N	\N	\N	\N	\N	\N
10155	Foundations and Trends in Stochastic Systems	\N	\N	\N	\N	\N	\N
10156	Wireless Sensor Network	\N	\N	\N	\N	\N	\N
10157	IEEE Trans. Smart Grid	\N	\N	\N	\N	\N	\N
10158	IJeC	\N	\N	\N	\N	\N	\N
10159	Softw., Pract. Exper.	\N	\N	\N	\N	\N	\N
10160	IJBRA	\N	\N	\N	\N	\N	\N
10161	IJCCBS	\N	\N	\N	\N	\N	\N
10162	IJITWE	\N	\N	\N	\N	\N	\N
10163	Int. J. Neural Syst.	\N	\N	\N	\N	\N	\N
10164	JoCG	\N	\N	\N	\N	\N	\N
10165	EAI Endorsed Trans. e-Learning	\N	\N	\N	\N	\N	\N
10166	TBC	\N	\N	\N	\N	\N	\N
10167	IJGCRSIS	\N	\N	\N	\N	\N	\N
10168	IJACI	\N	\N	\N	\N	\N	\N
10169	The Review of Socionetwork Strategies	\N	\N	\N	\N	\N	\N
10170	IJITM	\N	\N	\N	\N	\N	\N
10171	IEEE Trans. Contr. Sys. Techn.	\N	\N	\N	\N	\N	\N
10172	IJHPSA	\N	\N	\N	\N	\N	\N
10173	Int. J. Reconfig. Comp.	\N	\N	\N	\N	\N	\N
10174	RITA	\N	\N	\N	\N	\N	\N
10175	IJWGS	\N	\N	\N	\N	\N	\N
10176	Softwaretechnik-Trends	\N	\N	\N	\N	\N	\N
10177	J. Symb. Comput.	\N	\N	\N	\N	\N	\N
10178	IJSSE	\N	\N	\N	\N	\N	\N
10179	JORS	\N	\N	\N	\N	\N	\N
10180	IJWMIP	\N	\N	\N	\N	\N	\N
10181	AISS	\N	\N	\N	\N	\N	\N
10182	IJSSC	\N	\N	\N	\N	\N	\N
10183	Foundations and Trends in Web Science	\N	\N	\N	\N	\N	\N
10184	IJCBPL	\N	\N	\N	\N	\N	\N
10185	IJEGR	\N	\N	\N	\N	\N	\N
10186	Ann. Pure Appl. Logic	\N	\N	\N	\N	\N	\N
10187	IJPEDS	\N	\N	\N	\N	\N	\N
10188	IJBIR	\N	\N	\N	\N	\N	\N
10189	Knowl.-Based Syst.	\N	\N	\N	\N	\N	\N
10190	T. Comp. Sys. Biology	\N	\N	\N	\N	\N	\N
10191	IJKESDP	\N	\N	\N	\N	\N	\N
10192	Poiesis & Praxis	\N	\N	\N	\N	\N	\N
10193	Datenbank-Spektrum	\N	\N	\N	\N	\N	\N
10194	JCSE	\N	\N	\N	\N	\N	\N
10195	IJIQ	\N	\N	\N	\N	\N	\N
10196	IJIDS	\N	\N	\N	\N	\N	\N
10197	Open Syst. Inform. Dynam.	\N	\N	\N	\N	\N	\N
10198	Nachr. Dok.	\N	\N	\N	\N	\N	\N
10199	SIAM J. Financial Math.	\N	\N	\N	\N	\N	\N
10200	ACM Queue	\N	\N	\N	\N	\N	\N
10201	AI Soc.	\N	\N	\N	\N	\N	\N
10202	Int. J. Adv. Comp. Techn.	\N	\N	\N	\N	\N	\N
10203	J. Electronic Testing	\N	\N	\N	\N	\N	\N
10204	Int. J. Hybrid Intell. Syst.	\N	\N	\N	\N	\N	\N
10205	APJOR	\N	\N	\N	\N	\N	\N
10206	IEEE Concurrency	\N	\N	\N	\N	\N	\N
10207	IEEE P&DT	\N	\N	\N	\N	\N	\N
10208	FO & DM	\N	\N	\N	\N	\N	\N
10209	Int. J. Web Service Res.	\N	\N	\N	\N	\N	\N
10210	IEE Proceedings - Software	\N	\N	\N	\N	\N	\N
10211	Annals OR	\N	\N	\N	\N	\N	\N
10212	D-Lib Magazine	\N	\N	\N	\N	\N	\N
10213	IJMMME	\N	\N	\N	\N	\N	\N
10214	J. Comput. Science	\N	\N	\N	\N	\N	\N
10215	IGTR	\N	\N	\N	\N	\N	\N
10216	Data Min. Knowl. Discov.	\N	\N	\N	\N	\N	\N
10217	RAIRO - Theor. Inf. and Applic.	\N	\N	\N	\N	\N	\N
10218	ITA	\N	\N	\N	\N	\N	\N
10219	IJAC	\N	\N	\N	\N	\N	\N
10220	IJMC	\N	\N	\N	\N	\N	\N
10221	IEEE Comp. Int. Mag.	\N	\N	\N	\N	\N	\N
10222	Datenbank Rundbrief	\N	\N	\N	\N	\N	\N
10223	JITR	\N	\N	\N	\N	\N	\N
10224	IJCC	\N	\N	\N	\N	\N	\N
10225	Datenschutz und Datensicherheit	\N	\N	\N	\N	\N	\N
10226	KI	\N	\N	\N	\N	\N	\N
10227	IJCOPI	\N	\N	\N	\N	\N	\N
10228	IJARAS	\N	\N	\N	\N	\N	\N
10229	EAI Endorsed Trans. Serious Games	\N	\N	\N	\N	\N	\N
10230	IJCAT	\N	\N	\N	\N	\N	\N
10231	IJCNDS	\N	\N	\N	\N	\N	\N
10232	C&RL	\N	\N	\N	\N	\N	\N
10233	Grammars	\N	\N	\N	\N	\N	\N
10234	ACM Comput. Surv.	\N	\N	\N	\N	\N	\N
10235	Comp. Int. and Neurosc.	\N	\N	\N	\N	\N	\N
10236	Mach. Vis. Appl.	\N	\N	\N	\N	\N	\N
10237	IJDST	\N	\N	\N	\N	\N	\N
10238	IJISSCM	\N	\N	\N	\N	\N	\N
10239	JIP	\N	\N	\N	\N	\N	\N
10240	IEEE T. Haptics	\N	\N	\N	\N	\N	\N
10241	IJIMAI	\N	\N	\N	\N	\N	\N
10242	IJESMA	\N	\N	\N	\N	\N	\N
10243	IJMCMC	\N	\N	\N	\N	\N	\N
10244	J. Vis. Lang. Comput.	\N	\N	\N	\N	\N	\N
10245	Microprocessing and Microprogramming	\N	\N	\N	\N	\N	\N
10246	Journal of WSCG	\N	\N	\N	\N	\N	\N
10247	IJVR	\N	\N	\N	\N	\N	\N
10248	IJUC	\N	\N	\N	\N	\N	\N
10249	IEEE Trans. Pattern Anal. Mach. Intell.	\N	\N	\N	\N	\N	\N
10250	IJMIR	\N	\N	\N	\N	\N	\N
10251	IJWIN	\N	\N	\N	\N	\N	\N
10252	IJWA	\N	\N	\N	\N	\N	\N
10253	ACM Trans. Embedded Comput. Syst.	\N	\N	\N	\N	\N	\N
10254	STTT	\N	\N	\N	\N	\N	\N
10255	Eng. Appl. of AI	\N	\N	\N	\N	\N	\N
10256	J. Cases on Inf. Techn.	\N	\N	\N	\N	\N	\N
10257	J. AIS	\N	\N	\N	\N	\N	\N
10258	IJSCCPS	\N	\N	\N	\N	\N	\N
10259	IJDC	\N	\N	\N	\N	\N	\N
10260	BIT	\N	\N	\N	\N	\N	\N
10261	TACCESS	\N	\N	\N	\N	\N	\N
10262	Robotersysteme	\N	\N	\N	\N	\N	\N
10263	IJNC	\N	\N	\N	\N	\N	\N
10264	IJEA	\N	\N	\N	\N	\N	\N
10265	TKDD	\N	\N	\N	\N	\N	\N
10266	T. HiPEAC	\N	\N	\N	\N	\N	\N
10267	IJSSMET	\N	\N	\N	\N	\N	\N
10268	J. Digit. Inf.	\N	\N	\N	\N	\N	\N
10269	Ann. Software Eng.	\N	\N	\N	\N	\N	\N
10270	Netw. and Communic. Technol.	\N	\N	\N	\N	\N	\N
10271	Softw. Test., Verif. Reliab.	\N	\N	\N	\N	\N	\N
10272	Adv. Comput. Math.	\N	\N	\N	\N	\N	\N
10273	Inf. Soc.	\N	\N	\N	\N	\N	\N
10274	Autom. Softw. Eng.	\N	\N	\N	\N	\N	\N
10275	IJIPM	\N	\N	\N	\N	\N	\N
10276	Inf. Services and Use	\N	\N	\N	\N	\N	\N
10277	T. Rough Sets	\N	\N	\N	\N	\N	\N
10278	IJVPLE	\N	\N	\N	\N	\N	\N
10279	SIAM J. Comput.	\N	\N	\N	\N	\N	\N
10280	SIGPLAN Notices	\N	\N	\N	\N	\N	\N
10281	Roars Transactions	\N	\N	\N	\N	\N	\N
10282	Connect. Sci.	\N	\N	\N	\N	\N	\N
10283	IJIIDS	\N	\N	\N	\N	\N	\N
10284	IJIPSI	\N	\N	\N	\N	\N	\N
10285	Dagstuhl Reports	\N	\N	\N	\N	\N	\N
10286	Transactions of the SDPS	\N	\N	\N	\N	\N	\N
10287	IJWLTT	\N	\N	\N	\N	\N	\N
10288	IJIRR	\N	\N	\N	\N	\N	\N
10289	IJSODIT	\N	\N	\N	\N	\N	\N
10290	Math. Log. Q.	\N	\N	\N	\N	\N	\N
10291	IJCCE	\N	\N	\N	\N	\N	\N
10292	IJCWT	\N	\N	\N	\N	\N	\N
10293	Bulletin of the EATCS	\N	\N	\N	\N	\N	\N
10294	RASI	\N	\N	\N	\N	\N	\N
10295	J. Strategic Inf. Sys.	\N	\N	\N	\N	\N	\N
10296	ICGA Journal	\N	\N	\N	\N	\N	\N
10297	IJAEC	\N	\N	\N	\N	\N	\N
10298	Sig. Proc.: Image Comm.	\N	\N	\N	\N	\N	\N
10299	ERCIM News	\N	\N	\N	\N	\N	\N
10300	IJSTM	\N	\N	\N	\N	\N	\N
10301	IJFSA	\N	\N	\N	\N	\N	\N
10302	J. Inf., Comm, Ethics in Society	\N	\N	\N	\N	\N	\N
10303	Kybernetica	\N	\N	\N	\N	\N	\N
10304	IJHPCA	\N	\N	\N	\N	\N	\N
10305	Wikipedia	\N	\N	\N	\N	\N	\N
