source_file	line_number	reason	raw_row
input_inproceedings.csv	746	Missing conference article title	10428;Dan He;AAIM;;;;conf/aaim/2007;;http://dx.doi.org/10.1007/978-3-540-72870-2_33;BMA;conf/aaim/He07;2007-06-28;;;;346-357;;;*;;;;db/conf/aaim/aaim2007.html#He07;2007
input_inproceedings.csv	2691	Missing conference article title	12408;Gerard Vreeswijk|Henry Prakken|Susan W. van den Braak;ICAIL;;;;conf/icail/2007;;http://doi.acm.org/10.1145/1276318.1276321;AVERs;conf/icail/BraakVP07;2007-08-22;;;;11-15;;;;;;;db/conf/icail/icail2007.html#BraakVP07;2007
input_inproceedings.csv	3127	Missing conference article title	12863;Adon Moskal|Jo Cramond;CHINZ;;;;conf/chinz/2012;;http://doi.acm.org/10.1145/2379256.2379280;Otago InForm;conf/chinz/MoskalC12;2012-10-30;;;;96;;;;;;;db/conf/chinz/chinz2012.html#MoskalC12;2012
input_inproceedings.csv	3155	Missing conference article title	12892;Holger Regenbrecht|Simon Hoermann;CHINZ;;;;conf/chinz/2012;;http://doi.acm.org/10.1145/2379256.2379273;TheraMem;conf/chinz/RegenbrechtH12;2012-10-30;;;;89;;;;;;;db/conf/chinz/chinz2012.html#RegenbrechtH12;2012
input_inproceedings.csv	3159	Missing conference article title	12896;Adrian J. Clark|Thammathip Piumsomboon;CHINZ;;;;conf/chinz/2012;;http://doi.acm.org/10.1145/2379256.2379283;ARMicroMachines;conf/chinz/PiumsomboonC12;2013-01-16;;;;99;;;;;;;db/conf/chinz/chinz2012.html#PiumsomboonC12;2012
input_inproceedings.csv	3197	Missing conference article title	12938;Christopher Aikens|Danielle Cummings|George Lucchese|Jimmy Ho|Manoj Prasad|Tracy Hammond;CHINZ;;;;conf/chinz/2012;;http://doi.acm.org/10.1145/2379256.2379286;GeoTrooper;conf/chinz/CummingsLPAHH12a;2012-10-31;;;;102;;;;;;;db/conf/chinz/chinz2012.html#CummingsLPAHH12a;2012
input_inproceedings.csv	3214	Missing conference article title	12955;Ian MacColl|Michael J. Docherty|Rajinesh Ravendran;CHINZ;;;;conf/chinz/2012;;http://doi.acm.org/10.1145/2379256.2379276;TagNBank;conf/chinz/RavendranMD12a;2013-05-05;;;;92;;;;;;;db/conf/chinz/chinz2012.html#RavendranMD12a;2012
input_inproceedings.csv	3796	Missing conference article title	13544;Marc Branchaud|Scott Flinn;PST;;;;conf/pst/2004;;http://dev.hil.unb.ca/Texts/PST/pdf/branchaud.pdf;x;conf/pst/BranchaudF04;2006-03-07;;;;207-218;;;;;;;db/conf/pst/pst2004.html#BranchaudF04;2004
input_inproceedings.csv	7625	Missing conference article title	17470;Atsushi Kosaka|Fumio Kishino|Kyoko Ueda|Ryoichi Watanabe|Takao Onoye|Yoshifumi Kitamura|Yoshinori Takeuchi|Yuichi Itoh;BioADIT;;;;conf/bioadit/2006;;http://dx.doi.org/10.1007/11613022_31;m;conf/bioadit/UedaKWTOIKK06;2005-12-21;;;;363-370;;;;;;;db/conf/bioadit/bioadit2006.html#UedaKWTOIKK06;2006
input_inproceedings.csv	19444	Missing conference article title	29335;Carolyn L. Talcott;Foundations of Logic and Functional Programming;;;;conf/flfp/1986;;http://dx.doi.org/10.1007/3-540-19129-1_1;Rum;conf/flfp/Talcott86;2011-06-14;;;;3-44;;;;;;;db/conf/flfp/flfp1986.html#Talcott86;1986
input_inproceedings.csv	19475	Missing conference article title	29367;Joshua Zhexue Huang|Xiaofei Xu|Xiaojun Chen|Yan Li|Yunming Ye;CICLing;;;;conf/cicling/2006;;http://dx.doi.org/10.1007/11671299_39;MFCRank;conf/cicling/YeLXHC06;2008-02-14;;;;378-388;;;;;;;db/conf/cicling/cicling2006.html#YeLXHC06;2006
input_inproceedings.csv	33671	Missing conference article title	43709;James P. Reilly|Nasser Mourad;ICASSP;;;;conf/icassp/2009;;http://dx.doi.org/10.1109/ICASSP.2009.4960341;l;conf/icassp/MouradR09;2010-05-11;;;;3345-3348;;;;;;;db/conf/icassp/icassp2009.html#MouradR09;2009
input_inproceedings.csv	41658	Missing conference article title	51705;Mihailo Stojnic;ICASSP;;;;conf/icassp/2010;;http://dx.doi.org/10.1109/ICASSP.2010.5495812;l;conf/icassp/Stojnic10;2010-11-29;;;;3910-3913;;;;;;;db/conf/icassp/icassp2010.html#Stojnic10;2010
input_inproceedings.csv	50968	Missing conference article title	61059;Issam Chebbi|Samir Tata;OTM Conferences (1);;;;conf/otm/2005-3;;http://dx.doi.org/10.1007/11575771_10;CoopFlow;conf/otm/ChebbiT05;2005-11-04;;;;112-129;;;;;;;db/conf/otm/otm2005-1c.html#ChebbiT05;2005
input_inproceedings.csv	51301	Missing conference article title	61398;Carrie Gates|Chenxi Wang|Cynthia Wong|Matthew Dunlop;OTM Conferences (2);;;;conf/otm/2007-2;;http://dx.doi.org/10.1007/978-3-540-76843-2_44;SWorD;conf/otm/DunlopGWW07;2007-11-23;;;;1752-1769;;;;;;;db/conf/otm/otm2007-2.html#DunlopGWW07;2007
input_inproceedings.csv	51705	Missing conference article title	61806;Eiko Yoneki|Jean Bacon;OTM Conferences (2);;;;conf/otm/2007-2;;http://dx.doi.org/10.1007/978-3-540-76843-2_7;eCube: ;conf/otm/YonekiB07;2007-11-23;;;;1244-1263;;;;;;;db/conf/otm/otm2007-2.html#YonekiB07;2007
input_inproceedings.csv	51708	Missing conference article title	61809;Hiroyuki Sato;OTM Conferences (2);;;;conf/otm/2009-2;;http://dx.doi.org/10.1007/978-3-642-05151-7_6;N|epsilon;conf/otm/Sato09;2009-11-08;;;;833-847;;;;;;;db/conf/otm/otm2009-2.html#Sato09;2009
input_inproceedings.csv	51767	Missing conference article title	61868;José Júlio Alferes|Ricardo Amador;OTM Conferences (1);;;;conf/otm/2007-1;;http://dx.doi.org/10.1007/978-3-540-76848-7_62;r;conf/otm/AlferesA07;2007-11-23;;;;933-952;;;3;;;;db/conf/otm/otm2007-1.html#AlferesA07;2007
input_inproceedings.csv	51895	Missing conference article title	61998;Ricardo Amador;OTM Workshops;;;;conf/otm/2009-w;;http://dx.doi.org/10.1007/978-3-642-05290-3_95;K|R;conf/otm/Amador09;2009-11-08;;;;789-799;;;4;;;;db/conf/otm/otm2009-w.html#Amador09;2009
input_inproceedings.csv	52052	Missing conference article title	62158;Aline Senart|David Trastour|Magali Seguran;OTM Workshops;;;;conf/otm/2012-w;;http://dx.doi.org/10.1007/978-3-642-33618-8_44;remix;conf/otm/SeguranST12;2013-01-28;;;;312-315;;;;;;;db/conf/otm/otm2012-w.html#SeguranST12;2012
input_inproceedings.csv	57041	Missing conference article title	67204;Kevin J. Healy|Richard A. Kilgore;Winter Simulation Conference;;;;;;http://doi.acm.org/10.1145/268437.268545;Silk;conf/wsc/HealyK97;2006-03-14;;;;475-482;;;;;;;db/conf/wsc/wsc1997.html#HealyK97;1997
input_inproceedings.csv	62458	Missing conference article title	72655;Da Ruan|Jun Liu|Luis Martínez|Xingxing He|Yang Xu|Yingfang Li;HAIS (2);;;;conf/hais/2010-2;;http://dx.doi.org/10.1007/978-3-642-13803-4_40;alpha|alpha;conf/hais/HeXLLMR10;2010-06-25;;;;320-327;;;;;;;db/conf/hais/hais2010-2.html#HeXLLMR10;2010
input_inproceedings.csv	63437	Missing conference article title	73651;Michael Massimi|Ravin Balakrishnan|Xiang Cao;CSCW;;;;conf/cscw/2008;;http://doi.acm.org/10.1145/1460563.1460577;Flashlight jigsaw;conf/cscw/CaoMB08;2008-11-24;;;;77-86;;;;;;;db/conf/cscw/cscw2008.html#CaoMB08;2008
input_inproceedings.csv	68506	Missing conference article title	78797;Stephanie Solt;Amsterdam Colloquium on Logic, Language and Meaning;;;;conf/amsterdam/2009;;http://dx.doi.org/10.1007/978-3-642-14287-1_45;More|Much;conf/amsterdam/Solt09;2010-12-15;;;;446-455;;;;;;;db/conf/amsterdam/amsterdam2009.html#Solt09;2009
input_inproceedings.csv	68559	Missing conference article title	78851;Jaewoo Ahn|Kyungha Min;ICAT;;;;conf/icat/2006;;http://dx.doi.org/10.1007/11941354_7;VirtualPhonepad;conf/icat/AhnM06;2006-11-20;;;;58-64;;;;;;;db/conf/icat/icat2006.html#AhnM06;2006
input_inproceedings.csv	69439	Missing conference article title	79752;Daniel A. Keim|Franz Wanner|Thomas Ramm;WIMS;;;;conf/wims/2011;;http://doi.acm.org/10.1145/1988688.1988705;ForAVis;conf/wims/WannerRK11;2011-05-30;;;;14;;;;;;;db/conf/wims/wims2011.html#WannerRK11;2011
input_inproceedings.csv	73638	Missing conference article title	84011;Chung-Kuan Cheng|Paul M. Chau|Takeo Hamada;DAC;;;;;;http://doi.acm.org/10.1145/157485.165015;Prime;conf/dac/HamadaCC93;2002-12-16;;;;531-536;;;;;;;db/conf/dac/dac93.html#HamadaCC93;1993
input_inproceedings.csv	73892	Missing conference article title	84266;Andrzej J. Strojwas|Lawrence T. Pileggi|Ying Liu;DAC;;;;;;http://doi.acm.org/10.1145/277044.277174;ftd;conf/dac/LiuPS98;2002-12-16;;;;469-472;;;;;;;db/conf/dac/dac98.html#LiuPS98;1998
input_inproceedings.csv	74961	Missing conference article title	85345;Dan Siegal-Gaskins|Joshua N. Ash|Marisa Eisenberg;DAC;;;;conf/dac/2011;;http://doi.acm.org/10.1145/2024724.2024906;In silico;conf/dac/EisenbergAS11;2012-03-06;;;;812-817;;;;;;;db/conf/dac/dac2011.html#EisenbergAS11;2011
input_inproceedings.csv	75109	Missing conference article title	85494;Irith Pomeranz|Sudhakar M. Reddy;DAC;;;;;;http://doi.acm.org/10.1145/157485.164583;INCREDYBLE-TG;conf/dac/PomeranzR93;2002-12-16;;;;80-85;;;;;;;db/conf/dac/dac93.html#PomeranzR93;1993
input_inproceedings.csv	78716	Missing conference article title	89132;Luis Angel D. Bathen|Nikil Dutt;DAC;;;;conf/dac/2012;;http://doi.acm.org/10.1145/2228360.2228438;HaVOC;conf/dac/BathenD12;2012-06-01;;;;447-452;;;;;;;db/conf/dac/dac2012.html#BathenD12;2012
input_inproceedings.csv	79012	Missing conference article title	89430;Ganesh Lakshminarayana|Niraj K. Jha;DAC;;;;;;http://doi.acm.org/10.1145/277044.277066;FACT;conf/dac/LakshminarayanaJ98;2002-12-16;;;;102-107;;;;;;;db/conf/dac/dac98.html#LakshminarayanaJ98;1998
input_inproceedings.csv	86519	Missing conference article title	97074;Chu Sing Lim|Deepak Perumal|Meena K. Sakharkar;PRIB;;;;conf/prib/2007;;http://dx.doi.org/10.1007/978-3-540-75286-8_31;In silico|Pseudomonas aeruginosa;conf/prib/PerumalLS07;2007-09-20;;;;323-336;;;;;;;db/conf/prib/prib2007.html#PerumalLS07;2007
input_inproceedings.csv	86564	Missing conference article title	97120;Merja Oja;PRIB;;;;conf/prib/2007;;http://dx.doi.org/10.1007/978-3-540-75286-8_25;In Silico;conf/prib/Oja07;2007-09-20;;;;253-263;;;;;;;db/conf/prib/prib2007.html#Oja07;2007
input_inproceedings.csv	86830	Missing conference article title	97396;Giovanna Guerrini|Ismael Sanz|Marco Mesiti|Rafael Berlanga Llavori;EDBT;;;;conf/edbt/2006;;http://dx.doi.org/10.1007/11687238_88;ArHeX;conf/edbt/SanzMGL06;2006-03-15;;;;1186-1189;;;;;;;db/conf/edbt/edbt2006.html#SanzMGL06;2006
input_inproceedings.csv	87120	Missing conference article title	97692;Anastasios Kementsietsidis|Diego Milano|Floris Geerts;EDBT;;;;conf/edbt/2006;;http://dx.doi.org/10.1007/11687238_84;i;conf/edbt/GeertsKM06;2006-03-15;;;;1168-1171;;;;;;;db/conf/edbt/edbt2006.html#GeertsKM06;2006
input_inproceedings.csv	87577	Missing conference article title	98162;Atsuhiro Takasu|Jun Adachi|Mitsuki Kimura;EDBT/ICDT Workshops;;;;conf/edbt/2013w;;http://doi.acm.org/10.1145/2457317.2457390;FPI;conf/edbt/KimuraTA13;2013-04-07;;;;397-403;;;;;;;db/conf/edbt/edbtw2013.html#KimuraTA13;2013
input_inproceedings.csv	87791	Missing conference article title	98378;Florian Niedermann|Sylvia Radeschütz|Wolfgang Bischoff;EDBT;;;;conf/edbt/2010;;http://doi.acm.org/10.1145/1739041.1739132;BIAEditor;conf/edbt/RadeschutzNB10;2010-03-18;;;;705-708;;;;;;;db/conf/edbt/edbt2010.html#RadeschutzNB10;2010
input_inproceedings.csv	87860	Missing conference article title	98448;Berthold Reinwald|Petros Venetis|Yannis Sismanis;EDBT;;;;conf/edbt/2012;;http://doi.acm.org/10.1145/2247596.2247642;CRSI;conf/edbt/VenetisSR12;2012-06-09;;;;384-395;;;;;;;db/conf/edbt/edbt2012.html#VenetisSR12;2012
input_inproceedings.csv	87906	Missing conference article title	98495;Alfredo Cuzzocrea|Paolo Serafino;EDBT;;;;conf/edbt/2009;;http://doi.acm.org/10.1145/1516360.1516448;LCS;conf/edbt/CuzzocreaS09;2009-07-06;;;;768-779;;;;;;;db/conf/edbt/edbt2009.html#CuzzocreaS09;2009
input_inproceedings.csv	95232	Missing conference article title	105946;Antonio Reyes-Moro|D. Gutierrez-Magallanes|Jesús Cerquides|Juan A. Rodríguez-Aguilar|Maite López-Sánchez;ICEIS;;;;;;;Quotes;conf/iceis/Reyes-MoroRLCG02;2006-12-08;;;;989-994;;;;;;;db/conf/iceis/iceis2002.html#Reyes-MoroRLCG02;2002
input_inproceedings.csv	96160	Missing conference article title	106883;Fei Yan|Hongping Cai|Josef Kittler|Krystian Mikolajczyk|Mark Barnard;CVPR;;;;conf/cvpr/2010;;http://dx.doi.org/10.1109/CVPR.2010.5539916;l;conf/cvpr/YanMBCK10;2010-11-02;;;;3626-3632;;;;;;;db/conf/cvpr/cvpr2010.html#YanMBCK10;2010
input_inproceedings.csv	102471	Missing conference article title	113217;Chris Calabro|Ramamohan Paturi;CSR;;;;conf/csr/2009;;http://dx.doi.org/10.1007/978-3-642-03351-3_8;k|k;conf/csr/CalabroP09;2009-08-20;;;;59-70;;;;;;;db/conf/csr/csr2009.html#CalabroP09;2009
input_inproceedings.csv	102529	Missing conference article title	113277;Michael Kaminski|Tamar Aizikowitz;CSR;;;;conf/csr/2011;;http://dx.doi.org/10.1007/978-3-642-20712-9_27;LR;conf/csr/AizikowitzK11;2011-06-15;;;;345-358;;;;;;;db/conf/csr/csr2011.html#AizikowitzK11;2011
input_inproceedings.csv	111714	Missing conference article title	122631;Vladimir I. Gavrilenko;International Conference on Computational Science (3);;;;conf/iccS/2006-3;;http://dx.doi.org/10.1007/11758532_14;Ab initio ;conf/iccS/Gavrilenko06;2006-05-12;;;;89-96;;;;;;;db/conf/iccS/iccS2006-3.html#Gavrilenko06;2006
input_inproceedings.csv	112066	Missing conference article title	122988;Apurba K. Bhattacharjee|Daniel A. Nichols|John E. van Hamont|Mark G. Hartell|Rickey P. Hicks|Wilbur K. Milhous;International Conference on Computational Science (1);;;;conf/iccS/2006-1;;http://dx.doi.org/10.1007/11758501_54;In Silico;conf/iccS/BhattacharjeeHNHHM06;2006-05-15;;;;387-394;;;;;;;db/conf/iccS/iccS2006-1.html#BhattacharjeeHNHHM06;2006
input_inproceedings.csv	112553	Missing conference article title	123477;Vudhichai Parasuk|Waraporn Parasuk;International Conference on Computational Science (3);;;;conf/iccS/2006-3;;http://dx.doi.org/10.1007/11758532_20;Ab initio;conf/iccS/ParasukP06;2006-05-12;;;;136-142;;;;;;;db/conf/iccS/iccS2006-3.html#ParasukP06;2006
input_inproceedings.csv	112765	Missing conference article title	123689;Abhishek Roy|Jitae Shin|Navrati Saxena;International Conference on Computational Science (1);;;;conf/iccS/2007-1;;http://dx.doi.org/10.1007/978-3-540-72584-8_87;CARP|G;conf/iccS/SaxenaRS07;2007-07-24;;;;652-659;;;;;;;db/conf/iccS/iccS2007-1.html#SaxenaRS07;2007
input_inproceedings.csv	112935	Missing conference article title	123863;B. Arifin|I. Noorbatcha|S. M. Zain;International Conference on Computational Science (2);;;;conf/iccS/2007-2;;http://dx.doi.org/10.1007/978-3-540-72586-2_48;Ab Initio;conf/iccS/NoorbatchaAZ07;2007-07-24;;;;335-338;;;;;;;db/conf/iccS/iccS2007-2.html#NoorbatchaAZ07;2007
input_inproceedings.csv	120883	Missing conference article title	131838;Magdi S. Mahmoud;SMC;;;;conf/smc/2010;;http://dx.doi.org/10.1109/ICSMC.2010.5641891;H|H;conf/smc/Mahmoud10;2010-11-24;;;;2690-2694;;;;;;;db/conf/smc/smc2010.html#Mahmoud10;2010
input_inproceedings.csv	121205	Missing conference article title	132160;Ali A. Jalali|Edward J. Boyle|Juchirl Park|Parvis Famouri|Richard Turton;SMC;;;;conf/smc/2003;;http://dx.doi.org/10.1109/ICSMC.2003.1244230;H;conf/smc/JalaliPFTB03;2013-04-22;;;;2320-2325;;∞;;;;;db/conf/smc/smc2003.html#JalaliPFTB03;2003
input_inproceedings.csv	135775	Missing conference article title	146945;Marcos Novaes;DSOM;;;;conf/dsom/2000;;http://dx.doi.org/10.1007/3-540-44460-2_15;Beacon;conf/dsom/Novaes00;2011-06-21;;;;169-180;;;;;;;db/conf/dsom/dsom2000.html#Novaes00;2000
input_inproceedings.csv	138823	Missing conference article title	150035;Christos H. Papadimitriou;ITiCSE;;;;conf/iticse/2003;;http://doi.acm.org/10.1145/961511.961513;Mythematics;conf/iticse/Papadimitriou03;2008-04-24;;;;1;;;;;;;db/conf/iticse/iticse2003.html#Papadimitriou03;2003
input_inproceedings.csv	139048	Missing conference article title	150262;João Ventura|Nuno Guedes|Raquel Gomes|Ricardo Seabra;ITiCSE;;;;conf/iticse/2005;;http://doi.acm.org/10.1145/1067445.1067611;SoundSpaces;conf/iticse/GomesSVG05;2007-08-27;;;;407;;;;;;;db/conf/iticse/iticse2005.html#GomesSVG05;2005
input_inproceedings.csv	141112	Missing conference article title	152353;Daniel Colomer|Xavier Franch;iStar;;;;conf/istar/2011;;http://ceur-ws.org/Vol-766/paper35.pdf;i;conf/istar/ColomerF11a;2011-12-12;;;;178-180;;;;;;;db/conf/istar/istar2011.html#ColomerF11a;2011
input_inproceedings.csv	141195	Missing conference article title	152439;Alexander Bergmayr|Dimitris Karagiannis|Margit Schwab;iStar;;;;conf/istar/2010;;http://ceur-ws.org/Vol-586/iStar10-paper18.pdf;i;conf/istar/SchwabKB10;2011-09-20;;;;92-97;;;;;;;db/conf/istar/istar2010.html#SchwabKB10;2010
input_inproceedings.csv	142620	Missing conference article title	153894;Angelos D. Keromytis|Angelos Stavrou|John Ioannidis|Stephen T. Chou;ISC;;;;conf/isw/2005;;http://dx.doi.org/10.1007/11556992_13;gore;conf/isw/ChouSIK05;2005-09-14;;;;179-193;;;;;;;db/conf/isw/isc2005.html#ChouSIK05;2005
input_inproceedings.csv	144765	Missing conference article title	156066;Frank Weimer;University Education Uses of Visualization in Scientific Computing;;;;conf/ifip3-2/1993;;;DAViT;conf/ifip3-2/Weimer93;2002-05-14;;;;95-104;;;;;;;db/conf/ifip3-2/ifip3-2-1993.html#Weimer93;1993
input_inproceedings.csv	145509	Missing conference article title	156837;Jesús Vegas|Joaquín Adiego|Miguel A. Martínez-Prieto|Pablo de la Fuente;ECDL;;;;conf/ercimdl/2007;;http://dx.doi.org/10.1007/978-3-540-74851-9_39;Aqueducts|Electronic Work;conf/ercimdl/Martinez-PrietoFVA07;2007-08-31;;;;445-448;;;;;;;db/conf/ercimdl/ecdl2007.html#Martinez-PrietoFVA07;2007
input_inproceedings.csv	147109	Missing conference article title	158470;Chunhui Liu|Luoshan Xu;NL-MUA;;;;conf/nlmua/2011;;http://dx.doi.org/10.1007/978-3-642-22833-9_81;L|L;conf/nlmua/LiuX11;2011-09-27;;;;667-674;;0;;;;;db/conf/nlmua/nlmua2011.html#LiuX11;2011
input_inproceedings.csv	154217	Missing conference article title	165717;Davide Buscaldi|Emilio Sanchis|José Manuel Gómez Soriano|Paolo Rosso;CLEF;;;;conf/clef/2006;;http://dx.doi.org/10.1007/978-3-540-74999-8_45;N;conf/clef/BuscaldiSRS06;2007-09-05;;;;377-384;;;;;;;db/conf/clef/clef2006.html#BuscaldiSRS06;2006
input_inproceedings.csv	155557	Missing conference article title	167081;Abdalkarim Awad|Falko Dressler|Reinhard German|Rodrigo Nebel;PEARL;;;;conf/pearl/2007;;http://dx.doi.org/10.1007/978-3-540-74837-3_1;pimoto;conf/pearl/NebelAGD07;2012-10-29;;;;1-10;;;;;;;db/conf/pearl/pearl2007.html#NebelAGD07;2007
input_inproceedings.csv	160437	Missing conference article title	172088;Andreas Crauser|Eric Rivals|Hans-Peter Lenhof|Martin Vingron|Paolo Ferragina|Stefan Burkhardt;RECOMB;;;;;;http://doi.acm.org/10.1145/299432.299460;q;conf/recomb/BurkhardtCFLRV99;2002-12-09;;;;77-83;;;;;;;db/conf/recomb/recomb1999.html#BurkhardtCFLRV99;1999
input_inproceedings.csv	160589	Missing conference article title	172242;Glenn Tesler|Haixu Tang|Pavel A. Pevzner;RECOMB;;;;conf/recomb/2004;;http://doi.acm.org/10.1145/974614.974643;De novo;conf/recomb/PevznerTT04;2006-02-15;;;;213-222;;;;;;;db/conf/recomb/recomb2004.html#PevznerTT04;2004
input_inproceedings.csv	160608	Missing conference article title	172262;Benjamin J. Raphael|Eli Upfal|Fabio Vandin;RECOMB;;;;conf/recomb/2011;;http://dx.doi.org/10.1007/978-3-642-20036-6_44;De Novo;conf/recomb/VandinUR11;2011-03-30;;;;499-500;;;;;;;db/conf/recomb/recomb2011.html#VandinUR11;2011
input_inproceedings.csv	172657	Missing conference article title	184407;James B. D. Joshi|Suroop Mohan Chandran;WISE;;;;conf/wise/2005;;http://dx.doi.org/10.1007/11581062_27;LoT-RBAC;conf/wise/ChandranJ05;2006-11-10;;;;361-375;;;;;;;db/conf/wise/wise2005.html#ChandranJ05;2005
input_inproceedings.csv	172940	Missing conference article title	184697;Felipe M. Villoria|Oscar Díaz|Sergio Fernández Anzuola;WISE;;;;conf/wise/2006;;http://dx.doi.org/10.1007/11912873_57;Blogouse;conf/wise/VilloriaAD06;2006-11-13;;;;554-559;;;;;;;db/conf/wise/wise2006.html#VilloriaAD06;2006
input_inproceedings.csv	174447	Missing conference article title	186242;Khedija Arour|Saloua Zammali;Globe;;;;conf/globe/2010;;http://dx.doi.org/10.1007/978-3-642-15108-8_9;P2PIR|P2PIRB;conf/globe/ZammaliA10;2010-08-20;;;;100-111;;;;;;;db/conf/globe/globe2010.html#ZammaliA10;2010
input_inproceedings.csv	175608	Missing conference article title	187437;Prasad Jayanti;PODC;;;;conf/podc/2002;;http://doi.acm.org/10.1145/571825.571875;f;conf/podc/Jayanti02;2012-05-23;;;;270-279;;;;;;;db/conf/podc/podc2002.html#Jayanti02;2002
input_inproceedings.csv	175898	Missing conference article title	187732;Christophe Genolini|Joffroy Beauquier|Shay Kutten;PODC;;;;conf/podc/1998;;http://doi.acm.org/10.1145/277697.277777;k;conf/podc/BeauquierGK98;2012-05-23;;;;318;;;;;;;db/conf/podc/podc98.html#BeauquierGK98;1998
input_inproceedings.csv	176742	Missing conference article title	188596;Ajay Gulati|Arif Merchant|Peter J. Varman;PODC;;;;conf/podc/2007;;http://doi.acm.org/10.1145/1281100.1281157;d;conf/podc/GulatiMV07;2007-08-23;;;;330-331;;;;;;;db/conf/podc/podc2007.html#GulatiMV07;2007
input_inproceedings.csv	188002	Missing conference article title	200013;Kwan-Wu Chin;MSWiM;;;;conf/mswim/2006;;http://doi.acm.org/10.1145/1164717.1164735;T;conf/mswim/Chin06;2011-01-21;;;;91-98;;;2;;;;db/conf/mswim/mswim2006.html#Chin06;2006
input_inproceedings.csv	188302	Missing conference article title	200325;Mathieu Lacage|Mohammad Hossein Manshaei|Thierry Turletti;MSWiM;;;;conf/mswim/2004;;http://doi.acm.org/10.1145/1023663.1023687;IEEE 802.11;conf/mswim/LacageMT04;2006-02-15;;;;126-134;;;;;;;db/conf/mswim/mswim2004.html#LacageMT04;2004
input_inproceedings.csv	189850	Missing conference article title	201910;André Neumann|Benjamin Kaufmann|Martin Gebser|Torsten Schaub;LPNMR;;;;conf/lpnmr/2007;;http://dx.doi.org/10.1007/978-3-540-72200-7_23;clasp;conf/lpnmr/GebserKNS07a;2007-06-06;;;;260-265;;;;;;;db/conf/lpnmr/lpnmr2007.html#GebserKNS07a;2007
input_inproceedings.csv	191366	Missing conference article title	203457;Andrea Bartolini|Luca Benini|Martino Ruggiero;EMSOFT;;;;conf/emsoft/2009;;http://doi.acm.org/10.1145/1629335.1629339;HVS-DBS;conf/emsoft/BartoliniRB09;2009-10-26;;;;21-28;;;;;;;db/conf/emsoft/emsoft2009.html#BartoliniRB09;2009
input_inproceedings.csv	191529	Missing conference article title	203625;A. Katzourakis|Anthony Savidis|Constantine Stephanidis|Efie Karouzaki;HCI (5);;;;conf/hci/2007-5;;http://dx.doi.org/10.1007/978-3-540-73279-2_42;Tile Dreamer;conf/hci/KarouzakiSKS07;2010-01-15;;;;382-391;;;;;;;db/conf/hci/hci2007-5.html#KarouzakiSKS07;2007
input_inproceedings.csv	191593	Missing conference article title	203689;Achim Pross|Matthias Bues|Milind Mahale|Oliver Stefani;HCI (19);;;;conf/hci/2011-19;;http://dx.doi.org/10.1007/978-3-642-21716-6_24;SmartHeliosity;conf/hci/StefaniMPB11;2011-06-30;;;;226-235;;;;;;;db/conf/hci/hci2011-19.html#StefaniMPB11;2011
input_inproceedings.csv	192737	Missing conference article title	204842;Filippo Geraci|M. Elena Renda|Manuela Montangero|Marco Pellegrini|Mauro Leoncini;HCI (12);;;;conf/hci/2007-12;;http://dx.doi.org/10.1007/978-3-540-73321-8_69;FPF-SB;conf/hci/GeraciLMPR07;2007-08-31;;;;606-615;;;;;;;db/conf/hci/hci2007-12.html#GeraciLMPR07;2007
input_inproceedings.csv	193447	Missing conference article title	205560;Satoshi Tsukanaka|Takumi Nakama|Yuichiro Kinoshita;HCI (11);;;;conf/hci/2011-11;;http://dx.doi.org/10.1007/978-3-642-21793-7_25;Kansei;conf/hci/KinoshitaTN11;2011-06-30;;;;211-220;;;;;;;db/conf/hci/hci2011-11.html#KinoshitaTN11;2011
input_inproceedings.csv	194646	Missing conference article title	206768;Christian Wolff|Patricia Böhm|Tim Schneidermeier;HCI (16);;;;conf/hci/2011-16;;http://dx.doi.org/10.1007/978-3-642-21753-1_22;Smart Sol;conf/hci/BohmSW11;2011-06-30;;;;187-196;;;;;;;db/conf/hci/hci2011-16.html#BohmSW11;2011
input_inproceedings.csv	195129	Missing conference article title	207259;Amit Anil Nanavati|Nitendra Rajput|S. Arun Nair;HCI (3);;;;conf/hci/2007-3;;http://dx.doi.org/10.1007/978-3-540-73110-8_18;Conspeakuous;conf/hci/NairNR07;2007-08-29;;;;165-175;;;;;;;db/conf/hci/hci2007-3.html#NairNR07;2007
input_inproceedings.csv	195373	Missing conference article title	207505;Naznin Rao;HCI (11);;;;conf/hci/2007-11;;http://dx.doi.org/10.1007/978-3-540-73289-1_24;Entrepreneurial Digital Photography;conf/hci/Rao07;2007-08-31;;;;193-200;;;;;;;db/conf/hci/hci2007-11.html#Rao07;2007
input_inproceedings.csv	196727	Missing conference article title	208877;Atsushi Hasegawa;HCI (10);;;;conf/hci/2009-10;;http://dx.doi.org/10.1007/978-3-642-02806-9_82; Site-it!: An Information Architecture Prototyping Tool;conf/hci/Hasegawa09;2009-07-23;;;;707-711;;;;;;;db/conf/hci/hci2009-10.html#Hasegawa09;2009
input_inproceedings.csv	205304	Missing conference article title	217585;Carl A. Waldspurger|George Z. Chrysos|James E. Hicks|Jeffrey Dean|William E. Weihl;MICRO;;;;;;http://portal.acm.org/citation.cfm?id=266800.266828;ProfileMe;conf/micro/DeanHWWC97;2006-03-14;;;;292-302;;;;;;;db/conf/micro/micro97.html#DeanHWWC97;1997
input_inproceedings.csv	207198	Missing conference article title	219523;Alexandre di Costanzo|Denis Caromel|Laurent Baduel|Satoshi Matsuoka;HiPC;;;;conf/hipc/2007;;http://dx.doi.org/10.1007/978-3-540-77220-0_51;Grid'BnB;conf/hipc/CaromelCBM07;2008-01-25;;;;566-579;;;;;;;db/conf/hipc/hipc2007.html#CaromelCBM07;2007
input_inproceedings.csv	208873	Missing conference article title	221239;Yuhui Qiu|Zhixing Huang;GCC;;;;conf/gcc/2005;;http://dx.doi.org/10.1007/11590354_79;r;conf/gcc/HuangQ05;2005-12-05;;;;609-620;;;;;;;db/conf/gcc/gcc2005.html#HuangQ05;2005
input_inproceedings.csv	210214	Missing conference article title	222594;Anne Garcia-Fernandez|Ioana Vasilescu|Sophie Rosset;DiSS-LPSS;;;;conf/diss/2010;;http://www.isca-speech.org/archive/diss_lpss_2010/dl10_079.html;euh;conf/diss/Garcia-FernandezVR10;2014-04-02;;;;79-80;;;;;;;db/conf/diss/diss2010.html#Garcia-FernandezVR10;2010
input_inproceedings.csv	211680	Missing conference article title	224090;Prasenjit Sarkar|Shiva Chaitanya;WICON;;;;conf/wicon/2008;;http://doi.acm.org/10.1145/1554126.1554154;CD-PAN;conf/wicon/ChaitanyaS08;2009-06-23;;;;23;;;;;;;db/conf/wicon/wicon2008.html#ChaitanyaS08;2008
input_inproceedings.csv	213130	Missing conference article title	225556;Edwin Paalvast|Jaap Gordijn|Jasper Soetendal;I3E;;;;conf/i3e/2005;;http://dx.doi.org/10.1007/0-387-29773-1_2;VA;conf/i3e/GordijnSP05;2009-11-19;;;;17-31;;;3;;;;db/conf/i3e/i3e2005.html#GordijnSP05;2005
input_inproceedings.csv	213693	Missing conference article title	226133;Joni da Silva Fraga|Michelle S. Wangham|Ricardo J. Rabelo|Ricardo Schmidt;MATA;;;;conf/mata/2004;;http://dx.doi.org/10.1007/978-3-540-30178-3_22;MASS;conf/mata/WanghamFSR04;2011-08-10;;;;234-243;;;;;;;db/conf/mata/mata2004.html#WanghamFSR04;2004
input_inproceedings.csv	217085	Missing conference article title	229615;Ikuo Takeuchi|Itsuki Noda|Satoshi Tadokoro|Tetsuhiko Koto|Tomoichi Takahashi;RoboCup;;;;conf/robocup/2000;;http://dx.doi.org/10.1007/3-540-45324-5_42;RoboCup Rescue;conf/robocup/TakahashiTKTN00;2011-06-27;;;;379-384;;;;;;;db/conf/robocup/robocup2000.html#TakahashiTKTN00;2000
input_inproceedings.csv	218002	Missing conference article title	230547;Andreas Zell|Xiang Li;RoboCup;;;;conf/robocup/2006;;http://dx.doi.org/10.1007/978-3-540-74024-7_26;H;conf/robocup/LiZ06;2007-09-07;;;;296-303;;infinity;;;;;db/conf/robocup/robocup2006.html#LiZ06;2006
input_inproceedings.csv	222344	Missing conference article title	234952;Kojiro Higuchi;CiE;;;;conf/cie/2010;;http://dx.doi.org/10.1007/978-3-642-13962-8_21;P|w;conf/cie/Higuchi10;2010-06-28;;;;190-194;;;;;;;db/conf/cie/cie2010.html#Higuchi10;2010
input_inproceedings.csv	222362	Missing conference article title	234970;Douglas A. Cenzer|George Barmpalias|Jeffrey B. Remmel|Rebecca Weber;CiE;;;;conf/cie/2007;;http://dx.doi.org/10.1007/978-3-540-73001-9_14;K;conf/cie/BarmpaliasCRW07;2007-08-02;;;;135-145;;;;;;;db/conf/cie/cie2007.html#BarmpaliasCRW07;2007
input_inproceedings.csv	224360	Missing conference article title	237005;Hui Zhang 0001|Ion Stoica|Scott Shenker;SIGCOMM;;;;;;http://doi.acm.org/10.1145/285237.285273;Core;conf/sigcomm/StoicaSZ98;2013-09-23;;;;118-130;;;;;;;db/conf/sigcomm/sigcomm1998.html#StoicaSZ98;1998
input_inproceedings.csv	238037	Missing conference article title	250751;Jarek Rossignac|Topraj Gurung;Symposium on Solid and Physical Modeling;;;;conf/sma/2009;;http://doi.acm.org/10.1145/1629255.1629266;SOT;conf/sma/GurungR09;2009-10-12;;;;79-88;;;;;;;db/conf/sma/spm2009.html#GurungR09;2009
input_inproceedings.csv	238042	Missing conference article title	250756;Guohui Zhao|Haining Mou|Xiuping Liu|Zhixun Su;Symposium on Solid and Physical Modeling;;;;conf/sma/2007;;http://doi.acm.org/10.1145/1236246.1236310;G;conf/sma/MouZSL07;2007-06-08;;;;445-450;;;2;;;;db/conf/sma/spm2007.html#MouZSL07;2007
input_inproceedings.csv	238370	Missing conference article title	251090;Hong Qin|Jiazhi Xia|Wei Zeng|Xianfeng Gu|Ying He 0001;Symposium on Solid and Physical Modeling;;;;conf/sma/2009;;http://doi.acm.org/10.1145/1629255.1629305;C;conf/sma/ZengHXGQ09;2009-10-12;;;;367-372;;; INFINITY ;;;;db/conf/sma/spm2009.html#ZengHXGQ09;2009
input_inproceedings.csv	244802	Missing conference article title	257662;Aldo Bonfiglioli|Bruno Carpentieri|Masha Sosonkina;PARA;;;;conf/para/2006;;http://dx.doi.org/10.1007/978-3-540-75755-9_83;EulFS;conf/para/BonfiglioliCS06;2007-10-01;;;;676-685;;;;;;;db/conf/para/para2006.html#BonfiglioliCS06;2006
input_inproceedings.csv	245324	Missing conference article title	258193;Biplab Sanyal|Peter M. Oppeneer|Pooja M. Panchmatia;PARA;;;;conf/para/2006;;http://dx.doi.org/10.1007/978-3-540-75755-9_61;Ab Initio;conf/para/PanchmatiaSO06;2007-10-01;;;;502-509;;;;;;;db/conf/para/para2006.html#PanchmatiaSO06;2006
input_inproceedings.csv	245409	Missing conference article title	258278;Takahiro Katagiri|Teruo Tanaka|Toshitsugu Yuba;PARA;;;;conf/para/2006;;http://dx.doi.org/10.1007/978-3-540-75755-9_116;d-Spline;conf/para/TanakaKY06;2007-10-01;;;;986-995;;;;;;;db/conf/para/para2006.html#TanakaKY06;2006
input_inproceedings.csv	245439	Missing conference article title	258308;Euloge Edi|M. Tahar Kechadi|Ronan McNulty;PARA;;;;conf/para/2006;;http://dx.doi.org/10.1007/978-3-540-75755-9_131;TreeP;conf/para/EdiKM06;2009-09-09;;;;1136-1146;;;;;;;db/conf/para/para2006.html#EdiKM06;2006
input_inproceedings.csv	245821	Missing conference article title	258694;Dong-Min Son|Young-Bae Ko;SAMOS;;;;conf/samos/2007;;http://dx.doi.org/10.1007/978-3-540-73625-7_46; Neigh| k;conf/samos/SonK07;2007-09-03;;;;454-463;;; + ;;;;db/conf/samos/samos2007.html#SonK07;2007
input_inproceedings.csv	254437	Missing conference article title	267482;Hongbo Li;Automated Deduction in Geometry;;;;conf/adg/2004;;http://dx.doi.org/10.1007/11615798_11;n;conf/adg/Li04;2006-03-03;;;;169-197;;;;;;;db/conf/adg/adg2004.html#Li04;2004
input_inproceedings.csv	256420	Missing conference article title	269516;Carlos D. Toledo-Suárez;MICAI;;;;conf/micai/2009;;http://dx.doi.org/10.1007/978-3-642-05258-3_41;st;conf/micai/Toledo-Suarez09;2009-11-05;;;;466-477;;;;;;;db/conf/micai/micai2009.html#Toledo-Suarez09;2009
input_inproceedings.csv	261185	Missing conference article title	274382;Dirk Stroobandt|Jan Van Campenhout|Michiel De Wilde;ACM Great Lakes Symposium on VLSI;;;;conf/glvlsi/2002;;http://doi.acm.org/10.1145/505306.505339;AQUASUN|CAD;conf/glvlsi/WildeSC02;2006-02-10;;;;153-159;;;;;;;db/conf/glvlsi/glvlsi2002.html#WildeSC02;2002
input_inproceedings.csv	262811	Missing conference article title	276040;Min-jae Oh|Sung Ha Park|Tae-wan Kim;GMP;;;;conf/gmp/2010;;http://dx.doi.org/10.1007/978-3-642-13411-1_12;G;conf/gmp/OhPK10;2010-06-10;;;;179-191;;;1;;;;db/conf/gmp/gmp2010.html#OhPK10;2010
input_inproceedings.csv	269541	Missing conference article title	282867;Li Liu|Shafiq ur Réhman;WMMP;;;;conf/icpr/2008wmmp;;http://dx.doi.org/10.1007/978-3-642-12349-8_1;iFeeling;conf/icpr/RehmanL08;2010-04-27;;;;1-20;;;;;;;db/conf/icpr/wmmp2008.html#RehmanL08;2008
input_inproceedings.csv	274411	Missing conference article title	287780;Ehud Sharlin|Mario Costa Sousa|Nicole Sultanum|Sowmya Somanath;ITS;;;;conf/tabletop/2011;;http://doi.acm.org/10.1145/2076354.2076390;"""Point it, split it, peel it, view it""";conf/tabletop/SultanumSSS11;2011-12-08;;;;192-201;;;;;;;db/conf/tabletop/its2011.html#SultanumSSS11;2011
input_inproceedings.csv	278739	Missing conference article title	292171;Alessandro Micarelli|Claudio Biancalana|Claudio Squarcella;WIDM;;;;conf/widm/2008;;http://doi.acm.org/10.1145/1458502.1458518;Nereau;conf/widm/BiancalanaMS08;2008-11-12;;;;95-102;;;;;;;db/conf/widm/widm2008.html#BiancalanaMS08;2008
input_inproceedings.csv	281222	Missing conference article title	294710;Rajkumar Janakiraman|Sandeep Kumar|Sheng Zhang|Terence Sim;ICB;;;;conf/icb/2006;;http://dx.doi.org/10.1007/11608288_75;Continuous;conf/icb/ZhangJSK06;2005-12-13;;;;562-570;;;;;;;db/conf/icb/icb2006.html#ZhangJSK06;2006
input_inproceedings.csv	282014	Missing conference article title	295520;Benjamin Schlegel|Dirk Habich|Thomas Kissinger|Wolfgang Lehner;DaMoN;;;;conf/damon/2012;;http://doi.acm.org/10.1145/2236584.2236587;KISS-Tree;conf/damon/KissingerSHL12;2012-06-12;;;;16-23;;;;;;;db/conf/damon/damon2012.html#KissingerSHL12;2012
input_inproceedings.csv	286442	Missing conference article title	300081;Jason O. Hallstrom|Nigamanth Sridhar|Pradip K. Srimani|Sally K. Wahba;SpringSim;;;;conf/springsim/2010;;http://dl.acm.org/citation.cfm?id=1878537.1878716;SFS|f|s|s|s;conf/springsim/WahbaHSS10;2012-12-10;;;;172;;;3;;;;db/conf/springsim/springsim2010.html#WahbaHSS10;2010
input_inproceedings.csv	286663	Missing conference article title	300307;Julieta Noguez|Rosa López-Landa;SpringSim (TMS-DEVS);;;;conf/springsim/2012-4;;http://dl.acm.org/citation.cfm?id=2346657;PRoModel;conf/springsim/Lopez-LandaN12;2012-10-13;;;;41;;;;;;;db/conf/springsim/springsim2012-4.html#Lopez-LandaN12;2012
input_inproceedings.csv	287397	Missing conference article title	301057;Arvind Krishnamurthy|Ion Stoica|Lucian Popa 0002|Sylvia Ratnasamy;HotNets;;;;conf/hotnets/2011;;http://doi.acm.org/10.1145/2070562.2070584;FairCloud;conf/hotnets/0002KRS11;2012-05-22;;;;22;;;;;;;db/conf/hotnets/hotnets2011.html#0002KRS11;2011
input_inproceedings.csv	288249	Missing conference article title	301936;Hongming Zhang|Jiangqin Wu|Jie Yan|Jiyong Ma|Shiguang Shan|Wei Zheng|Wen Gao|Xilin Chen;ICMI;;;;conf/icmi/2000;;http://dx.doi.org/10.1007/3-540-40063-X_74;HandTalker: ;conf/icmi/GaoMSCZZYW00;2011-06-21;;;;564-571;;;;;;;db/conf/icmi/icmi2000.html#GaoMSCZZYW00;2000
input_inproceedings.csv	306187	Missing conference article title	319972;Arno Schoenmakers|Helen Charman|Nick de Jong|Pete Matthews|Warner ten Kate;ECMAST;;;;conf/ecmast/1997;;http://dx.doi.org/10.1007/BFb0037344;trigg&link;conf/ecmast/KateSJCM97;2011-06-15;;;;51-65;;;;;;;db/conf/ecmast/ecmast1997.html#KateSJCM97;1997
input_inproceedings.csv	306828	Missing conference article title	320619;Anton Batliner|Fiorella de Rosis|Nicole Novielli|Stefan Steidl;ACII;;;;conf/acii/2007;;http://dx.doi.org/10.1007/978-3-540-74889-2_17;'You are Sooo Cool, Valentina!';conf/acii/RosisBNS07;2007-09-05;;;;179-190;;;;;;;db/conf/acii/acii2007.html#RosisBNS07;2007
input_inproceedings.csv	308591	Missing conference article title	322425;Bidyut Kr. Patra|Neminath Hubballi|Sukumar Nandi;PReMI;;;;conf/premi/2011;;http://dx.doi.org/10.1007/978-3-642-21786-9_8;NDoT;conf/premi/HubballiPN11;2011-06-29;;;;36-42;;;;;;;db/conf/premi/premi2011.html#HubballiPN11;2011
input_inproceedings.csv	310414	Missing conference article title	324287;Benson L. Joeris|Ross M. McConnell|Scott Lundberg;Graph Theory, Computational Intelligence and Thought;;;;conf/birthday/2009golumbic;;http://dx.doi.org/10.1007/978-3-642-02029-2_16;O|m|n;conf/birthday/JoerisLM09;2009-09-07;;;;158-171;;;;;;;db/conf/birthday/golumbic2009.html#JoerisLM09;2009
input_inproceedings.csv	321195	Missing conference article title	335288;Farzana Rahman|Sheikh Iqbal Ahamed;RACS;;;;conf/racs/2012;;http://doi.acm.org/10.1145/2401603.2401645;MonAC;conf/racs/RahmanA12;2013-12-01;;;;180-185;;;;;;;db/conf/racs/racs2012.html#RahmanA12;2012
input_inproceedings.csv	321199	Missing conference article title	335292;Eunjee Song|Sanjeev Arora|Yoonjeong Kim;RACS;;;;conf/racs/2012;;http://doi.acm.org/10.1145/2401603.2401679;Modified;conf/racs/AroraSK12;2013-12-01;;;;344-347;;;;;;;db/conf/racs/racs2012.html#AroraSK12;2012
input_inproceedings.csv	321476	Missing conference article title	335576;Annabelle McIver|Carroll C. Morgan;FM;;;;conf/fm/2009;;http://dx.doi.org/10.1007/978-3-642-05089-3_19;Sums and Lovers: ;conf/fm/McIverM09;2009-11-05;;;;289-304;;;;;;;db/conf/fm/fm2009.html#McIverM09;2009
input_inproceedings.csv	322512	Missing conference article title	336638;Aidong Zhang|Daoying Ma|David M. Mark|Wei Wang 0040|Yimin Wu;DG.O;;;;;;http://diggov.org/library/library/pdf/azhang.pdf;Webview;conf/dgo/WangMWZM02;2012-05-14;;;;;;;;;;;db/conf/dgo/dgo2002.html#WangMWZM02;2002
input_inproceedings.csv	323223	Missing conference article title	337356;Juan Luna-Trejo|Mónica Pérez-Meza|Oswaldo R. Ávila-Barrón|Rosibelda Mondragón-Becerra|Sandra K. Ramírez-Vásquez|Sergio R. Coria;DG.O;;;;conf/dgo/2013;;http://doi.acm.org/10.1145/2479724.2479742;Delta score;conf/dgo/CoriaRLMPA13;2013-06-24;;;;102-110;;;;;;;db/conf/dgo/dgo2013.html#CoriaRLMPA13;2013
input_inproceedings.csv	326809	Missing conference article title	341031;Cheol Min Kim|Hye Sun Kim|Seong Baeg Kim;Intelligent Tutoring Systems;;;;conf/its/2006;;http://dx.doi.org/10.1007/11774303_89;TELAT;conf/its/KimKK06;2006-06-26;;;;750-752;;;;;;;db/conf/its/its2006.html#KimKK06;2006
input_inproceedings.csv	334147	Missing conference article title	348551;Craig Gentry|Shai Halevi|Vinod Vaikuntanathan;CRYPTO;;;;conf/crypto/2010;;http://dx.doi.org/10.1007/978-3-642-14623-7_9;i;conf/crypto/GentryHV10;2010-08-17;;;;155-172;;;;;;;db/conf/crypto/crypto2010.html#GentryHV10;2010
input_inproceedings.csv	336231	Missing conference article title	350680;Neil Hurley;EWCBR;;;;conf/ewcbr/1993;;http://dx.doi.org/10.1007/3-540-58330-0_101;A priori;conf/ewcbr/Hurley93;2011-06-14;;;;379-391;;;;;;;db/conf/ewcbr/ewcbr1993.html#Hurley93;1993
input_inproceedings.csv	336482	Missing conference article title	350939;Epimenidis Voutsakis|Euripides G. M. Petrakis|Evangelos E. Milios;ICIAR (1);;;;conf/iciar/2006-1;;http://dx.doi.org/10.1007/11867586_64;IntelliSearch;conf/iciar/VoutsakisPM06;2006-12-05;;;;697-708;;;;;;;db/conf/iciar/iciar2006-1.html#VoutsakisPM06;2006
input_inproceedings.csv	337972	Missing conference article title	352453;Chester Wan|Cheuk-Yin Ho|Liu Wenyin|Tong Lu|Xiangfei Kong|Yiming Wang|Zhengxing Sun;GREC;;;;conf/grec/2009;;http://dx.doi.org/10.1007/978-3-642-13728-0_12;QuickDiagram;conf/grec/WenyinKWWHLS09;2010-07-05;;;;130-141;;;;;;;db/conf/grec/grec2009.html#WenyinKWWHLS09;2009
input_inproceedings.csv	339788	Missing conference article title	354313;Harald Fecher|Martin Leucker|Verena Wolf;SPIN;;;;conf/spin/2006;;http://dx.doi.org/10.1007/11691617_5;Don't Know;conf/spin/FecherLW06;2006-04-06;;;;71-88;;;;;;;db/conf/spin/spin2006.html#FecherLW06;2006
input_inproceedings.csv	343970	Missing conference article title	358636;Adam J. Slagell|William Yurcik|Xiaoxin Yin;SEC;;;;conf/sec/2006;;http://dx.doi.org/10.1007/0-387-33406-8_24;VisFlowCluster-IP;conf/sec/YinYS06;2007-05-07;;;;284-295;;;;;;;db/conf/sec/sec2006.html#YinYS06;2006
input_inproceedings.csv	347429	Missing conference article title	362161;Alfredo Cuzzocrea|Ladjel Bellatreche|Soumia Benkrid;DaWak;;;;conf/dawak/2010;;http://dx.doi.org/10.1007/978-3-642-15105-7_8;A|F;conf/dawak/BellatrecheCB10;2010-09-08;;;;89-104;;;;;;;db/conf/dawak/dawak2010.html#BellatrecheCB10;2010
input_inproceedings.csv	347577	Missing conference article title	362313;Henrique Madeira|Pedro Furtado;DaWaK;;;;conf/dawak/2000;;http://dx.doi.org/10.1007/3-540-44466-1_44;Vmhist;conf/dawak/FurtadoM00a;2011-06-21;;;;431-436;;;;;;;db/conf/dawak/dawak2000.html#FurtadoM00a;2000
input_inproceedings.csv	348009	Missing conference article title	362757;Boncheol Gu|Byunghun Song|Hong Min|Hyukjun Oh|Jiman Hong|Junyoung Heo|Sangho Yi|Yookun Cho;MSN;;;;conf/msn/2006;;http://dx.doi.org/10.1007/11943952_64;XMAS;conf/msn/YiMHGCHOS06;2006-11-29;;;;760-769;;;;;;;db/conf/msn/msn2006.html#YiMHGCHOS06;2006
input_inproceedings.csv	358154	Missing conference article title	373015;Dongqing Yang|Junhu Zhang|Shiwei Tang;ASIAN;;;;conf/asian/2005;;http://dx.doi.org/10.1007/11596370_11;ACB-R;conf/asian/ZhangYT05;2005-11-30;;;;113-126;;;;;;;db/conf/asian/asian2005.html#ZhangYT05;2005
input_inproceedings.csv	364050	Missing conference article title	379047;Mizuki Sakamoto|Tatsuo Nakajima;MUM;;;;conf/mum/2013;;http://doi.acm.org/10.1145/2541831.2541838;Micro-crowdfunding;conf/mum/SakamotoN13;2014-01-08;;;;29;;;;;;;db/conf/mum/mum2013.html#SakamotoN13;2013
input_inproceedings.csv	364126	Missing conference article title	379127;Claudia Zuniga|Graham Dean|Leena Ventä-Olkkonen|Marianne Kinnula|Tobias Stockinger;MUM;;;;conf/mum/2013;;http://doi.acm.org/10.1145/2541831.2541878;Who's there?;conf/mum/Venta-OlkkonenKDSZ13;2014-01-08;;;;49;;;;;;;db/conf/mum/mum2013.html#Venta-OlkkonenKDSZ13;2013
input_inproceedings.csv	364227	Missing conference article title	379231;Christer Åhlund|Daniel Granlund|Karl Andersson;MUM;;;;conf/mum/2007;;http://doi.acm.org/10.1145/1329469.1329470;4|M;conf/mum/AnderssonGA07;2008-04-03;;;;6-13;;;;;;;db/conf/mum/mum2007.html#AnderssonGA07;2007
input_inproceedings.csv	365552	Missing conference article title	380597;Enrico Pontelli|Tran Cao Son;ICLP;;;;conf/iclp/2006;;http://dx.doi.org/10.1007/11799573_16;Justifications;conf/iclp/PontelliS06;2006-08-22;;;;196-210;;;;;;;db/conf/iclp/iclp2006.html#PontelliS06;2006
input_inproceedings.csv	366549	Missing conference article title	381612;John M. Mocenigo|Naser S. Barghouti|Wenke Lee;Graph Drawing;;;;conf/gd/1997;;http://dx.doi.org/10.1007/3-540-63938-1_78;Grappa: ;conf/gd/BarghoutiML97;2011-06-16;;;;336-343;;;;;;;db/conf/gd/gd1997.html#BarghoutiML97;1997
input_inproceedings.csv	366737	Missing conference article title	381803;Emilio Di Giacomo|Francesco Trotta|Giuseppe Liotta|Henk Meijer|Stephen K. Wismath|Walter Didimo;Graph Drawing;;;;conf/gd/2006;;http://dx.doi.org/10.1007/978-3-540-70904-6_31;k;conf/gd/GiacomoDLMTW06;2007-05-27;;;;318-329;;;;;;;db/conf/gd/gd2006.html#GiacomoDLMTW06;2006
input_inproceedings.csv	367114	Missing conference article title	382190;Bernd Becker|Paul Molitor|Robby Schönfeld|Wolfgang Günther;Graph Drawing;;;;conf/gd/2000;;http://dx.doi.org/10.1007/3-540-44541-2_24;k;conf/gd/GuntherSBM00;2011-06-22;;;;253-258;;;;;;;db/conf/gd/gd2000.html#GuntherSBM00;2000
input_inproceedings.csv	368850	Missing conference article title	383963;Andrew Moore|Erik Geelhoed|Philippa Brock|Sharon Baurley;HAID;;;;conf/haid/2007;;http://dx.doi.org/10.1007/978-3-540-76702-2_7;Communication-Wear: ;conf/haid/BaurleyBGM07;2007-10-29;;;;56-68;;;;;;;db/conf/haid/haid2007.html#BaurleyBGM07;2007
input_inproceedings.csv	369822	Missing conference article title	384967;Krystof Hoder|Leonardo Mendonça de Moura|Nikolaj Bjørner;CAV;;;;conf/cav/2011;;http://dx.doi.org/10.1007/978-3-642-22110-1_36;μZ;conf/cav/HoderBM11;2011-07-11;;;;457-462;;;;;;;db/conf/cav/cav2011.html#HoderBM11;2011
input_inproceedings.csv	370614	Missing conference article title	385780;Franco Zambonelli|Letizia Leonardi|Marco Mamei;WOA;;;;conf/woa/2002;;;A|O|T|T;conf/woa/MameiZL02;2005-01-18;;;;108-116;;;;;;;db/conf/woa/woa2002.html#MameiZL02;2002
input_inproceedings.csv	374762	Missing conference article title	390003;Marc Cheong|Vincent C. S. Lee;ACIIDS (2);;;;conf/aciids/2010-2;;http://dx.doi.org/10.1007/978-3-642-12101-2_13;Twittering;conf/aciids/CheongL10;2011-04-04;;;;114-123;;;;;;;db/conf/aciids/aciids2010-2.html#CheongL10;2010
input_inproceedings.csv	376598	Missing conference article title	391874;Isamu Teranishi|Kazue Sako;Public Key Cryptography;;;;conf/pkc/2006;;http://dx.doi.org/10.1007/11745853_34;k;conf/pkc/TeranishiS06;2006-04-20;;;;525-542;;;;;;;db/conf/pkc/pkc2006.html#TeranishiS06;2006
input_inproceedings.csv	376628	Missing conference article title	391905;Bo-Yin Yang|Christopher Wolf|Jintai Ding;Public Key Cryptography;;;;conf/pkc/2007;;http://dx.doi.org/10.1007/978-3-540-71677-8_18;M|MQ|Q|l;conf/pkc/DingWY07;2007-07-03;;;;266-281;;;;;;;db/conf/pkc/pkc2007.html#DingWY07;2007
input_inproceedings.csv	377434	Missing conference article title	392731;Hongyan Liu|Hui Yang|Jun He;ADMA;;;;conf/adma/2007;;http://dx.doi.org/10.1007/978-3-540-73871-8_2;DELAY;conf/adma/YangLH07;2007-08-28;;;;2-14;;;;;;;db/conf/adma/adma2007.html#YangLH07;2007
input_inproceedings.csv	377561	Missing conference article title	392860;Jiazhen Nian|Shanshan Wang|Yan Zhang;ADMA (1);;;;conf/adma/2013-1;;http://dx.doi.org/10.1007/978-3-642-53914-5_5;HN|Sim;conf/adma/NianWZ13;2014-02-24;;;;48-59;;;;;;;db/conf/adma/adma2013-1.html#NianWZ13;2013
input_inproceedings.csv	377598	Missing conference article title	392897;P. Nagabhushan|R. Pradeep Kumar;ADMA;;;;conf/adma/2006;;http://dx.doi.org/10.1007/11811305_106;WaveSim;conf/adma/KumarN06;2006-08-21;;;;977-984;;;;;;;db/conf/adma/adma2006.html#KumarN06;2006
input_inproceedings.csv	378027	Missing conference article title	393335;Haifeng Li|Hong Chen;ADMA;;;;conf/adma/2007;;http://dx.doi.org/10.1007/978-3-540-73871-8_37;GraSeq;conf/adma/LiC07;2007-08-28;;;;401-411;;;;;;;db/conf/adma/adma2007.html#LiC07;2007
input_inproceedings.csv	380937	Missing conference article title	396302;Clara Coutinho|Cristina Sylla|Paulo Brito|Pedro Branco|Sérgio Gonçalves;IDC;;;;conf/acmidc/2012;;http://doi.acm.org/10.1145/2307096.2307157;t-books;conf/acmidc/SyllaBGCB12;2012-06-23;;;;323-326;;;;;;;db/conf/acmidc/idc2012.html#SyllaBGCB12;2012
input_inproceedings.csv	380939	Missing conference article title	396304;Aditya Sharma|Juan Pablo Hourcade|Keith B. Perry;IDC;;;;conf/acmidc/2008;;http://doi.acm.org/10.1145/1463689.1463757;PointAssist;conf/acmidc/HourcadePS08;2008-12-04;;;;202-209;;;;;;;db/conf/acmidc/idc2008.html#HourcadePS08;2008
input_inproceedings.csv	381031	Missing conference article title	396397;Paweena Prachanronarong;IDC;;;;conf/acmidc/2013;;http://doi.acm.org/10.1145/2485760.2485855;Blockuits;conf/acmidc/Prachanronarong13;2013-06-25;;;;519-522;;;;;;;db/conf/acmidc/idc2013.html#Prachanronarong13;2013
input_inproceedings.csv	381212	Missing conference article title	396581;Cynthia Breazeal|Ryan Wistort;IDC;;;;conf/acmidc/2011;;http://doi.acm.org/10.1145/1999030.1999064;TofuDraw;conf/acmidc/WistortB11;2011-06-21;;;;213-216;;;;;;;db/conf/acmidc/idc2011.html#WistortB11;2011
input_inproceedings.csv	381482	Missing conference article title	396854;Joe Laszlo|Karan Singh|Michael Pratscher|Patrick Coleman;Symposium on Computer Animation;;;;conf/sca/2005;;http://doi.acm.org/10.1145/1073368.1073415;Outside-in;conf/sca/PratscherCLS05;2011-04-05;;;;329-338;;;;;;;db/conf/sca/sca2005.html#PratscherCLS05;2005
input_inproceedings.csv	382315	Missing conference article title	397718;Daniel Cermak-Sassenrath;IE;;;;conf/ie/2012;;http://doi.acm.org/10.1145/2336727.2336748;Box Me Dumb Human;conf/ie/Cermak-Sassenrath12b;2012-09-09;;;;21;;;;;;;db/conf/ie/ie2012.html#Cermak-Sassenrath12b;2012
input_inproceedings.csv	385403	Missing conference article title	400847;Christian K. Shin|Donghwan Lee|Eunkyo Kim|Jieun Yu|Jihoon Choi|Joongheon Kim|Wonjun Lee;UCS;;;;conf/ucs/2006;;http://dx.doi.org/10.1007/11890348_26;U;conf/ucs/LeeKYLCKS06;2006-10-24;;;;344-356;;;;;;;db/conf/ucs/ucs2006.html#LeeKYLCKS06;2006
input_inproceedings.csv	385427	Missing conference article title	400873;Won-Tae Kim;UCS;;;;conf/ucs/2006;;http://dx.doi.org/10.1007/11890348_30;DynaMoNET;conf/ucs/Kim06;2006-10-24;;;;398-413;;;;;;;db/conf/ucs/ucs2006.html#Kim06;2006
input_inproceedings.csv	385440	Missing conference article title	400886;Kaori Fujinami|Tatsuo Nakajima|Tetsuo Yamabe;UCS;;;;conf/ucs/2004;;http://dx.doi.org/10.1007/11526858_14;Bazaar;conf/ucs/FujinamiYN04;2005-09-13;;;;174-191;;;;;;;db/conf/ucs/ucs2004.html#FujinamiYN04;2004
input_inproceedings.csv	386778	Missing conference article title	402242;Margot Flowers|Michael G. Dyer;AFIPS National Computer Conference;;;;conf/afips/1984;;http://doi.acm.org/10.1145/1499310.1499394;Really;conf/afips/FlowersD84;2009-04-14;;;;651-659;;;;;;;db/conf/afips/ncc84.html#FlowersD84;1984
input_inproceedings.csv	387971	Missing conference article title	403447;Toni Carbo Bearman;AFIPS National Computer Conference;;;;conf/afips/1975;;http://doi.acm.org/10.1145/1499949.1500172;nfais;conf/afips/Bearman75;2009-04-14;;;;963-968;;;;;;;db/conf/afips/ncc75.html#Bearman75;1975
input_inproceedings.csv	390841	Missing conference article title	406365;Jiuqiang Han|Ruifeng Wang|Yuanli Cai|Zhenhua Yu;ICIC (2);;;;conf/icic/2005-2;;http://dx.doi.org/10.1007/11538356_23;pi;conf/icic/YuCWH05;2005-09-29;;;;218-227;;;;;;;db/conf/icic/icic2005-2.html#YuCWH05;2005
input_inproceedings.csv	402376	Missing conference article title	418096;Oncel Tuzel|Srikumar Ramalingam|Tim K. Marks|Yuichi Taguchi;ECCV (5);;;;conf/eccv/2010-5;;http://dx.doi.org/10.1007/978-3-642-15555-0_32;P;conf/eccv/RamalingamTMT10;2010-11-24;;;;436-449;;;;;;;db/conf/eccv/eccv2010-5.html#RamalingamTMT10;2010
input_inproceedings.csv	402440	Missing conference article title	418162;Antonio Criminisi|Carsten Rother|Jamie Shotton|John M. Winn;ECCV (1);;;;conf/eccv/2006-1;;http://dx.doi.org/10.1007/11744023_1;TextonBoost;conf/eccv/ShottonWRC06;2006-10-30;;;;1-15;;;;;;;db/conf/eccv/eccv2006-1.html#ShottonWRC06;2006
input_inproceedings.csv	404555	Missing conference article title	420317;Dorab Patel|Martine D. F. Schlag|Milos D. Ercegovac;FPCA;;;;;;http://dx.doi.org/10.1007/3-540-15975-4_40;vFP;conf/fpca/PatelSE85;2011-06-10;;;;238-255;;;;;;;db/conf/fpca/fpca85.html#PatelSE85;1985
input_inproceedings.csv	409251	Missing conference article title	425122;H. Jonathan Chao|Masanori Bando|N. Sertac Artan;ANCS;;;;conf/ancs/2009;;http://doi.acm.org/10.1145/1882486.1882496;LaFA;conf/ancs/BandoAC09;2010-12-16;;;;40-49;;;;;;;db/conf/ancs/ancs2009.html#BandoAC09;2009
input_inproceedings.csv	409481	Missing conference article title	425360;Andreas Butz|Josef Schumann|Kai Eckoldt|Marc Hassenzahl|Martin Knobel|Melanie Lamara|Tobias Sattler;Conference on Designing Interactive Systems;;;;conf/ACMdis/2012;;http://doi.acm.org/10.1145/2317956.2317963;Clique Trip;conf/ACMdis/KnobelHLSSEB12;2012-06-28;;;;29-37;;;;;;;db/conf/ACMdis/ACMdis2012.html#KnobelHLSSEB12;2012
input_inproceedings.csv	409523	Missing conference article title	425402;Daniela Wurhofer|Elizabeth A. Buie|Elke Beck|Jettie Hoonhout|Marianna Obrist|Petra Sundström;Conference on Designing Interactive Systems;;;;conf/ACMdis/2012;;http://doi.acm.org/10.1145/2317956.2318086;The message in the bottle;conf/ACMdis/ObristWSBBH12;2012-06-28;;;;811-812;;;;;;;db/conf/ACMdis/ACMdis2012.html#ObristWSBBH12;2012
input_inproceedings.csv	409537	Missing conference article title	425416;Gina Joue|Irene Mittelberg|Sukeshini A. Grandhi;Conference on Designing Interactive Systems;;;;conf/ACMdis/2012;;http://doi.acm.org/10.1145/2317956.2318044;To move or to remove?;conf/ACMdis/GrandhiJM12;2012-06-28;;;;582-591;;;;;;;db/conf/ACMdis/ACMdis2012.html#GrandhiJM12;2012
input_inproceedings.csv	409596	Missing conference article title	425476;Quentin Jones|Richard P. Schuler|Sukeshini A. Grandhi;Conference on Designing Interactive Systems;;;;conf/ACMdis/2010;;http://doi.acm.org/10.1145/1858171.1858180;Telling calls;conf/ACMdis/GrandhiSJ10;2010-11-23;;;;43-46;;;;;;;db/conf/ACMdis/ACMdis2010.html#GrandhiSJ10;2010
input_inproceedings.csv	409696	Missing conference article title	425576;Erika Ito|Mikiko Iwakuma|Naohito Okude|Shunsuke Taura|Tomoaki Hashima|Yu Ebihara;Conference on Designing Interactive Systems;;;;conf/ACMdis/2010;;http://doi.acm.org/10.1145/1858171.1858210;Osusowake|Sharebee;conf/ACMdis/ItoITHEO10;2010-11-23;;;;228-231;;;;;;;db/conf/ACMdis/ACMdis2010.html#ItoITHEO10;2010
input_inproceedings.csv	409705	Missing conference article title	425585;David Bainbridge|David M. Frohlich|Dorothy Rachovides|George Buchanan|Matt Jones|Maxine Frank|Mounia Lalmas|Will Harwood;Conference on Designing Interactive Systems;;;;conf/ACMdis/2008;;http://doi.acm.org/10.1145/1394445.1394485;"""Narrowcast yourself""";conf/ACMdis/JonesHBBFRFL08;2009-04-13;;;;369-378;;;;;;;db/conf/ACMdis/ACMdis2008.html#JonesHBBFRFL08;2008
input_inproceedings.csv	409747	Missing conference article title	425630;Bernhard E. Riecke|Diane Gromala|Jay Vidyarthi;Conference on Designing Interactive Systems;;;;conf/ACMdis/2012;;http://doi.acm.org/10.1145/2317956.2318017;Sonic Cradle;conf/ACMdis/VidyarthiRG12;2012-06-28;;;;408-417;;;;;;;db/conf/ACMdis/ACMdis2012.html#VidyarthiRG12;2012
input_inproceedings.csv	410084	Missing conference article title	425974;Alain Coletta|Carole A. Goble|David Thorne|James Marsh|James Sinnott|Katy Wolstencroft|Peter Li|Philip McDermott|Pinar Alper|Steve Pettifer|Teresa K. Attwood|Tom Oinn;DILS;;;;conf/dils/2007;;http://dx.doi.org/10.1007/978-3-540-73255-6_8;;conf/dils/PettiferWAACGLMMOST07;2007-07-03;;;;59-70;;;my;;;;db/conf/dils/dils2007.html#PettiferWAACGLMMOST07;2007
input_inproceedings.csv	410288	Missing conference article title	426188;Panagiotis Rizomiliotis;TrustBus;;;;conf/trustbus/2009;;http://dx.doi.org/10.1007/978-3-642-03748-1_16;HB|HB|MAC|Random;conf/trustbus/Rizomiliotis09;2009-10-08;;;;159-168;;;#;;;;db/conf/trustbus/trustbus2009.html#Rizomiliotis09;2009
input_inproceedings.csv	412647	Missing conference article title	428608;David C. Parkes;EC;;;;;;http://doi.acm.org/10.1145/336992.337032;i;conf/sigecom/Parkes99;2014-02-24;;;;148-157;;;;;;;db/conf/sigecom/sigecom1999.html#Parkes99;1999
input_inproceedings.csv	415243	Missing conference article title	431245;Gagan L. Choudhury|Ward Whitt;MASCOTS;;;;conf/mascots/1995;;;Q;conf/mascots/ChoudhuryW95;2002-02-07;;;;411-415;;;2;;;;db/conf/mascots/mascots1995.html#ChoudhuryW95;1995
input_inproceedings.csv	415386	Missing conference article title	431389;A. van Lomwel|B. Stavrov|J. de Jogh|R. in 't Velt;MASCOTS;;;;conf/mascots/1995;;;Bnet;conf/mascots/StavrovJLV95;2004-02-09;;;;253-256;;;;;;;db/conf/mascots/mascots1995.html#StavrovJLV95;1995
input_inproceedings.csv	415695	Missing conference article title	431707;A. Friedmann|Christian Jacob|J. Rehder|J. Siemandel;MASCOTS;;;;conf/mascots/1995;;;XNeuroGene;conf/mascots/JacobRSF95;2002-02-07;;;;436-439;;;;;;;db/conf/mascots/mascots1995.html#JacobRSF95;1995
input_inproceedings.csv	417046	Missing conference article title	433075;Armin Eftekhari|Hamid Abrishami Moghaddam|Massoud Babaie-Zadeh;CAIP;;;;conf/caip/2009;;http://dx.doi.org/10.1007/978-3-642-03767-2_98;K|k;conf/caip/EftekhariMB09;2009-10-02;;;;808-815;;;;;;;db/conf/caip/caip2009.html#EftekhariMB09;2009
input_inproceedings.csv	417357	Missing conference article title	433392;Christian Thurau|Václav Hlavác;CAIP;;;;conf/caip/2007;;http://dx.doi.org/10.1007/978-3-540-74272-2_12;n;conf/caip/ThurauH07;2007-08-21;;;;93-100;;;;;;;db/conf/caip/caip2007.html#ThurauH07;2007
input_inproceedings.csv	418397	Missing conference article title	434454;Armin Wolf|Gunnar Schrader;INAP;;;;conf/inap/2005;;http://dx.doi.org/10.1007/11963578_8;O|n|n;conf/inap/WolfS05;2007-01-30;;;;88-101;;;;;;;db/conf/inap/inap2005.html#WolfS05;2005
input_inproceedings.csv	418665	Missing conference article title	434786;Nam S. Vo|Vinhthuy Phan;BCB;;;;conf/bcb/2012;;http://doi.acm.org/10.1145/2382936.2383014;Pattern analysis;conf/bcb/VoP12;2012-11-11;;;;539-541;;;;;;;db/conf/bcb/bcb2012.html#VoP12;2012
input_inproceedings.csv	418692	Missing conference article title	434813;Dalma Martinovic|David Hala|Duane B. Huggett;BCB;;;;conf/bcb/2010;;http://doi.acm.org/10.1145/1854776.1854866;Danio rerio|In silico;conf/bcb/HalaHM10;2011-03-16;;;;487-489;;;;;;;db/conf/bcb/bcb2010.html#HalaHM10;2010
input_inproceedings.csv	418819	Missing conference article title	434941;Dongxiao Zhu|Thair Judeh|Tin Chi Nguyen;BCB;;;;conf/bcb/2012;;http://doi.acm.org/10.1145/2382936.2382997;QSEA;conf/bcb/JudehNZ12;2012-11-11;;;;474-481;;;;;;;db/conf/bcb/bcb2012.html#JudehNZ12;2012
input_inproceedings.csv	421229	Missing conference article title	437373;Enrico Pontelli|Inna Pivkina|Jessica Haebe|Rachel Jensen;SIGCSE;;;;conf/sigcse/2009;;http://doi.acm.org/10.1145/1508865.1509042;Young women in computing;conf/sigcse/PivkinaPJH09;2009-03-04;;;;509-513;;;;;;;db/conf/sigcse/sigcse2009.html#PivkinaPJH09;2009
input_inproceedings.csv	424944	Missing conference article title	441124;Deana S. Brown|Gary Marsden|Ulrike Rivett;ICTD;;;;conf/ictd/2012;;http://doi.acm.org/10.1145/2160673.2160703;WATER alert!;conf/ictd/BrownMR12;2012-05-18;;;;230-240;;;;;;;db/conf/ictd/ictd2012.html#BrownMR12;2012
input_inproceedings.csv	426548	Missing conference article title	442782;Martin Lange|Martin Leucker|Orna Grumberg|Sharon Shoham;VMCAI;;;;conf/vmcai/2005;;http://dx.doi.org/10.1007/978-3-540-30579-8_16;Don't Know;conf/vmcai/GrumbergLLS05;2011-08-08;;;;233-249;;;;;;;db/conf/vmcai/vmcai2005.html#GrumbergLLS05;2005
input_inproceedings.csv	429423	Missing conference article title	445707;Claudio Moraga;KES (1);;;;conf/kes/2007-1;;http://dx.doi.org/10.1007/978-3-540-74819-9_4;Design;conf/kes/Moraga07;2007-09-13;;;;26-33;;;;;;;db/conf/kes/kes2007-1.html#Moraga07;2007
input_inproceedings.csv	430282	Missing conference article title	446572;Edilson Ferneda|Elizabeth d'Arrochella Teixeira|Hércules Antonio do Prado|Nicolas Anquetil;KES (2);;;;conf/kes/2009-2;;http://dx.doi.org/10.1007/978-3-642-04592-9_46;Counselor;conf/kes/PradoFAT09;2009-10-12;;;;364-371;;;;;;;db/conf/kes/kes2009-2.html#PradoFAT09;2009
input_inproceedings.csv	430515	Missing conference article title	446809;Seung-won Hwang;KES (2);;;;conf/kes/2006-2;;http://dx.doi.org/10.1007/11893004_162;H;conf/kes/Hwang06;2006-11-15;;;;1281-1288;;;3;;;;db/conf/kes/kes2006-2.html#Hwang06;2006
input_inproceedings.csv	430705	Missing conference article title	447000;Eddie C. L. Chan|Raymond S. T. Lee;KES (1);;;;conf/kes/2005-1;;http://dx.doi.org/10.1007/11552413_99;i;conf/kes/ChanL05;2005-09-08;;;;693-699;;;;;;;db/conf/kes/kes2005-1.html#ChanL05;2005
input_inproceedings.csv	431428	Missing conference article title	447728;Eddie C. L. Chan|Raymond S. T. Lee|Raymond Y. W. Mak;KES (2);;;;conf/kes/2006-2;;http://dx.doi.org/10.1007/11893004_84;i;conf/kes/LeeCM06;2006-11-15;;;;652-658;;;;;;;db/conf/kes/kes2006-2.html#LeeCM06;2006
input_inproceedings.csv	432479	Missing conference article title	448787;Byoung-Soo Koh|Jae-Hyuk Jang|Jong Hyuk Park|Sangjin Lee;KES (2);;;;conf/kes/2006-2;;http://dx.doi.org/10.1007/11893004_99;ui;conf/kes/ParkLKJ06;2006-11-15;;;;777-784;;;;;;;db/conf/kes/kes2006-2.html#ParkLKJ06;2006
input_inproceedings.csv	432555	Missing conference article title	448865;Kok-Leong Ong|Poh Hean Yap;KES (2);;;;conf/kes/2005-2;;http://dx.doi.org/10.1007/11552451_128;sigma;conf/kes/YapO05;2005-09-06;;;;929-935;;;;;;;db/conf/kes/kes2005-2.html#YapO05;2005
input_inproceedings.csv	440912	Missing conference article title	457380;Anthony Ruto|Gordana Novakovic|Peter J. Bentley;ICARIS;;;;conf/icaris/2005;;http://dx.doi.org/10.1007/11536444_1;Fugue;conf/icaris/BentleyNR05;2007-10-02;;;;1-12;;;;;;;db/conf/icaris/icaris2005.html#BentleyNR05;2005
input_inproceedings.csv	441896	Missing conference article title	458393;Alexis Paljic|Philippe Fuchs|Vincent Meyrueis;VRST;;;;conf/vrst/2009;;http://doi.acm.org/10.1145/1643928.1643968;D;conf/vrst/MeyrueisPF09;2009-11-23;;;;179-182;;;3;;;;db/conf/vrst/vrst2009.html#MeyrueisPF09;2009
input_inproceedings.csv	442795	Missing conference article title	459312;Shin-ichi Minato;SAT;;;;conf/sat/2011;;http://dx.doi.org/10.1007/978-3-642-21581-0_9;π;conf/sat/Minato11;2011-06-15;;;;90-104;;;;;;;db/conf/sat/sat2011.html#Minato11;2011
input_inproceedings.csv	443103	Missing conference article title	459628;Evanthia Papadopoulou;ISAAC;;;;conf/isaac/1996;;http://dx.doi.org/10.1007/BFb0009507;k;conf/isaac/Papadopoulou96;2009-09-17;;;;305-314;;;;;;;db/conf/isaac/isaac96.html#Papadopoulou96;1996
input_inproceedings.csv	443326	Missing conference article title	459855;Ben Seamone|Joseph O'Rourke|Karim Douïeb|Michiel H. M. Smid|Mirela Damian|Prosenjit Bose|Stefanie Wuhrer;ISAAC (2);;;;conf/isaac/2010-2;;http://dx.doi.org/10.1007/978-3-642-17514-5_38;pi;conf/isaac/BoseDDOSSW10;2010-12-09;;;;446-457;;;;;;;db/conf/isaac/isaac2010-2.html#BoseDDOSSW10;2010
input_inproceedings.csv	443917	Missing conference article title	460455;Hisao Tamaki|Yasuaki Kobayashi|Yuichiro Miyamoto;ISAAC (2);;;;conf/isaac/2010-2;;http://dx.doi.org/10.1007/978-3-642-17514-5_7;k;conf/isaac/KobayashiMT10;2010-12-09;;;;73-84;;;;;;;db/conf/isaac/isaac2010-2.html#KobayashiMT10;2010
input_inproceedings.csv	445370	Missing conference article title	461948;Irena Holubová|Viktor Masícek;ADBIS (2);;;;conf/adbis/2013-2;;http://dx.doi.org/10.1007/978-3-319-01863-8_13;XSLTMark II;conf/adbis/MasicekH13;2013-11-08;;;;113-120;;;;;;;db/conf/adbis/adbis2013-2.html#MasicekH13;2013
input_inproceedings.csv	448899	Missing conference article title	465546;Minghui Jiang 0002|Ting Xiang;ISNN (1);;;;conf/isnn/2011-1;;http://dx.doi.org/10.1007/978-3-642-21105-8_15;H;conf/isnn/XiangJ11;2011-05-25;;;;117-124;; ∞ ;;;;;db/conf/isnn/isnn2011-1.html#XiangJ11;2011
input_inproceedings.csv	449114	Missing conference article title	465764;Chenglin Wen|Haiqin Sun|Huiling Xu;ISNN (1);;;;conf/isnn/2007-1;;http://dx.doi.org/10.1007/978-3-540-72383-7_38;H;conf/isnn/SunXW07;2007-07-23;;;;319-328;;infinity;;;;;db/conf/isnn/isnn2007-1.html#SunXW07;2007
input_inproceedings.csv	449268	Missing conference article title	465918;Chih-Hong Wu|Chung-Hong Lee|Tzan-Feng Chien;ISNN (3);;;;conf/isnn/2011-3;;http://dx.doi.org/10.1007/978-3-642-21111-9_62;BursT;conf/isnn/LeeWC11;2011-05-24;;;;548-557;;;;;;;db/conf/isnn/isnn2011-3.html#LeeWC11;2011
input_inproceedings.csv	450575	Missing conference article title	467238;Alain Bourjault|Jean-Pierre Müller|Ouiddad Labbani-Igbida;CRW;;;;conf/crw/1998;;http://dx.doi.org/10.1007/BFb0033375;Cirta;conf/crw/Labbani-IgbidaMB98;2011-06-17;;;;72-84;;;;;;;db/conf/crw/crw1998.html#Labbani-IgbidaMB98;1998
input_inproceedings.csv	451268	Missing conference article title	467950;Daniel Wigdor|Ravin Balakrishnan;UIST;;;;conf/uist/2003;;http://doi.acm.org/10.1145/964696.964705;TiltText;conf/uist/WigdorB03;2006-02-15;;;;81-90;;;;;;;db/conf/uist/uist2003.html#WigdorB03;2003
input_inproceedings.csv	457128	Missing conference article title	473940;Djamel Fezzani|Jocelyn Desbiens;Euro-Par;;;;conf/europar/1999;;http://dx.doi.org/10.1007/3-540-48311-X_111;Java|Épidaure;conf/europar/FezzaniD99;2011-06-20;;;;785-789;;;;;;;db/conf/europar/europar99.html#FezzaniD99;1999
input_inproceedings.csv	458302	Missing conference article title	475125;Bruno Lang|Tatjana Eitrich|Wolfgang Frings;Euro-Par;;;;conf/europar/2006;;http://dx.doi.org/10.1007/11823285_36;HyParSVM;conf/europar/EitrichFL06;2006-12-05;;;;350-359;;;;;;;db/conf/europar/europar2006.html#EitrichFL06;2006
input_inproceedings.csv	460045	Missing conference article title	476886;Alan Morris|Allen D. Malony|Aroon Nataraj|Matthew J. Sottile|Sameer Shende;Euro-Par;;;;conf/europar/2007;;http://dx.doi.org/10.1007/978-3-540-74466-5_11;TAUoverSupermon;conf/europar/NatarajSMMS07;2007-08-30;;;;85-96;;;;;;;db/conf/europar/europar2007.html#NatarajSMMS07;2007
input_inproceedings.csv	460354	Missing conference article title	477203;Ryo Inokuchi|Sadaaki Miyamoto;MDAI;;;;conf/mdai/2007;;http://dx.doi.org/10.1007/978-3-540-73729-2_25;c;conf/mdai/InokuchiM07;2007-08-28;;;;261-268;;;;;;;db/conf/mdai/mdai2007.html#InokuchiM07;2007
input_inproceedings.csv	461081	Missing conference article title	477950;Björn Bartels|Dirk Prenzel|Moritz Kleine|Steffen Helke|Thomas Göthel;NASA Formal Methods;;;;conf/nfm/2011;;http://dx.doi.org/10.1007/978-3-642-20398-5_39;LLVM2CSP;conf/nfm/KleineBGHP11;2011-05-09;;;;500-505;;;;;;;db/conf/nfm/nfm2011.html#KleineBGHP11;2011
input_inproceedings.csv	463809	Missing conference article title	480741;Adam Dunkels|António Gonga|Mikael Johansson;IPSN;;;;conf/ipsn/2010;;http://doi.acm.org/10.1145/1791212.1791281;MobiSense;conf/ipsn/GongaJD10;2010-05-12;;;;414-415;;;;;;;db/conf/ipsn/ipsn2010.html#GongaJD10;2010
input_inproceedings.csv	464813	Missing conference article title	481761;Harold Boley|Jing Mei|Zuoquan Lin;RR;;;;conf/rr/2007;;http://dx.doi.org/10.1007/978-3-540-72982-2_12;ALC|P|u;conf/rr/MeiLB07;2007-06-28;;;;163-177;;;;;;;db/conf/rr/rr2007.html#MeiLB07;2007
input_inproceedings.csv	465382	Missing conference article title	482351;Andrew Martin|Jon G. Hall;ZUM;;;;conf/zum/1997;;http://dx.doi.org/10.1007/BFb0027287;W;conf/zum/HallM97;2011-06-15;;;;115-134;;;;;;;db/conf/zum/zum1997.html#HallM97;1997
input_inproceedings.csv	465879	Missing conference article title	482856;Andrés Lucero|Juha Arrasvuori;Fun and Games;;;;conf/fungames/2010;;http://doi.acm.org/10.1145/1823818.1823821;PLEX Cards;conf/fungames/LuceroA10;2010-09-01;;;;28-37;;;;;;;db/conf/fungames/fungames2010.html#LuceroA10;2010
input_inproceedings.csv	466562	Missing conference article title	483561;Marie-Aude Aufaure|Rim Djedidi;FoIKS;;;;conf/foiks/2009;;http://dx.doi.org/10.1007/978-3-642-11829-6_19;A|L|ONTO-EVO;conf/foiks/DjedidiA09;2010-02-25;;;;286-305;;;;;;;db/conf/foiks/foiks2009.html#DjedidiA09;2010
input_inproceedings.csv	470854	Missing conference article title	487940;Hang Li|Li Zhang|Tao Qin|Tie-Yan Liu|Ying Bao;ECIR;;;;conf/ecir/2007;;http://dx.doi.org/10.1007/978-3-540-71496-5_63;N;conf/ecir/ZhangQLBL07;2007-06-06;;;;653-660;;;;;;;db/conf/ecir/ecir2007.html#ZhangQLBL07;2007
input_inproceedings.csv	477163	Missing conference article title	494463;Inderjeet Mani;Annotating, Extracting and Reasoning about Time and Events;;;;conf/dagstuhl/2005te;;http://dx.doi.org/10.1007/978-3-540-75989-8_9;Chronoscopes;conf/dagstuhl/Mani05a;2007-11-07;;;;127-139;;;;;;;db/conf/dagstuhl/te2005.html#Mani05a;2005
input_inproceedings.csv	480330	Missing conference article title	497795;Akihiko Torii|Atsushi Imiya|Yoshihiko Mochizuki;PSIVT;;;;conf/psivt/2006;;http://dx.doi.org/10.1007/11949534_15;N;conf/psivt/MochizukiTI06;2006-12-13;;;;148-157;;;;;;;db/conf/psivt/psivt2006.html#MochizukiTI06;2006
input_inproceedings.csv	482106	Missing conference article title	499610;Christan Earl Grant|Clint P. George|Joir-dan Gumbs|Joseph N. Wilson|Peter J. Dobbins;iiWAS;;;;conf/iiwas/2010;;http://doi.acm.org/10.1145/1967486.1967629;Morpheus;conf/iiwas/GrantGGWD10;2012-11-16;;;;841-844;;;;;;;db/conf/iiwas/iiwas2010.html#GrantGGWD10;2010
input_inproceedings.csv	482474	Missing conference article title	499982;Ana Carolina Salgado|Damires Souza|Thiago Arruda;iiWAS;;;;conf/iiwas/2010;;http://doi.acm.org/10.1145/1967486.1967595;PSemRef;conf/iiwas/ArrudaSS10;2011-04-27;;;;683-686;;;;;;;db/conf/iiwas/iiwas2010.html#ArrudaSS10;2010
input_inproceedings.csv	483622	Missing conference article title	501140;Felix Mata;GeoS;;;;conf/geos/2009;;http://dx.doi.org/10.1007/978-3-642-10436-7_10;iRank;conf/geos/Mata09;2009-11-24;;;;159-174;;;;;;;db/conf/geos/geos2009.html#Mata09;2009
input_inproceedings.csv	487103	Missing conference article title	504680;Aliaksandr Birukou|Enrico Blanzieri|Paolo Giorgini;AAMAS;;;;conf/atal/2005;;http://doi.acm.org/10.1145/1082473.1082567;Implicit;conf/atal/BirukovBG05;2006-10-18;;;;618-624;;;;;;;db/conf/atal/aamas2005.html#BirukovBG05;2005
input_inproceedings.csv	490678	Missing conference article title	508323;Grzegorz Kondrak;SPIRE;;;;conf/spire/2005;;http://dx.doi.org/10.1007/11575832_13;N;conf/spire/Kondrak05;2005-10-31;;;;115-126;;;;;;;db/conf/spire/spire2005.html#Kondrak05;2005
input_inproceedings.csv	495048	Missing conference article title	512757;Asif Javed|Laxmi Parida;C3S2E;;;;conf/c3s2e/2010;;http://doi.acm.org/10.1145/1822327.1822346;Recombinomics;conf/c3s2e/JavedP10;2010-08-24;;;;129-137;;;;;;;db/conf/c3s2e/c3s2e2010.html#JavedP10;2010
input_inproceedings.csv	498534	Missing conference article title	516317;Guohui Wang|Renhai Chen|Yi Wang 0003|Yong Guan|Zili Shao;LCTES;;;;conf/lctrts/2013;;http://doi.acm.org/10.1145/2465554.2465560;BLog|log;conf/lctrts/GuanWWCS13;2013-07-17;;;;111-120;;;;;;;db/conf/lctrts/lctes2013.html#GuanWWCS13;2013
input_inproceedings.csv	498687	Missing conference article title	516480;Christopher W. Milner|Jack W. Davidson;LCTES-SCOPES;;;;conf/lctrts/2002;;http://doi.acm.org/10.1145/513829.513859;Quick piping: ;conf/lctrts/MilnerD02;2002-12-17;;;;175-184;;;;;;;db/conf/lctrts/lctes2002.html#MilnerD02;2002
input_inproceedings.csv	502254	Missing conference article title	520118;Adrian Perrig|Dan Wendlandt|David G. Andersen;USENIX Annual Technical Conference;;;;conf/usenix/2008;;http://www.usenix.org/events/usenix08/tech/full_papers/wendlandt/wendlandt.pdf;Perspectives: ;conf/usenix/WendlandtAP08;2009-01-07;;;;321-334;;;;;;;db/conf/usenix/usenix2008.html#WendlandtAP08;2008
input_inproceedings.csv	503167	Missing conference article title	521045;Debdeep Mukhopadhyay|Dipanwita Roy Chowdhury|Sandip Karmakar;ACRI;;;;conf/acri/2010;;http://dx.doi.org/10.1007/978-3-642-15979-4_28;d;conf/acri/KarmakarMC10;2010-09-23;;;;261-270;;;;;;;db/conf/acri/acri2010.html#KarmakarMC10;2010
input_inproceedings.csv	503386	Missing conference article title	521275;Hanan Shpungin|Michael Segal;DIALM-POMC;;;;;;http://doi.acm.org/10.1145/1080810.1080826;k;conf/dialm/ShpunginS05;2006-02-22;;;;89-96;;;;;;;db/conf/dialm/dialm2005.html#ShpunginS05;2005
input_inproceedings.csv	505112	Missing conference article title	523038;Anuradha Bhamidipaty|Deepak P;INTERACT (1);;;;conf/interact/2007-1;;http://dx.doi.org/10.1007/978-3-540-74796-3_36; SymAB;conf/interact/BhamidipatyP07;2007-09-10;;;;389-392;;;;;;;db/conf/interact/interact2007-1.html#BhamidipatyP07;2007
input_inproceedings.csv	505121	Missing conference article title	523048;Betsy van Dijk|Gerrit C. van der Veer|Olga A. Kulyk|Tijs de Kler|Wim de Leeuw;HCIV;;;;conf/interact/2009hciv;;http://dx.doi.org/10.1007/978-3-642-19641-6_8;Staying Focused;conf/interact/KulykKLVD09;2012-03-28;;;;108-126;;;;;;;db/conf/interact/hciv2009.html#KulykKLVD09;2009
input_inproceedings.csv	505307	Missing conference article title	523235;Hiroshi Inoue|Kosuke Miyahara|Masanori Sugimoto|Yuji Tsunesada;INTERACT;;;;conf/interact/2005;;http://dx.doi.org/10.1007/11555261_8;Hotaru;conf/interact/SugimotoMIT05;2005-11-02;;;;57-68;;;;;;;db/conf/interact/interact2005.html#SugimotoMIT05;2005
input_inproceedings.csv	505797	Missing conference article title	523731;Achim Ebert|Daniel Steffen|Matthias Deller|Peter Dannenmann;INTERACT (2);;;;conf/interact/2009-2;;http://dx.doi.org/10.1007/978-3-642-03658-3_24;five;conf/interact/SteffenEDD09;2009-08-26;;;;173-186;;;;;;;db/conf/interact/interact2009-2.html#SteffenEDD09;2009
input_inproceedings.csv	507812	Missing conference article title	525814;Jaap Gordijn|Vincent Pijpers;CAiSE;;;;conf/caise/2007;;http://dx.doi.org/10.1007/978-3-540-72988-4_14;e|e|forces|value;conf/caise/PijpersG07;2007-07-06;;;;188-202;;;3|3;;;;db/conf/caise/caise2007.html#PijpersG07;2007
input_inproceedings.csv	509650	Missing conference article title	527693;Hernán Kerlleñevich|Manuel Camilo Eguia|Pablo Ernesto Riera;EvoApplications (2);;;;conf/evoW/2011a2;;http://dx.doi.org/10.1007/978-3-642-20520-0_35;SANTIAGO;conf/evoW/KerllenevichRE11;2011-05-05;;;;344-353;;;;;;;db/conf/evoW/evoappl2011-2.html#KerllenevichRE11;2011
input_inproceedings.csv	509877	Missing conference article title	527934;Angelo Marcelli|Claudio De Stefano|Francesco Fontanella|Luigi P. Cordella;EvoCOP;;;;conf/evoW/2005cop;;http://dx.doi.org/10.1007/978-3-540-31996-2_5;EvoGeneS;conf/evoW/CordellaSFM05;2011-08-08;;;;46-57;;;;;;;db/conf/evoW/evocop2005.html#CordellaSFM05;2005
input_inproceedings.csv	510826	Missing conference article title	528900;Michael G. Raines;ACM Southeast Regional Conference;;;;conf/ACMse/2010;;http://doi.acm.org/10.1145/1900008.1900138;guitarlib|songlib;conf/ACMse/Raines10;2010-12-16;;;;100;;;;;;;db/conf/ACMse/ACMse2010.html#Raines10;2010
input_inproceedings.csv	511694	Missing conference article title	529778;Sam Bryfczynski;ACM Southeast Regional Conference;;;;conf/ACMse/2008;;http://doi.acm.org/10.1145/1593105.1593147;OrganicPad;conf/ACMse/Bryfczynski08;2009-08-19;;;;162-165;;;;;;;db/conf/ACMse/ACMse2008.html#Bryfczynski08;2008
input_inproceedings.csv	511836	Missing conference article title	529921;Sam Bryfczynski;ACM Southeast Regional Conference;;;;conf/ACMse/2008;;http://doi.acm.org/10.1145/1593105.1593247;OrganicPad;conf/ACMse/Bryfczynski08a;2009-08-19;;;;523-524;;;;;;;db/conf/ACMse/ACMse2008.html#Bryfczynski08a;2008
input_inproceedings.csv	511839	Missing conference article title	529924;Tim Hammond|Tucker Watson|William B. S. Pressly Jr.;ACM Southeast Regional Conference;;;;conf/ACMse/2008;;http://doi.acm.org/10.1145/1593105.1593150;CU safe;conf/ACMse/WatsonHP08;2009-08-19;;;;176-179;;;;;;;db/conf/ACMse/ACMse2008.html#WatsonHP08;2008
input_inproceedings.csv	523510	Missing conference article title	541769;Amit P. Sheth|Carole A. Goble|Jun Zhao|Paolo Missier|Satya Sanket Sahoo;IPAW;;;;conf/ipaw/2010;;http://dx.doi.org/10.1007/978-3-642-17819-1_16;Janus;conf/ipaw/MissierSZGS10;2010-12-08;;;;129-141;;;;;;;db/conf/ipaw/ipaw2010.html#MissierSZGS10;2010
input_inproceedings.csv	531416	Missing conference article title	549756;Angelos Bilas|Dimitrios S. Nikolopoulos|George Tzenakis|Konstantinos Kapelonis|Konstantinos Koukos|Michail Alvanos;HiPEAC;;;;conf/hipeac/2010;;http://dx.doi.org/10.1007/978-3-642-11515-8_23;TPC|Tagged Procedure Calls;conf/hipeac/TzenakisKAKNB10;2010-02-24;;;;307-321;;;;;;;db/conf/hipeac/hipeac2010.html#TzenakisKAKNB10;2010
input_inproceedings.csv	531490	Missing conference article title	549834;Diana Marculescu|Phillip Stanley-Marbell;HiPEAC;;;;conf/hipeac/2007;;http://dx.doi.org/10.1007/978-3-540-69338-3_12;Sunflower : ;conf/hipeac/Stanley-MarbellM07;2007-09-07;;;;168-182;;;;;;;db/conf/hipeac/hipeac2007.html#Stanley-MarbellM07;2007
input_inproceedings.csv	532177	Missing conference article title	550552;Olga Skvortsova;ILP;;;;conf/ilp/2006;;http://dx.doi.org/10.1007/978-3-540-73847-3_36;theta;conf/ilp/Skvortsova06;2007-10-02;;;;394-408;;;;;;;db/conf/ilp/ilp2006.html#Skvortsova06;2006
input_inproceedings.csv	537461	Missing conference article title	555903;Eduard Ayguadé|Javier Zalamea|Josep Llosa|Mateo Valero;LCPC;;;;conf/lcpc/2001;;http://dx.doi.org/10.1007/3-540-35767-X_16;MIRS;conf/lcpc/ZalameaLAV01;2011-07-05;;;;239-253;;;;;;;db/conf/lcpc/lcpc2001.html#ZalameaLAV01;2001
input_inproceedings.csv	537480	Missing conference article title	555922;Rishiyur S. Nikhil;LCPC;;;;conf/lcpc/1994;;http://dx.doi.org/10.1007/BFb0025891;Cid;conf/lcpc/Nikhil94;2011-06-14;;;;376-390;;;;;;;db/conf/lcpc/lcpc1994.html#Nikhil94;1994
input_inproceedings.csv	537839	Missing conference article title	556292;Christopher F. Joerg|James M. Rehg|Leonidas I. Kontothanassis|Rishiyur S. Nikhil|Robert H. Halstead Jr.|Umakishore Ramachandran;LCPC;;;;conf/lcpc/1998;;http://dx.doi.org/10.1007/3-540-48319-5_6;Stampede;conf/lcpc/NikhilRRHJK98;2011-06-20;;;;83-99;;;;;;;db/conf/lcpc/lcpc1998.html#NikhilRRHJK98;1998
input_inproceedings.csv	540538	Missing conference article title	559048;Andrew Vande Moere|Sandy Claes;PerDis;;;;conf/perdis/2013;;http://doi.acm.org/10.1145/2491568.2491597;Street infographics;conf/perdis/ClaesM13;2013-11-07;;;;133-138;;;;;;;db/conf/perdis/perdis2013.html#ClaesM13;2013
input_inproceedings.csv	540556	Missing conference article title	559066;Andrew Vande Moere|Jonathan Huyghe|Niels Wouters;PerDis;;;;conf/perdis/2013;;http://doi.acm.org/10.1145/2491568.2491595;OpenWindow;conf/perdis/WoutersHM13;2013-11-07;;;;121-126;;;;;;;db/conf/perdis/perdis2013.html#WoutersHM13;2013
input_inproceedings.csv	543302	Missing conference article title	561850;Klara Nahrstedt|Rini T. Kaushik;SC;;;;conf/sc/2012;;http://dl.acm.org/citation.cfm?id=2389067;T;conf/sc/KaushikN12;2012-11-13;;;;52;;;;;;;db/conf/sc/sc2012.html#KaushikN12;2012
input_inproceedings.csv	544384	Missing conference article title	562966;Xueqing Wang|Yongtian Yang;SelfMan;;;;conf/selfman/2006;;http://dx.doi.org/10.1007/11767886_15;k;conf/selfman/XueqingY06;2007-07-23;;;;179-183;;;;;;;db/conf/selfman/selfman2006.html#XueqingY06;2006
input_inproceedings.csv	544394	Missing conference article title	562977;Balasubramanian Seshasayee|Himanshu Raj|Karsten Schwan|Keith J. O'Hara|Ripal Nathuji|Tucker R. Balch;SelfMan;;;;conf/selfman/2006;;http://dx.doi.org/10.1007/11767886_9;Spirits;conf/selfman/RajSONSB06;2006-06-30;;;;116-129;;;;;;;db/conf/selfman/selfman2006.html#RajSONSB06;2006
input_inproceedings.csv	544528	Missing conference article title	563113;Daniel Ortiz Arroyo|Hans Ulrich Christensen;RSFDGrC;;;;conf/rsfdgrc/2007;;http://dx.doi.org/10.1007/978-3-540-72530-5_23;F;conf/rsfdgrc/ChristensenA07;2007-09-04;;;;199-207;;;;;;;db/conf/rsfdgrc/rsfdgrc2007.html#ChristensenA07;2007
input_inproceedings.csv	546911	Missing conference article title	565558;Avigdor Gal|Dov Dori|Eran Toch|Iris Reinhartz-Berger;NGITS;;;;conf/ngits/2006;;http://dx.doi.org/10.1007/11780991_37;OPOSSUM;conf/ngits/TochRGD06;2006-10-30;;;;357-358;;;;;;;db/conf/ngits/ngits2006.html#TochRGD06;2006
input_inproceedings.csv	546923	Missing conference article title	565570;Avigdor Gal|Haggai Roitman|Louiqa Raschid;NGITS;;;;conf/ngits/2006;;http://dx.doi.org/10.1007/11780991_38;ProMo;conf/ngits/RoitmanGR06;2006-10-30;;;;359-360;;;;;;;db/conf/ngits/ngits2006.html#RoitmanGR06;2006
input_inproceedings.csv	546995	Missing conference article title	565644;Leon Portman|Natasha Drukh|Yariv Matia|Yossi Matias;NGITS;;;;conf/ngits/2006;;http://dx.doi.org/10.1007/11780991_34;tau;conf/ngits/DrukhMMP06;2006-10-30;;;;351-352;;;;;;;db/conf/ngits/ngits2006.html#DrukhMMP06;2006
input_inproceedings.csv	546997	Missing conference article title	565646;Avishai Mandelbaum|Boaz Carmeli|Dagan Schwartz|Fuad Basis|Ohad Greenshpan|Pnina Vortman|Segev Wasserkrug|Yariv N. Marmor;NGITS;;;;conf/ngits/2009;;http://dx.doi.org/10.1007/978-3-642-04941-5_10;InEDvance;conf/ngits/WasserkrugGMCVBSM09;2009-10-01;;;;86-95;;;;;;;db/conf/ngits/ngits2009.html#WasserkrugGMCVBSM09;2009
input_inproceedings.csv	547231	Missing conference article title	565890;David Pritchard;WAOA;;;;conf/waoa/2010;;http://dx.doi.org/10.1007/978-3-642-18318-8_20;k;conf/waoa/Pritchard10;2011-01-31;;;;225-236;;;;;;;db/conf/waoa/waoa2010.html#Pritchard10;2010
input_inproceedings.csv	553305	Missing conference article title	572095;Hridesh Rajan|Kevin J. Sullivan;ESEC / SIGSOFT FSE;;;;conf/sigsoft/2003;;http://doi.acm.org/10.1145/940071.940111;Eos;conf/sigsoft/RajanS03;2008-05-09;;;;291-306;;;;;;;db/conf/sigsoft/fse2003.html#RajanS03;2003
input_inproceedings.csv	554086	Missing conference article title	572889;Aditya Budi|David Lo|Lingxiao Jiang|Lucia;PLDI;;;;conf/pldi/2011;;http://doi.acm.org/10.1145/1993498.1993551;kb;conf/pldi/BudiLJL11;2011-06-07;;;;447-457;;;;;;;db/conf/pldi/pldi2011.html#BudiLJL11;2011
input_inproceedings.csv	558223	Missing conference article title	577071;Deying Li|Jiannong Cao|Ming Liu|Yuan Zheng;COCOA;;;;conf/cocoa/2007;;http://dx.doi.org/10.1007/978-3-540-73556-4_5;K;conf/cocoa/LiCLZ07;2007-09-07;;;;20-31;;;;;;;db/conf/cocoa/cocoa2007.html#LiCLZ07;2007
input_inproceedings.csv	559196	Missing conference article title	578092;Alice Bayliss|David Hogg|John Bryden|Joslin McKinney|Matthew Godden|Mick Wallis|Rich Walker|Sita Popat;DUX;;;;conf/dux/2007;;http://doi.acm.org/10.1145/1389908.1389912;SpiderCrab;conf/dux/WallisPBMBHGW07;2009-04-14;;;;3;;;;;;;db/conf/dux/dux2007.html#WallisPBMBHGW07;2007
input_inproceedings.csv	559208	Missing conference article title	578105;Anton Eliëns|Anton Nijholt|Dhaval Vyas|Dirk Heylen;DUX;;;;conf/dux/2007;;http://doi.acm.org/10.1145/1389908.1389919;Experiencing-in-the-world;conf/dux/VyasHEN07;2009-04-14;;;;8;;;;;;;db/conf/dux/dux2007.html#VyasHEN07;2007
input_inproceedings.csv	559358	Missing conference article title	578263;Anoosheh Zaerin|Christian Stüble;TRUST;;;;conf/trust/2010;;http://dx.doi.org/10.1007/978-3-642-13869-0_9;µ;conf/trust/StubleZ10;2010-07-05;;;;124-140;;;;;;;db/conf/trust/trust2010.html#StubleZ10;2010
input_inproceedings.csv	559829	Missing conference article title	578742;Tuomas Sandholm;Agents;;;;;;http://doi.acm.org/10.1145/336595.337522;eMediator;conf/agents/Sandholm00;2002-12-09;;;;341-348;;;;;;;db/conf/agents/agents2000.html#Sandholm00;2000
input_inproceedings.csv	561506	Missing conference article title	580448;Neal E. Young;SODA;;;;conf/soda/2000;;http://dl.acm.org/citation.cfm?id=338219.338239;K;conf/soda/Young00;2012-12-07;;;;86-95;;;;;;;db/conf/soda/soda2000.html#Young00;2000
input_inproceedings.csv	561741	Missing conference article title	580686;Chengwen Chris Wang|Daniel Dominic Sleator|Jonathan Derryberry;SODA;;;;conf/soda/2006;;http://dl.acm.org/citation.cfm?id=1109557.1109600;O|n;conf/soda/WangDS06;2012-12-07;;;;374-383;;;;;;;db/conf/soda/soda2006.html#WangDS06;2006
input_inproceedings.csv	563375	Missing conference article title	582336;Howard J. Karloff|Mohammad Taghi Hajiaghayi|Moses Charikar|Satish Rao;SODA;;;;conf/soda/2006;;http://dl.acm.org/citation.cfm?id=1109557.1109670;l;conf/soda/CharikarHKR06;2012-12-07;;;;1018-1027;;2;2;;;;db/conf/soda/soda2006.html#CharikarHKR06;2006
input_inproceedings.csv	563975	Missing conference article title	582945;Go Nishimura|Ryoji Kataoka|Tamio Kihara;AMCP;;;;conf/amcp/1998;;http://dx.doi.org/10.1007/3-540-48962-2_19;Videoplex: ;conf/amcp/NishimuraKK98;2011-06-17;;;;289-300;;;;;;;db/conf/amcp/amcp98.html#NishimuraKK98;1998
input_inproceedings.csv	579447	Missing conference article title	598480;Jacob Ström|Tomas Akenine-Möller;Graphics Hardware;;;;conf/egh/2005;;http://doi.acm.org/10.1145/1071866.1071877;i;conf/egh/StromA05;2007-08-22;;;;63-70;;;;;;;db/conf/egh/egh2005.html#StromA05;2005
input_inproceedings.csv	582715	Missing conference article title	601792;Ed Cutrell|Kentaro Toyama|Nithya Sambasivan;CHI;;;;conf/chi/2010;;http://doi.acm.org/10.1145/1753326.1753721;ViralVCD;conf/chi/SambasivanCT10;2010-04-16;;;;2607-2610;;;;;;;db/conf/chi/chi2010.html#SambasivanCT10;2010
input_inproceedings.csv	583335	Missing conference article title	602414;Azam Khan|George W. Fitzmaurice|Gordon Kurtenbach|Justin Matejka|Michael Glueck;CHI;;;;conf/chi/2008;;http://doi.acm.org/10.1145/1357054.1357268;PieCursor;conf/chi/FitzmauriceMKGK08;2009-11-23;;;;1361-1370;;;;;;;db/conf/chi/chi2008.html#FitzmauriceMKGK08;2008
input_inproceedings.csv	583708	Missing conference article title	602788;Guy Schofield|Jayne Wallace|John Shearer|Patrick Olivier|Peter C. Wright|Pierre Boulanger|Robyn Taylor;CHI Extended Abstracts;;;;conf/chi/2011a;;http://doi.acm.org/10.1145/1979742.1979723;humanaquarium;conf/chi/TaylorSSWWBO11a;2012-01-31;;;;1117-1122;;;;;;;db/conf/chi/chi2011a.html#TaylorSSWWBO11a;2011
input_inproceedings.csv	583723	Missing conference article title	602803;Anind K. Dey|Brian Y. Lim|Daniel Avrahami;CHI;;;;conf/chi/2009;;http://doi.acm.org/10.1145/1518701.1519023;Why and why not;conf/chi/LimDA09;2009-04-13;;;;2119-2128;;;;;;;db/conf/chi/chi2009.html#LimDA09;2009
input_inproceedings.csv	584314	Missing conference article title	603398;Hiromichi Hashizume|Kazuhiro Hosoi|Masanori Sugimoto;CHI;;;;conf/chi/2004;;http://doi.acm.org/10.1145/985692.985698;Caretta;conf/chi/SugimotoHH04;2006-02-10;;;;41-48;;;;;;;db/conf/chi/chi2004.html#SugimotoHH04;2004
input_inproceedings.csv	584447	Missing conference article title	603531;Kai Zheng|Mark S. Ackerman|Xiaomu Zhou;CHI;;;;conf/chi/2009;;http://doi.acm.org/10.1145/1518701.1519014;I just don't know why it's gone;conf/chi/ZhouAZ09;2009-04-13;;;;2061-2070;;;;;;;db/conf/chi/chi2009.html#ZhouAZ09;2009
input_inproceedings.csv	585017	Missing conference article title	604104;Bakhtiar Mikhak|Hiroshi Ishii|Phil Frei|Victor Su;CHI;;;;conf/chi/2000;;http://doi.acm.org/10.1145/332040.332416;curlybot;conf/chi/FreiSMI00;2011-12-21;;;;129-136;;;;;;;db/conf/chi/chi2000.html#FreiSMI00;2000
input_inproceedings.csv	586250	Missing conference article title	605344;George Buchanan|Matt Jones|Pierre Louis Xech|Richard Harper 0001;CHI;;;;conf/chi/2007;;http://doi.acm.org/10.1145/1240624.1240648;Questions|answers;conf/chi/JonesBHX07;2013-07-11;;;;155-158;;;;;;;db/conf/chi/chi2007.html#JonesBHX07;2007
input_inproceedings.csv	586676	Missing conference article title	605774;Antti Poikola|Inger Ekman|Meeri Mäkäräinen;CHI Extended Abstracts;;;;conf/chi/2008a;;http://doi.acm.org/10.1145/1358628.1358820;Invisible eni;conf/chi/EkmanPM08;2008-04-08;;;;3135-3140;;;;;;;db/conf/chi/chi2008a.html#EkmanPM08;2008
input_inproceedings.csv	587229	Missing conference article title	606328;I. Scott MacKenzie|Steven J. Castellucci;CHI Extended Abstracts;;;;conf/chi/2008a;;http://doi.acm.org/10.1145/1358628.1358889;Unigest;conf/chi/CastellucciM08a;2008-04-08;;;;3549-3554;;;;;;;db/conf/chi/chi2008a.html#CastellucciM08a;2008
input_inproceedings.csv	587857	Missing conference article title	606959;Darren Gergle|David Hoffman|Elizabeth Gerber|Patti Bao;CHI;;;;conf/chi/2010;;http://doi.acm.org/10.1145/1753326.1753511;Momentum;conf/chi/BaoGGH10;2010-04-16;;;;1233-1236;;;;;;;db/conf/chi/chi2010.html#BaoGGH10;2010
input_inproceedings.csv	588657	Missing conference article title	607764;Georg Michelitsch;CHI Conference Companion;;;;conf/chi/1996c;;http://doi.acm.org/10.1145/257089.257162;CockpitView;conf/chi/Michelitsch96;2011-12-21;;;;83-84;;;;;;;db/conf/chi/chiC96.html#Michelitsch96;1996
input_inproceedings.csv	588686	Missing conference article title	607793;Allan Kuchinsky|Bill Serra|Celine Pering|Dennis F. Freeze|Jacek Gwizdka|Michael L. Creech;CHI;;;;conf/chi/1999;;http://doi.acm.org/10.1145/302979.303143;FotoFile;conf/chi/KuchinskyPCFSG99;2011-12-21;;;;496-503;;;;;;;db/conf/chi/chi99.html#KuchinskyPCFSG99;1999
input_inproceedings.csv	589300	Missing conference article title	608410;Haoqi Zhang|Juho Kim|Lydia B. Chilton|Michel Beaudouin-Lafon|Paul André|Robert C. Miller|Steven P. Dow|Wendy E. Mackay;CHI Extended Abstracts;;;;conf/chi/2013a;;http://doi.acm.org/10.1145/2468356.2479597;Cobi;conf/chi/ZhangACKDMMB13;2013-04-29;;;;3011-3014;;;;;;;db/conf/chi/chi2013a.html#ZhangACKDMMB13;2013
input_inproceedings.csv	589421	Missing conference article title	608531;Eric Lee|Henning Kiel|Ingo Grüll|Jan Borchers|Marius Wolf|Saskia Dedenbach|Thorsten Karrer;CHI Extended Abstracts;;;;conf/chi/2006a;;http://doi.acm.org/10.1145/1125451.1125507;iSymphony;conf/chi/LeeKDGKWB06;2006-09-27;;;;259-262;;;;;;;db/conf/chi/chi2006a.html#LeeKDGKWB06;2006
input_inproceedings.csv	592066	Missing conference article title	611241;Antonio Vallecillo|Martin Gogolla;ECMFA;;;;conf/ecmdafa/2011;;http://dx.doi.org/10.1007/978-3-642-21470-7_16;Tract;conf/ecmdafa/GogollaV11;2011-06-15;;;;221-235;;;;;;;db/conf/ecmdafa/ecmfa2011.html#GogollaV11;2011
input_inproceedings.csv	592710	Missing conference article title	611905;Attila Pethö|E. Herrmann|Horst Günter Zimmer;ANTS;;;;conf/ants/1998;;http://dx.doi.org/10.1007/BFb0054890;S;conf/ants/PethoHZ98;2011-06-16;;;;528-540;;;;;;;db/conf/ants/ants1998.html#PethoHZ98;1998
input_inproceedings.csv	594447	Missing conference article title	613667;Bart De Decker|Jorn Lapon|Kristof Verslype|Pieter Verhaeghe|Vincent Naessens;DBSec;;;;conf/dbsec/2010;;http://dx.doi.org/10.1007/978-3-642-13739-6_24;PriMan;conf/dbsec/VerslypeVLND10;2010-08-28;;;;327-334;;;;;;;db/conf/dbsec/dbsec2010.html#VerslypeVLND10;2010
input_inproceedings.csv	594617	Missing conference article title	613841;Frédéric Cuppens|Nora Cuppens-Boulahia|Said Oulmakhzoune|Stephane Morucci;DBSec;;;;conf/dbsec/2010;;http://dx.doi.org/10.1007/978-3-642-13739-6_10;f;conf/dbsec/OulmakhzouneCCM10;2010-08-28;;;;146-161;;;;;;;db/conf/dbsec/dbsec2010.html#OulmakhzouneCCM10;2010
input_inproceedings.csv	597207	Missing conference article title	616519;Ben Samuel|Joshua McCoy|Michael Mateas|Mike Treanor|Noah Wardrip-Fruin;FDG;;;;conf/fdg/2011;;http://doi.acm.org/10.1145/2159365.2159425;Prom Week;conf/fdg/McCoyTSMW11;2012-07-10;;;;319-321;;;;;;;db/conf/fdg/fdg2011.html#McCoyTSMW11;2011
input_inproceedings.csv	597228	Missing conference article title	616540;Aaron A. Reed|Ben Samuel|Joshua McCoy|Michael Mateas|Mike Treanor|Noah Wardrip-Fruin;FDG;;;;conf/fdg/2012;;http://doi.acm.org/10.1145/2282338.2282384;Prom week;conf/fdg/McCoyTSRWM12;2012-07-09;;;;235-237;;;;;;;db/conf/fdg/fdg2012.html#McCoyTSRWM12;2012
input_inproceedings.csv	597299	Missing conference article title	616612;Michael Mateas|Mike Treanor|Noah Wardrip-Fruin;FDG;;;;conf/fdg/2010;;http://doi.acm.org/10.1145/1822348.1822378;Kaboom!;conf/fdg/TreanorMW10;2012-07-09;;;;224-231;;;;;;;db/conf/fdg/fdg2010.html#TreanorMW10;2010
input_inproceedings.csv	603612	Missing conference article title	623015;Davide Buscaldi|Francisco M. Rangel Pardo|Loli Rangel Pardo|Paolo Rosso;COM.Geo;;;;conf/comgeo/2010;;http://doi.acm.org/10.1145/1823854.1823892;GIR;conf/comgeo/PardoPBR10;2010-06-30;;;;;;;;;;;db/conf/comgeo/comgeo2010.html#PardoPBR10;2010
input_inproceedings.csv	606197	Missing conference article title	625665;Liping Wang 0002|Qing Li|Xiaofeng Meng|Yu Li;WAIM;;;;conf/waim/2006;;http://dx.doi.org/10.1007/11775300_23;RecipeCrawler: ;conf/waim/LiMWL06;2011-02-24;;;;263-274;;;;;;;db/conf/waim/waim2006.html#LiMWL06;2006
input_inproceedings.csv	606301	Missing conference article title	625769;Fei Li|Hong Gao|Hongzhi Wang|Jianzhong Li|Liang Hao;WAIM Workshops;;;;conf/waim/2010w;;http://dx.doi.org/10.1007/978-3-642-16720-1_13;pq;conf/waim/LiWHLG10;2010-11-23;;;;125-134;;;;;;;db/conf/waim/waimw2010.html#LiWHLG10;2010
input_inproceedings.csv	607033	Missing conference article title	626516;Shangteng Huang|Weijia Yang;APWeb/WAIM;;;;conf/waim/2007;;http://dx.doi.org/10.1007/978-3-540-72524-4_77;k;conf/waim/YangH07;2007-06-28;;;;753-764;;;;;;;db/conf/waim/waim2007.html#YangH07;2007
input_inproceedings.csv	609442	Missing conference article title	628976;Aaron Kershenbaum|Achille Fokoue|Li Ma;Description Logics;;;;conf/dlog/2006;;http://www.ceur-ws.org/Vol-189/submission_6.pdf;SHIN;conf/dlog/FokoueKM06;2007-10-31;;;;;;;;;;;db/conf/dlog/dlog2006.html#FokoueKM06;2006
input_inproceedings.csv	610755	Missing conference article title	630315;Osmar Norberto de Souza|Ricardo M. Czekster;BSB;;;;;;http://dx.doi.org/10.1007/11532323_29;VIZ;conf/wob/CzeksterS05;2005-09-28;;;;226-229;;;;;;;db/conf/wob/bsb2005.html#CzeksterS05;2005
input_inproceedings.csv	614460	Missing conference article title	634104;Clarence A. Ellis|Kwanghoon Kim;PAKDD;;;;conf/pakdd/2007;;http://dx.doi.org/10.1007/978-3-540-71701-0_14;Algorithm|sigma;conf/pakdd/KimE07;2007-06-24;;;;119-130;;;;;;;db/conf/pakdd/pakdd2007.html#KimE07;2007
input_inproceedings.csv	614582	Missing conference article title	634228;Abdul Rauf Baig|Shariq Bashir;PAKDD;;;;conf/pakdd/2006;;http://dx.doi.org/10.1007/11731139_59;Ramp;conf/pakdd/BashirB06;2006-03-15;;;;504-508;;;;;;;db/conf/pakdd/pakdd2006.html#BashirB06;2006
input_inproceedings.csv	614943	Missing conference article title	634598;Aixin Sun|Qiankun Zhao|Sourav S. Bhowmick;PAKDD;;;;conf/pakdd/2006;;http://dx.doi.org/10.1007/11731139_41;i;conf/pakdd/ZhaoBS06;2006-03-15;;;;351-360;;;;;;;db/conf/pakdd/pakdd2006.html#ZhaoBS06;2006
input_inproceedings.csv	616625	Missing conference article title	636330;Atsushi Itoh|Ayako Oono|Phyllis Anwyl;Discovery Science;;;;conf/dis/1998;;http://dx.doi.org/10.1007/3-540-49292-5_57;crowww;conf/dis/AnwylIO98;2011-06-17;;;;433-434;;;;;;;db/conf/dis/dis98.html#AnwylIO98;1998
input_inproceedings.csv	618940	Missing conference article title	638681;David Peleg|Liam Roditty|Michael Langberg|Shiri Chechik;ESA (1);;;;conf/esa/2010-1;;http://dx.doi.org/10.1007/978-3-642-15775-2_8;f;conf/esa/ChechikLPR10;2010-09-06;;;;84-96;;;;;;;db/conf/esa/esa2010-1.html#ChechikLPR10;2010
input_inproceedings.csv	618964	Missing conference article title	638706;Yuval Emek;ESA;;;;conf/esa/2009;;http://dx.doi.org/10.1007/978-3-642-04128-0_18;k;conf/esa/Emek09;2009-09-21;;;;203-214;;;;;;;db/conf/esa/esa2009.html#Emek09;2009
input_inproceedings.csv	619049	Missing conference article title	638792;Aristides Gionis|Tamir Tassa;ESA;;;;conf/esa/2007;;http://dx.doi.org/10.1007/978-3-540-75520-3_40;k;conf/esa/GionisT07;2007-09-19;;;;439-450;;;;;;;db/conf/esa/esa2007.html#GionisT07;2007
input_inproceedings.csv	619251	Missing conference article title	638998;Christian Sohler|Sumit Ganguly;ESA;;;;conf/esa/2009;;http://dx.doi.org/10.1007/978-3-642-04128-0_42;d;conf/esa/GangulyS09;2009-09-21;;;;468-479;;;;;;;db/conf/esa/esa2009.html#GangulyS09;2009
input_inproceedings.csv	619319	Missing conference article title	639069;Amir Rothschild|Ely Porat|Klim Efremenko|Raphaël Clifford;ESA;;;;conf/esa/2007;;http://dx.doi.org/10.1007/978-3-540-75520-3_15;k;conf/esa/CliffordEPR07;2007-09-19;;;;151-162;;;;;;;db/conf/esa/esa2007.html#CliffordEPR07;2007
input_inproceedings.csv	619324	Missing conference article title	639074;Peter Sanders|Vitaly Osipov;ESA (1);;;;conf/esa/2010-1;;http://dx.doi.org/10.1007/978-3-642-15775-2_24;n;conf/esa/OsipovS10;2010-09-06;;;;278-289;;;;;;;db/conf/esa/esa2010-1.html#OsipovS10;2010
input_inproceedings.csv	630304	Missing conference article title	650154;Adriano Camps|Giuseppe Forte|Hugo Carreno-Luengo|Isaac Perez-Ramos|Raul Diez|Raul Onrubia;IGARSS;;;;conf/igarss/2013;;http://dx.doi.org/10.1109/IGARSS.2013.6721290;;conf/igarss/Carreno-LuengoCPFOD13;2014-03-11;;;;843-846;;;3;;;;db/conf/igarss/igarss2013.html#Carreno-LuengoCPFOD13;2013
input_inproceedings.csv	636149	Missing conference article title	656030;Alex S. Taylor|Judy Chen;NordiCHI;;;;conf/nordichi/2008;;http://doi.acm.org/10.1145/1463160.1463215;entrigue;conf/nordichi/ChenT08;2008-12-08;;;;443-446;;;;;;;db/conf/nordichi/nordichi2008.html#ChenT08;2008
input_inproceedings.csv	636419	Missing conference article title	656304;Kurt Mehnert|Marc Hassenzahl|Matthias Laschke;NordiCHI;;;;conf/nordichi/2010;;http://doi.acm.org/10.1145/1868914.1869044;linked;conf/nordichi/LaschkeHM10;2011-02-14;;;;839-844;;;;;;;db/conf/nordichi/nordichi2010.html#LaschkeHM10;2010
input_inproceedings.csv	641679	Missing conference article title	661576;João Pedro Hespanha|Kenji Hirata;CDC;;;;conf/cdc/2009;;http://dx.doi.org/10.1109/CDC.2009.5400616;L;conf/cdc/HirataH09;2010-05-28;;;;2138-2143;;;;;;;db/conf/cdc/cdc2009.html#HirataH09;2009
input_inproceedings.csv	648797	Missing conference article title	668783;Chee-Keng Yap|James D. Palmer|Joseph S. B. Mitchell|Ovidiu Daescu|Simeon C. Ntafos;WADS;;;;conf/wads/2005;;http://dx.doi.org/10.1007/11534273_29;k;conf/wads/DaescuMNPY05;2005-09-14;;;;325-337;;;;;;;db/conf/wads/wads2005.html#DaescuMNPY05;2005
input_inproceedings.csv	649904	Missing conference article title	669921;George Roussos|Michael Zoumboulakis;EuroSSC;;;;conf/eurossc/2007;;http://dx.doi.org/10.1007/978-3-540-75696-5_17;Escalation: ;conf/eurossc/ZoumboulakisR07;2007-10-19;;;;270-285;;;;;;;db/conf/eurossc/eurossc2007.html#ZoumboulakisR07;2007
input_inproceedings.csv	650853	Missing conference article title	670890;Jean-Paul Allouche;LATIN;;;;conf/latin/1992;;http://dx.doi.org/10.1007/BFb0023813;q|q;conf/latin/Allouche92;2011-06-14;;;;15-23;;;;;;;db/conf/latin/latin92.html#Allouche92;1992
input_inproceedings.csv	651868	Missing conference article title	671924;Andrea Mangiatordi|Micaela Acosta|Roxana Castellano;WSKS (2);;;;conf/wsks/2010-2;;http://dx.doi.org/10.1007/978-3-642-16324-1_30;Lend Me Your Voice;conf/wsks/MangiatordiAC10;2011-09-10;;;;289-294;;;;;;;db/conf/wsks/wsks2010-2.html#MangiatordiAC10;2010
input_inproceedings.csv	653837	Missing conference article title	673945;Jean-Philippe Aumasson|Matthieu Finiasz|Serge Vaudenay|Willi Meier;ACISP;;;;conf/acisp/2007;;http://dx.doi.org/10.1007/978-3-540-73458-1_15;TCH|o;conf/acisp/AumassonFMV07;2007-07-05;;;;184-199;;;;;;;db/conf/acisp/acisp2007.html#AumassonFMV07;2007
input_inproceedings.csv	654160	Missing conference article title	674277;Atsuko Miyaji|Takashi Sato|Tetsuya Hatano;ACISP;;;;conf/acisp/2011;;http://dx.doi.org/10.1007/978-3-642-22497-3_13;O|T|n;conf/acisp/HatanoMS11;2011-07-11;;;;189-207;;;;;;;db/conf/acisp/acisp2011.html#HatanoMS11;2011
input_inproceedings.csv	662542	Missing conference article title	682807;Aba-Sah Dadzie|Daniela Petrelli|Matthew Rowe;ESWC (1);;;;conf/esws/2011-1;;http://dx.doi.org/10.1007/978-3-642-21034-1_7;Hide the Stack: ;conf/esws/DadzieRP11;2011-05-12;;;;93-107;;;;;;;db/conf/esws/eswc2011-1.html#DadzieRP11;2011
input_inproceedings.csv	662687	Missing conference article title	682957;Armando Stellato|Donato Griesi|Maria Teresa Pazienza;ESWC;;;;conf/esws/2007;;http://dx.doi.org/10.1007/978-3-540-72667-8_56;Semantic Turkey;conf/esws/GriesiPS07;2007-06-24;;;;779-788;;;;;;;db/conf/esws/eswc2007.html#GriesiPS07;2007
input_inproceedings.csv	663313	Missing conference article title	683604;Aba-Sah Dadzie|Amparo Elizabeth Cano|Melanie Hartmann;ESWC (2);;;;conf/esws/2011-2;;http://dx.doi.org/10.1007/978-3-642-21064-8_33;Who's Who;conf/esws/CanoDH11;2011-06-15;;;;451-455;;;;;;;db/conf/esws/eswc2011-2.html#CanoDH11;2011
input_inproceedings.csv	669739	Missing conference article title	690125;Sven Verdoolaege;ICMS;;;;conf/icms/2010;;http://dx.doi.org/10.1007/978-3-642-15582-6_49;isl;conf/icms/Verdoolaege10;2010-09-14;;;;299-302;;;;;;;db/conf/icms/icms2010.html#Verdoolaege10;2010
input_inproceedings.csv	669825	Missing conference article title	690213;Peter Huggins;ICMS;;;;conf/icms/2006;;http://dx.doi.org/10.1007/11832225_24;iB4e;conf/icms/Huggins06;2006-11-27;;;;245-247;;;;;;;db/conf/icms/icms2006.html#Huggins06;2006
input_inproceedings.csv	679366	Missing conference article title	699854;Amedeo Cesta|Nicola Policella|Riccardo Rasconi;IEA/AIE;;;;conf/ieaaie/2006;;http://dx.doi.org/10.1007/11779568_45;SEaM: ;conf/ieaaie/RasconiPC06;2006-06-28;;;;410-420;;;;;;;db/conf/ieaaie/ieaaie2006.html#RasconiPC06;2006
input_inproceedings.csv	679888	Missing conference article title	700381;Marta Franová|Monia Kooli;IEA/AIE (Vol. 1);;;;conf/ieaaie/1998-1;;http://dx.doi.org/10.1007/3-540-64582-9_734;Theory of Constructable Domains;conf/ieaaie/FranovaK98;2011-06-16;;;;37-46;;;;;;;db/conf/ieaaie/ieaaie1998-1.html#FranovaK98;1998
input_inproceedings.csv	685721	Missing conference article title	706292;Martin Hjulström|Sus Lundgren;MindTrek;;;;conf/mindtrek/2011;;http://doi.acm.org/10.1145/2181037.2181047;Alchemy;conf/mindtrek/LundgrenH11;2012-04-15;;;;53-60;;;;;;;db/conf/mindtrek/mindtrek2011.html#LundgrenH11;2011
input_inproceedings.csv	705777	Missing conference article title	726499;Lan Wang|Yun-Peng Wei;ICFIE;;;;conf/icfie/2009;;http://dx.doi.org/10.1007/978-3-642-03664-4_60;M|P;conf/icfie/WangW09;2011-09-27;;;;547-554;;;;;;;db/conf/icfie/icfie2009.html#WangW09;2009
input_inproceedings.csv	705786	Missing conference article title	726508;Bo Chen|Liyun Su;ICFIE;;;;conf/icfie/2009;;http://dx.doi.org/10.1007/978-3-642-03664-4_53;Lω|ωθ;conf/icfie/ChenS09;2011-09-28;;;;481-489;;;;;;;db/conf/icfie/icfie2009.html#ChenS09;2009
input_inproceedings.csv	705874	Missing conference article title	726596;Bin Chen|Shou-li Jiang;ICFIE;;;;conf/icfie/2009;;http://dx.doi.org/10.1007/978-3-642-03664-4_58;β;conf/icfie/ChenJ09;2011-09-27;;;;525-534;;;;;;;db/conf/icfie/icfie2009.html#ChenJ09;2009
input_inproceedings.csv	710520	Missing conference article title	731348;J. Jenny Li|Joseph Robert Horgan;Computer Performance Evaluation / TOOLS;;;;conf/cpe/2000;;http://dx.doi.org/10.1007/3-540-46429-8_36;;conf/cpe/LiH00;2011-06-21;;;;378-381;;chi;;;;;db/conf/cpe/cpe2000.html#LiH00;2000
input_inproceedings.csv	710885	Missing conference article title	731722;Aske Simon Christensen|Chris Allan|Damien Sereni|Ganesh Sittampalam|Jennifer Lhoták|Julian Tibble|Laurie J. Hendren|Oege de Moor|Ondrej Lhoták|Pavel Avgustinov|Sascha Kuzins;GPCE;;;;conf/gpce/2005;;http://dx.doi.org/10.1007/11561347_2;abc;conf/gpce/AllanACHKLLMSST05;2008-04-11;;;;10-16;;;;;;;db/conf/gpce/gpce2005.html#AllanACHKLLMSST05;2005
input_inproceedings.csv	711260	Missing conference article title	732117;Antonino Rotolo|Guido Boella|Guido Governatori|Leendert van der Torre;AICOL Workshops;;;;conf/jurix/2009aicol;;http://dx.doi.org/10.1007/978-3-642-16524-5_11; Dixit Quam Voluit|Lex Magis|Lex Minus Dixit Quam Voluit;conf/jurix/BoellaGRT09;2011-01-28;;;;162-183;;;;;;;db/conf/jurix/aicol2009.html#BoellaGRT09;2009
input_inproceedings.csv	712263	Missing conference article title	733132;Hongmei Wang;SCSS;;;;conf/cisse/2009scss;;http://dx.doi.org/10.1007/978-90-481-9112-3_8;PlanGraph;conf/cisse/Wang09;2010-07-13;;;;45-50;;;;;;;db/conf/cisse/scss2009.html#Wang09;2009
input_inproceedings.csv	715264	Missing conference article title	736196;Irena Mlynkova|Jakub Klímek|Jakub Malý|Martin Necasky;DATESO;;;;conf/dateso/2012;;http://ceur-ws.org/Vol-837/paper19.pdf;eXolutio;conf/dateso/KlimekMMN12;2012-05-29;;;;69-80;;;;;;;db/conf/dateso/dateso2012.html#KlimekMMN12;2012
input_inproceedings.csv	738997	Missing conference article title	760146;Martin Pielot|Susanne Boll;Pervasive;;;;conf/pervasive/2010;;http://dx.doi.org/10.1007/978-3-642-12654-3_5;Tactile Wayfinder;conf/pervasive/PielotB10;2010-04-26;;;;76-93;;;;;;;db/conf/pervasive/pervasive2010.html#PielotB10;2010
input_inproceedings.csv	739180	Missing conference article title	760340;Anind K. Dey|Martin L. Griss|Senaka Buthpitiya|Ying Zhang;Pervasive;;;;conf/pervasive/2011;;http://dx.doi.org/10.1007/978-3-642-21726-5_7;n;conf/pervasive/ButhpitiyaZDG11;2011-06-22;;;;97-114;;;;;;;db/conf/pervasive/pervasive2011.html#ButhpitiyaZDG11;2011
input_inproceedings.csv	740240	Missing conference article title	761436;Junichi Saruwatari|Masafumi Hagiwara;ICEC;;;;conf/iwec/2005;;http://dx.doi.org/10.1007/11558651_44;Ikebana|Kansei;conf/iwec/SaruwatariH05;2005-10-04;;;;456-467;;;;;;;db/conf/iwec/icec2005.html#SaruwatariH05;2005
input_inproceedings.csv	740563	Missing conference article title	761767;Mary Mainsbridge|Robbie Mudrazija;Creativity & Cognition;;;;conf/candc/2013;;http://doi.acm.org/10.1145/2466627.2481235;Alignment;conf/candc/MainsbridgeM13;2013-07-11;;;;403;;;;;;;db/conf/candc/candc2013.html#MainsbridgeM13;2013
input_inproceedings.csv	740787	Missing conference article title	761994;Brian Evans;Creativity & Cognition;;;;conf/candc/2011;;http://doi.acm.org/10.1145/2069618.2069722;cartographs;conf/candc/Evans11;2011-11-29;;;;411-412;;;;;;;db/conf/candc/candc2011.html#Evans11;2011
input_inproceedings.csv	740826	Missing conference article title	762034;Nicholas Knouf;Creativity & Cognition;;;;conf/candc/2007;;http://doi.acm.org/10.1145/1254960.1255024;syngva;conf/candc/Knouf07;2007-08-20;;;;288;;;;;;;db/conf/candc/candc2007.html#Knouf07;2007
input_inproceedings.csv	740862	Missing conference article title	762070;Alon Ilsar|Andrew Johnston|Mark Havryliv;Creativity & Cognition;;;;conf/candc/2013;;http://doi.acm.org/10.1145/2466627.2481240;'I & I, ';conf/candc/IlsarHJ13;2013-07-11;;;;394-395;;;;;;;db/conf/candc/candc2013.html#IlsarHJ13;2013
input_inproceedings.csv	740900	Missing conference article title	762109;Ann Judith Morrison|Margot Brereton|Peta Mitchell;Creativity & Cognition;;;;conf/candc/2007;;http://doi.acm.org/10.1145/1254960.1255028;Talk2Me;conf/candc/MorrisonBM07;2007-08-20;;;;292;;;;;;;db/conf/candc/candc2007.html#MorrisonBM07;2007
input_inproceedings.csv	741347	Missing conference article title	762565;Francisco Guil|Ivan Gomez|José M. Juárez|Roque Marín;IWINAC (2);;;;conf/iwinac/2007-2;;http://dx.doi.org/10.1007/978-3-540-73055-2_57;Propos;conf/iwinac/GuilGJM07;2007-06-28;;;;551-560;;;;;;;db/conf/iwinac/iwinac2007-2.html#GuilGJM07;2007
input_inproceedings.csv	741454	Missing conference article title	762673;Francisco Guil|Francisco López|María Teresa Daza|Raquel Salmerón|Serafín Crespo;IWINAC (1);;;;conf/iwinac/2011-1;;http://dx.doi.org/10.1007/978-3-642-21344-1_56;AWARD|prime;conf/iwinac/SalmeronCLDG11;2011-06-16;;;;540-549;;;;;;;db/conf/iwinac/iwinac2011-1.html#SalmeronCLDG11;2011
input_inproceedings.csv	746220	Missing conference article title	767532;Bernard Lidický|Daniël Paulusma|Petr A. Golovach;TAMC;;;;conf/tamc/2010;;http://dx.doi.org/10.1007/978-3-642-13562-0_20;L;conf/tamc/GolovachLP10;2010-06-08;;;;211-221;;;;;;;db/conf/tamc/tamc2010.html#GolovachLP10;2010
input_inproceedings.csv	746429	Missing conference article title	767744;Andreas Jakoby|Markus Hinkelmann|Peer Stechert;TAMC;;;;conf/tamc/2007;;http://dx.doi.org/10.1007/978-3-540-72504-6_43;t;conf/tamc/HinkelmannJS07;2007-08-19;;;;486-498;;;;;;;db/conf/tamc/tamc2007.html#HinkelmannJS07;2007
input_inproceedings.csv	751338	Missing conference article title	772779;Francis Rousseaux|Thomas Bouaziz;Wissensmanagement (LNCS Volume);;;;conf/wm/2005lncs;;http://dx.doi.org/10.1007/11590019_72;Classifying|Collecting;conf/wm/RousseauxB05a;2006-10-27;;;;647-656;;;;;;;db/conf/wm/wm2005lncs.html#RousseauxB05a;2005
input_inproceedings.csv	752307	Missing conference article title	773765;Willy Picard|Zbigniew Paszkiewicz;PRO-VE;;;;conf/ifip5-5/2010;;http://dx.doi.org/10.1007/978-3-642-15961-9_39; MAPSS, a |Aspect |Multi-|Partner and |Selection Method |Service ;conf/ifip5-5/PaszkiewiczP10;2010-12-01;;;;329-337;;;;;;;db/conf/ifip5-5/prove2010.html#PaszkiewiczP10;2010
input_inproceedings.csv	752451	Missing conference article title	773911;Arnaldo Batista|Manuel Duarte Ortigueira|Marco Baldeiras|Raul Rato|Rui Gomes;DoCEIS;;;;conf/ifip5-5/2010doceis;;http://dx.doi.org/10.1007/978-3-642-11628-5_44; Railscan;conf/ifip5-5/GomesBORB10;2010-05-27;;;;401-408;;;;;;;db/conf/ifip5-5/doceis2010.html#GomesBORB10;2010
input_inproceedings.csv	754874	Missing conference article title	776398;Lars Sivert Sørumgård|Tor Didriksen|Tor Øystein Molnes;SMARTNET;;;;conf/smartnet/1999;;;IN;conf/smartnet/DidriksenSM99;2002-01-03;;;;107-120;;;;;;;db/conf/smartnet/smartnet1999.html#DidriksenSM99;1999
input_inproceedings.csv	755099	Missing conference article title	776629;Mathieu Roche|Violaine Prince;CONTEXT;;;;conf/context/2007;;http://dx.doi.org/10.1007/978-3-540-74255-5_31;AcroDef;conf/context/RocheP07;2007-09-04;;;;411-424;;;;;;;db/conf/context/context2007.html#RocheP07;2007
input_inproceedings.csv	755855	Missing conference article title	777409;Richard Sproat;SSW;;;;conf/ssw/2001;;http://www.isca-speech.org/archive_open/ssw4/ssw4_104.html;Pmtools;conf/ssw/Sproat01;2014-03-12;;;;104;;;;;;;db/conf/ssw/ssw2001.html#Sproat01;2001
input_inproceedings.csv	756513	Missing conference article title	778087;Antonio B. Martínez|Carlo Caltagirone|Cristian Barrué|Josep Escoda|Roberta Annicchiarico|Ulises Cortés;IFIP AI;;;;conf/ifip12/2006;;http://dx.doi.org/10.1007/978-0-387-34747-9_44;e;conf/ifip12/BarrueCMEAC06;2006-11-21;;;;425-434;;;;;;;db/conf/ifip12/ai2006.html#BarrueCMEAC06;2006
input_inproceedings.csv	760643	Missing conference article title	782285;Dimitris Karagiannis|Hans Grünberger|Rainer Staudte;DEXA;;;;;;; Fuzzy - Phone: ;conf/dexa/KaragiannisSG92;2002-01-03;;;;203-208;;;;;;;db/conf/dexa/dexa92.html#KaragiannisSG92;1992
input_inproceedings.csv	764052	Missing conference article title	785747;Elin Olsen|Pål Kraft;PERSUASIVE;;;;conf/persuasive/2009;;http://doi.acm.org/10.1145/1541948.1541991;e;conf/persuasive/OlsenK09;2009-05-27;;;;32;;;;;;;db/conf/persuasive/persuasive2009.html#OlsenK09;2009
input_inproceedings.csv	764800	Missing conference article title	786504;Asger Nyman Christiansen|Jakob Andreas Bærentzen;SCCG;;;;conf/sccg/2012;;http://doi.acm.org/10.1145/2448531.2448542;Generic graph grammar;conf/sccg/ChristiansenB12;2013-03-14;;;;85-92;;;;;;;db/conf/sccg/sccg2012.html#ChristiansenB12;2012
input_inproceedings.csv	764887	Missing conference article title	786594;Dejan Music|Ivona Brandic|Philipp Leitner|Schahram Dustdar;GECON;;;;conf/gecon/2009;;http://dx.doi.org/10.1007/978-3-642-03864-8_5;VieSLAF;conf/gecon/BrandicMLD09;2009-08-26;;;;60-73;;;;;;;db/conf/gecon/gecon2009.html#BrandicMLD09;2009
input_inproceedings.csv	765453	Missing conference article title	787192;James D. Carswell|Junjun Yin;W2GIS;;;;conf/w2gis/2010;;http://dx.doi.org/10.1007/978-3-642-19173-2_16;Touch2Query;conf/w2gis/YinC10;2011-11-14;;;;203-218;;;;;;;db/conf/w2gis/w2gis2010.html#YinC10;2011
input_inproceedings.csv	765505	Missing conference article title	787248;Daisuke Kitayama|Kaori Kobayashi|Kazutoshi Sumiya;W2GIS;;;;conf/w2gis/2010;;http://dx.doi.org/10.1007/978-3-642-19173-2_12;Cinematic Street;conf/w2gis/KobayashiKS10;2011-11-14;;;;142-158;;;;;;;db/conf/w2gis/w2gis2010.html#KobayashiKS10;2011
input_inproceedings.csv	767150	Missing conference article title	788921;Alan Jeffrey|Corin Pitcher|James Riely|Radha Jagadeesan;ICALP (2);;;;conf/icalp/2006-2;;http://dx.doi.org/10.1007/11787006_39;lambda;conf/icalp/JagadeesanJPR06;2006-07-03;;;;456-467;;;;;;;db/conf/icalp/icalp2006-2.html#JagadeesanJPR06;2006
input_inproceedings.csv	769027	Missing conference article title	790827;Debapriya Sahu|Sattam Dasgupta|Srikanth Natarajan;VLSI Design;;;;;;;n;conf/vlsid/NatarajanSD94;2002-05-14;;;;323-327;;;;;;;db/conf/vlsid/vlsid1994.html#NatarajanSD94;1994
input_inproceedings.csv	769488	Missing conference article title	791292;Byung Wook Jeon|Chidchanok Lursinsap;VLSI Design;;;;;;;MS;conf/vlsid/JeonL93;2002-03-13;;;;202-207;;;3;;;;db/conf/vlsid/vlsid1993.html#JeonL93;1993
input_inproceedings.csv	769616	Missing conference article title	791421;Sivaprakasam Suresh|Sreejit Chakravarty;VLSI Design;;;;;;;I;conf/vlsid/ChakravartyS94;2002-05-14;;;;179-182;;DDQ;;;;;db/conf/vlsid/vlsid1994.html#ChakravartyS94;1994
input_inproceedings.csv	770220	Missing conference article title	792032;Rochit Rajsuman|S. Hwang|Scott Davidson;VLSI Design;;;;;;;I;conf/vlsid/HwangRD94;2002-11-20;;;;183-186;;DDQ;;;;;db/conf/vlsid/vlsid1994.html#HwangRD94;1994
input_inproceedings.csv	780280	Missing conference article title	802149;Bill Peet|David Wong|Joe DiCelie|Mike Young|Noemi Paciorek|Tom Walsh;Mobile Agents;;;;conf/ma/1997;;http://dx.doi.org/10.1007/3-540-62803-7_26;Concordia: ;conf/ma/WongPWDYP97;2011-06-15;;;;86-97;;;;;;;db/conf/ma/ma1997.html#WongPWDYP97;1997
input_inproceedings.csv	783750	Missing conference article title	805706;Andrzej Drygajlo|Krzysztof Kryszczuk;MCS;;;;conf/mcs/2007;;http://dx.doi.org/10.1007/978-3-540-72523-7_37;Q|stack;conf/mcs/KryszczukD07;2007-06-24;;;;367-376;;;;;;;db/conf/mcs/mcs2007.html#KryszczukD07;2007
input_inproceedings.csv	784055	Missing conference article title	806021;Esther Guerra|Jesús Sánchez Cuadrado|Juan de Lara;SLE;;;;conf/sle/2012;;http://dx.doi.org/10.1007/978-3-642-36089-3_7;The Program Is the Model;conf/sle/CuadradoGL12;2013-01-25;;;;104-123;;;;;;;db/conf/sle/sle2012.html#CuadradoGL12;2012
input_inproceedings.csv	787906	Missing conference article title	809920;Chenguang Kong|Chuan Wu|Victor O. K. Li;Networking (2);;;;conf/networking/2011-2;;http://dx.doi.org/10.1007/978-3-642-20798-3_21;M|S|S|SMS;conf/networking/KongWL11;2011-05-05;;;;275-287;;;;;;;db/conf/networking/networking2011-2.html#KongWL11;2011
input_inproceedings.csv	791165	Missing conference article title	813229;Marko Niinimäki|Mohamed Ben Belgacem|Nabil Abdennadher;GPC;;;;conf/gpc/2010;;http://dx.doi.org/10.1007/978-3-642-13067-0_41;Virtual EZ Grid;conf/gpc/BelgacemAN10;2010-05-11;;;;385-394;;;;;;;db/conf/gpc/gpc2010.html#BelgacemAN10;2010
input_inproceedings.csv	791959	Missing conference article title	814043;Koji Zettsu|Kyoung-Sook Kim|Ryong Lee;GIS;;;;conf/gis/2011;;http://doi.acm.org/10.1145/2093973.2094066;m;conf/gis/KimLZ11;2012-01-13;;;;529-532;;;;;;;db/conf/gis/gis2011.html#KimLZ11;2011
input_inproceedings.csv	792177	Missing conference article title	814266;Ali Khodaei|Ali Khoshgozaran|Arjun Rihan|Cyrus Shahabi|Farnoush Banaei Kashani|Luciano Nocera|Songhua Xing;GIS;;;;conf/gis/2009;;http://doi.acm.org/10.1145/1653771.1653869;GeoDec;conf/gis/NoceraRXKKKS09;2009-11-20;;;;546-547;;;;;;;db/conf/gis/gis2009.html#NoceraRXKKKS09;2009
input_inproceedings.csv	792549	Missing conference article title	814651;Fabio Aloise|Francesco Leotta|Massimo Mecella;ISA;;;;conf/gis/2011isa;;http://doi.acm.org/10.1145/2077357.2077362;Pericles;conf/gis/LeottaMA11;2012-02-29;;;;23-30;;;;;;;db/conf/gis/isa2011.html#LeottaMA11;2011
input_inproceedings.csv	792672	Missing conference article title	814780;Chris Greenhalgh|Jianhua Shao;GIS-LBSN;;;;conf/gis/2010lbsn;;http://doi.acm.org/10.1145/1867699.1867710;DC2S;conf/gis/ShaoG10;2011-01-07;;;;51-59;;;;;;;db/conf/gis/lbsn2010.html#ShaoG10;2010
input_inproceedings.csv	795560	Missing conference article title	817733;Aarti Gupta|Malay K. Ganai|Pranav Ashar;TACAS;;;;conf/tacas/2005;;http://dx.doi.org/10.1007/978-3-540-31980-1_41;DiVer;conf/tacas/GanaiGA05;2011-08-08;;;;575-580;;;;;;;db/conf/tacas/tacas2005.html#GanaiGA05;2005
input_inproceedings.csv	795662	Missing conference article title	817838;Aarti Gupta|Malay K. Ganai|Muralidhar Talupur;TACAS;;;;conf/tacas/2006;;http://dx.doi.org/10.1007/11691372_9;Lazy|SDSAT|Small Domain Encoding;conf/tacas/GanaiTG06;2006-04-03;;;;135-150;;;;;;;db/conf/tacas/tacas2006.html#GanaiTG06;2006
input_inproceedings.csv	796063	Missing conference article title	818254;Chien-Ju Ho|David Chawei Hsu|Jane Yung-jen Hsu|Min-Shieh Tsai|Mu-Chun Wang|Tsung-Hsiang Chang|Yuan-Hsiang Lee;EUC Workshops;;;;conf/euc/2005w;;http://dx.doi.org/10.1007/11596042_41;iCane;conf/euc/ChangHHLTWH05;2005-12-02;;;;393-402;;;;;;;db/conf/euc/eucw2005.html#ChangHHLTWH05;2005
input_inproceedings.csv	796354	Missing conference article title	818548;Jong Hyuk Park|Sangjin Lee|Sung Hee Hong;EUC Workshops;;;;conf/euc/2006w;;http://dx.doi.org/10.1007/11807964_67;C-i;conf/euc/ParkLH06;2006-10-31;;;;660-670;;;;;;;db/conf/euc/eucw2006.html#ParkLH06;2006
input_inproceedings.csv	796413	Missing conference article title	818607;S. Anusha|Sridhar Iyer;EUC Workshops;;;;conf/euc/2005w;;http://dx.doi.org/10.1007/11596042_107;RFIDcover;conf/euc/AnushaI05;2005-12-02;;;;1047-1057;;;;;;;db/conf/euc/eucw2005.html#AnushaI05;2005
input_inproceedings.csv	797866	Missing conference article title	820091;David Dominguez-Sal|Luis Barguñó|Patrick Valduriez|Victor Muntés-Mulero;IDEAS;;;;conf/ideas/2011;;http://doi.acm.org/10.1145/2076623.2076643;ParallelGDB;conf/ideas/BargunoMDV11;2011-12-07;;;;162-169;;;;;;;db/conf/ideas/ideas2011.html#BargunoMDV11;2011
input_inproceedings.csv	798036	Missing conference article title	820263;Bipin C. Desai;IDEAS;;;;conf/ideas/2008;;http://doi.acm.org/10.1145/1451940.1451942;IDEAS;conf/ideas/Desai08;2008-11-11;;;;1-8;;;;;;;db/conf/ideas/ideas2008.html#Desai08;2008
input_inproceedings.csv	798169	Missing conference article title	820397;Gregory Butler|Jun Luo;IDEAS;;;;conf/ideas/2012;;http://doi.acm.org/10.1145/2351476.2351503;ECTree;conf/ideas/LuoB12;2012-08-31;;;;216-221;;;;;;;db/conf/ideas/ideas2012.html#LuoB12;2012
input_inproceedings.csv	798171	Missing conference article title	820399;Jiang Li|Junhu Wang|Mao Lin Huang;IDEAS;;;;conf/ideas/2009;;http://doi.acm.org/10.1145/1620432.1620445;XKMis;conf/ideas/LiWH09;2009-09-30;;;;121-130;;;;;;;db/conf/ideas/ideas2009.html#LiWH09;2009
input_inproceedings.csv	798181	Missing conference article title	820410;Abdessamad Imine|Houari Mahfoud|Michaël Rusinowitch;IDEAS;;;;conf/ideas/2013;;http://doi.acm.org/10.1145/2513591.2513657;SVMAX;conf/ideas/MahfoudIR13;2013-10-25;;;;154-161;;;;;;;db/conf/ideas/ideas2013.html#MahfoudIR13;2013
input_inproceedings.csv	798442	Missing conference article title	820679;Alfredo Cuzzocrea|Clara Pizzuti|Francesco Folino;IDEAS;;;;conf/ideas/2013;;http://doi.acm.org/10.1145/2513591.2513658;DynamicNet;conf/ideas/CuzzocreaFP13;2013-10-25;;;;148-153;;;;;;;db/conf/ideas/ideas2013.html#CuzzocreaFP13;2013
input_inproceedings.csv	799485	Missing conference article title	821755;Evgueni N. Smirnov|Georgi I. Nalbantov|Nikolay I. Nikolaev;ECML/PKDD (3);;;;conf/pkdd/2010-3;;http://dx.doi.org/10.1007/978-3-642-15939-8_18;k|k;conf/pkdd/SmirnovNN10;2010-08-20;;;;277-292;;;;;;;db/conf/pkdd/pkdd2010-3.html#SmirnovNN10;2010
input_inproceedings.csv	799510	Missing conference article title	821780;Emmanuel Müller|Matthias Hannen|Matthias Schiffer|Patrick Gerwert|Thomas Seidl|Timm Jansen;ECML/PKDD (3);;;;conf/pkdd/2010-3;;http://dx.doi.org/10.1007/978-3-642-15939-8_44;SOREX;conf/pkdd/MullerSGHJS10;2010-08-20;;;;607-610;;;;;;;db/conf/pkdd/pkdd2010-3.html#MullerSGHJS10;2010
input_inproceedings.csv	800485	Missing conference article title	822777;Arik Friedman|Assaf Schuster|Ran Wolff;PKDD;;;;conf/pkdd/2006;;http://dx.doi.org/10.1007/11871637_18;k;conf/pkdd/FriedmanSW06;2006-10-23;;;;151-162;;;;;;;db/conf/pkdd/pkdd2006.html#FriedmanSW06;2006
input_inproceedings.csv	800836	Missing conference article title	823134;Dino Pedreschi|Fosca Giannotti|Francesco Bonchi|Maurizio Atzori;PKDD;;;;conf/pkdd/2005;;http://dx.doi.org/10.1007/11564126_7;k;conf/pkdd/AtzoriBGP05;2005-11-14;;;;10-21;;;;;;;db/conf/pkdd/pkdd2005.html#AtzoriBGP05;2005
input_inproceedings.csv	801635	Missing conference article title	823946;Angelo Chirico|Emely Arráiz;Applications in Parallel and Distributed Computing;;;;conf/apdc/1994;;;ANDES;conf/apdc/ChiricoA94;2002-01-03;;;;331-332;;;*;;;;db/conf/apdc/apdc1994.html#ChiricoA94;1994
input_inproceedings.csv	801743	Missing conference article title	824057;Michelle Hoda Wilkerson-Jerde|Uri Wilensky;ICLS;;;;conf/icls/2010-2;;http://dl.acm.org/citation.cfm?id=1854704;NetLogo HotLink Replay;conf/icls/Wilkerson-JerdeW10a;2011-12-19;;;;374-375;;;;;;;db/conf/icls/icls2010-2.html#Wilkerson-JerdeW10a;2010
input_inproceedings.csv	807440	Missing conference article title	829850;Carlos A. Coello Coello|José Carlos Villela Tinoco;EVOLVE;;;;conf/evolve/2012;;http://dx.doi.org/10.1007/978-3-642-31519-0_17;hyp;conf/evolve/TinocoC12;2013-02-02;;;;267-282;;;;;;;db/conf/evolve/evolve2012.html#TinocoC12;2012
input_inproceedings.csv	808163	Missing conference article title	830603;Patrik Haslum;ICAPS;;;;conf/aips/2009;;http://aaai.org/ocs/index.php/ICAPS/ICAPS09/paper/view/713;P|P|h|h|h|h;conf/aips/Haslum09;2012-12-13;;;;;;;1|m|m|m|max;;;;db/conf/aips/icaps2009.html#Haslum09;2009
input_inproceedings.csv	811849	Missing conference article title	834342;Alistair C. Veitch|Craig A. N. Soules|Karl Gyllstrom;IIiX;;;;conf/iiix/2008;;http://doi.acm.org/10.1145/1414694.1414707;Activity put in context;conf/iiix/GyllstromSV08;2010-02-10;;;;51-56;;;;;;;db/conf/iiix/iiix2008.html#GyllstromSV08;2008
input_inproceedings.csv	817872	Missing conference article title	840496;Alistair Moffat|Justin Zobel|Owen de Kretser;SIGIR;SIGIR1998/P384.pdf;;;conf/sigir/98;;http://doi.acm.org/10.1145/290941.291073;Teraphim;conf/sigir/KretserMZ98;2012-09-13;;;;384;;;;;;;db/conf/sigir/sigir98.html#KretserMZ98;1998
input_inproceedings.csv	818645	Missing conference article title	841277;Alistair C. Veitch|Craig A. N. Soules|Karl Gyllstrom;SIGIR;;;;conf/sigir/2007;;http://doi.acm.org/10.1145/1277741.1277874;Confluence;conf/sigir/GyllstromSV07;2010-02-10;;;;717-718;;;;;;;db/conf/sigir/sigir2007.html#GyllstromSV07;2007
input_inproceedings.csv	818988	Missing conference article title	841624;Elena Demidova|Peter Fankhauser|Wolfgang Nejdl|Xuan Zhou;SIGIR;;;;conf/sigir/2010;;http://doi.acm.org/10.1145/1835449.1835506;DivQ;conf/sigir/DemidovaFZN10;2010-08-09;;;;331-338;;;;;;;db/conf/sigir/sigir2010.html#DemidovaFZN10;2010
input_inproceedings.csv	821805	Missing conference article title	844524;Amir H. Payberah|Fatemeh Rahimian|Jim Dowling|Seif Haridi;DAIS;;;;conf/dais/2010;;http://dx.doi.org/10.1007/978-3-642-13645-0_16;gradienTv;conf/dais/PayberahDRH10;2010-05-11;;;;212-225;;;;;;;db/conf/dais/dais2010.html#PayberahDRH10;2010
input_inproceedings.csv	821821	Missing conference article title	844541;Amir H. Payberah|Jim Dowling|Seif Haridi;DAIS;;;;conf/dais/2011;;http://dx.doi.org/10.1007/978-3-642-21387-8_1;Gozar;conf/dais/PayberahDH11;2011-06-10;;;;1-14;;;;;;;db/conf/dais/dais2011.html#PayberahDH11;2011
input_inproceedings.csv	821857	Missing conference article title	844579;Alessandro Ghioni|Andrea Turati|Emanuele Della Valle;DAIS;;;;conf/dais/2006;;http://dx.doi.org/10.1007/11773887_27;PAGE;conf/dais/ValleTG06;2006-06-07;;;;347-353;;;;;;;db/conf/dais/dais2006.html#ValleTG06;2006
input_inproceedings.csv	832871	Missing conference article title	855742;Andrea Kohlhase|Michael Kohlhase;Calculemus/MKM;;;;conf/mkm/2007;;http://dx.doi.org/10.1007/978-3-540-73086-6_25;Re|Re;conf/mkm/KohlhaseK07;2007-09-03;;;;313-326;;;;;;;db/conf/mkm/mkm2007.html#KohlhaseK07;2007
input_inproceedings.csv	833172	Missing conference article title	856053;Mads Vedel Jensen|Marcelle A. Stienstra;DPPI;;;;conf/dppi/2007;;http://doi.acm.org/10.1145/1314161.1314184;Making;conf/dppi/JensenS07;2008-02-21;;;;255-269;;;;;;;db/conf/dppi/dppi2007.html#JensenS07;2007
input_inproceedings.csv	833434	Missing conference article title	856327;Felix Cornelius|Marcus Klar|Robert Geisler;COMPASS/ADT;;;;conf/compass/1995;;http://dx.doi.org/10.1007/3-540-61629-2_49;InterACT;conf/compass/KlarGC95;2011-06-27;;;;291-395;;;;;;;db/conf/compass/compass95.html#KlarGC95;1995
input_inproceedings.csv	836973	Missing conference article title	859953;Ayumi Banno|Fumio Teraoka;ICOIN;;;;conf/icoin/2006;;http://dx.doi.org/10.1007/11919568_1;nu;conf/icoin/BannoT06;2007-03-22;;;;3-10;;;;;;;db/conf/icoin/icoin2006.html#BannoT06;2006
input_inproceedings.csv	838430	Missing conference article title	861435;Limin Wang|Sandeep S. Kulkarni;DCOSS;;;;conf/dcoss/2006;;http://dx.doi.org/10.1007/11776178_8;Gappa;conf/dcoss/WangK06;2006-06-13;;;;119-134;;;;;;;db/conf/dcoss/dcoss2006.html#WangK06;2006
input_inproceedings.csv	841828	Missing conference article title	864914;Pramod K. Singh;Australian Conference on Artificial Intelligence;;;;conf/ausai/2005;;http://dx.doi.org/10.1007/11589990_118;IC;conf/ausai/Singh05;2005-11-29;;;;950-953;;;2;;;;db/conf/ausai/ausai2005.html#Singh05;2005
input_inproceedings.csv	841927	Missing conference article title	865014;Guido Governatori|Pakornpong Pothipruk;Australian Conference on Artificial Intelligence;;;;conf/ausai/2006;;http://dx.doi.org/10.1007/11941439_15;ALE;conf/ausai/PothiprukG06;2006-11-20;;;;110-119;;;;;;;db/conf/ausai/ausai2006.html#PothiprukG06;2006
input_inproceedings.csv	842384	Missing conference article title	865479;Bailing Zhang|Gopal Gupta|Yuan Miao;Australian Conference on Artificial Intelligence;;;;conf/ausai/2005;;http://dx.doi.org/10.1007/11589990_56;k;conf/ausai/ZhangMG05;2007-08-31;;;;540-549;;;;;;;db/conf/ausai/ausai2005.html#ZhangMG05;2005
input_inproceedings.csv	844477	Missing conference article title	867623;Martin Harrigan|Patrick Healy;WALCOM;;;;conf/walcom/2011;;http://dx.doi.org/10.1007/978-3-642-19094-0_9;k;conf/walcom/HarriganH11;2011-04-01;;;;70-76;;;;;;;db/conf/walcom/walcom2011.html#HarriganH11;2011
input_inproceedings.csv	845816	Missing conference article title	869032;Felix Cornelius|Marcus Klar|Robert Geisler;AMAST;;;;conf/amast/1996;;http://dx.doi.org/10.1007/BFb0014342;InterACT;conf/amast/GeislerKC96;2011-06-24;;;;563-566;;;;;;;db/conf/amast/amast96.html#GeislerKC96;1996
input_inproceedings.csv	848481	Missing conference article title	871789;Albert Cohen|Christine Eisenbeis|Claire Pagetti|Florence Plateau|Marc Duranton|Marc Pouzet;POPL;;;;conf/popl/2006;;http://doi.acm.org/10.1145/1111037.1111054;N;conf/popl/CohenDEPPP06;2006-02-21;;;;180-193;;;;;;;db/conf/popl/popl2006.html#CohenDEPPP06;2006
input_inproceedings.csv	852463	Missing conference article title	875815;Csilla Farkas|Duminda Wijesekera|Naren Kodali;ISI;;;;conf/isi/2004;;http://dx.doi.org/10.1007/978-3-540-25952-7_21;SECRETS;conf/isi/KodaliFW04;2011-07-07;;;;278-296;;;;;;;db/conf/isi/isi2004.html#KodaliFW04;2004
input_inproceedings.csv	853803	Missing conference article title	877184;Rossella Petreschi|Tiziana Calamoneri;TAPAS;;;;conf/tapas/2011;;http://dx.doi.org/10.1007/978-3-642-19754-3_8;L;conf/tapas/CalamoneriP11;2011-03-30;;;;57-68;;;;;;;db/conf/tapas/tapas2011.html#CalamoneriP11;2011
input_inproceedings.csv	854490	Missing conference article title	877894;Marientina Gotsis|Yasaman Hashemian;Wireless Health;;;;conf/wh/2013;;http://doi.acm.org/10.1145/2534088.2534101;Adventurous Dreaming Highflying Dragon;conf/wh/HashemianG13;2014-02-24;;;;12;;;;;;;db/conf/wh/wh2013.html#HashemianG13;2013
input_inproceedings.csv	856474	Missing conference article title	879933;Genny Tortora|Giuliana Vitiello|Luca Paolino|Monica Sebillo;ER (Workshops);;;;conf/er/2006w;;http://dx.doi.org/10.1007/11908883_19;Map2Share;conf/er/PaolinoSTV06;2006-12-05;;;;160-169;;;;;;;db/conf/er/erw2006.html#PaolinoSTV06;2006
input_inproceedings.csv	858399	Missing conference article title	881889;Dorian Perkins|Ethan Katz-Bassett|Harsha V. Madhyastha|Michael Butkiewicz|Zhe Wu;SOSP;;;;conf/sosp/2013;;http://doi.acm.org/10.1145/2517349.2522730;SPANStore;conf/sosp/WuBPKM13;2013-10-17;;;;292-308;;;;;;;db/conf/sosp/sosp2013.html#WuBPKM13;2013
input_inproceedings.csv	861020	Missing conference article title	884533;Bashar Tahayna|Hidayat Hidayat|Mohammed Belkhatir|Mohammed Maree|Saadat M. Alhashmi;AIRS;;;;conf/airs/2010;;http://dx.doi.org/10.1007/978-3-642-17187-1_10;Multi-Search;conf/airs/MareeABHT10;2013-03-04;;;;110-120;;;;;;;db/conf/airs/airs2010.html#MareeABHT10;2010
input_inproceedings.csv	861146	Missing conference article title	884661;Hiroshi Mo|Ichiro Ide|Norio Katayama|Shin'ichi Satoh|Tomoyoshi Kinoshita;AIRS;;;;conf/airs/2005;;http://dx.doi.org/10.1007/11562382_42;trackThem;conf/airs/IdeKMKS05;2005-11-18;;;;510-515;;;;;;;db/conf/airs/airs2005.html#IdeKMKS05;2005
input_inproceedings.csv	864785	Missing conference article title	888390;Ge Xia|Iyad A. Kanj|Jianer Chen|Xiuzhen Huang;COCOON;;;;conf/cocoon/2005;;http://dx.doi.org/10.1007/11533719_98;W;conf/cocoon/ChenHKX05;2005-09-27;;;;975-984;;;;;;;db/conf/cocoon/cocoon2005.html#ChenHKX05;2005
input_inproceedings.csv	866816	Missing conference article title	890455;Carlos E. Cuesta|Miguel A. Martínez-Prieto|Pablo de la Fuente;ECSA;;;;conf/ecsa/2007;;http://dx.doi.org/10.1007/978-3-540-75132-8_32;Aqueducts;conf/ecsa/Martinez-PrietoCF07;2007-09-06;;;;313-316;;;;;;;db/conf/ecsa/ecsa2007.html#Martinez-PrietoCF07;2007
input_inproceedings.csv	866834	Missing conference article title	890474;Amparo Navasa Martínez|Juan Manuel Murillo|Miguel A. Pérez;ECSA;;;;conf/ecsa/2007;;http://dx.doi.org/10.1007/978-3-540-75132-8_36; AspectLEDA: ;conf/ecsa/NavasaPM07;2008-02-26;;;;330-334;;;;;;;db/conf/ecsa/ecsa2007.html#NavasaPM07;2007
input_inproceedings.csv	871568	Missing conference article title	895297;Giordano Fusco|Himanshu Gupta;WASA;;;;conf/wasa/2009;;http://dx.doi.org/10.1007/978-3-642-03417-6_11;epsilon|k;conf/wasa/FuscoG09;2009-08-19;;;;104-114;;;;;;;db/conf/wasa/wasa2009.html#FuscoG09;2009
input_inproceedings.csv	875934	Missing conference article title	899755;José P. Diaz-Gonzalez|Russell Sasnett|Steven Gutfreund|Vincent Phuah;NOSSDAV;;;;conf/nossdav/1991;;http://dx.doi.org/10.1007/3-540-55639-7_18;Dynamicity;conf/nossdav/GutfreundDSP91;2011-06-14;;;;209-216;;;;;;;db/conf/nossdav/nossdav91.html#GutfreundDSP91;1991
input_inproceedings.csv	887691	Missing conference article title	911620;Dheeraj Kota|Gaurav S. Sukhatme|Karthik Dantu|Neha Laumas|Sameera Poduri|Saurabh Sonalkar|Urmila Shinde;MobiCASE;;;;conf/mobicase/2009;;http://dx.doi.org/10.1007/978-3-642-12607-9_30;deSCribe;conf/mobicase/KotaLSSDPS09;2011-06-02;;;;393-403;;;;;;;db/conf/mobicase/mobicase2009.html#KotaLSSDPS09;2009
input_inproceedings.csv	888198	Missing conference article title	912146;Hicham Bensaid|Nicolas Peltier|Ricardo Caferra;AISC/MKM/Calculemus;;;;conf/aisc/2010;;http://dx.doi.org/10.1007/978-3-642-14128-7_4;I;conf/aisc/BensaidCP10;2010-07-05;;;;19-33;;;;;;;db/conf/aisc/aisc2010.html#BensaidCP10;2010
input_inproceedings.csv	891967	Missing conference article title	916018;Barry Smyth|Edwin Costello|John Doody|Lorraine McGinty;IUI;;;;conf/iui/2006;;http://doi.acm.org/10.1145/1111449.1111511;i;conf/iui/CostelloDMS06;2009-02-14;;;;282-284;;;;;;;db/conf/iui/iui2006.html#CostelloDMS06;2006
input_inproceedings.csv	892245	Missing conference article title	916300;Karl Gyllstrom;IUI;;;;conf/iui/2009;;http://doi.acm.org/10.1145/1502650.1502673;Passages through time;conf/iui/Gyllstrom09;2009-02-14;;;;147-156;;;;;;;db/conf/iui/iui2009.html#Gyllstrom09;2009
input_inproceedings.csv	892667	Missing conference article title	916737;Carroll Morgan;MPC;;;;conf/mpc/2006;;http://dx.doi.org/10.1007/11783596_21;The Shadow Knows: ;conf/mpc/Morgan06;2006-07-03;;;;359-378;;;;;;;db/conf/mpc/mpc2006.html#Morgan06;2006
input_inproceedings.csv	894494	Missing conference article title	918596;Akinori Fujino|Osamu Katai|Tadashi Horiuchi|Tetsuo Sawaragi;International Conference on Evolutionary Computation;;;;;;;Q|Q;conf/icec/HoriuchiFKS96;2002-01-03;;;;76-81;;;;;;;db/conf/icec/icec1996.html#HoriuchiFKS96;1996
input_inproceedings.csv	895893	Missing conference article title	920021;Renate A. Schmidt;RTA;;;;conf/rta/1998;;http://dx.doi.org/10.1007/BFb0052364;E|S4;conf/rta/Schmidt98;2009-09-23;;;;106-120;;;;;;;db/conf/rta/rta98.html#Schmidt98;1998
input_inproceedings.csv	895964	Missing conference article title	920093;Francisco Javier López-Fraguas|Jaime Sánchez-Hernández;RTA;;;;conf/rta/1999;;http://dx.doi.org/10.1007/3-540-48685-2_19;TOY;conf/rta/Lopez-FraguasH99;2009-09-23;;;;244-247;;;;;;;db/conf/rta/rta99.html#Lopez-FraguasH99;1999
input_inproceedings.csv	896337	Missing conference article title	920481;Andrea Asperti;RTA;;;;conf/rta/1995;;http://dx.doi.org/10.1007/3-540-59200-8_51;Epsilon|delta|lambda;conf/rta/Asperti95;2009-09-23;;;;102-116;;;;;;;db/conf/rta/rta95.html#Asperti95;1995
input_inproceedings.csv	899049	Missing conference article title	923220;Byung Joon Park|Jiman Hong|JinWoo Han|WoongChul Choi;ISSADS;;;;conf/issads/2005;;http://dx.doi.org/10.1007/11533962_34;BCTMA;conf/issads/ChoiHPH05;2005-11-03;;;;377-387;;;;;;;db/conf/issads/issads2005.html#ChoiHPH05;2005
input_inproceedings.csv	899086	Missing conference article title	923258;Jin-Woong Cho|Kwangsue Chung|Seung Hyong Rhee|WoongChul Choi;ISSADS;;;;conf/issads/2005;;http://dx.doi.org/10.1007/11533962_32;WFCTA;conf/issads/ChoiCRC05;2005-11-03;;;;358-367;;;;;;;db/conf/issads/issads2005.html#ChoiCRC05;2005
input_inproceedings.csv	901663	Missing conference article title	925899;Ching-chih Chen|Takashi Nagatsuka;ICADL;;;;conf/icadl/2005;;http://dx.doi.org/10.1007/11599517_17;Global Memory Net;conf/icadl/NagatsukaC05;2005-12-19;;;;149-157;;;;;;;db/conf/icadl/icadl2005.html#NagatsukaC05;2005
input_inproceedings.csv	903030	Missing conference article title	927328;Ali Mazalek|Chih-Sung (Andy) Wu|Hyun-Jean Lee|Yang Ting Shen;SIGGRAPH Posters;;;;conf/siggraph/2008posters;;http://doi.acm.org/10.1145/1400885.1400911;Moons over you;conf/siggraph/LeeWSM08;2008-08-18;;;;24;;;;;;;db/conf/siggraph/siggraph2008posters.html#LeeWSM08;2008
input_inproceedings.csv	903078	Missing conference article title	927377;Eric Dyer;SIGGRAPH New Tech Demos;;;;conf/siggraph/2008demos;;http://doi.acm.org/10.1145/1401615.1401622;Bellows;conf/siggraph/Dyer08;2008-12-08;;;;7;;;;;;;db/conf/siggraph/siggraph2008demo.html#Dyer08;2008
input_inproceedings.csv	903494	Missing conference article title	927799;Hwan-Soo Yoo|Seong-Whan Kim;SIGGRAPH Posters;;;;conf/siggraph/2010posters;;http://doi.acm.org/10.1145/1836845.1836895;Agritainment;conf/siggraph/YooK10;2010-08-10;;;;;;;;;;;db/conf/siggraph/siggraph2010posters.html#YooK10;2010
input_inproceedings.csv	903771	Missing conference article title	928079;Arun Rao;SIGGRAPH Talks;;;;conf/siggraph/2013talks;;http://doi.acm.org/10.1145/2504459.2504492;TidScene;conf/siggraph/Rao13;2013-07-22;;;;26;;;;;;;db/conf/siggraph/siggraph2013talks.html#Rao13;2013
input_inproceedings.csv	904757	Missing conference article title	929081;Adrian David Cheok|Fumitaka Ozaki|Maki Sugimoto|Masahiko Inakage|Masahiko Inami|Naohito Okude|Shin Kiyasu|Shuichi Ishibashi|Takuo Imbe|Yusuke Mizukami|Yuta Sugiura;SIGGRAPH Posters;;;;conf/siggraph/2009posters;;http://doi.acm.org/10.1145/1599301.1599350;MYGLOBE;conf/siggraph/OzakiIKSMISICOI09;2009-11-24;;;;;;;;;;;db/conf/siggraph/siggraph2009posters.html#OzakiIKSMISICOI09;2009
input_inproceedings.csv	905424	Missing conference article title	929758;Chiharu Tanaka|Ko Hayami|Kohei Isshiki|Toshikazu Ohshima|Yuki Shibata;SIGGRAPH ASIA Posters;;;;conf/siggraph/2013asiaposters;;http://doi.acm.org/10.1145/2542302.2542335;Hyak-Ki Men;conf/siggraph/OhshimaSIHT13;2014-02-27;;;;27;;;;;;;db/conf/siggraph/siggraph2013asiaposters.html#OhshimaSIHT13;2013
input_inproceedings.csv	908381	Missing conference article title	932770;Dan Pelleg|Dorit Baras;ECML;;;;conf/ecml/2007;;http://dx.doi.org/10.1007/978-3-540-74958-5_67;K;conf/ecml/PellegB07;2007-09-10;;;;674-682;;;;;;;db/conf/ecml/ecml2007.html#PellegB07;2007
input_inproceedings.csv	908500	Missing conference article title	932890;Andreu Català|Cecilio Angulo;ECML;;;;conf/ecml/2000;;http://dx.doi.org/10.1007/3-540-45164-1_4;K;conf/ecml/AnguloC00;2011-06-21;;;;31-38;;;;;;;db/conf/ecml/ecml2000.html#AnguloC00;2000
input_inproceedings.csv	910113	Missing conference article title	934542;Luigi Sauro|Marco Faella|Piero A. Bonatti;International Semantic Web Conference (1);;;;conf/semweb/2010-1;;http://dx.doi.org/10.1007/978-3-642-17746-0_5;EL;conf/semweb/BonattiFS10;2010-12-13;;;;64-79;;;;;;;db/conf/semweb/iswc2010-1.html#BonattiFS10;2010
input_inproceedings.csv	911459	Missing conference article title	935948;Chutiporn Anutariya|Rachanee Ungrangsi|Vilas Wuwongse;ISWC/ASWC;;;;conf/semweb/2007;;http://dx.doi.org/10.1007/978-3-540-76298-0_41; combiSQORE: An Ontology Combination Algorithm ;conf/semweb/UngrangsiAW07;2007-10-29;;;;566-579;;;;;;;db/conf/semweb/iswc2007.html#UngrangsiAW07;2007
input_inproceedings.csv	920053	Missing conference article title	944630;Boon Thau Loo|Insup Lee|Oleg Sokolsky|Wenchao Zhou;RV;;;;conf/rv/2009;;http://dx.doi.org/10.1007/978-3-642-04694-0_13;DMaC;conf/rv/ZhouSLL09;2009-10-07;;;;184-201;;;;;;;db/conf/rv/rv2009.html#ZhouSLL09;2009
input_inproceedings.csv	921089	Missing conference article title	945692;Michael T. Campbell|Michael T. Heath|Xiangmin Jiao;ICS;;;;conf/ics/2003;;http://doi.acm.org/10.1145/782814.782863;Roccom;conf/ics/JiaoCH03;2006-02-13;;;;358-368;;;;;;;db/conf/ics/ics2003.html#JiaoCH03;2003
input_inproceedings.csv	921333	Missing conference article title	945939;Song Jiang|Xuechen Zhang;ICS;;;;conf/ics/2010;;http://doi.acm.org/10.1145/1810085.1810116;InterferenceRemoval;conf/ics/ZhangJ10;2010-06-07;;;;223-232;;;;;;;db/conf/ics/ics2010.html#ZhangJ10;2010
input_inproceedings.csv	921755	Missing conference article title	946365;Christopher W. Fletcher|Garry P. Nolan|Greg Gibeling|John Wawrzynek|Narges Bani Asadi|Wing H. Wong;ICS;;;;conf/ics/2010;;http://doi.acm.org/10.1145/1810085.1810100;ParaLearn;conf/ics/AsadiFGWWN10;2010-06-07;;;;83-94;;;;;;;db/conf/ics/ics2010.html#AsadiFGWWN10;2010
input_inproceedings.csv	921791	Missing conference article title	946401;Rakefet Kol|Ran Ginosar;International Conference on Supercomputing;;;;;;http://doi.acm.org/10.1145/277830.277937;Kin;conf/ics/KolG98;2002-12-17;;;;433-440;;;;;;;db/conf/ics/ics1998.html#KolG98;1998
input_inproceedings.csv	936794	Missing conference article title	961577;Moti Yung|Shouhuai Xu;Financial Cryptography;;;;conf/fc/2007;;http://dx.doi.org/10.1007/978-3-540-77366-5_10;K;conf/fc/XuY07;2008-01-04;;;;72-87;;;;;;;db/conf/fc/fc2007.html#XuY07;2007
input_inproceedings.csv	937661	Missing conference article title	962467;Eugene Agichtein|Luis Gravano;ACM DL;;;;;;http://doi.acm.org/10.1145/336597.336644;Snowball;conf/dl/AgichteinG00;2002-12-11;;;;85-94;;;;;;;db/conf/dl/dl2000.html#AgichteinG00;2000
input_inproceedings.csv	937759	Missing conference article title	962568;Luis Mateus Rocha;ACM DL;DL/1999/P242.pdf;;;conf/dl/1999;;http://doi.acm.org/10.1145/313238.313416;TalkMine;conf/dl/Rocha99;2012-09-18;;;;242-243;;;;;;;db/conf/dl/dl99.html#Rocha99;1999
input_inproceedings.csv	939622	Missing conference article title	964484;Adrian James Chung|George P. Mylonas|Guang-Zhong Yang|Mirna Lerotic;MICCAI (2);;;;conf/miccai/2007-2;;http://dx.doi.org/10.1007/978-3-540-75759-7_13;pq;conf/miccai/LeroticCMY07;2008-08-11;;;;102-109;;;;;;;db/conf/miccai/miccai2007-2.html#LeroticCMY07;2007
input_inproceedings.csv	939900	Missing conference article title	964762;Christian T. Stoeck|Maxime Sermesant|Nicolas Toussaint|Philip G. Batchelor|Sebastian Kozerke;MICCAI (1);;;;conf/miccai/2010-1;;http://dx.doi.org/10.1007/978-3-642-15705-9_51;In vivo;conf/miccai/ToussaintSSKB10;2010-09-26;;;;418-425;;;;;;;db/conf/miccai/miccai2010-1.html#ToussaintSSKB10;2010
input_inproceedings.csv	940141	Missing conference article title	965006;Brian B. Avants|Caryne Craige|Hongzhi Wang|John Pluta|Michael Weiner|Murat Altinay|Paul A. Yushkevich|Sandhitsu R. Das|Susanne G. Mueller;MICCAI (3);;;;conf/miccai/2010-3;;http://dx.doi.org/10.1007/978-3-642-15711-0_14;Standing on the Shoulders of Giants;conf/miccai/WangDPCAAWMY10;2012-04-24;;;;105-112;;;;;;;db/conf/miccai/miccai2010-3.html#WangDPCAAWMY10;2010
input_inproceedings.csv	941772	Missing conference article title	966661;Danail Stoyanov|George P. Mylonas|Guang-Zhong Yang|Marco Visentini Scarzanella;MICCAI (1);;;;conf/miccai/2009-1;;http://dx.doi.org/10.1007/978-3-642-04268-3_44;i;conf/miccai/ScarzanellaMSY09;2009-10-08;;;;353-360;;;;;;;db/conf/miccai/miccai2009-1.html#ScarzanellaMSY09;2009
input_inproceedings.csv	943320	Missing conference article title	968234;Chenyang Xu|Jungha An|Mikaël Rousson;MICCAI (2);;;;conf/miccai/2007-2;;http://dx.doi.org/10.1007/978-3-540-75759-7_60;Gamma;conf/miccai/AnRX07;2007-10-19;;;;495-502;;;;;;;db/conf/miccai/miccai2007-2.html#AnRX07;2007
input_inproceedings.csv	944769	Missing conference article title	969730;Grigorii I. Shishkin;NAA;;;;conf/naa/2000;;http://dx.doi.org/10.1007/3-540-45262-1_84;A Posteriori|a Priori;conf/naa/Shishkin00;2011-06-22;;;;710-722;;;;;;;db/conf/naa/naa2000.html#Shishkin00;2000
input_inproceedings.csv	944952	Missing conference article title	969915;Robin Thomas;IWOCA;;;;conf/iwoca/2009;;http://dx.doi.org/10.1007/978-3-642-10217-2_4;K|t|t;conf/iwoca/Thomas09;2009-11-14;;;;19;;;;;;;db/conf/iwoca/iwoca2009.html#Thomas09;2009
input_inproceedings.csv	945815	Missing conference article title	970813;Thomas Hanneforth;SFCM;;;;conf/sfcm/2009;;http://dx.doi.org/10.1007/978-3-642-04131-0_4;fsm2;conf/sfcm/Hanneforth09a;2011-09-26;;;;48-63;;;;;;;db/conf/sfcm/sfcm2009.html#Hanneforth09a;2009
input_inproceedings.csv	946521	Missing conference article title	971528;Shrinivasa Varakhedi|Sridhar Subbanna;Sanskrit Computational Linguistics;;;;conf/sanskrit/2010;;http://dx.doi.org/10.1007/978-3-642-17528-2_18;Asiddhatva;conf/sanskrit/SubbannaV10;2010-12-08;;;;231-238;;;;;;;db/conf/sanskrit/sanskrit2010.html#SubbannaV10;2010
input_inproceedings.csv	955100	Missing conference article title	980238;Eli Tilevich|Taweesup Apiwattanapong|Young-Woo Kwon;Middleware;;;;conf/middleware/2009;;http://dx.doi.org/10.1007/978-3-642-10445-9_19;DR-OSGi;conf/middleware/KwonTA09;2009-11-06;;;;373-392;;;;;;;db/conf/middleware/middleware2009.html#KwonTA09;2009
input_inproceedings.csv	955717	Missing conference article title	980901;Christophe Cérin|Heithem Abbes|Mohamed Jemni;MGC;;;;conf/middleware/2008mgc;;http://doi.acm.org/10.1145/1462704.1462708;PastryGrid;conf/middleware/AbbesCJ08;2008-12-03;;;;4;;;;;;;db/conf/middleware/mgc2008.html#AbbesCJ08;2008
input_inproceedings.csv	956395	Missing conference article title	981589;Karem A. Sakallah|Kunle Olukotun|Trevor N. Mudge;ICCAD;;;;;;;check|min;conf/iccad/SakallahMO90;2002-02-26;;;;552-555;;c|c;;;;;db/conf/iccad/iccad1990.html#SakallahMO90;1990
input_inproceedings.csv	964775	Missing conference article title	990085;Avi Wigderson|Russell Impagliazzo;STOC;;;;conf/stoc/1997;;http://doi.acm.org/10.1145/258533.258590;E|P = BPP;conf/stoc/ImpagliazzoW97;2012-02-16;;;;220-229;;;;;;;db/conf/stoc/stoc1997.html#ImpagliazzoW97;1997
input_inproceedings.csv	965887	Missing conference article title	991221;Michael H. Freedman;STOC;;;;conf/stoc/1998;;http://doi.acm.org/10.1145/276698.276871;K;conf/stoc/Freedman98;2012-02-16;;;;572-576;;;;;;;db/conf/stoc/stoc1998.html#Freedman98;1998
input_inproceedings.csv	966670	Missing conference article title	992021;Amrita Ghosal|DasBit Sipra|Sur Sanjib;DPM/SETOP;;;;conf/esorics/2012-7731;;http://dx.doi.org/10.1007/978-3-642-35890-6_19;μ;conf/esorics/GhosalSS12;2013-02-04;;;;258-273;;;;;;;db/conf/esorics/lncs7731.html#GhosalSS12;2012
input_inproceedings.csv	966702	Missing conference article title	992053;Anoop Singhal|Lingyu Wang|Steven Noel|Sushil Jajodia;ESORICS;;;;conf/esorics/2010;;http://dx.doi.org/10.1007/978-3-642-15497-3_35;k;conf/esorics/WangJSN10;2010-09-06;;;;573-587;;;;;;;db/conf/esorics/esorics2010.html#WangJSN10;2010
input_inproceedings.csv	971974	Missing conference article title	997417;Avinash Srinivasan|Kuldeep Yadav;SAC;;;;conf/sac/2010;;http://doi.acm.org/10.1145/1774088.1774402;iTrust;conf/sac/YadavS10;2010-04-25;;;;1466-1471;;;;;;;db/conf/sac/sac2010.html#YadavS10;2010
input_inproceedings.csv	972300	Missing conference article title	997743;Amrita Mathuriya|Christine E. Heitsch|David A. Bader|Stephen C. Harvey;SAC;;;;conf/sac/2009;;http://doi.acm.org/10.1145/1529282.1529497;GTfold;conf/sac/MathuriyaBHH09;2009-04-17;;;;981-988;;;;;;;db/conf/sac/sac2009.html#MathuriyaBHH09;2009
input_inproceedings.csv	972566	Missing conference article title	998009;James D. Carswell|Junjun Yin;SAC;;;;conf/sac/2012;;http://doi.acm.org/10.1145/2245276.2245385;MobiSpatial;conf/sac/YinC12;2012-06-08;;;;572-573;;;;;;;db/conf/sac/sac2012.html#YinC12;2012
input_inproceedings.csv	972778	Missing conference article title	998221;Felipe C. R. Pinto|Guilherme Horta Travassos|Rodrigo O. Spínola;SAC;;;;conf/sac/2010;;http://doi.acm.org/10.1145/1774088.1774152;UbiCheck;conf/sac/SpinolaPT10;2010-04-25;;;;306-310;;;;;;;db/conf/sac/sac2010.html#SpinolaPT10;2010
input_inproceedings.csv	972882	Missing conference article title	998325;Injoo Kim|Jinman Jung|Yeongkwun Kim|Yookun Cho;SAC;;;;conf/sac/2010;;http://doi.acm.org/10.1145/1774088.1774239;ASTRAL;conf/sac/JungCKK10;2010-04-25;;;;731-732;;;;;;;db/conf/sac/sac2010.html#JungCKK10;2010
input_inproceedings.csv	973327	Missing conference article title	998771;Chow Kin Wah|Qing Li;SAC;;;;conf/sac/2007;;http://doi.acm.org/10.1145/1244002.1244213;IS_SDM;conf/sac/WahL07;2007-05-24;;;;959-960;;;;;;;db/conf/sac/sac2007.html#WahL07;2007
input_inproceedings.csv	974273	Missing conference article title	999720;Chenyu Pan|Merdan Atajanov|Mohammad Belayet Hossain|Norihiko Yoshida|Toshihiko Shimokawa;SAC;;;;conf/sac/2006;;http://doi.acm.org/10.1145/1141277.1141452;FCAN;conf/sac/PanAHSY06;2008-01-19;;;;759-765;;;;;;;db/conf/sac/sac2006.html#PanAHSY06;2006
input_inproceedings.csv	974342	Missing conference article title	999789;Alberto Polzonetti|Andrea Polini|Barbara Re|Damiano Falcioni|Riccardo Cognini;SAC;;;;conf/sac/2013;;http://doi.acm.org/10.1145/2480362.2480512;HawkEye;conf/sac/CogniniFPPR13;2013-05-03;;;;785-786;;;;;;;db/conf/sac/sac2013.html#CogniniFPPR13;2013
input_inproceedings.csv	974731	Missing conference article title	1000179;Akm Jahangir Alam Majumder|Farzana Rahman|Ishmat Zerin|Sheikh Iqbal Ahamed|William Ebel Jr.;SAC;;;;conf/sac/2013;;http://doi.acm.org/10.1145/2480362.2480462;iPrevention;conf/sac/MajumderRZEA13;2013-05-03;;;;513-518;;;;;;;db/conf/sac/sac2013.html#MajumderRZEA13;2013
input_inproceedings.csv	974882	Missing conference article title	1000330;Francesc D. Muñoz-Escoí|Hendrik Decker|J. R. Juárez-Rodríguez|José Enrique Armendáriz-Iñigo|José Ramón González de Mendívil;SAC;;;;conf/sac/2007;;http://doi.acm.org/10.1145/1244002.1244130;k;conf/sac/Armendariz-InigoJMDM07;2007-06-01;;;;556-560;;;;;;;db/conf/sac/sac2007.html#Armendariz-InigoJMDM07;2007
input_inproceedings.csv	975027	Missing conference article title	1000477;Geunyoung Park|Jiman Hong|Joongjin Kook|Seokhyun Kim|Yookun Cho;SAC;;;;conf/sac/2010;;http://doi.acm.org/10.1145/1774088.1774132;Chordet;conf/sac/ParkKCKH10;2010-04-25;;;;221-225;;;;;;;db/conf/sac/sac2010.html#ParkKCKH10;2010
input_inproceedings.csv	975857	Missing conference article title	1001310;Haihua Xie|Jingwei Yang|Lin Liu 0001;SAC;;;;conf/sac/2009;;http://doi.acm.org/10.1145/1529282.1529359;i;conf/sac/XieLY09;2012-10-27;;;;347-354;;;;;;;db/conf/sac/sac2009.html#XieLY09;2009
input_inproceedings.csv	976584	Missing conference article title	1002039;Alberto Messina|Marco Ferri|Maurizio Montagnuolo;SAC;;;;conf/sac/2010;;http://doi.acm.org/10.1145/1774088.1774474;HMNews;conf/sac/MontagnuoloMF10;2010-04-25;;;;1823-1824;;;;;;;db/conf/sac/sac2010.html#MontagnuoloMF10;2010
input_inproceedings.csv	976637	Missing conference article title	1002093;Alina Campan|Traian Marius Truta;SAC;;;;conf/sac/2007;;http://doi.acm.org/10.1145/1244002.1244093;K;conf/sac/TrutaC07;2007-05-24;;;;380-387;;;;;;;db/conf/sac/sac2007.html#TrutaC07;2007
input_inproceedings.csv	976949	Missing conference article title	1002405;Hong Min|Injoo Jeong|Sangho Yi|Yeongkwun Kim|Yookun Cho;SAC;;;;conf/sac/2009;;http://doi.acm.org/10.1145/1529282.1529355;Arbiter-Recall;conf/sac/YiMCKJ09;2009-04-17;;;;339-340;;;;;;;db/conf/sac/sac2009.html#YiMCKJ09;2009
input_inproceedings.csv	988331	Missing conference article title	1013916;David Abramson|Philip Chan;ISHPC;;;;conf/ishpc/2005;;http://dx.doi.org/10.1007/978-3-540-77704-5_23;N|etfiles;conf/ishpc/ChanA05;2011-06-16;;;;254-261;;;;;;;db/conf/ishpc/ishpc2005.html#ChanA05;2005
input_inproceedings.csv	989147	Missing conference article title	1014747;Elaine Cristina Saito Hayashi|Júlio Cesar dos Reis|Leonelo D. A. Almeida|Maria Cecília Calani Baranauskas|Maria Cecília Martins;IHC;;;;conf/ihc/2010;;http://dl.acm.org/citation.cfm?id=1999600;Conversas;conf/ihc/AlmeidaHRMB10;2013-09-25;;;;51-60;;;;;;;db/conf/ihc/ihc2010.html#AlmeidaHRMB10;2010
input_inproceedings.csv	990418	Missing conference article title	1016055;Gian Luigi Ferrari|Massimo Bartoletti|Pierpaolo Degano|Roberto Zunino;ICTAC;;;;conf/ictac/2009;;http://dx.doi.org/10.1007/978-3-642-03466-4_5;nu;conf/ictac/BartolettiDFZ09;2009-08-19;;;;80-95;;;;;;;db/conf/ictac/ictac2009.html#BartolettiDFZ09;2009
input_inproceedings.csv	994138	Missing conference article title	1019874;Alan Ruttenberg|Anna Maria Masci|Lindsay G. Cowell|Mikhail K. Levin;ICBO;;;;conf/icbo/2011;;http://ceur-ws.org/Vol-833/paper40.pdf;owl_cpp;conf/icbo/LevinRMC11;2012-05-29;;;;;;;;;;;db/conf/icbo/icbo2011.html#LevinRMC11;2011
input_inproceedings.csv	994765	Missing conference article title	1020519;Francisco S. Melo|M. Isabel Ribeiro;COLT;;;;conf/colt/2007;;http://dx.doi.org/10.1007/978-3-540-72927-3_23;Q;conf/colt/MeloR07;2007-06-13;;;;308-322;;;;;;;db/conf/colt/colt2007.html#MeloR07;2007
input_inproceedings.csv	995160	Missing conference article title	1020926;Grzegorz Swirszcz|Ji Zhu|Nathan Srebro|Saharon Rosset;COLT;;;;conf/colt/2007;;http://dx.doi.org/10.1007/978-3-540-72927-3_39;l;conf/colt/RossetSSZ07;2007-06-13;;;;544-558;;1;;;;;db/conf/colt/colt2007.html#RossetSSZ07;2007
input_inproceedings.csv	996925	Missing conference article title	1022747;Fernando Silva Parreiras|Steffen Staab|Tobias Walter;MoDELS;;;;conf/models/2009;;http://dx.doi.org/10.1007/978-3-642-04425-0_32;OntoDSL;conf/models/WalterPS09;2009-10-07;;;;408-422;;;;;;;db/conf/models/models2009.html#WalterPS09;2009
input_inproceedings.csv	997441	Missing conference article title	1023288;Dimitrios S. Kolovos|Esther Guerra|Juan de Lara|Osmar Marchi dos Santos|Richard F. Paige;MoDELS (1);;;;conf/models/2010-1;;http://dx.doi.org/10.1007/978-3-642-16145-2_8;trans;conf/models/GuerraLKPS10;2010-09-25;;;;106-120;;;;;;;db/conf/models/models2010-1.html#GuerraLKPS10;2010
input_inproceedings.csv	1002078	Missing conference article title	1028030;Ilias Tagkopoulos|Vadim Mozhayskiy;ISBRA;;;;conf/isbra/2011;;http://dx.doi.org/10.1007/978-3-642-21260-4_26;In Silico;conf/isbra/MozhayskiyT11;2011-05-05;;;;262-273;;;;;;;db/conf/isbra/isbra2011.html#MozhayskiyT11;2011
input_inproceedings.csv	1002672	Missing conference article title	1028637;Domingo López-Rodríguez|Enrique Mérida Casermeiro|Gloria Galán Marín|Juan Miguel Ortiz-de-Lazcano-Lobato;ICANN (2);;;;conf/icann/2007-2;;http://dx.doi.org/10.1007/978-3-540-74695-9_84;K;conf/icann/Lopez-RodriguezCOM07;2007-09-17;;;;816-825;;;;;;;db/conf/icann/icann2007-2.html#Lopez-RodriguezCOM07;2007
input_inproceedings.csv	1007236	Missing conference article title	1033269;Hao Han|Peng Gao|Takehiro Tokuda;ICUIMC;;;;conf/icuimc/2012;;http://doi.acm.org/10.1145/2184751.2184849;IAAS;conf/icuimc/GaoHT12;2012-04-19;;;;83;;;;;;;db/conf/icuimc/icuimc2012.html#GaoHT12;2012
input_inproceedings.csv	1009217	Missing conference article title	1035290;Hanuma Kodavalla|Robin Dhamankar;DBTest;;;;conf/sigmod/2009dbtest;;http://doi.acm.org/10.1145/1594156.1594158;InProcDiskSim;conf/sigmod/DhamankarK09;2009-09-23;;;;;;;;;;;db/conf/sigmod/dbtest2009.html#DhamankarK09;2009
input_inproceedings.csv	1010478	Missing conference article title	1036575;Elisa Bertino|Elke A. Rundensteiner|Hyo-Sang Lim|Rimma V. Nehme;SIGMOD Conference;;;;conf/sigmod/2009;;http://doi.acm.org/10.1145/1559845.1559972;StreamShield;conf/sigmod/NehmeLBR09;2009-07-01;;;;1027-1030;;;;;;;db/conf/sigmod/sigmod2009.html#NehmeLBR09;2009
input_inproceedings.csv	1011144	Missing conference article title	1037272;Christian Platzer|Matthias Neugschwandtner|Paolo Milani Comparetti|Ulrich Bayer;DIMVA;;;;conf/dimva/2010;;http://dx.doi.org/10.1007/978-3-642-14215-4_3;d;conf/dimva/NeugschwandtnerPCB10;2011-01-06;;;;41-60;;;;;;;db/conf/dimva/dimva2010.html#NeugschwandtnerPCB10;2010
input_inproceedings.csv	1016868	Missing conference article title	1043103;Joong Hyuk Chang|Won Suk Lee;CIKM;;;;conf/cikm/2003;;http://doi.acm.org/10.1145/956863.956967;estWin;conf/cikm/ChangL03;2006-02-10;;;;536-539;;;;;;;db/conf/cikm/cikm2003.html#ChangL03;2003
input_inproceedings.csv	1018313	Missing conference article title	1044574;Jacques-H. Bellec|M. Tahar Kechadi;PIKM;;;;conf/cikm/2007pikm;;http://doi.acm.org/10.1145/1316874.1316884;Cufres;conf/cikm/BellecK07;2007-12-10;;;;55-62;;;;;;;db/conf/cikm/pikm2007.html#BellecK07;2007
input_inproceedings.csv	1018999	Missing conference article title	1045273;A. Aparicio|Eugenio Roanes-Lozano|Eugenio Roanes-Macías|Luis M. Laita|R. García;CASC;;;;conf/casc/2005;;http://dx.doi.org/10.1007/11555964_29;Meta-Petro;conf/casc/Roanes-LozanoGRAL05;2005-09-27;;;;344-354;;;;;;;db/conf/casc/casc2005.html#Roanes-LozanoGRAL05;2005
input_inproceedings.csv	1019107	Missing conference article title	1045383;Jesús Gago-Vargas|Jose Maria Ucha-Enríquez|Maria Isabel Hartillo-Hermoso;CASC;;;;conf/casc/2005;;http://dx.doi.org/10.1007/11555964_14;Nouvelle Cuisine;conf/casc/Gago-VargasHU05;2005-11-16;;;;162-173;;;s;;;;db/conf/casc/casc2005.html#Gago-VargasHU05;2005
input_inproceedings.csv	1020434	Missing conference article title	1046742;Abhinav Maurya|Bhaskaran Raman|Nagamanoj Vankadhara|Prashima Sharma|Ramakrishnan Kalyanaraman|Rijurekha Sen|Rupesh Mehta|Swaroop Roy;SenSys;;;;conf/sensys/2012;;http://doi.acm.org/10.1145/2426656.2426670;Kyun;conf/sensys/SenMRMKVRS12;2013-01-15;;;;127-140;;;;;;;db/conf/sensys/sensys2012.html#SenMRMKVRS12;2012
input_inproceedings.csv	1020732	Missing conference article title	1047046;John A. Stankovic|Lin Gu;SenSys;;;;conf/sensys/2006;;http://doi.acm.org/10.1145/1182807.1182809;t-kernel;conf/sensys/GuS06;2007-06-05;;;;1-14;;;;;;;db/conf/sensys/sensys2006.html#GuS06;2006
input_inproceedings.csv	1020755	Missing conference article title	1047069;Anmol Sheth|Chandramohan A. Thekkath|Chandresh Parekh|K. Toyama|Kalyan Tejaswi|Prakshep Mehta|Rajul Bansal|Shabbir N. Merchant|Trilok N. Singh|Uday B. Desai;SenSys;;;;conf/sensys/2005;;http://doi.acm.org/10.1145/1098918.1098954;SenSlide;conf/sensys/ShethTMPBMSDTT05;2012-01-27;;;;280-281;;;;;;;db/conf/sensys/sensys2005.html#ShethTMPBMSDTT05;2005
input_inproceedings.csv	1020908	Missing conference article title	1047223;Guido Hungerbuehler|Jan Beutel|Joel Fiddes|Matthias Keller|Oliver Knecht|Stefanie Gubler|Stephan Gruber|Suhel Sheikh;SenSys;;;;conf/sensys/2010;;http://doi.acm.org/10.1145/1869983.1870043;iAssist;conf/sensys/KellerHKSBGFG10;2011-01-03;;;;401-402;;;;;;;db/conf/sensys/sensys2010.html#KellerHKSBGFG10;2010
input_inproceedings.csv	1020975	Missing conference article title	1047292;Desheng Zhang|Fan Ye|Hui Lei|Raghu K. Ganti|Tian He|Yu Gu 0001|Yunhuai Liu;SenSys;;;;conf/sensys/2012;;http://doi.acm.org/10.1145/2426656.2426674;Acc;conf/sensys/ZhangHL0YGL12;2013-01-15;;;;169-182;;;;;;;db/conf/sensys/sensys2012.html#ZhangHL0YGL12;2012
input_inproceedings.csv	1021059	Missing conference article title	1047376;Hiroki Ishizuka|Kaoru Sezaki|Keiji Sugo|Niwat Thepvilojanapong|Ryo Fukuhara|Ryosuke Shibasaki|Shin'ichi Konomi|Shun Fukumoto|Tatsuhiro Nishimoto|Tatsuya Morita|Yoshito Tobe;SenSys;;;;conf/sensys/2010;;http://doi.acm.org/10.1145/1869983.1870031;Kitokito;conf/sensys/IshizukaFNFMSTKSST10;2011-01-03;;;;377-378;;;;;;;db/conf/sensys/sensys2010.html#IshizukaFNFMSTKSST10;2010
input_inproceedings.csv	1021581	Missing conference article title	1047913;Brian Knight|Fei Ling Woon|Mayur K. Patel|Miltos Petridis;ICCBR;;;;conf/iccbr/2005;;http://dx.doi.org/10.1007/11536406_48;CBE-Conveyor;conf/iccbr/WoonKPP05;2005-09-16;;;;640-651;;;;;;;db/conf/iccbr/iccbr2005.html#WoonKPP05;2005
input_inproceedings.csv	1027005	Missing conference article title	1053400;Alarico Campetelli|Alexander Gruler|Daniel Thoma|Martin Leucker;ATVA;;;;conf/atva/2009;;http://dx.doi.org/10.1007/978-3-642-04761-9_22;Don't Know;conf/atva/CampetelliGLT09;2009-10-15;;;;289-305;;;;;;;db/conf/atva/atva2009.html#CampetelliGLT09;2009
input_inproceedings.csv	1033312	Missing conference article title	1059834;Bernard J. Jansen|Geoff Cook|Kate Sobel;iConference;;;;conf/iconference/2011;;http://doi.acm.org/10.1145/1940761.1940779;Being networked|being engaged;conf/iconference/JansenSC11;2011-02-21;;;;130-136;;;;;;;db/conf/iconference/iconference2011.html#JansenSC11;2011
input_inproceedings.csv	1033346	Missing conference article title	1059868;Derek L. Hansen|Jes A. Koepfler;iConference;;;;conf/iconference/2012;;http://doi.acm.org/10.1145/2132176.2132261;We are visible;conf/iconference/KoepflerH12;2012-02-09;;;;492-493;;;;;;;db/conf/iconference/iconference2012.html#KoepflerH12;2012
input_inproceedings.csv	1035333	Missing conference article title	1061900;Emilie Marchandise|Jean-François Remacle|Jonathan Lambrechts|Tristan Carrier Baudouin;IMR;;;;conf/imr/2011;;http://dx.doi.org/10.1007/978-3-642-24734-7_26;L|p;conf/imr/BaudouinRML11;2014-04-05;;;;473-487;; ;;;;;db/conf/imr/imr2011.html#BaudouinRML11;2011
input_inproceedings.csv	1036554	Missing conference article title	1063158;Eiji Okubo|Kazuhisa Suzuki|Koichi Mouri;IWSEC;;;;conf/iwsec/2007;;http://dx.doi.org/10.1007/978-3-540-75651-4_16;Salvia;conf/iwsec/SuzukiMO07;2007-10-01;;;;230-245;;;;;;;db/conf/iwsec/iwsec2007.html#SuzukiMO07;2007
input_inproceedings.csv	1037592	Missing conference article title	1064220;Danny Dig|Ralph E. Johnson|Stas Negara|Vibhu Mohindra;ICSE Companion;;;;conf/icse/2008c;;http://doi.acm.org/10.1145/1370175.1370209;ReBA;conf/icse/DigNMJ08a;2010-05-27;;;;963-964;;;;;;;db/conf/icse/icsec2008.html#DigNMJ08a;2008
input_inproceedings.csv	1039946	Missing conference article title	1066623;Harold Ossher|Peri L. Tarr|Stanley M. Sutton Jr.|William H. Harrison;ICSE;;;;conf/icse/1999;;http://portal.acm.org/citation.cfm?id=302405.302457;N;conf/icse/TarrOHS99;2012-05-14;;;;107-119;;;;;;;db/conf/icse/icse99.html#TarrOHS99;1999
input_inproceedings.csv	1039955	Missing conference article title	1066632;Danny Dig|Ralph E. Johnson|Stas Negara|Vibhu Mohindra;ICSE;;;;conf/icse/2008;;http://doi.acm.org/10.1145/1368088.1368148;ReBA|a|b|re;conf/icse/DigNMJ08;2010-05-27;;;;441-450;;;;;;;db/conf/icse/icse2008.html#DigNMJ08;2008
input_inproceedings.csv	1040591	Missing conference article title	1067275;Giacomo Ghezzi;ICSE (2);;;;conf/icse/2010-2;;http://doi.acm.org/10.1145/1810295.1810398;SOFAS;conf/icse/Ghezzi10;2010-06-06;;;;381-384;;;;;;;db/conf/icse/icse2010-2.html#Ghezzi10;2010
input_inproceedings.csv	1056151	Missing conference article title	1082916;Atsuya Uno|Fumiyoshi Shoji|Mitsuo Yokokawa|Motoyoshi Kurokawa|Tadashi Watanabe;ISLPED;;;;conf/islped/2011;;http://portal.acm.org/citation.cfm?id=2016889&CFID=34981777&CFTOKEN=25607807;The K computer;conf/islped/YokokawaSUKW11;2012-08-13;;;;371-372;;;;;;;db/conf/islped/islped2011.html#YokokawaSUKW11;2011
input_inproceedings.csv	1056190	Missing conference article title	1082955;Curt Schurgers|Mani B. Srivastava|Saurabh Ganeriwal|Vijay Raghunathan;ISLPED;;;;conf/islped/2002;;http://doi.acm.org/10.1145/566408.566418;E;conf/islped/RaghunathanGSS02;2006-02-15;;;;30-35;;;2;;;;db/conf/islped/islped2002.html#RaghunathanGSS02;2002
input_inproceedings.csv	1061701	Missing conference article title	1088579;Alessandro Artale|Michael Zakharyaschev|Roman Kontchakov|Vladislav Ryzhikov;FroCoS;;;;conf/frocos/2009;;http://dx.doi.org/10.1007/978-3-642-04222-5_8;DL-Lite;conf/frocos/ArtaleKRZ09;2013-01-11;;;;133-148;;;;;;;db/conf/frocos/frocos2009.html#ArtaleKRZ09;2009
input_inproceedings.csv	1068972	Missing conference article title	1095953;Brian J. N. Wylie|Wolfgang Frings;XSEDE;;;;conf/xsede/2013;;http://doi.acm.org/10.1145/2484762.2484777;Scalasca;conf/xsede/WylieF13;2013-07-26;;;;37;;;;;;;db/conf/xsede/xsede2013.html#WylieF13;2013
input_inproceedings.csv	1070546	Missing conference article title	1097580;Jaewoo Ahn|Kyungha Min;ISVC (2);;;;conf/isvc/2006-2;;http://dx.doi.org/10.1007/11919629_9;VirtualQWERTY;conf/isvc/AhnM06;2006-11-21;;;;79-87;;;;;;;db/conf/isvc/isvc2006-2.html#AhnM06;2006
input_inproceedings.csv	1070855	Missing conference article title	1097892;Sidharth Thakur|Theresa-Marie Rhyne;ISVC (2);;;;conf/isvc/2009-2;;http://dx.doi.org/10.1007/978-3-642-10520-3_89;Data Vases: ;conf/isvc/ThakurR09;2009-12-07;;;;929-938;;;;;;;db/conf/isvc/isvc2009-2.html#ThakurR09;2009
input_inproceedings.csv	1070870	Missing conference article title	1097907;Amit P. Sawant|Christopher G. Healey|Ravi Raina;ISVC (2);;;;conf/isvc/2007-2;;http://dx.doi.org/10.1007/978-3-540-76856-2_70;ChipViz;conf/isvc/SawantRH07;2007-11-23;;;;711-720;;;;;;;db/conf/isvc/isvc2007-2.html#SawantRH07;2007
input_inproceedings.csv	1072714	Missing conference article title	1099774;Bin Fu|Liang Ding|Yunhui Fu|Zaixin Lu|Zhiyu Zhao;FAW;;;;conf/faw/2010;;http://dx.doi.org/10.1007/978-3-642-14553-7_24;O|n;conf/faw/DingFFLZ10;2010-08-17;;;;250-261;;;2;;;;db/conf/faw/faw2010.html#DingFFLZ10;2010
input_inproceedings.csv	1084399	Missing conference article title	1111687;Bo Qin|Changjie Wang|Qianhong Wu|Xiaofeng Chen 0001|Yumin Wang;ISPEC;;;;conf/ispec/2005;;http://dx.doi.org/10.1007/978-3-540-31979-5_35;n|t;conf/ispec/WuQWCW05;2012-11-12;;;;410-421;;;;;;;db/conf/ispec/ispec2005.html#WuQWCW05;2005
input_inproceedings.csv	1084680	Missing conference article title	1111978;Arvind Thiagarajan|Hari Balakrishnan|Lenin Ravindranath|Samuel Madden;HotMobile;;;;conf/wmcsa/2012;;http://doi.acm.org/10.1145/2162081.2162087;Code in the air;conf/wmcsa/RavindranathTBM12;2012-03-20;;;;4;;;;;;;db/conf/wmcsa/hotmobile2012.html#RavindranathTBM12;2012
input_inproceedings.csv	1087718	Missing conference article title	1115079;Anthony Vea|Christine A. Jeske|John R. Lakey|Kristin B. Urquhart|Pauling D. Fortin;CSEE;;;;conf/csee/1995;;http://dx.doi.org/10.1007/3-540-58951-1_120;Is this Training?;conf/csee/FortinJLUV95;2009-10-06;;;;409-417;;;;;;;db/conf/csee/csee1995.html#FortinJLUV95;1995
input_inproceedings.csv	1092289	Missing conference article title	1119715;Dejun Hou|Huan-Bo Luan|Tat-Seng Chua;MMM (2);;;;conf/mmm/2013-2;;http://dx.doi.org/10.1007/978-3-642-35728-2_55;NExT-Live;conf/mmm/LuanHC13;2013-02-01;;;;514-516;;;;;;;db/conf/mmm/mmm2013-2.html#LuanHC13;2013
input_inproceedings.csv	1092335	Missing conference article title	1119763;Jin-Shing Chen|King-Jen Chang|Meng-Chieh Yu|Ming-Sui Lee|Su-Chu Hsu|Yi-Ping Hung;MMM (1);;;;conf/mmm/2011-1;;http://dx.doi.org/10.1007/978-3-642-17832-0_51;Breath|i|m;conf/mmm/YuCCHLH11;2011-01-16;;;;548-558;;;;;;;db/conf/mmm/mmm2011-1.html#YuCCHLH11;2011
input_inproceedings.csv	1092935	Missing conference article title	1120374;Christian Beecks|Merih Seran Uysal|Thomas Seidl;MMM (1);;;;conf/mmm/2011-1;;http://dx.doi.org/10.1007/978-3-642-17832-0_36;L;conf/mmm/BeecksUS11;2011-01-16;;;;381-391;;;;;;;db/conf/mmm/mmm2011-1.html#BeecksUS11;2011
input_inproceedings.csv	1095288	Missing conference article title	1122783;D. Doreen Hephzibah Miriam|K. S. Easwarakumar;ICCCS;;;;conf/icccs/2011;;http://doi.acm.org/10.1145/1947940.1948028;HPGRID;conf/icccs/MiriamE11;2011-05-12;;;;427-432;;;;;;;db/conf/icccs/icccs2011.html#MiriamE11;2011
input_inproceedings.csv	1101666	Missing conference article title	1129276;Florin Manea|Radu Gramatovici;DCFS;;;;conf/dcfs/2011;;http://dx.doi.org/10.1007/978-3-642-22600-7_14;k;conf/dcfs/GramatoviciM11;2011-08-16;;;;172-183;;;;;;;db/conf/dcfs/dcfs2011.html#GramatoviciM11;2011
input_inproceedings.csv	1101975	Missing conference article title	1129597;Anton Nijholt|Dhaval Vyas|Dirk Heylen|Gerrit C. van der Veer;ECCE;;;;conf/ecce/2009;;http://portal.acm.org/citation.cfm?id=1690524&CFID=71818747&CFTOKEN=91476852;"""Show me, how does it look now""";conf/ecce/VyasVNH09;2011-12-06;;;;12;;;;;;;db/conf/ecce/ecce2009.html#VyasVNH09;2009
input_inproceedings.csv	1102380	Missing conference article title	1130014;Isaac Wallis|Joseph Adams|Sarah Hatton;PDC;;;;conf/pdc/2008;;http://doi.acm.org/10.1145/1795234.1795322;Supacollager;conf/pdc/HattonAW08;2010-07-06;;;;317-319;;;;;;;db/conf/pdc/pdc2008.html#HattonAW08;2008
input_inproceedings.csv	1102383	Missing conference article title	1130017;Jo-Anne Bichard|Yanki Lee;PDC;;;;conf/pdc/2008;;http://doi.acm.org/10.1145/1795234.1795253;'Teen-scape';conf/pdc/LeeB08;2010-07-06;;;;128-137;;;;;;;db/conf/pdc/pdc2008.html#LeeB08;2008
input_inproceedings.csv	1105323	Missing conference article title	1132992;Bipin Khanal|Hideyuki Sugiura|Katsuhide Fujita|Masao Kobayashi|Masashi Iwasaki|Takayuki Ito;PRIMA;;;;conf/prima/2009;;http://dx.doi.org/10.1007/978-3-642-11161-7_28;SmartContractor;conf/prima/KhanalSIIFK09;2009-12-18;;;;403-415;;;;;;;db/conf/prima/prima2009.html#KhanalSIIFK09;2009
input_inproceedings.csv	1105910	Missing conference article title	1133605;Hans Weigand|Patrício de Alencar Silva;IWEI;;;;conf/ifip5-8/2011;;http://dx.doi.org/10.1007/978-3-642-19680-5_10;On the Move to;conf/ifip5-8/SilvaW11;2011-08-26;;;;103-117;;;;;;;db/conf/ifip5-8/iwei2011.html#SilvaW11;2011
input_inproceedings.csv	1106330	Missing conference article title	1134041;Ewald von Puttkamer|Rainer Trieb|Thomas Knieriemen;IAS;;;;conf/ias/1989;;;3d7;conf/ias/KnieriemenPT89;2002-05-02;;;;434-440;;;;;;;db/conf/ias/ias1989.html#KnieriemenPT89;1989
input_inproceedings.csv	1107329	Missing conference article title	1135064;Lucas Chi Kwong Hui|Siu-Ming Yiu|Tat Wing Chim|Victor O. K. Li;ASIACCS;;;;conf/ccs/2011asia;;http://doi.acm.org/10.1145/1966913.1966982;MLAS;conf/ccs/ChimHYL11;2011-12-28;;;;471-475;;;;;;;db/conf/ccs/asiaccs2011.html#ChimHYL11;2011
input_inproceedings.csv	1107993	Missing conference article title	1135753;John Lambert|Prasad Naldurg|Sriram K. Rajamani|Stefan Schwoon;FMSE;;;;conf/ccs/2006fmse;;http://doi.acm.org/10.1145/1180337.1180343;NETRA;conf/ccs/NaldurgSRL06;2006-12-11;;;;55-66;;;;;;;db/conf/ccs/ccs2006fmse2006.html#NaldurgSRL06;2006
input_inproceedings.csv	1108036	Missing conference article title	1135799;Florian Kerschbaum|Sebastian Clauß|Stefan Schiffner;ASIACCS;;;;conf/ccs/2013asia;;http://doi.acm.org/10.1145/2484313.2484361;k;conf/ccs/ClaussSK13;2013-06-01;;;;359-368;;;;;;;db/conf/ccs/asiaccs2013.html#ClaussSK13;2013
input_inproceedings.csv	1113519	Missing conference article title	1141403;Alberto Messina|Marco Ferri|Maurizio Montagnuolo;Hypertext;;;;conf/ht/2009;;http://doi.acm.org/10.1145/1557914.1557931;HMNews;conf/ht/MontagnuoloFM09;2009-07-01;;;;83-88;;;;;;;db/conf/ht/ht2009.html#MontagnuoloFM09;2009
input_inproceedings.csv	1114287	Missing conference article title	1142192;Hye-Sun Hur|In-Sook Park|Jeong-Taek Ryu|Youn-Sik Hong;Hypertext;;;;conf/ht/2003;;http://doi.acm.org/10.1145/900051.900067;Pocket News;conf/ht/HongPRH03;2006-02-08;;;;79-80;;;;;;;db/conf/ht/ht2003.html#HongPRH03;2003
input_inproceedings.csv	1114703	Missing conference article title	1142630;Hyo-Jung Oh|Moon-Soo Chang|Myung-Gil Jang;IRAL;;;;conf/iral/2003;;http://doi.acm.org/10.1145/1118935.1118947;AnyQ;conf/iral/OhJC03;2007-01-25;;;;92-99;;;;;;;db/conf/iral/iral2003.html#OhJC03;2003
input_inproceedings.csv	1115311	Missing conference article title	1143247;Jianhong Shen;ACIVS;;;;conf/acivs/2005;;http://dx.doi.org/10.1007/11558484_63;Gamma;conf/acivs/Shen05;2005-10-26;;;;499-506;;;;;;;db/conf/acivs/acivs2005.html#Shen05;2005
input_inproceedings.csv	1122883	Missing conference article title	1150925;Eric P. Xing|Kyung-Ah Sohn;ISMB/ECCB (Supplement of Bioinformatics);;;;;;http://dx.doi.org/10.1093/bioinformatics/btm171;Spectrum;conf/ismb/SohnX07;2008-01-11;;;;479-489;;;;;;;db/conf/ismb/ismb2007.html#SohnX07;2007
input_inproceedings.csv	1122911	Missing conference article title	1150953;David Steinberg|Fabian Glaser|Guy Nimrod|Nir Ben-Tal|Tal Pupko;ISMB (Supplement of Bioinformatics);;;;conf/ismb/2005;;http://dx.doi.org/10.1093/bioinformatics/bti1023;In silico;conf/ismb/NimrodGSBP05;2005-09-12;;;;328-337;;;;;;;db/conf/ismb/ismb2005.html#NimrodGSBP05;2005
input_inproceedings.csv	1123287	Missing conference article title	1151340;Bernard F. Buxton|David T. Jones|Timothy M. D. Ebbels;ISMB (Supplement of Bioinformatics);;;;conf/ismb/2006;;http://dx.doi.org/10.1093/bioinformatics/btl205;springScape;conf/ismb/EbbelsBJ06;2006-08-28;;;;99-107;;;;;;;db/conf/ismb/ismb2006.html#EbbelsBJ06;2006
input_inproceedings.csv	1123458	Missing conference article title	1151514;Alkes L. Price|Neil C. Jones|Pavel A. Pevzner;ISMB (Supplement of Bioinformatics);;;;conf/ismb/2005;;http://dx.doi.org/10.1093/bioinformatics/bti1018;De novo;conf/ismb/PriceJP05;2005-09-12;;;;351-358;;;;;;;db/conf/ismb/ismb2005.html#PriceJP05;2005
input_inproceedings.csv	1125363	Missing conference article title	1153451;Dominique Schmitt|Wael El Oraiby;MFCS;;;;conf/mfcs/2006;;http://dx.doi.org/10.1007/11821069_30;k;conf/mfcs/OraibyS06;2006-11-22;;;;339-350;;;;;;;db/conf/mfcs/mfcs2006.html#OraibyS06;2006
input_inproceedings.csv	1126438	Missing conference article title	1154548;Rajesh K. Gupta|Roy Want|Trevor Pering|Yuvraj Agarwal;MobiSys;;;;conf/mobisys/2006;;http://doi.acm.org/10.1145/1134680.1134704;CoolSpots;conf/mobisys/PeringAGW06;2006-07-14;;;;220-232;;;;;;;db/conf/mobisys/mobisys2006.html#PeringAGW06;2006
input_inproceedings.csv	1131694	Missing conference article title	1159843;Bonnie A. Nardi|Ed Cutrell|Nimmi Rangaswamy|Nithya Sambasivan;UbiComp;;;;conf/huc/2009;;http://doi.acm.org/10.1145/1620545.1620570;Ubicomp4D;conf/huc/SambasivanRCN09;2009-10-01;;;;155-164;;;;;;;db/conf/huc/ubicomp2009.html#SambasivanRCN09;2009
input_inproceedings.csv	1131793	Missing conference article title	1159942;Genevieve Bell;Ubicomp;;;;conf/huc/2006;;http://dx.doi.org/10.1007/11853565_9;No More SMS from Jesus: ;conf/huc/Bell06;2006-10-27;;;;141-158;;;;;;;db/conf/huc/ubicomp2006.html#Bell06;2006
input_inproceedings.csv	1131820	Missing conference article title	1159969;Matthias Korn|Susanne Bødker;UbiComp;;;;conf/huc/2012;;http://doi.acm.org/10.1145/2370216.2370221;Looking ahead;conf/huc/KornB12;2013-05-10;;;;21-30;;;;;;;db/conf/huc/ubicomp2012.html#KornB12;2012
input_inproceedings.csv	1132606	Missing conference article title	1160769;Emily Minor|Jingmin Shi|Leilah Lyons|Moira Zellner|Tia Shelley;UbiComp (Adjunct Papers);;;;conf/huc/2010ap;;http://doi.acm.org/10.1145/1864431.1864472;Paper to parameters;conf/huc/ShelleyLSMZ10;2010-09-30;;;;431-432;;;;;;;db/conf/huc/ubicomp2010ap.html#ShelleyLSMZ10;2010
input_inproceedings.csv	1132687	Missing conference article title	1160853;Dongman Lee|In-Young Ko|Jorge Gaete-Villegas|Meeyoung Cha;UbiComp;;;;conf/huc/2012;;http://doi.acm.org/10.1145/2370216.2370433;TraMSNET;conf/huc/Gaete-VillegasCLK12;2013-05-10;;;;1004-1011;;;;;;;db/conf/huc/ubicomp2012.html#Gaete-VillegasCLK12;2012
input_inproceedings.csv	1138743	Missing conference article title	1167028;Charles Smith|Sophia Drossopoulou;ECOOP;;;;conf/ecoop/2005;;http://dx.doi.org/10.1007/11531142_20;Chai;conf/ecoop/SmithD05;2005-10-05;;;;453-478;;;;;;;db/conf/ecoop/ecoop2005.html#SmithD05;2005
input_inproceedings.csv	1138756	Missing conference article title	1167043;Elnar Hajiyev|Mathieu Verbaere|Oege de Moor;ECOOP;;;;conf/ecoop/2006;;http://dx.doi.org/10.1007/11785477_2;codeQuest: ;conf/ecoop/HajiyevVM06;2006-12-21;;;;2-27;;;;;;;db/conf/ecoop/ecoop2006.html#HajiyevVM06;2006
input_inproceedings.csv	1143548	Missing conference article title	1171950;Emo Welzl;WG;;;;conf/wg/2000;;http://dx.doi.org/10.1007/3-540-40064-8_2;n;conf/wg/Welzl00;2011-06-21;;;;11-12;;;;;;;db/conf/wg/wg2000.html#Welzl00;2000
input_inproceedings.csv	1143973	Missing conference article title	1172386;Alice Ravarelli|Giovanni Spagnoli|Marco Porta;ETRA;;;;conf/etra/2010;;http://doi.acm.org/10.1145/1743666.1743741;ceCursor;conf/etra/PortaRS10;2010-04-13;;;;331-337;;;;;;;db/conf/etra/etra2010.html#PortaRS10;2010
input_inproceedings.csv	1144017	Missing conference article title	1172430;Marco Porta|Matteo Turina;ETRA;;;;conf/etra/2008;;http://doi.acm.org/10.1145/1344471.1344477;Eye;conf/etra/PortaT08;2008-04-02;;;;27-34;;;;;;;db/conf/etra/etra2008.html#PortaT08;2008
input_inproceedings.csv	1144624	Missing conference article title	1173048;Miklós Telek|Zsolt Saffer;ASMTA;;;;conf/asmta/2011;;http://dx.doi.org/10.1007/978-3-642-21713-5_3;G|M;conf/asmta/SafferT11;2011-06-15;;;;28-42;;;;;;;db/conf/asmta/asmta2011.html#SafferT11;2011
input_inproceedings.csv	1145513	Missing conference article title	1173960;Alessandro Amoroso|Giovanni Pau|Gustavo Marfia|J.-H. Lim|Marco Roccetti|Mario Gerla;CogART;;;;conf/cogart/2011;;http://doi.acm.org/10.1145/2093256.2093285;Cognitive cars;conf/cogart/MarfiaRAGPL11;2012-01-15;;;;29;;;;;;;db/conf/cogart/cogart2011.html#MarfiaRAGPL11;2011
input_inproceedings.csv	1145583	Missing conference article title	1174032;Judith E. Y. Rossebø|Paul Sijben|Scott Cadzow;iTrust;;;;conf/itrust/2006;;http://dx.doi.org/10.1007/11755593_38;e|e;conf/itrust/RosseboCS06;2006-11-09;;;;467-471;;;;;;;db/conf/itrust/itrust2006.html#RosseboCS06;2006
input_inproceedings.csv	1156162	Missing conference article title	1184807;Osmar Norberto de Souza|Ricardo M. Czekster;ICCSA (1);;;;conf/iccsa/2006-1;;http://dx.doi.org/10.1007/11751540_22;SimVIZ;conf/iccsa/CzeksterS06;2006-05-16;;;;202-211;;;;;;;db/conf/iccsa/iccsa2006-1.html#CzeksterS06;2006
input_inproceedings.csv	1157288	Missing conference article title	1185948;Jangho Lee|Jee-In Kim;ICCSA (1);;;;conf/iccsa/2006-1;;http://dx.doi.org/10.1007/11751540_107;u-Table;conf/iccsa/LeeK06;2006-05-16;;;;983-992;;;;;;;db/conf/iccsa/iccsa2006-1.html#LeeK06;2006
input_inproceedings.csv	1158681	Missing conference article title	1187361;Ian Robinson|Tiancheng Li;ICCSA (2);;;;conf/iccsa/2010-2;;http://dx.doi.org/10.1007/978-3-642-12165-4_4;plrint5d;conf/iccsa/LiR10;2010-04-14;;;;44-59;;;;;;;db/conf/iccsa/iccsa2010-2.html#LiR10;2010
input_inproceedings.csv	1158759	Missing conference article title	1187439;Arindam Karmakar|Partha P. Goswami|Priya Ranjan Sinha Mahapatra|Sandip Das;ICCSA (3);;;;conf/iccsa/2011-3;;http://dx.doi.org/10.1007/978-3-642-21931-3_7;k;conf/iccsa/MahapatraKDG11;2011-06-20;;;;84-93;;;;;;;db/conf/iccsa/iccsa2011-3.html#MahapatraKDG11;2011
input_inproceedings.csv	1165648	Missing conference article title	1194478;Christoph P. Neumann|Richard Lenz;Business Process Management Workshops;;;;conf/bpm/2009w;;http://dx.doi.org/10.1007/978-3-642-12186-9_55;Flow|alpha;conf/bpm/NeumannL09a;2010-04-14;;;;569-580;;;;;;;db/conf/bpm/bpmw2009.html#NeumannL09a;2009
input_inproceedings.csv	1166729	Missing conference article title	1195585;Davide Grossi|Fernando R. Velázquez-Quesada;LORI;;;;conf/lori/2009;;http://dx.doi.org/10.1007/978-3-642-04893-7_12;Twelve Angry Men;conf/lori/GrossiV09;2009-10-02;;;;147-160;;;;;;;db/conf/lori/lori2009.html#GrossiV09;2009
input_inproceedings.csv	1167633	Missing conference article title	1196511;Martin Ester|Mohsen Jamali;KDD;;;;conf/kdd/2009;;http://doi.acm.org/10.1145/1557019.1557067;TrustWalker;conf/kdd/JamaliE09;2009-07-02;;;;397-406;;;;;;;db/conf/kdd/kdd2009.html#JamaliE09;2009
input_inproceedings.csv	1167866	Missing conference article title	1196749;Jianchao Han|Nick Cercone;KDD;;;;conf/kdd/2000;;http://doi.acm.org/10.1145/347090.347139;RuleViz;conf/kdd/HanC00;2012-12-12;;;;244-253;;;;;;;db/conf/kdd/kdd2000.html#HanC00;2000
input_inproceedings.csv	1167961	Missing conference article title	1196846;Eamonn J. Keogh|Jin Shieh;KDD;;;;conf/kdd/2008;;http://doi.acm.org/10.1145/1401890.1401966;i;conf/kdd/ShiehK08;2008-09-02;;;;623-631;;;;;;;db/conf/kdd/kdd2008.html#ShiehK08;2008
input_inproceedings.csv	1169523	Missing conference article title	1198446;Hongyan Liu|Hui Yang|Jun He|Wei Wei|Wenbo Li|Xiaoyong Du;KDD;;;;conf/kdd/2008;;http://doi.acm.org/10.1145/1401890.1402025;CRO;conf/kdd/LiuYLWHD08;2008-09-02;;;;1085-1088;;;;;;;db/conf/kdd/kdd2008.html#LiuYLWHD08;2008
input_inproceedings.csv	1170427	Missing conference article title	1199363;Cristian Bernareggi|Dragan Ahmetovic|Sergio Mascetti;Mobile HCI;;;;conf/mhci/2011;;http://doi.acm.org/10.1145/2037373.2037415;Zebralocalizer;conf/mhci/AhmetovicBM11;2011-11-19;;;;275-284;;;;;;;db/conf/mhci/mhci2011.html#AhmetovicBM11;2011
input_inproceedings.csv	1170614	Missing conference article title	1199553;Craig Chatfield|Jonna Häkkilä;Mobile HCI;;;;conf/mhci/2005;;http://doi.acm.org/10.1145/1085777.1085814;'It's like if you opened someone else's letter';conf/mhci/HakkilaC05;2006-09-28;;;;219-222;;;;;;;db/conf/mhci/mhci2005.html#HakkilaC05;2005
input_inproceedings.csv	1171190	Missing conference article title	1200138;Daniela Wurhofer|Elke Beck|Manfred Tscheligi|Marianna Obrist;Mobile HCI;;;;conf/mhci/2011;;http://doi.acm.org/10.1145/2037373.2037432;Experience characters;conf/mhci/ObristBWT11;2011-11-19;;;;385-394;;;;;;;db/conf/mhci/mhci2011.html#ObristBWT11;2011
input_inproceedings.csv	1175124	Missing conference article title	1204132;Fei Long|Shiyou Zheng|Shumin Fei|Zhumu Fu;ICONIP (3);;;;conf/iconip/2006-3;;http://dx.doi.org/10.1007/11893295_73;H;conf/iconip/LongFFZ06;2006-10-23;;;;664-673;;;Infinity;;;;db/conf/iconip/iconip2006-3.html#LongFFZ06;2006
input_inproceedings.csv	1175976	Missing conference article title	1204997;Yurie Hara;JSAI;;;;conf/jsai/2006;;http://dx.doi.org/10.1007/978-3-540-69902-6_19;Dake-wa;conf/jsai/Hara06;2007-05-21;;;;219-231;;;;;;;db/conf/jsai/jsai2006.html#Hara06;2006
input_inproceedings.csv	1181708	Missing conference article title	1210833;Dongmin Wang|Jian Jiao|Xinyuan Fan|Yan Chen 0005;Metainformatics;;;;conf/metainformatics/2002;;http://dx.doi.org/10.1007/3-540-44872-1_10;Smart Active Object;conf/metainformatics/ChenFJW02;2011-08-18;;;;90-99;;;;;;;db/conf/metainformatics/metainformatics2002.html#ChenFJW02;2002
input_inproceedings.csv	1189608	Missing conference article title	1218828;Daniel J. Quinlan|David L. Brown|William D. Henshaw;ISCOPE;;;;conf/iscope/1999;;http://dx.doi.org/10.1007/10704054_11;Overture;conf/iscope/BrownHQ99;2011-06-20;;;;96-107;;;;;;;db/conf/iscope/iscope1999.html#BrownHQ99;1999
input_inproceedings.csv	1189609	Missing conference article title	1218829;Serge Chaumette;ISCOPE;;;;conf/iscope/1998;;http://dx.doi.org/10.1007/3-540-49372-7_13;JEM-DOOS;conf/iscope/Chaumette98;2011-06-17;;;;135-142;;;;;;;db/conf/iscope/iscope1998.html#Chaumette98;1998
input_inproceedings.csv	1189624	Missing conference article title	1218844;Peter A. Buhr|Robert Denda;ISCOPE;;;;conf/iscope/1998;;http://dx.doi.org/10.1007/3-540-49372-7_16;µ;conf/iscope/BuhrD98;2011-06-17;;;;159-166;;;;;;;db/conf/iscope/iscope1998.html#BuhrD98;1998
input_inproceedings.csv	1194405	Missing conference article title	1223701;Fabio N. Akhras|Paul Brna;AIED;;;;conf/aied/2011;;http://dx.doi.org/10.1007/978-3-642-21869-9_132;First Workshop on ;conf/aied/AkhrasB11;2011-06-16;;;;632;;;;;;;db/conf/aied/aied2011.html#AkhrasB11;2011
input_inproceedings.csv	1194588	Missing conference article title	1223886;Paula J. Durlach;AIED;;;;conf/aied/2011;;http://dx.doi.org/10.1007/978-3-642-21869-9_134;International workshop on ;conf/aied/Durlach11;2011-06-16;;;;634;;;;;;;db/conf/aied/aied2011.html#Durlach11;2011
input_inproceedings.csv	1194614	Missing conference article title	1223912;Jesus Boticario|Olga C. Santos;AIED;;;;conf/aied/2011;;http://dx.doi.org/10.1007/978-3-642-21869-9_95; TORMES Methodology to Elicit Educational Oriented Recommendations ;conf/aied/SantosB11;2011-06-16;;;;541-543;;;;;;;db/conf/aied/aied2011.html#SantosB11;2011
input_inproceedings.csv	1194878	Missing conference article title	1224179;Aaron Spaulding|C. Adam Overholtzer|David Gunning|Jing Tien|John Pacheco|Peter Clark|Vinay K. Chaudhri;AIED;;;;conf/aied/2011;;http://dx.doi.org/10.1007/978-3-642-21869-9_128;Inquire;conf/aied/SpauldingOPTCGC11;2011-06-16;;;;627;;;;;;;db/conf/aied/aied2011.html#SpauldingOPTCGC11;2011
input_inproceedings.csv	1194917	Missing conference article title	1224219;Bert Bredeweg|Paulo Salles;AIED;;;;conf/aied/2011;;http://dx.doi.org/10.1007/978-3-642-21869-9_133;International Workshop on ;conf/aied/BredewegS11;2011-06-16;;;;633;;;;;;;db/conf/aied/aied2011.html#BredewegS11;2011
input_inproceedings.csv	1195362	Missing conference article title	1224678;Marta Franová;JELIA;;;;conf/jelia/1990;;http://dx.doi.org/10.1007/BFb0018443;Constructive Matching;conf/jelia/Franova90;2009-10-15;;;;212-226;;;;;;;db/conf/jelia/jelia90.html#Franova90;1990
input_inproceedings.csv	1195445	Missing conference article title	1224762;Szymon Klarman|Víctor Gutiérrez-Basulto;JELIA;;;;conf/jelia/2010;;http://dx.doi.org/10.1007/978-3-642-15675-5_19;ALC|ALC;conf/jelia/KlarmanG10;2010-09-21;;;;208-220;;;;;;;db/conf/jelia/jelia2010.html#KlarmanG10;2010
input_inproceedings.csv	1199067	Missing conference article title	1228423;Hongbo Li|Lei Huang|Lina Zhao|Quan Wang|Ying Chen;IWMM/GIAE;;;;conf/giae/2004;;http://dx.doi.org/10.1007/11499251_26;n;conf/giae/LiWZCH04;2005-07-18;;;;363-382;;;;;;;db/conf/giae/iwmm2004.html#LiWZCH04;2004
input_inproceedings.csv	1207710	Missing conference article title	1237260;Donghwan Lee|Kyungkyu Kim|Wonjun Lee;UIC;;;;conf/uic/2007;;http://dx.doi.org/10.1007/978-3-540-73549-6_3;-Algorithm|Q;conf/uic/LeeKL07;2007-08-23;;;;23-32;;;+;;;;db/conf/uic/uic2007.html#LeeKL07;2007
input_inproceedings.csv	1216587	Missing conference article title	1246226;Alexander Loß|Andreas Bohne-Lang|Claus-Wilhelm von der Lieth|Klaus Karl Lohmann|Martin Frank|Thomas Götz|Thomas Lütteke;German Conference on Bioinformatics;;;;conf/gcb/2004;;http://subs.emis.de/LNI/Proceedings/Proceedings53/article3400.html;glycosciences.de: ;conf/gcb/GotzBFLLLL04;2011-05-31;;;;115-120;;;;;;;db/conf/gcb/gcb2004.html#GotzBFLLLL04;2004
input_inproceedings.csv	1216878	Missing conference article title	1246521;Dirk Strothmann|Michael Beckstette|Robert Giegerich|Robert Homann|Stefan Kurtz;German Conference on Bioinformatics;;;;conf/gcb/2004;;http://subs.emis.de/LNI/Proceedings/Proceedings53/article3394.html;PoSSuMsearch;conf/gcb/BeckstetteSHGK04;2011-05-31;;;;53-64;;;;;;;db/conf/gcb/gcb2004.html#BeckstetteSHGK04;2004
input_inproceedings.csv	1220998	Missing conference article title	1250729;George A. Constantinides|Peter Y. K. Cheung|Wayne Luk;FPL;;;;conf/fpl/1999;;http://dx.doi.org/10.1007/978-3-540-48302-1_33;Synthia;conf/fpl/ConstantinidisCL99;2011-06-20;;;;323-332;;;;;;;db/conf/fpl/fpl1999.html#ConstantinidisCL99;1999
input_inproceedings.csv	1224751	Missing conference article title	1254531;Joana P. Gonçalves|Sara C. Madeira;IWPACBB;;;;conf/isami/2010iwpacbb;;http://dx.doi.org/10.1007/978-3-642-13214-8_24;e;conf/isami/GoncalvesM10;2011-01-19;;;;181-191;;;;;;;db/conf/isami/iwpacbb2010.html#GoncalvesM10;2010
input_inproceedings.csv	1224811	Missing conference article title	1254592;Armando Caballero|Humberto Quesada|María Jesús García-Pereira;IWPACBB;;;;conf/isami/2010iwpacbb;;http://dx.doi.org/10.1007/978-3-642-13214-8_18;In Silico;conf/isami/Garcia-PereiraCQ10;2011-01-19;;;;137-141;;;;;;;db/conf/isami/iwpacbb2010.html#Garcia-PereiraCQ10;2010
input_inproceedings.csv	1247891	Missing conference article title	1277842;Guy Schofield|Jayne Wallace|John Shearer|Patrick Olivier|Pierre Boulanger|Robyn Taylor;Smart Graphics;;;;conf/sg/2010;;http://dx.doi.org/10.1007/978-3-642-13544-6_28;Phantasmagoria|humanaquarium;conf/sg/TaylorSSBWO10;2010-06-29;;;;269-272;;;;;;;db/conf/sg/sg2010.html#TaylorSSBWO10;2010
input_inproceedings.csv	1247935	Missing conference article title	1277889;Andrew E. Johnson|Jason Leigh|Sangyoon Lee|Yiwen Sun;Smart Graphics;;;;conf/sg/2010;;http://dx.doi.org/10.1007/978-3-642-13544-6_18;Articulate;conf/sg/SunLJL10;2010-06-29;;;;184-195;;;;;;;db/conf/sg/sg2010.html#SunLJL10;2010
input_inproceedings.csv	1249689	Missing conference article title	1279703;Ana Cavalcanti|Jim Woodcock|Kun Wei;UTP;;;;conf/utp/2012;;http://dx.doi.org/10.1007/978-3-642-35705-3_3;Circus Time;conf/utp/WeiWC12;2013-01-30;;;;68-87;;;;;;;db/conf/utp/utp2012.html#WeiWC12;2012
input_inproceedings.csv	1265061	Missing conference article title	1295349;Thomas Hanneforth;FSMNLP;;;;conf/fsmnlp/2009;;http://dx.doi.org/10.1007/978-3-642-14684-8_3;fsm2;conf/fsmnlp/Hanneforth09;2010-08-18;;;;13-30;;;;;;;db/conf/fsmnlp/fsmnlp2009.html#Hanneforth09;2009
input_inproceedings.csv	1270441	Missing conference article title	1300880;Chuanan Wei|Dianxuan Gong;ICICA (1);;;;conf/icica/2010-1;;http://dx.doi.org/10.1007/978-3-642-16336-4_12;F|q;conf/icica/WeiG10;2011-06-29;;;;85-92;;1|2;;;;;db/conf/icica/icica2010-1.html#WeiG10;2010
input_inproceedings.csv	1274009	Missing conference article title	1304479;Achim G. Hoffmann|Ghassan Beydoun;EKAW;;;;conf/ekaw/2000;;http://dx.doi.org/10.1007/3-540-39967-4_30;Evaluating|Monitoring;conf/ekaw/BeydounH00;2011-06-21;;;;387-402;;;;;;;db/conf/ekaw/ekaw2000.html#BeydounH00;2000
input_inproceedings.csv	1274261	Missing conference article title	1304741;Brigitte Biebow|Jérôme Nobécourt;EKAW;;;;conf/ekaw/2000;;http://dx.doi.org/10.1007/3-540-39967-4_5;M d;conf/ekaw/NobecourtB00;2011-06-21;;;;57-64;;omega varsigma;;;;;db/conf/ekaw/ekaw2000.html#NobecourtB00;2000
input_inproceedings.csv	1274445	Missing conference article title	1304927;Paul Nutter|Robert C. Richardson|V. Ramchurn;CLAWAR;;;;conf/clawar/2005;;http://dx.doi.org/10.1007/3-540-26415-9_79;ORTHO-BOT;conf/clawar/RamchurnRN05;2011-10-21;;;;659-666;;;;;;;db/conf/clawar/clawar2005.html#RamchurnRN05;2005
input_inproceedings.csv	1276667	Missing conference article title	1307188;Adam Wojciechowski|Jerzy R. Nawrocki;RISE;;;;conf/rise/2005;;http://dx.doi.org/10.1007/11751113_20;Extreme89;conf/rise/NawrockiW05;2006-05-31;;;;278-287;;;;;;;db/conf/rise/rise2005.html#NawrockiW05;2005
input_inproceedings.csv	1277815	Missing conference article title	1308347;Alexandra Ioannidou|Jussi Paatero;ICNC;;;;conf/icnc/2011;;http://doi.ieeecomputersociety.org/10.1109/ICNC.2011.6022442;;conf/icnc/IoannidouP11;2011-09-20;;;;1881-1884;;;7;;;;db/conf/icnc/icnc2011.html#IoannidouP11;2011
input_inproceedings.csv	1278949	Missing conference article title	1309481;Liangjun Wang|Siqi Shi|Xuemei Xie;ICNC (2);;;;conf/icnc/2006-2;;http://dx.doi.org/10.1007/11881223_37;M;conf/icnc/XieWS06;2006-11-30;;;;305-314;;;;;;;db/conf/icnc/icnc2006-2.html#XieWS06;2006
input_inproceedings.csv	1280985	Missing conference article title	1311537;Giuseppe Serazzi|Marco Gribaudo|Pietro Piazzolla;SimuTools;;;;conf/simutools/2013;;http://dl.acm.org/citation.cfm?id=2512742;jBM;conf/simutools/PiazzollaGS13;2014-04-04;;;;57-62;;;;;;;db/conf/simutools/simutools2013.html#PiazzollaGS13;2013
input_inproceedings.csv	1281536	Missing conference article title	1312094;Asawaree Kalavade|Pratyush Moghé;ACM Multimedia;;;;conf/mm/1998;;http://doi.acm.org/10.1145/290747.290784;AsaP;conf/mm/KalavadeM98;2011-12-23;;;;291-296;;;;;;;db/conf/mm/mm98.html#KalavadeM98;1998
input_inproceedings.csv	1281572	Missing conference article title	1312130;Christos Faloutsos|David S. Doermann|Vikrant Kobla;ACM Multimedia;;;;conf/mm/1997;;http://doi.acm.org/10.1145/266180.266384;VideoTrails;conf/mm/KoblaDF97;2011-12-23;;;;335-346;;;;;;;db/conf/mm/mm97.html#KoblaDF97;1997
input_inproceedings.csv	1282789	Missing conference article title	1313360;Andruid Kerne|Eric Aley|Kyle Overby|Ross Graeber|Trina Cooper|Zachary O. Toups;ACM Multimedia;;;;conf/mm/2005;;http://doi.acm.org/10.1145/1101149.1101345;Censor chair;conf/mm/AleyCGKOT05;2006-02-08;;;;922-929;;;;;;;db/conf/mm/mm2005.html#AleyCGKOT05;2005
input_inproceedings.csv	1283041	Missing conference article title	1313613;Daniel Reininger|Georg Michelitsch|John Hearn|Maximilian Ott|Vivek Bansal;ACM Multimedia;;;;conf/mm/1995;;http://doi.acm.org/10.1145/217279.215296;Heidi II;conf/mm/OttMHRB95;2011-12-23;;;;369-370;;;;;;;db/conf/mm/mm95.html#OttMHRB95;1995
input_inproceedings.csv	1283055	Missing conference article title	1313627;Steven McCanne|Van Jacobson;ACM Multimedia;;;;conf/mm/1995;;http://doi.acm.org/10.1145/217279.215315;vic;conf/mm/McCanneJ95;2011-12-23;;;;511-522;;;;;;;db/conf/mm/mm95.html#McCanneJ95;1995
input_inproceedings.csv	1283100	Missing conference article title	1313672;Harald Kosch|László Böszörményi|Roland Tusch;ACM Multimedia;;;;conf/mm/2000;;http://doi.acm.org/10.1145/354384.378988;VIDEX;conf/mm/TuschKB00;2011-12-23;;;;448-451;;;;;;;db/conf/mm/mm2000.html#TuschKB00;2000
input_inproceedings.csv	1283196	Missing conference article title	1313770;David Birchfield;ACM Multimedia;;;;conf/mm/2005;;http://doi.acm.org/10.1145/1101149.1101381;Interactions;conf/mm/Birchfield05;2006-02-08;;;;1069-1070;;;;;;;db/conf/mm/mm2005.html#Birchfield05;2005
input_inproceedings.csv	1283228	Missing conference article title	1313802;Alexandra Psarrou|Anastassia Angelopoulou|Gaurav Gupta|José García Rodríguez;VNBA;;;;conf/mm/2008vnba;;http://doi.acm.org/10.1145/1461893.1461897;Active;conf/mm/AngelopoulouPRG08;2008-12-09;;;;17-22;;;;;;;db/conf/mm/vnba2008.html#AngelopoulouPRG08;2008
input_inproceedings.csv	1283412	Missing conference article title	1313988;Deepak Ganesan|Prashant J. Shenoy|Purushottam Kulkarni|Qifeng Lu;ACM Multimedia;;;;conf/mm/2005;;http://doi.acm.org/10.1145/1101149.1101191;SensEye;conf/mm/KulkarniGSL05;2006-02-08;;;;229-238;;;;;;;db/conf/mm/mm2005.html#KulkarniGSL05;2005
input_inproceedings.csv	1283452	Missing conference article title	1314028;HongJiang Zhang|Lei Zhang 0001|Mingjing Li|Yanfeng Sun;ACM Multimedia;;;;conf/mm/2002;;http://doi.acm.org/10.1145/641007.641022;MyPhotos;conf/mm/SunZZL02;2011-12-23;;;;81-82;;;;;;;db/conf/mm/mm2002.html#SunZZL02;2002
input_inproceedings.csv	1283476	Missing conference article title	1314052;David Dagan Feng|Genliang Guan|Xian-Sheng Hua|Zhiyong Wang;ACM Multimedia;;;;conf/mm/2011;;http://doi.acm.org/10.1145/2072298.2072451;StoryImaging;conf/mm/GuanWHF11;2011-12-07;;;;775-776;;;;;;;db/conf/mm/mm2011.html#GuanWHF11;2011
input_inproceedings.csv	1283493	Missing conference article title	1314071;Chuang Lin|Hao Yin|Quan Miao|Wen Hui|Zheng Li;ACM Multimedia;;;;conf/mm/2009;;http://doi.acm.org/10.1145/1631272.1631496;IVForensic;conf/mm/YinHMLL09;2009-10-28;;;;1015-1016;;;;;;;db/conf/mm/mm2009.html#YinHMLL09;2009
input_inproceedings.csv	1283556	Missing conference article title	1314136;Kien A. Hua|Simon Sheu|Ying Cai;ACM Multimedia;;;;conf/mm/1998;;http://doi.acm.org/10.1145/290747.290771;Patching;conf/mm/HuaCS98;2011-12-23;;;;191-200;;;;;;;db/conf/mm/mm98.html#HuaCS98;1998
input_inproceedings.csv	1283581	Missing conference article title	1314161;Risto Sarvas|Tommo Reti;ACM Multimedia;;;;conf/mm/2004;;http://doi.acm.org/10.1145/1027527.1027560;DiMaS;conf/mm/RetiS04;2006-02-08;;;;166-167;;;;;;;db/conf/mm/mm2004.html#RetiS04;2004
input_inproceedings.csv	1283660	Missing conference article title	1314242;Eenjun Hwang|Suckchul Kim|Yoonsik Tak|Yunyoung Nam;ACM Multimedia;;;;conf/mm/2005;;http://doi.acm.org/10.1145/1101149.1101183;m;conf/mm/KimTNH05;2006-02-08;;;;215-216;;;;;;;db/conf/mm/mm2005.html#KimTNH05;2005
input_inproceedings.csv	1283988	Missing conference article title	1314572;Dong Zhang|HongJiang Zhang|Mingjing Li|Peng Zhao|Yijin Wang;ACM Multimedia;;;;conf/mm/2002;;http://doi.acm.org/10.1145/641007.641092;MyVideos;conf/mm/WangZZLZ02;2011-12-23;;;;412-413;;;;;;;db/conf/mm/mm2002.html#WangZZLZ02;2002
input_inproceedings.csv	1284255	Missing conference article title	1314841;Mark D. Corner|Prashant J. Shenoy|Xiaotao Liu;ACM Multimedia;;;;conf/mm/2005;;http://doi.acm.org/10.1145/1101149.1101290;SEVA;conf/mm/LiuCS05;2006-10-27;;;;618-627;;;;;;;db/conf/mm/mm2005.html#LiuCS05;2005
input_inproceedings.csv	1293252	Missing conference article title	1323969;A. D. Young|D. K. Arvind|Martin J. Ling;EmNets;;;;conf/emnets/2007;;http://doi.acm.org/10.1145/1278972.1278986;Orient-2;conf/emnets/YoungLA07;2011-09-08;;;;53-57;;;;;;;db/conf/emnets/emnets2007.html#YoungLA07;2007
input_inproceedings.csv	1293262	Missing conference article title	1323980;H. Liu|John A. Stankovic|Leo Selavo;EmNets;;;;conf/emnets/2007;;http://doi.acm.org/10.1145/1278972.1278978;SeeDTV;conf/emnets/LiuSS07;2008-04-25;;;;23-27;;;;;;;db/conf/emnets/emnets2007.html#LiuSS07;2007
input_inproceedings.csv	1304206	Missing conference article title	1334974;John B. Hughes|Kenneth W. Moulding;ISCAS;;;;;;;S;conf/iscas/HughesM93;2002-04-29;;;;1235-1238;;;2;;;;db/conf/iscas/iscas1993-2.html#HughesM93;1993
input_inproceedings.csv	1312887	Missing conference article title	1343677;Shigeyoshi Tsutsui;PPSN;;;;conf/ppsn/2006;;http://dx.doi.org/10.1007/11844297_17;c;conf/ppsn/Tsutsui06;2006-10-27;;;;162-171;;;;;;;db/conf/ppsn/ppsn2006.html#Tsutsui06;2006
input_inproceedings.csv	1313004	Missing conference article title	1343799;Christian Jacob|Sebastian von Mammen|Timothy Davison;PPSN (2);;;;conf/ppsn/2010-2;;http://dx.doi.org/10.1007/978-3-642-15871-1_32;EvoShelf;conf/ppsn/DavisonMJ10;2010-09-23;;;;310-319;;;;;;;db/conf/ppsn/ppsn2010-2.html#DavisonMJ10;2010
input_inproceedings.csv	1313416	Missing conference article title	1344213;Jinsil Seo|Thecla Schiphorst;Tangible and Embedded Interaction;;;;conf/tei/2011;;http://doi.acm.org/10.1145/1935701.1935798;tendrils;conf/tei/SchiphorstS11;2011-02-14;;;;397-398;;;;;;;db/conf/tei/tei2011.html#SchiphorstS11;2011
input_inproceedings.csv	1313456	Missing conference article title	1344253;Julie Legault;Tangible and Embedded Interaction;;;;conf/tei/2012;;http://doi.acm.org/10.1145/2148131.2148205;SolarBurst;conf/tei/Legault12;2012-02-23;;;;327-328;;;;;;;db/conf/tei/tei2012.html#Legault12;2012
input_inproceedings.csv	1315828	Missing conference article title	1346657;Bechara al Bouna|Charbel Elia|Eliana J. Raad|Ramzi A. Haraty|Richard Chbeir;MEDES;;;;conf/medes/2013;;http://doi.acm.org/10.1145/2536146.2536161;de;conf/medes/BounaRECH13;2013-12-04;;;;68-75;;;;;;;db/conf/medes/medes2013.html#BounaRECH13;2013
input_inproceedings.csv	1315912	Missing conference article title	1346743;Carlo Batini|Matteo Palmonari;MEDES;;;;conf/medes/2009;;http://doi.acm.org/10.1145/1643823.1643846;Abstract ER;conf/medes/PalmonariB09;2009-11-14;;;;117-125;;;IA;;;;db/conf/medes/medes2009.html#PalmonariB09;2009
input_inproceedings.csv	1318024	Missing conference article title	1348904;Jacques Patarin|Louis Goubin|Nicolas Courtois;ASIACRYPT;;;;conf/asiacrypt/1998;;http://dx.doi.org/10.1007/3-540-49649-1_4;C;conf/asiacrypt/PatarinGC98;2011-06-17;;;;35-49;;-+;*;;;;db/conf/asiacrypt/asiacrypt98.html#PatarinGC98;1998
input_inproceedings.csv	1322594	Missing conference article title	1353579;Bo Li 0001|Hai Jin|Qin Zhang|Ran Zheng|Wenbing Ao;NPC;;;;conf/npc/2010;;http://dx.doi.org/10.1007/978-3-642-15672-4_26;memCUDA;conf/npc/JinLZZA10;2012-07-01;;;;299-313;;;;;;;db/conf/npc/npc2010.html#JinLZZA10;2010
input_inproceedings.csv	1326663	Missing conference article title	1357735;Connor Graham|James Balmford|Nicole Bishop|Peter Benda|Ron Borland|Steve Howard;OZCHI;;;;conf/ozchi/2006;;http://doi.acm.org/10.1145/1228175.1228214;"""heh - keeps me off the smokes...""";conf/ozchi/GrahamBHBBB06;2008-04-03;;;;221-228;;;;;;;db/conf/ozchi/ozchi2006.html#GrahamBHBBB06;2006
input_inproceedings.csv	1326714	Missing conference article title	1357786;Frank G. Feltham|Yeup Hur;OZCHI;;;;conf/ozchi/2009;;http://doi.acm.org/10.1145/1738826.1738913;Urban Kinesic;conf/ozchi/HurF09;2010-03-19;;;;417-420;;;;;;;db/conf/ozchi/ozchi2009.html#HurF09;2009
input_inproceedings.csv	1326733	Missing conference article title	1357805;Johanna Renny Octavia|Karin Coninx|Peter Feys;OZCHI;;;;conf/ozchi/2012;;http://doi.acm.org/10.1145/2414536.2414603;As I am not you;conf/ozchi/OctaviaCF12;2013-05-03;;;;424-432;;;;;;;db/conf/ozchi/ozchi2012.html#OctaviaCF12;2012
input_inproceedings.csv	1327039	Missing conference article title	1358116;Geehyuk Lee|Seongkook Heo;OZCHI;;;;conf/ozchi/2012;;http://doi.acm.org/10.1145/2414536.2414572;ForceDrag;conf/ozchi/HeoL12;2013-05-03;;;;204-207;;;;;;;db/conf/ozchi/ozchi2012.html#HeoL12;2012
input_inproceedings.csv	1327250	Missing conference article title	1358331;Haruyasu Ueda|Hiroyasu Sugano|Koji Otani|Shinichi Hiraiwa|Susumu Endo|Youji Kohda;VRML;;;;;;http://doi.acm.org/10.1145/253437.253455;SpaceFusion;conf/vrml/SuganoOUHEK97;2002-12-18;;;;51-;;;;;;;db/conf/vrml/vrml97.html#SuganoOUHEK97;1997
input_inproceedings.csv	1327421	Missing conference article title	1358507;Jun Rekimoto|Kouichi Matsuda|Rodger Lea|Yasuaki Honda;VRML;;;;;;http://doi.acm.org/10.1145/217306.217321;Virtual Society;conf/vrml/HondaMRL95;2002-12-18;;;;109-116;;;;;;;db/conf/vrml/vrml95.html#HondaMRL95;1995
input_inproceedings.csv	1327476	Missing conference article title	1358563;Enrico Gobbetti|Jean-Francis Balaguer;VRML;;;;;;http://doi.acm.org/10.1145/217306.217316;i3D;conf/vrml/BalaguerG95;2002-12-18;;;;69-76;;;;;;;db/conf/vrml/vrml95.html#BalaguerG95;1995
input_inproceedings.csv	1327652	Missing conference article title	1358747;Domenico Talia|Giuseppe Pirrò|Massimo Ruffolo;AP2PC;;;;conf/ap2pc/2006;;http://dx.doi.org/10.1007/978-3-540-79705-0_8;K-link;conf/ap2pc/PirroTR06;2011-06-16;;;;86-97;;;;;;;db/conf/ap2pc/ap2pc2006.html#PirroTR06;2006
input_inproceedings.csv	1339087	Missing conference article title	1370260;Chengxiang Si|Lu Xu|Xiaoxuan Meng;HPCS;;;;conf/hpcs/2009;;http://dx.doi.org/10.1007/978-3-642-12659-8_26;BW-DCache;conf/hpcs/SiMX09;2010-06-29;;;;349-365;;;;;;;db/conf/hpcs/hpcs2009.html#SiMX09;2009
input_inproceedings.csv	1340235	Missing conference article title	1371436;Roelof van Zwol;INEX;;;;conf/inex/2005;;http://dx.doi.org/10.1007/11766278_11;B;conf/inex/Zwol05;2006-07-05;;;;146-160;;;3;;;;db/conf/inex/inex2005.html#Zwol05;2005
input_inproceedings.csv	1341271	Missing conference article title	1372493;Clara Pizzuti|Simona E. Rombo;IDEAL;;;;conf/ideal/2007;;http://dx.doi.org/10.1007/978-3-540-77226-2_82;PINCoC;conf/ideal/PizzutiR07;2007-12-11;;;;821-830;;;;;;;db/conf/ideal/ideal2007.html#PizzutiR07;2007
input_inproceedings.csv	1341881	Missing conference article title	1373111;Pilsung Kang|Sungzoon Cho;IDEAL;;;;conf/ideal/2009;;http://dx.doi.org/10.1007/978-3-642-04394-9_14;K;conf/ideal/KangC09;2009-09-30;;;;109-117;;;;;;;db/conf/ideal/ideal2009.html#KangC09;2009
input_inproceedings.csv	1342063	Missing conference article title	1373296;Fahri Yetim;ICPW;;;;conf/icpw/2007;;http://doi.acm.org/10.1145/1324237.1324241;DISCOURSIUM;conf/icpw/Yetim07;2008-04-04;;;;29-40;;;;;;;db/conf/icpw/icpw2007.html#Yetim07;2007
input_inproceedings.csv	1342331	Missing conference article title	1373575;Andrzej Duda|Hoa-Binh Nguyen;IWAN;;;;conf/iwan/2004;;http://dx.doi.org/10.1007/978-3-540-71500-9_1;GateScript;conf/iwan/NguyenD04;2008-02-12;;;;1-20;;;;;;;db/conf/iwan/iwan2004.html#NguyenD04;2004
input_inproceedings.csv	1345831	Missing conference article title	1377143;David Hsu|Leonidas J. Guibas|Li Zhang 0001;Symposium on Computational Geometry;;;;;;http://doi.acm.org/10.1145/304893.304979;H-Walk;conf/compgeom/GuibasHZ99;2011-06-09;;;;265-273;;;;;;;db/conf/compgeom/compgeom99.html#GuibasHZ99;1999
input_inproceedings.csv	1345911	Missing conference article title	1377223;J. Michael Steele|Timothy Law Snyder;Symposium on Computational Geometry;;;;;;http://doi.acm.org/10.1145/142675.142745;A Priori;conf/compgeom/SnyderS92;2002-12-13;;;;344-349;;;;;;;db/conf/compgeom/compgeom92.html#SnyderS92;1992
input_inproceedings.csv	1346410	Missing conference article title	1377727;Mahmoud Melkemi;Symposium on Computational Geometry;;;;;;http://doi.acm.org/10.1145/262839.263005;A;conf/compgeom/Melkemi97;2002-12-13;;;;367-369;;;;;;;db/conf/compgeom/compgeom97.html#Melkemi97;1997
input_inproceedings.csv	1346529	Missing conference article title	1377847;Dominique Attali;Symposium on Computational Geometry;;;;;;http://doi.acm.org/10.1145/262839.262980;r;conf/compgeom/Attali97;2002-12-13;;;;248-253;;;;;;;db/conf/compgeom/compgeom97.html#Attali97;1997
input_inproceedings.csv	1346597	Missing conference article title	1377916;Robert R. Lewis;Symposium on Computational Geometry;;;;;;http://doi.acm.org/10.1145/220279.220328;VideHoc;conf/compgeom/Lewis95;2002-12-13;;;;C14-C15;;;;;;;db/conf/compgeom/compgeom95.html#Lewis95;1995
input_inproceedings.csv	1346747	Missing conference article title	1378067;Chee-Keng Yap|David G. Kirkpatrick|Tetsuo Asano;Symposium on Computational Geometry;;;;;;http://doi.acm.org/10.1145/237218.237394;d;conf/compgeom/AsanoKY96;2002-12-13;;;;252-263;;1;;;;;db/conf/compgeom/compgeom96.html#AsanoKY96;1996
input_inproceedings.csv	1348601	Missing conference article title	1379947;Ali A. Safaei|Fatemeh Abdi|Mostafa S. Haghjoo;DICTAP (2);;;;conf/dictap/2011-2;;http://dx.doi.org/10.1007/978-3-642-22027-2_16;PFGN;conf/dictap/SafaeiHA11;2011-06-29;;;;180-192;;;;;;;db/conf/dictap/dictap2011-2.html#SafaeiHA11;2011
input_inproceedings.csv	1352513	Missing conference article title	1383929;John G. Breslin|Owen Sacco;I-SEMANTICS;;;;conf/i-semantics/2012;;http://doi.acm.org/10.1145/2362499.2362511;PPO & PPM 2.0;conf/i-semantics/SaccoB12;2012-09-07;;;;80-87;;;;;;;db/conf/i-semantics/i-semantics2012.html#SaccoB12;2012
input_inproceedings.csv	1357405	Missing conference article title	1388865;David Lo|Ee-Peng Lim|Ming Gao;WebSci;;;;conf/websci/2013;;http://doi.acm.org/10.1145/2464464.2464486;R;conf/websci/GaoLL13;2013-07-18;;;;89-98;;;;;;;db/conf/websci/websci2013.html#GaoLL13;2013
input_inproceedings.csv	1360093	Missing conference article title	1391634;Dahlia Malkhi|Florian Oprea|Lidong Zhou;DISC;;;;conf/wdag/2005;;http://dx.doi.org/10.1007/11561927_16;Omega;conf/wdag/MalkhiOZ05;2006-11-14;;;;199-213;;;;;;;db/conf/wdag/disc2005.html#MalkhiOZ05;2005
input_inproceedings.csv	1360349	Missing conference article title	1391899;Antoni Lluís Mesquida|Antònia Mas Picahaco|Esperança Amengual Alcover;EuroSPI;;;;conf/eurospi/2010;;http://dx.doi.org/10.1007/978-3-642-15666-3_4;Team;conf/eurospi/AlcoverPM10;2011-09-26;;;;37-47;;;;;;;db/conf/eurospi/eurospi2010.html#AlcoverPM10;2010
input_inproceedings.csv	1361005	Missing conference article title	1392567;James McCann|Michael S. McCorquodale|Richard B. Brown;ASP-DAC;;;;conf/aspdac/2006;;http://doi.acm.org/10.1145/1118299.1118371;Newton;conf/aspdac/McCorquodaleMB06;2013-05-29;;;;279-284;;;;;;;db/conf/aspdac/aspdac2006.html#McCorquodaleMB06;2006
input_inproceedings.csv	1364066	Missing conference article title	1395653;Ezequiel A. Di Paolo|Marieke Rohde;ECAL;;;;conf/ecal/2005;;http://dx.doi.org/10.1007/11553090_27;t;conf/ecal/RohdeP05;2005-10-26;;;;262-271;;;;;;;db/conf/ecal/ecal2005.html#RohdeP05;2005
input_inproceedings.csv	1365454	Missing conference article title	1397097;Bart Preneel|Feng Bao|Robert H. Deng|Zhiguo Wan;ICICS;;;;conf/icics/2007;;http://dx.doi.org/10.1007/978-3-540-77048-0_3;n;conf/icics/WanDBP07;2007-11-19;;;;31-43;;; + ;;;;db/conf/icics/icics2007.html#WanDBP07;2007
input_inproceedings.csv	1369889	Missing conference article title	1401571;Jürgen Quittek|Lars Eggert|Marcus Brunner|Stefan Schmid;WAC;;;;conf/wac/2004;;http://dx.doi.org/10.1007/11520184_8;TurfNet: ;conf/wac/SchmidEBQ04;2005-08-04;;;;94-114;;;;;;;db/conf/wac/wac2004.html#SchmidEBQ04;2004
input_inproceedings.csv	1370556	Missing conference article title	1402260;Chris H. Q. Ding|Ding Zhou|Hongyuan Zha|Xiaofeng He;ICML;;;;conf/icml/2006;;http://doi.acm.org/10.1145/1143844.1143880;L|R;conf/icml/DingZHZ06;2007-02-02;;;;281-288;;1|1;;;;;db/conf/icml/icml2006.html#DingZHZ06;2006
input_inproceedings.csv	1370643	Missing conference article title	1402347;Akiko Takeda|Masashi Sugiyama;ICML;;;;conf/icml/2008;;http://doi.acm.org/10.1145/1390156.1390289;nu;conf/icml/TakedaS08;2008-08-14;;;;1056-1063;;;;;;;db/conf/icml/icml2008.html#TakedaS08;2008
input_inproceedings.csv	1371851	Missing conference article title	1403566;Eric P. Xing|Suyash Shringarpure;ICML;;;;conf/icml/2008;;http://doi.acm.org/10.1145/1390156.1390276;mStruct;conf/icml/ShringarpureX08;2008-08-14;;;;952-959;;;;;;;db/conf/icml/icml2008.html#ShringarpureX08;2008
input_inproceedings.csv	1371886	Missing conference article title	1403601;Chris H. Q. Ding|Xiaofeng He;ICML;;;;conf/icml/2004;;http://doi.acm.org/10.1145/1015330.1015408;K;conf/icml/DingH04a;2006-02-13;;;;;;;;;;;db/conf/icml/icml2004.html#DingH04a;2004
input_inproceedings.csv	1373507	Missing conference article title	1405240;Amato Etienne-Armand|Claire Sistach|Lucile Haute;VRIC;;;;conf/vric/2012;;http://doi.acm.org/10.1145/2331714.2331739;Inter Screen;conf/vric/Etienne-ArmandCL12;2013-08-16;;;;22;;;;;;;db/conf/vric/vric2012.html#Etienne-ArmandCL12;2012
input_inproceedings.csv	1373956	Missing conference article title	1405701;Prabhat Kiran|S. V. Rao;ICDCIT;;;;conf/icdcit/2011;;http://dx.doi.org/10.1007/978-3-642-19056-8_14;k|th;conf/icdcit/KiranR11;2011-02-15;;;;197-208;;;;;;;db/conf/icdcit/icdcit2011.html#KiranR11;2011
input_inproceedings.csv	1374170	Missing conference article title	1405918;Jerry L. Prince|Khaled Z. Abd-Elmoniem|Matthias Stuber|Nael F. Osman;IPMI;;;;conf/ipmi/2005;;http://dx.doi.org/10.1007/11505730_53;Z;conf/ipmi/Abd-ElmoniemSOP05;2005-07-18;;;;639-651;;;;;;;db/conf/ipmi/ipmi2005.html#Abd-ElmoniemSOP05;2005
input_inproceedings.csv	1378535	Missing conference article title	1410330;Katsunori Miyahara|Naoto Nakamura|Yoshihiro Okada;Advances in Computer Entertainment Technology;;;;conf/ACMace/2009;;http://doi.acm.org/10.1145/1690388.1690390;RoCoS;conf/ACMace/MiyaharaNO09;2010-01-15;;;;3-10;;;;;;;db/conf/ACMace/ace2009.html#MiyaharaNO09;2009
input_inproceedings.csv	1379832	Missing conference article title	1411642;Bolin Ding|Jeffrey Xu Yu|Lu Qin;DASFAA;;;;conf/dasfaa/2007;;http://dx.doi.org/10.1007/978-3-540-71703-4_70;TwigList;conf/dasfaa/QinYD07;2007-08-09;;;;850-862;;;;;;;db/conf/dasfaa/dasfaa2007.html#QinYD07;2007
input_inproceedings.csv	1379895	Missing conference article title	1411705;Irena Mlýnková|Jakub Stárka|Jan Sochna|Jirí Schejbal|Martin Svoboda;DASFAA Workshops;;;;conf/dasfaa/2010w;;http://dx.doi.org/10.1007/978-3-642-14589-6_23;Analyzer;conf/dasfaa/SvobodaSSSM10;2010-08-19;;;;227-238;;;;;;;db/conf/dasfaa/dasfaa2010w.html#SvobodaSSSM10;2010
input_inproceedings.csv	1380003	Missing conference article title	1411813;Elke A. Rundensteiner|Rimma V. Nehme;DASFAA;;;;conf/dasfaa/2007;;http://dx.doi.org/10.1007/978-3-540-71703-4_54;ClusterSheddy;conf/dasfaa/NehmeR07;2007-08-09;;;;637-651;;;;;;;db/conf/dasfaa/dasfaa2007.html#NehmeR07;2007
input_inproceedings.csv	1380612	Missing conference article title	1412440;Jianliang Xu|Mao Ye|Wang-Chien Lee|Xingjie Liu|Yuan Tian;DASFAA (1);;;;conf/dasfaa/2010-1;;http://dx.doi.org/10.1007/978-3-642-12026-8_34;k;conf/dasfaa/LiuYXTL10;2010-04-13;;;;444-459;;;;;;;db/conf/dasfaa/dasfaa2010-1.html#LiuYXTL10;2010
input_inproceedings.csv	1380627	Missing conference article title	1412455;Aggeliki Dimitriou|Cem Aksoy|Dimitri Theodoratos|Xiaoying Wu;DASFAA (1);;;;conf/dasfaa/2013-1;;http://dx.doi.org/10.1007/978-3-642-37487-6_24;XReason;conf/dasfaa/AksoyDTW13;2013-05-07;;;;299-314;;;;;;;db/conf/dasfaa/dasfaa2013-1.html#AksoyDTW13;2013
input_inproceedings.csv	1380638	Missing conference article title	1412466;Chuanwen Li|Fangfang Li|Ge Yu|Yu Gu 0002;DASFAA (2);;;;conf/dasfaa/2011-2;;http://dx.doi.org/10.1007/978-3-642-20152-3_11;w;conf/dasfaa/LiGYL11;2011-10-28;;;;134-148;;;;;;;db/conf/dasfaa/dasfaa2011-2.html#LiGYL11;2011
input_inproceedings.csv	1380857	Missing conference article title	1412691;Marwan Hassani|Thomas Seidl|Yunsu Kim;DASFAA (2);;;;conf/dasfaa/2013-2;;http://dx.doi.org/10.1007/978-3-642-37450-0_33;Subspace MOA: ;conf/dasfaa/HassaniKS13;2013-05-07;;;;446-449;;;;;;;db/conf/dasfaa/dasfaa2013-2.html#HassaniKS13;2013
input_inproceedings.csv	1380875	Missing conference article title	1412709;Hao Wang|Ling Feng|Shoubin Kong|Yiping Li|Zhuonan Feng;DASFAA (2);;;;conf/dasfaa/2013-2;;http://dx.doi.org/10.1007/978-3-642-37450-0_35;ReTweet|p;conf/dasfaa/LiFWKF13;2013-05-07;;;;454-457;;; ;;;;db/conf/dasfaa/dasfaa2013-2.html#LiFWKF13;2013
input_inproceedings.csv	1381749	Missing conference article title	1413617;Robert W. Peck;MCM;;;;conf/mcm2/2011;;http://dx.doi.org/10.1007/978-3-642-21590-2_15;N|th;conf/mcm2/Peck11;2011-07-05;;;;196-206;;;;;;;db/conf/mcm2/mcm2011.html#Peck11;2011
input_inproceedings.csv	1383919	Missing conference article title	1415834;Tarek S. Abdelrahman|Tianyi David Han;GPGPU;;;;conf/asplos/2009gpgpu;;http://doi.acm.org/10.1145/1513895.1513902;hi;conf/asplos/HanA09;2009-03-24;;;;52-61;;;;;;;db/conf/asplos/gpgpu2009.html#HanA09;2009
input_inproceedings.csv	1384240	Missing conference article title	1416162;Emanuele Panizzi|Laura Magrini|Matteo Nati;AVI;;;;conf/avi/2012;;http://doi.acm.org/10.1145/2254556.2254709;RMob;conf/avi/MagriniNP12;2012-06-09;;;;776-777;;;;;;;db/conf/avi/avi2012.html#MagriniNP12;2012
input_inproceedings.csv	1384756	Missing conference article title	1416685;Emanuele Panizzi|Fabrizio Borgia|Lorenzo Pietrangeli|Maria De Marsico;AVI;;;;conf/avi/2012;;http://doi.acm.org/10.1145/2254556.2254604;ARMob|RMob;conf/avi/BorgiaMPP12;2012-06-09;;;;258-261;;;;;;;db/conf/avi/avi2012.html#BorgiaMPP12;2012
input_inproceedings.csv	1392953	Missing conference article title	1424942;Haojie Li|Jinhui Tang|Lei Yi|Liang Xiao|Xiaohui Wang;ICIMCS;;;;conf/icimcs/2011;;http://doi.acm.org/10.1145/2043674.2043676;iSearch;conf/icimcs/LiWTYX11;2011-11-20;;;;5-8;;;;;;;db/conf/icimcs/icimcs2011.html#LiWTYX11;2011
input_inproceedings.csv	1393379	Missing conference article title	1425374;Colleen Morgan|Debra Polson|Sherwin Huang;Mobility Conference;;;;conf/mobility/2007;;http://doi.acm.org/10.1145/1378063.1378165;Cipher cities;conf/mobility/PolsonHM07;2009-02-24;;;;614-618;;;;;;;db/conf/mobility/mobility2007.html#PolsonHM07;2007
input_inproceedings.csv	1395006	Missing conference article title	1427037;Jared Hoberock|John C. Hart|Samuel Hornus|Sylvain Lefebvre;SI3D;;;;conf/si3d/2005;;http://doi.acm.org/10.1145/1053427.1053459;Z-pass|ZP;conf/si3d/HornusHLH05;2007-07-05;;;;195-202;;;;;;;db/conf/si3d/si3d2005.html#HornusHLH05;2005
input_inproceedings.csv	1395029	Missing conference article title	1427061;Andreas Vasilakis|Ioannis Fudos;I3D;;;;conf/si3d/2014;;http://doi.acm.org/10.1145/2556700.2556702;k;conf/si3d/VasilakisF14;2014-03-27;;;;143-150;;;+;;;;db/conf/si3d/si3d2014.html#VasilakisF14;2014
input_inproceedings.csv	1395937	Missing conference article title	1427995;Ido Iurgel;Edutainment;;;;conf/edutainment/2006;;http://dx.doi.org/10.1007/11736639_69;Cyranus;conf/edutainment/Iurgel06;2006-03-30;;;;577-580;;;;;;;db/conf/edutainment/edutainment2006.html#Iurgel06;2006
input_inproceedings.csv	1397722	Missing conference article title	1429827;Bernard Levrat|Françoise Gayral|Tassadit Amghar;ICCS;;;;conf/iccs/1995;;http://dx.doi.org/10.1007/3-540-60161-9_34;Table 10 left without paying the bill !;conf/iccs/AmgharGL95;2009-09-25;;;;129-143;;;;;;;db/conf/iccs/iccs95.html#AmgharGL95;1995
input_inproceedings.csv	1403353	Missing conference article title	1435534;HongGeun Kim|Hyeyoung Chang|Seongje Cho|WoongChul Choi;CIS (2);;;;conf/cis/2005-2;;http://dx.doi.org/10.1007/11596981_38;SoIDPS;conf/cis/ChoCKC05;2009-07-06;;;;260-266;;;;;;;db/conf/cis/cis2005-2.html#ChoCKC05;2005
input_inproceedings.csv	1403934	Missing conference article title	1436116;Takashi Matsuhisa;CIS;;;;conf/cis/2004;;http://dx.doi.org/10.1007/978-3-540-30497-5_171;p;conf/cis/Matsuhisa04;2013-11-22;;;;1114-1120;;;;;;;db/conf/cis/cis2004.html#Matsuhisa04;2004
input_inproceedings.csv	1407585	Missing conference article title	1439831;Chang-qi Xiong|Shi-Zhong Bai;ACFIE;;;;conf/acfie/2008;;http://dx.doi.org/10.1007/978-3-540-88914-4_42;L|ρ;conf/acfie/XiongB08;2011-09-28;;;;339-344;;;;;;;db/conf/acfie/acfie2008.html#XiongB08;2008
input_inproceedings.csv	1407638	Missing conference article title	1439886;Shi-Zhong Bai;ACFIE;;;;conf/acfie/2008;;http://dx.doi.org/10.1007/978-3-540-88914-4_44;L|PS;conf/acfie/Bai08a;2011-09-28;;;;350-357;;;;;;;db/conf/acfie/acfie2008.html#Bai08a;2008
input_inproceedings.csv	1407694	Missing conference article title	1439942;Guo-Rong Cai|Shui-Li Chen|Yun-Dong Wu;ACFIE;;;;conf/acfie/2008;;http://dx.doi.org/10.1007/978-3-540-88914-4_39;Lω|ωδ;conf/acfie/ChenWC08;2011-09-29;;;;315-323;;;;;;;db/conf/acfie/acfie2008.html#ChenWC08;2008
input_inproceedings.csv	1407696	Missing conference article title	1439944;Bo Chen;ACFIE;;;;conf/acfie/2008;;http://dx.doi.org/10.1007/978-3-540-88914-4_25;Lω|ωθ;conf/acfie/Chen08;2011-09-28;;;;193-200;;;;;;;db/conf/acfie/acfie2008.html#Chen08;2008
input_article.csv	2	Invalid or missing year:	1442388;;;;;;;;;;;dblpnote/withdrawn;2013-02-10;;;;;;informal publication;;;;;(paper withdrawn);;;;;
input_article.csv	3	Invalid or missing year:	1442389;;;;;;;;;;;dblpnote/retracted;2013-02-12;;;;;;informal publication;;;;;(paper retracted);;;;;
input_article.csv	4	Invalid or missing year:	1442390;;;;;;;;;;;dblpnote/duplicate;2013-02-13;;;;;;informal publication;;;;;(duplicate entry was deleted);;;;;
input_article.csv	5	Invalid or missing year:	1442391;;;;;;;;;;;dblpnote/neverpublished;2013-02-12;;;;;;informal publication;;;;;(was never published);;;;;
input_article.csv	6	Invalid or missing year:	1442392;;;;;;;;;;;dblpnote/ellipsis;2013-02-12;;;;;;informal publication;;;;;…;;;;;
input_article.csv	1651	Missing journal article title	2857174;Dakshanamurthy Sivanesan|Jason Doherty|Nagarajan Pattabiraman|Rajendram V. Rajnarayanan;;;;;;;http://dx.doi.org/10.1007/s10822-005-4788-9;In-silico;Journal of Computer-Aided Molecular Design;journals/jcamd/SivanesanRDP05;2014-02-16;;;4;213-228;;;;;;;;;;db/journals/jcamd/jcamd19.html#SivanesanRDP05;19;2005
input_article.csv	2784	Missing journal article title	2858307;F. Garcia|J.-E. Bergez|Olivier Crespo;;;;;;;http://dx.doi.org/10.1007/s12351-009-0040-z;P;Operational Research;journals/or/CrespoBG11;2011-04-26;;;1;19-39;;;;;;;;;;db/journals/or/or11.html#CrespoBG11;11;2011
input_article.csv	12206	Missing journal article title	2867732;Alfred Nordmann;;;;;;;http://dx.doi.org/10.1162/artl_r_00035;The Ethics of Protocells: Moral and Social Implications of Creating Life in the Laboratory.;Artificial Life;journals/alife/Nordmann11;2011-08-01;;;3;253-255;;;;;;;;;;db/journals/alife/alife17.html#Nordmann11;17;2011
input_article.csv	12221	Missing journal article title	2867747;Cecilio Angulo|Ricardo A. Téllez;;;;;;;http://dx.doi.org/10.1162/artl.2007.13.3.313;Webots Simulator 5.1.7;Artificial Life;journals/alife/TellezA07;2008-10-27;;;3;313-318;;;;;;;;;;db/journals/alife/alife13.html#TellezA07;13;2007
input_article.csv	12225	Missing journal article title	2867751;Ferenc Jordán;;;;;;;http://dx.doi.org/10.1162/artl_r_00018;Handbook of Biological Networks. Lecture Notes in Complex Systems - Vol. 10.;Artificial Life;journals/alife/Jordan11;2011-02-27;;;1;69-71;;;;;;;;;;db/journals/alife/alife17.html#Jordan11;17;2011
input_article.csv	12273	Missing journal article title	2867799;Reiji Suzuki;;;;;;;http://dx.doi.org/10.1162/artl.2009.15.2.15205;Evolution and Learning: The Baldwin Effect Reconsidered;Artificial Life;journals/alife/Suzuki09;2010-07-05;;;2;247-250;;;;;;;;;;db/journals/alife/alife15.html#Suzuki09;15;2009
input_article.csv	12274	Missing journal article title	2867800;David C. Krakauer;;;;;;;http://dx.doi.org/10.1162/artl.2007.13.4.415;Information and its Role in Nature;Artificial Life;journals/alife/Krakauer07;2008-10-27;;;4;415-417;;;;;;;;;;db/journals/alife/alife13.html#Krakauer07;13;2007
input_article.csv	12278	Missing journal article title	2867804;Carlos Gershenson;;;;;;;http://dx.doi.org/10.1162/artl.2007.13.1.91;Live Evolving: Molecules, Mind, and Meaning;Artificial Life;journals/alife/Gershenson07;2008-10-27;;;1;91-92;;;;;;;;;;db/journals/alife/alife13.html#Gershenson07;13;2007
input_article.csv	12282	Missing journal article title	2867808;Alan Dorin;;;;;;;http://dx.doi.org/10.1162/artl.2006.12.4.635;Metacreation: Art and Artificial Life.;Artificial Life;journals/alife/Dorin06;2008-10-27;;;4;635-637;;;;;;;;;;db/journals/alife/alife12.html#Dorin06;12;2006
input_article.csv	12285	Missing journal article title	2867811;Rachel Wood;;;;;;;http://dx.doi.org/10.1162/artl.2009.15.3.385;Modeling Biology: Structures, Behaviors, Evolution;Artificial Life;journals/alife/Wood09;2010-07-05;;;3;385-387;;;;;;;;;;db/journals/alife/alife15.html#Wood09;15;2009
input_article.csv	12293	Missing journal article title	2867819;Andy Clark;;;;;;;http://dx.doi.org/10.1162/artl.2009.15.2.15206;Genesis Machines: The New Science of Biocomputing;Artificial Life;journals/alife/Clark09;2010-07-05;;;2;251-253;;;;;;;;;;db/journals/alife/alife15.html#Clark09;15;2009
input_article.csv	12294	Missing journal article title	2867820;Josh C. Bongard;;;;;;;http://dx.doi.org/10.1162/artl.2008.14.2.227;Probabilistic Robotics;Artificial Life;journals/alife/Bongard08;2008-11-26;;;2;227-229;;;;;;;;;;db/journals/alife/alife14.html#Bongard08;14;2008
input_article.csv	12296	Missing journal article title	2867822;Douglas H. Erwin;;;;;;;http://dx.doi.org/10.1162/artl.2007.13.1.87;Endless Forms Most Beautiful;Artificial Life;journals/alife/Erwin07;2008-10-27;;;1;87-89;;;;;;;;;;db/journals/alife/alife13.html#Erwin07;13;2007
input_article.csv	12331	Missing journal article title	2867857;Chrisantha Fernando;;;;;;;http://dx.doi.org/10.1162/artl.2008.14.4.14404;The Principles of Life;Artificial Life;journals/alife/Fernando08;2008-10-27;;;4;467-470;;;;;;;;;;db/journals/alife/alife14.html#Fernando08;14;2008
input_article.csv	12393	Missing journal article title	2867919;Yair Neuman;;;;;;;http://dx.doi.org/10.1162/artl_r_00069;Information and Living Systems: Philosophical and Scientific Perspectives.;Artificial Life;journals/alife/Neuman12;2012-09-10;;;3;329-330;;;;;;;;;;db/journals/alife/alife18.html#Neuman12;18;2012
input_article.csv	12405	Missing journal article title	2867931;Carlos Gershenson;;;;;;;http://dx.doi.org/10.1162/artl.2009.Gershenson.B6;Reinventing the Sacred: A New View of Science, Reason, and Religion.;Artificial Life;journals/alife/Gershenson09;2010-07-05;;;4;485-487;;;;;;;;;;db/journals/alife/alife15.html#Gershenson09;15;2009
input_article.csv	12418	Missing journal article title	2867944;Anders Lyhne Christensen;;;;;;;http://dx.doi.org/10.1162/artl_r_00061;Self-Reconfigurable Robots - An Introduction.;Artificial Life;journals/alife/Christensen12;2012-05-15;;;2;237-240;;;;;;;;;;db/journals/alife/alife18.html#Christensen12;18;2012
input_article.csv	12424	Missing journal article title	2867950;Mikhail Prokopenko;;;;;;;http://dx.doi.org/10.1162/artl.2009.Prokopenko.B4;Information and Self-Organization: A Macroscopic Approach to Complex Systems;Artificial Life;journals/alife/Prokopenko09;2010-07-05;;;3;377-383;;;;;;;;;;db/journals/alife/alife15.html#Prokopenko09;15;2009
input_article.csv	12433	Missing journal article title	2867959;Hiroki Sayama;;;;;;;http://dx.doi.org/10.1162/artl.2007.13.2.209;Artificial Life Models in Software;Artificial Life;journals/alife/Sayama07;2008-10-27;;;2;209-211;;;;;;;;;;db/journals/alife/alife13.html#Sayama07;13;2007
input_article.csv	12443	Missing journal article title	2867969;Efrén Mezura-Montes;;;;;;;http://dx.doi.org/10.1162/artl.2007.13.4.423;Evolutionary Computation. A Unified Approach;Artificial Life;journals/alife/Mezura-Montes07;2008-10-27;;;4;423-426;;;;;;;;;;db/journals/alife/alife13.html#Mezura-Montes07;13;2007
input_article.csv	12454	Missing journal article title	2867980;Bart de Boer;;;;;;;http://dx.doi.org/10.1162/artl.2008.14.2.223;Evolution and Culture;Artificial Life;journals/alife/Boer08;2008-10-27;;;2;223-225;;;;;;;;;;db/journals/alife/alife14.html#Boer08;14;2008
input_article.csv	12522	Missing journal article title	2868048;Marko A. Rodriguez;;;;;;;http://dx.doi.org/10.1162/artl.2006.12.4.639;Nature's Magic: Synergy in Evolution and the Fate of Humankind.;Artificial Life;journals/alife/Rodriguez06;2008-10-27;;;4;639-641;;;;;;;;;;db/journals/alife/alife12.html#Rodriguez06;12;2006
input_article.csv	12547	Missing journal article title	2868073;Markus Brede;;;;;;;http://dx.doi.org/10.1162/artl_r_00062;Networks - An Introduction;Artificial Life;journals/alife/Brede12;2012-05-15;;;2;241-242;;;;;;;;;;db/journals/alife/alife18.html#Brede12;18;2012
input_article.csv	12550	Missing journal article title	2868076;Fumiya Iida;;;;;;;http://dx.doi.org/10.1162/artl.2007.13.4.419;Autonomous Robots: From Biological Inspiration to Implementation and Control;Artificial Life;journals/alife/Iida07;2008-10-27;;;4;419-421;;;;;;;;;;db/journals/alife/alife13.html#Iida07;13;2007
input_article.csv	12564	Missing journal article title	2868090;Keith D. Farnsworth;;;;;;;http://dx.doi.org/10.1162/artl_r_00052;Wetware: A Computer in Every Living Cell.;Artificial Life;journals/alife/Farnsworth12;2012-01-17;;;1;123;;;;;;;;;;db/journals/alife/alife18.html#Farnsworth12;18;2012
input_article.csv	12568	Missing journal article title	2868094;Carlos Gershenson;;;;;;;http://dx.doi.org/10.1162/artl_a_00026;Reviving the Living: Meaning Making in Living Systems;Artificial Life;journals/alife/Gershenson11;2011-05-16;;;2;145-146;;;;;;;;;;db/journals/alife/alife17.html#Gershenson11;17;2011
input_article.csv	12583	Missing journal article title	2868109;Daniel Polani;;;;;;;http://dx.doi.org/10.1162/artl_r_00009;Information Theory and Evolution;Artificial Life;journals/alife/Polani10;2010-10-26;;;4;333-335;;;;;;;;;;db/journals/alife/alife16.html#Polani10;16;2010
input_article.csv	12587	Missing journal article title	2868113;Ezequiel A. Di Paolo;;;;;;;http://dx.doi.org/10.1162/artl.2007.13.2.203;Reconstructing the Cognitive World: The Next Step;Artificial Life;journals/alife/Paolo07;2008-10-27;;;2;203-206;;;;;;;;;;db/journals/alife/alife13.html#Paolo07;13;2007
input_article.csv	12598	Missing journal article title	2868124;Stanley N. Salthe;;;;;;;http://dx.doi.org/10.1162/artl.2008.14.2.231;Biological Emergences: Evolution by Natural Experiment;Artificial Life;journals/alife/Salthe08;2008-10-27;;;2;231-233;;;;;;;;;;db/journals/alife/alife14.html#Salthe08;14;2008
input_article.csv	12605	Missing journal article title	2868131;Luis R. Izquierdo;;;;;;;http://dx.doi.org/10.1162/artl.2010.Izquierdo.B8;Complexity: A Guided Tour;Artificial Life;journals/alife/Izquierdo10;2010-10-26;;;3;259-264;;;;;;;;;;db/journals/alife/alife16.html#Izquierdo10;16;2010
input_article.csv	12625	Missing journal article title	2868151;Carlos Gershenson;;;;;;;http://dx.doi.org/10.1162/artl.2008.14.2.239;Self-Organization and Emergence in Life Sciences;Artificial Life;journals/alife/Gershenson08;2008-10-27;;;2;239-240;;;;;;;;;;db/journals/alife/alife14.html#Gershenson08;14;2008
input_article.csv	12626	Missing journal article title	2868152;David Deamer;;;;;;;http://dx.doi.org/10.1162/artl.2008.14.4.14405;Origin and Early Evolution of Life;Artificial Life;journals/alife/Deamer08;2008-10-27;;;4;471-472;;;;;;;;;;db/journals/alife/alife14.html#Deamer08;14;2008
input_article.csv	12630	Missing journal article title	2868156;Carlos Gershenson|Héctor H. Avilés|Iván V. Meza|Luis Alberto Pineda;;;;;;;http://dx.doi.org/10.1162/artl_r_00004;Mechanical Love;Artificial Life;journals/alife/GershensonMAP10;2010-10-26;;;3;269-270;;;;;;;;;;db/journals/alife/alife16.html#GershensonMAP10;16;2010
input_article.csv	12631	Missing journal article title	2868157;Adalberto Llarena;;;;;;;http://dx.doi.org/10.1162/artl_r_00003;Biomimetic Robotics: Mechanisms and Control.;Artificial Life;journals/alife/Llarena10;2010-10-26;;;3;265-267;;;;;;;;;;db/journals/alife/alife16.html#Llarena10;16;2010
input_article.csv	12643	Missing journal article title	2868169;Arantza Etxeberria|Jon Umerez;;;;;;;http://dx.doi.org/10.1162/artl.2008.14.2.235;Conceptual Issues in Evolutionary Biology;Artificial Life;journals/alife/EtxeberriaU08;2008-10-27;;;2;235-238;;;;;;;;;;db/journals/alife/alife14.html#EtxeberriaU08;14;2008
input_article.csv	12651	Missing journal article title	2868177;Genaro Juárez Martínez;;;;;;;http://dx.doi.org/10.1162/artl_r_00068;Exploring Discrete Dynamics.;Artificial Life;journals/alife/Martinez12;2013-01-03;;;3;325-328;;;;;;;;;;db/journals/alife/alife18.html#Martinez12;18;2012
input_article.csv	12669	Missing journal article title	2868195;Nicholas Geard;;;;;;;http://dx.doi.org/10.1162/artl_r_00008;Adaptive Networks: Theory, Models and Applications;Artificial Life;journals/alife/Geard10;2010-10-26;;;4;329-331;;;;;;;;;;db/journals/alife/alife16.html#Geard10;16;2010
input_article.csv	12671	Missing journal article title	2868197;Alice C. Eldridge;;;;;;;http://dx.doi.org/10.1162/artl.2009.15.2.15207;The Art of Artificial Evolution: A Handbook on Evolutionary Art and Music;Artificial Life;journals/alife/Eldridge09;2010-07-05;;;2;255-258;;;;;;;;;;db/journals/alife/alife15.html#Eldridge09;15;2009
input_article.csv	12676	Missing journal article title	2868202;Jennifer H. Watkins|Marko A. Rodriguez;;;;;;;http://dx.doi.org/10.1162/artl.2007.13.2.207;Weak Links: Stabilizers of Complex Systems from Proteins to Social Networks;Artificial Life;journals/alife/WatkinsR07;2008-10-27;;;2;207-208;;;;;;;;;;db/journals/alife/alife13.html#WatkinsR07;13;2007
input_article.csv	12677	Missing journal article title	2868203;Attila Egri-Nagy;;;;;;;http://dx.doi.org/10.1162/artl_r_00025;Applications of Automata Theory and Algebra via the Mathematical Theory of Complexity to Biology, Physics, Psychology, Philosophy, and Games;Artificial Life;journals/alife/Egri-Nagy11;2011-05-16;;;2;141-143;;;;;;;;;;db/journals/alife/alife17.html#Egri-Nagy11;17;2011
input_article.csv	12703	Missing journal article title	2868229;Fumiya Iida;;;;;;;http://dx.doi.org/10.1162/artl_r_00053;Flying Insects and Robots.;Artificial Life;journals/alife/Iida12;2012-01-17;;;1;125-127;;;;;;;;;;db/journals/alife/alife18.html#Iida12;18;2012
input_article.csv	13659	Missing journal article title	2869185;Dan Halperin|Kiril Solovey;;;;;;;http://dx.doi.org/10.1177/0278364913506268;k;I. J. Robotic Res.;journals/ijrr/SoloveyH14;2014-02-17;;;1;82-97;;;;;;;;;;db/journals/ijrr/ijrr33.html#SoloveyH14;33;2014
input_article.csv	18870	Missing journal article title	2874396;Pierre Labrosse;;;;;;;http://dx.doi.org/10.1093/llc/fqm043;BE|HAVE;LLC;journals/lalc/Labrosse08;2012-03-26;;;1;51-63;;;;;;;;;;db/journals/lalc/lalc23.html#Labrosse08;23;2008
input_article.csv	18922	Missing journal article title	2874448;Alexander Geyken|Angelika Storrer|Lothar Lemnitzer|Maria Ermakova|Michael Beißwenger;;;;;;;http://dx.doi.org/10.1093/llc/fqt038;DeRiK: ;LLC;journals/lalc/BeisswengerEGLS13;2013-11-29;;;4;531-537;;;;;;;;;;db/journals/lalc/lalc28.html#BeisswengerEGLS13;28;2013
input_article.csv	19067	Missing journal article title	2874593;Bert Van Raemdonck;;;;;;;http://dx.doi.org/10.1093/llc/fqq009;Text Editing, Print and the Digital World;LLC;journals/lalc/Raemdonck10;2012-01-16;;;3;360-362;;;;;;;;;;db/journals/lalc/lalc25.html#Raemdonck10;25;2010
input_article.csv	19349	Missing journal article title	2874875;Deborah Parker;;;;;;;http://dx.doi.org/10.1093/llc/16.3.287;Inferno|The World of Dante;LLC;journals/lalc/Parker01;2013-06-14;;;3;287-297;;;;;;;;;;db/journals/lalc/lalc16.html#Parker01;16;2001
input_article.csv	24556	Missing journal article title	2880082;Allison Woodruff|Amy Hurst|James D. Thornton|Margaret H. Szymanski|Paul M. Aoki|Rebecca E. Grinter;;;;;;;http://dx.doi.org/10.1007/s10606-007-9067-y;Sotto Voce: ;Computer Supported Cooperative Work;journals/cscw/SzymanskiAGHTW08;2008-03-10;;;1;5-34;;;;;;;;;;db/journals/cscw/cscw17.html#SzymanskiAGHTW08;17;2008
input_article.csv	27152	Missing journal article title	2882678;Gary C. Kessler;;;;;;;http://dx.doi.org/10.1080/15567280903463801;Building a Digital Forensic Laboratory: Establishing and Managing a Successful Facility;J. Digital Forensic Practice;journals/jdfp/Kessler10;2010-10-06;;;1;62-63;;;;;;;;;;db/journals/jdfp/jdfp3.html#Kessler10;3;2010
input_article.csv	27166	Missing journal article title	2882692;Gary C. Kessler;;;;;;;http://dx.doi.org/10.1080/15567280903463819;Windows Forensic Analysis DVD Toolkit;J. Digital Forensic Practice;journals/jdfp/Kessler10a;2010-10-06;;;1;64-66;;;;;;;;;;db/journals/jdfp/jdfp3.html#Kessler10a;3;2010
input_article.csv	37419	Missing journal article title	2892945;Herrad Schmidt;;;;;;;http://dx.doi.org/10.1007/s11576-007-0020-y;Hindel, B. et al.;Wirtschaftsinformatik;journals/wi/Schmidt07;2009-05-19;;;1;70;;;;;;;;;;db/journals/wi/wi49.html#Schmidt07;49;2007
input_article.csv	37455	Missing journal article title	2892981;Niko Zenker;;;;;;;http://dx.doi.org/10.1007/s11576-007-0038-1;"Leser, Ulf; Naumann, Felix";Wirtschaftsinformatik;journals/wi/Zenker07;2009-05-19;;;2;148;;;;;;;;;;db/journals/wi/wi49.html#Zenker07;49;2007
input_article.csv	37634	Missing journal article title	2893160;Franz Lehner;;;;;;;http://dx.doi.org/10.1007/s11576-007-0037-2;Lammer, Thomas;Wirtschaftsinformatik;journals/wi/Lehner07;2009-05-19;;;2;148;;;;;;;;;;db/journals/wi/wi49.html#Lehner07;49;2007
input_article.csv	37787	Missing journal article title	2893313;Konrad Walser;;;;;;;http://dx.doi.org/10.1007/s11576-007-0022-9;Meyer, J.-A. (Hrsg.);Wirtschaftsinformatik;journals/wi/Walser07;2009-05-19;;;1;71;;;;;;;;;;db/journals/wi/wi49.html#Walser07;49;2007
input_article.csv	38360	Missing journal article title	2893886;Christian Lütke Entrup;;;;;;;http://dx.doi.org/10.1007/s11576-007-0018-5;"Heisig, P.; Mertins K. (Hrsg.)";Wirtschaftsinformatik;journals/wi/Entrup07;2009-05-19;;;1;69;;;;;;;;;;db/journals/wi/wi49.html#Entrup07;49;2007
input_article.csv	38712	Missing journal article title	2894238;Lars Schwarze;;;;;;;http://dx.doi.org/10.1007/s11576-007-0039-0;Thomas, Oliver;Wirtschaftsinformatik;journals/wi/Schwarze07;2009-05-19;;;2;148-149;;;;;;;;;;db/journals/wi/wi49.html#Schwarze07;49;2007
input_article.csv	38731	Missing journal article title	2894257;Falk Uebernickel;;;;;;;http://dx.doi.org/10.1007/s11576-007-0021-x;Kütz, M.;Wirtschaftsinformatik;journals/wi/Uebernickel07;2009-05-19;;;1;71;;;;;;;;;;db/journals/wi/wi49.html#Uebernickel07;49;2007
input_article.csv	39235	Missing journal article title	2894761;Peter Rinab;;;;;;;http://dx.doi.org/10.1007/s11576-007-0019-4;Seibold, H.;Wirtschaftsinformatik;journals/wi/Rinab07;2009-05-19;;;1;69-70;;;;;;;;;;db/journals/wi/wi49.html#Rinab07;49;2007
input_article.csv	39414	Missing journal article title	2894940;Panayiota Polydoratou;;;;;;;http://www.webology.org/2006/v3n3/bookreview5.html;Metadata and Its Impact on Libraries;Webology;journals/webology/Polydoratou06;2011-05-05;;;3;;;;;;;;;;;db/journals/webology/webology3.html#Polydoratou06;3;2006
input_article.csv	39455	Missing journal article title	2894981;Isabel Galina;;;;;;;http://www.webology.org/2007/v4n4/bookreview10.html;Institutional Repositories: Content and Culture in an Open Access Environment;Webology;journals/webology/Galina07a;2011-05-05;;;4;;;;;;;;;;;db/journals/webology/webology4.html#Galina07a;4;2007
input_article.csv	39461	Missing journal article title	2894987;Hamid R. Jamali;;;;;;;http://www.webology.org/2007/v4n3/bookreview7.html;The Information Literacy Cookbook: Ingredients, recipes and tips for success;Webology;journals/webology/Jamali07;2011-05-05;;;3;;;;;;;;;;;db/journals/webology/webology4.html#Jamali07;4;2007
input_article.csv	39485	Missing journal article title	2895011;Yazdan Mansourian;;;;;;;http://www.webology.org/2006/v3n3/bookreview4.html;The Turn: Integration of Information Seeking and Retrieval in Context;Webology;journals/webology/Mansourian06a;2011-05-05;;;3;;;;;;;;;;;db/journals/webology/webology3.html#Mansourian06a;3;2006
input_article.csv	39495	Missing journal article title	2895021;Isabel Galina;;;;;;;http://www.webology.org/2007/v4n1/bookreview6.html;The Institutional Repository;Webology;journals/webology/Galina07;2011-05-05;;;1;;;;;;;;;;;db/journals/webology/webology4.html#Galina07;4;2007
input_article.csv	39497	Missing journal article title	2895023;Shahram Sedghi;;;;;;;http://www.webology.org/2007/v4n4/bookreview8.html;Digital Health Information for the Consumer: Evidence and Policy Implications;Webology;journals/webology/Sedghi07;2011-05-05;;;4;;;;;;;;;;;db/journals/webology/webology4.html#Sedghi07;4;2007
input_article.csv	39527	Missing journal article title	2895053;Hamid R. Jamali;;;;;;;http://www.webology.org/2007/v4n4/bookreview11.html;Information and Emotion: The Emergent Affective Paradigm in Information Behavior Research and Theory;Webology;journals/webology/Jamali07a;2011-05-05;;;4;;;;;;;;;;;db/journals/webology/webology4.html#Jamali07a;4;2007
input_article.csv	39557	Missing journal article title	2895083;Mehrnoush Mozaffarian;;;;;;;http://www.webology.org/2007/v4n4/bookreview9.html;The Indexing Companion;Webology;journals/webology/Mozaffarian07;2011-05-05;;;4;;;;;;;;;;;db/journals/webology/webology4.html#Mozaffarian07;4;2007
input_article.csv	40006	Missing journal article title	2895532;Nic Bidwell;;;;;;;http://doi.acm.org/10.1145/1699775.1699791;Ubuntu;Interactions;journals/interactions/Bidwell10;2010-11-24;;;2;68-71;;;;;;;;;;db/journals/interactions/interactions17.html#Bidwell10;17;2010
input_article.csv	40038	Missing journal article title	2895564;Jon Kolko|Richard Anderson;;;;;;;http://doi.acm.org/10.1145/1572626.1572627;Interactions;Interactions;journals/interactions/AndersonK09g;2009-11-06;;;5;5;;;;;;;;;;db/journals/interactions/interactions16.html#AndersonK09g;16;2009
input_article.csv	40231	Missing journal article title	2895757;Jon Kolko|Richard Anderson;;;;;;;http://doi.acm.org/10.1145/1649475.1649476;Interactions;Interactions;journals/interactions/AndersonK10;2010-11-24;;;1;5;;;;;;;;;;db/journals/interactions/interactions17.html#AndersonK10;17;2010
input_article.csv	40383	Missing journal article title	2895909;Jon Kolko|Richard Anderson;;;;;;;http://doi.acm.org/10.1145/1340961.1340962;Interactions;Interactions;journals/interactions/AndersonK08b;2009-11-06;;;2;4-5;;;;;;;;;;db/journals/interactions/interactions15.html#AndersonK08b;15;2008
input_article.csv	40963	Missing journal article title	2896489;Jon Kolko|Richard Anderson;;;;;;;http://doi.acm.org/10.1145/1836216.1836217;Interactions;Interactions;journals/interactions/AndersonK10e;2010-11-24;;;5;5;;;;;;;;;;db/journals/interactions/interactions17.html#AndersonK10e;17;2010
input_article.csv	41225	Missing journal article title	2896751;Chengzheng Sun;;;;;;;http://doi.acm.org/10.1145/637848.637852;Undo;Interactions;journals/interactions/Sun03;2006-02-09;;;2;7-8;;;;;;;;;;db/journals/interactions/interactions10.html#Sun03;10;2003
input_article.csv	41243	Missing journal article title	2896769;Jon Kolko|Richard Anderson;;;;;;;http://doi.acm.org/10.1145/1374489.1374490;Interactions;Interactions;journals/interactions/AndersonK08g;2009-11-06;;;4;5;;;;;;;;;;db/journals/interactions/interactions15.html#AndersonK08g;15;2008
input_article.csv	41405	Missing journal article title	2896931;Jon Kolko|Richard Anderson;;;;;;;http://doi.acm.org/10.1145/1620693.1620694;Interactions;Interactions;journals/interactions/AndersonK09h;2010-11-24;;;6;5;;;;;;;;;;db/journals/interactions/interactions16.html#AndersonK09h;16;2009
input_article.csv	41549	Missing journal article title	2897075;Jon Kolko|Richard Anderson;;;;;;;http://doi.acm.org/10.1145/1551986.1551987;Interactions;Interactions;journals/interactions/AndersonK09f;2009-11-06;;;4;5;;;;;;;;;;db/journals/interactions/interactions16.html#AndersonK09f;16;2009
input_article.csv	41832	Missing journal article title	2897358;Jon Kolko|Richard Anderson;;;;;;;http://doi.acm.org/10.1145/1487632.1487633;Interactions;Interactions;journals/interactions/AndersonK09b;2009-11-06;;;2;5;;;;;;;;;;db/journals/interactions/interactions16.html#AndersonK09b;16;2009
input_article.csv	41912	Missing journal article title	2897438;Jon Kolko|Richard Anderson;;;;;;;http://doi.acm.org/10.1145/1699775.1699776;Interactions;Interactions;journals/interactions/AndersonK10b;2010-11-24;;;2;5;;;;;;;;;;db/journals/interactions/interactions17.html#AndersonK10b;17;2010
input_article.csv	42084	Missing journal article title	2897610;Chaokun Wang|Jianzhong Li|Shengfei Shi;;;;;;;http://dx.doi.org/10.1016/j.patrec.2005.09.012;N;Pattern Recognition Letters;journals/prl/WangLS06;2006-08-23;;;5;492-503;;;;;;;;;;db/journals/prl/prl27.html#WangLS06;27;2006
input_article.csv	44980	Missing journal article title	2900506;Chonglun Fang|Jinwen Ma|Wei Jin;;;;;;;http://dx.doi.org/10.1016/j.patrec.2012.11.004;k;Pattern Recognition Letters;journals/prl/FangJM13;2013-02-08;;;5;580-586;;;;;;′;;;;db/journals/prl/prl34.html#FangJM13;34;2013
input_article.csv	47048	Missing journal article title	2902574;Rasmus Larsen;;;;;;;http://dx.doi.org/10.1007/s10851-008-0077-2;L;Journal of Mathematical Imaging and Vision;journals/jmiv/Larsen08;2010-02-25;;;2-3;189-194;;;;;1;;;;;db/journals/jmiv/jmiv31.html#Larsen08;31;2008
input_article.csv	51146	Missing journal article title	2906672;Emmanuel Lochin|Guillaume Jourjon|Laurent Dairaine;;;;;;;http://dx.doi.org/10.1007/s11235-006-9004-2;g;Telecommunication Systems;journals/telsys/LochinDJ06;2007-09-17;;;1-3;3-21;;;;;;;;;;db/journals/telsys/telsys33.html#LochinDJ06;33;2006
input_article.csv	54487	Missing journal article title	2910013;Jing Wang 0003|Kunlin Zhang|Liuyan Zhang|Sijia Cui|Suhua Chang;;;;;;;http://dx.doi.org/10.1093/nar/gkq324;i;Nucleic Acids Research;journals/nar/ZhangCCZW10;2011-04-13;;;Web-Server-Issue;90-95;;;;;;;;;;db/journals/nar/nar38.html#ZhangCCZW10;38;2010
input_article.csv	54698	Missing journal article title	2910224;Martin Christen Frølund Thomsen|Morten Nielsen;;;;;;;http://dx.doi.org/10.1093/nar/gks469;Seq2Logo;Nucleic Acids Research;journals/nar/ThomsenN12;2013-01-11;;;Web-Server-Issue;281-287;;;;;;;;;;db/journals/nar/nar40.html#ThomsenN12;40;2012
input_article.csv	54795	Missing journal article title	2910321;Jian Yang|Jun Yu|Lihong Chen|Lilian Sun|Qi Jin;;;;;;;http://dx.doi.org/10.1093/nar/gkj033;Shi|Shigella;Nucleic Acids Research;journals/nar/YangCYSJ06;2007-02-02;;;Database-Issue;398-401;;;;;;;;;;db/journals/nar/nar34.html#YangCYSJ06;34;2006
input_article.csv	54912	Missing journal article title	2910438;Guy Cochrane|Michael Y. Galperin;;;;;;;http://dx.doi.org/10.1093/nar/gkn942;Nucleic Acids Research;Nucleic Acids Research;journals/nar/GalperinC09;2009-08-26;;;Database-Issue;1-4;;;;;;;;;;db/journals/nar/nar37.html#GalperinC09;37;2009
input_article.csv	55158	Missing journal article title	2910684;Alexey Onufriev|Boris Aguilar|Ramu Anandakrishnan;;;;;;;http://dx.doi.org/10.1093/nar/gks375;H|K;Nucleic Acids Research;journals/nar/AnandakrishnanAO12;2013-01-11;;;Web-Server-Issue;537-541;;;;;;;;;;db/journals/nar/nar40.html#AnandakrishnanAO12;40;2012
input_article.csv	55307	Missing journal article title	2910833;Alexey V. Antonov|Esther Schmidt|Henning Hermjakob|Maria Krestyaninova|Sabine Dietmann;;;;;;;http://dx.doi.org/10.1093/nar/gkq482;R;Nucleic Acids Research;journals/nar/AntonovSDKH10;2011-04-12;;;Web-Server-Issue;78-83;;;;;;;;;;db/journals/nar/nar38.html#AntonovSDKH10;38;2010
input_article.csv	55338	Missing journal article title	2910864;Beate Sick|Gnanasekaran Thoppae|Keith Harshman|Manuela Sick|Michael Psarros|Steffen Heber;;;;;;;http://dx.doi.org/10.1093/nar/gki490;RACE;Nucleic Acids Research;journals/nar/PsarrosHSTHS05;2007-02-01;;;Web-Server-Issue;638-643;;;;;;;;;;db/journals/nar/nar33.html#PsarrosHSTHS05;33;2005
input_article.csv	55488	Missing journal article title	2911014;Coren A. Milbury|G. Mike Makrigiorgos|Jin Li;;;;;;;http://dx.doi.org/10.1093/nar/gkq899;Ice;Nucleic Acids Research;journals/nar/MilburyLM11;2012-03-05;;;1;2;;;;;;;;;;db/journals/nar/nar39.html#MilburyLM11;39;2011
input_article.csv	55564	Missing journal article title	2911090;Ilka Hoof|Leon Eyrich Jessen|Morten Nielsen|Ole Lund;;;;;;;http://dx.doi.org/10.1093/nar/gkt497;SigniSite;Nucleic Acids Research;journals/nar/JessenHLN13;2014-02-17;;;Webserver-Issue;286-291;;;;;;;;;;db/journals/nar/nar41.html#JessenHLN13;41;2013
input_article.csv	55633	Missing journal article title	2911159;Blanca Taboada|Cristian E. Martinez-Guerrero|Enrique Merino|Ricardo Ciria;;;;;;;http://dx.doi.org/10.1093/nar/gkr1020;B|D|Op|Pro|ProOpDB;Nucleic Acids Research;journals/nar/TaboadaCMM12;2012-04-27;;;Database-Issue;627-631;;;;;;;;;;db/journals/nar/nar40.html#TaboadaCMM12;40;2012
input_article.csv	55645	Missing journal article title	2911171;Carl Bussema III|Thomas M. Schmidt|Zarraz May-Ping Lee;;;;;;;http://dx.doi.org/10.1093/nar/gkn689;rrn;Nucleic Acids Research;journals/nar/LeeBS09;2009-08-26;;;Database-Issue;489-493;;;;;;;;;;db/journals/nar/nar37.html#LeeBS09;37;2009
input_article.csv	55721	Missing journal article title	2911247;Benjamin C. Hitz|Edith D. Wong|Esther T. Chan|Gail Binkley|Greg R. Roe|J. Michael Cherry|Kalpana Karra|Kelley M. Paskov|Maria C. Costanzo|Paul Lloyd|Shuai Weng|Stacia R. Engel;;;;;;;http://dx.doi.org/10.1093/nar/gkt1158;Saccharomyces;Nucleic Acids Research;journals/nar/CostanzoEWLKCWPRBHC14;2014-02-17;;;Database-Issue;717-725;;;;;;;;;;db/journals/nar/nar42.html#CostanzoEWLKCWPRBHC14;42;2014
input_article.csv	55808	Missing journal article title	2911334;Arne G. Schmeisky|Jörg Stülke|Lope A. Flórez|Ulrike Mäder;;;;;;;http://dx.doi.org/10.1093/nar/gkr923;Bacillus subtilis|Subti;Nucleic Acids Research;journals/nar/MaderSFS12;2012-04-27;;;Database-Issue;1278-1287;;;;;;;;;;db/journals/nar/nar40.html#MaderSFS12;40;2012
input_article.csv	55953	Missing journal article title	2911479;Christopher M. Bailey|Dov J. Stekel|Lori A. S. Snyder|Mark J. Pallen|Nicholas J. Loman|Roy R. Chaudhuri;;;;;;;http://dx.doi.org/10.1093/nar/gkm928;x;Nucleic Acids Research;journals/nar/ChaudhuriLSBSP08;2008-01-23;;;Database-Issue;543-546;;;;;;;;;;db/journals/nar/nar36.html#ChaudhuriLSBSP08;36;2008
input_article.csv	56313	Missing journal article title	2911839;Wen-Hsiung Li|Yan Yuan Tseng|Z. Jeffrey Chen;;;;;;;http://dx.doi.org/10.1093/nar/gkp900;f;Nucleic Acids Research;journals/nar/TsengCL10;2011-04-12;;;Database-Issue;288-295;;;;;;;;;;db/journals/nar/nar38.html#TsengCL10;38;2010
input_article.csv	56375	Missing journal article title	2911901;Carl J. Schmidt|Elaine R. Mardis|Jarret Glasscock|Lincoln D. Stein|Matthew T. Hickenbotham|Michael Romanov|Oliver Ryder|Sean McGrath|Vincent Magrini;;;;;;;http://dx.doi.org/10.1093/nar/gkm783;Gallus;Nucleic Acids Research;journals/nar/SchmidtRRMHGMMS08;2008-01-23;;;Database-Issue;719-723;;;;;;;;;;db/journals/nar/nar36.html#SchmidtRRMHGMMS08;36;2008
input_article.csv	56400	Missing journal article title	2911926;Daniel Rokhsar|James A. Watson|James C. Mullikin|James C. Sullivan|Jeramy Webb|John R. Finnerty|Joseph F. Ryan 0003;;;;;;;http://dx.doi.org/10.1093/nar/gkj020;Nematostella vectensis|StellaBase;Nucleic Acids Research;journals/nar/SullivanRWWMRF06;2012-09-20;;;Database-Issue;495-499;;;;;;;;;;db/journals/nar/nar34.html#SullivanRWWMRF06;34;2006
input_article.csv	56466	Missing journal article title	2911992;Alisdair R. Fernie|Anthony M. Bolger|Axel Nagel|Björn Usadel|John E. Lunn|Marc Lohse|Mark Stitt;;;;;;;http://dx.doi.org/10.1093/nar/gks540;NA|R;Nucleic Acids Research;journals/nar/LohseBNFLSU12;2013-01-11;;;Web-Server-Issue;622-627;;;;;;;;;;db/journals/nar/nar40.html#LohseBNFLSU12;40;2012
input_article.csv	56532	Missing journal article title	2912058;Anastassis Perrakis|Eirini Mitsiki|Wijnand T. M. Mooij;;;;;;;http://dx.doi.org/10.1093/nar/gkp256;ProteinCCD;Nucleic Acids Research;journals/nar/MooijMP09;2009-08-26;;;Web-Server-Issue;402-405;;;;;;;;;;db/journals/nar/nar37.html#MooijMP09;37;2009
input_article.csv	56640	Missing journal article title	2912166;Dirk Walther|Jan Hummel|Joachim Selbig|Joshua L. Heazlewood|Pawel Durek|Waltraud X. Schulze|Wolfram Weckwerth;;;;;;;http://dx.doi.org/10.1093/nar/gkm812;Arabidopsis thaliana|PhosPhAt;Nucleic Acids Research;journals/nar/HeazlewoodDHSWWS08;2008-01-23;;;Database-Issue;1015-1021;;;;;;;;;;db/journals/nar/nar36.html#HeazlewoodDHSWWS08;36;2008
input_article.csv	56744	Missing journal article title	2912270;Alan J. Barrett|Alex Bateman|Neil D. Rawlings;;;;;;;http://dx.doi.org/10.1093/nar/gkr987;MEROPS;Nucleic Acids Research;journals/nar/RawlingsBB12;2012-04-27;;;Database-Issue;343-350;;;;;;;;;;db/journals/nar/nar40.html#RawlingsBB12;40;2012
input_article.csv	56866	Missing journal article title	2912392;Christopher P. Zschiedrich|Dominik Tödter|Fabian M. Commichau|Jörg Stülke|Raphael H. Michna;;;;;;;http://dx.doi.org/10.1093/nar/gkt1002;Bacillus subtilis|Subti;Nucleic Acids Research;journals/nar/MichnaCTZS14;2014-02-17;;;Database-Issue;692-698;;;;;;;;;;db/journals/nar/nar42.html#MichnaCTZS14;42;2014
input_article.csv	56992	Missing journal article title	2912518;Anand Sethuraman|Cynthia J. Krieger|Dianna G. Fisk|Gail Binkley|J. Michael Cherry|Nicholas A. Stover|Qing Dong|Robert S. Nash|Shuai Weng;;;;;;;http://dx.doi.org/10.1093/nar/gkj054;Tetrahymena|Tetrahymena thermophila;Nucleic Acids Research;journals/nar/StoverKBDFNSWC06;2007-08-23;;;Database-Issue;500-503;;;;;;;;;;db/journals/nar/nar34.html#StoverKBDFNSWC06;34;2006
input_article.csv	57400	Missing journal article title	2912926;Charles A. Lesburg|José S. Duca;;;;;;;http://dx.doi.org/10.1093/nar/gkn270;soaPDB;Nucleic Acids Research;journals/nar/LesburgD08;2009-08-25;;;Web-Server-Issue;252-254;;;;;;;;;;db/journals/nar/nar36.html#LesburgD08;36;2008
input_article.csv	57475	Missing journal article title	2913001;David F. Marshall|John W. S. Brown|Paul D. Shaw|Peter J. Shaw;;;;;;;http://dx.doi.org/10.1093/nar/gki052;Arabidopsis;Nucleic Acids Research;journals/nar/BrownSSM05;2013-04-16;;;Database-Issue;633-636;;;;;;;;;;db/journals/nar/nar33.html#BrownSSM05;33;2005
input_article.csv	57512	Missing journal article title	2913038;Gavin H. Thomas|Igor Goryanin|Raju V. Misra|Richard S. P. Horler|Wolfgang Reindl;;;;;;;http://dx.doi.org/10.1093/nar/gki028;Echo|Escherichia coli;Nucleic Acids Research;journals/nar/MisraHRGT05;2007-02-01;;;Database-Issue;329-333;;;;;;;;;;db/journals/nar/nar33.html#MisraHRGT05;33;2005
input_article.csv	57532	Missing journal article title	2913058;Chris Duran|David Edwards|David Wood|Jacqueline Batley|Michael Imelfort|Nikki Appleby|Terry Clark;;;;;;;http://dx.doi.org/10.1093/nar/gkn650;AutoSNPdb;Nucleic Acids Research;journals/nar/DuranACWIBE09;2009-08-26;;;Database-Issue;951-953;;;;;;;;;;db/journals/nar/nar37.html#DuranACWIBE09;37;2009
input_article.csv	57631	Missing journal article title	2913157;Frank J. Lebeda|Regina Z. Cer|Robert M. Stephens|Uma Mudunuri;;;;;;;http://dx.doi.org/10.1093/nar/gkp253;IC|IC|K|K;Nucleic Acids Research;journals/nar/CerMSL09;2011-04-15;;;Web-Server-Issue;441-445;;;;;50|50|i|i;;;;;db/journals/nar/nar37.html#CerMSL09;37;2009
input_article.csv	57788	Missing journal article title	2913314;Mark J. Pallen|Roy R. Chaudhuri;;;;;;;http://dx.doi.org/10.1093/nar/gkj140;x;Nucleic Acids Research;journals/nar/ChaudhuriP06;2007-02-02;;;Database-Issue;335-337;;;;;;;;;;db/journals/nar/nar34.html#ChaudhuriP06;34;2006
input_article.csv	58016	Missing journal article title	2913542;A. J. Rader|Christopher Jon Jursa|Hassan A. Karimi|Ivet Bahar|Lee-Wei Yang|Shann-Ching Chen|Xiong Liu;;;;;;;http://dx.doi.org/10.1093/nar/gkl084;o;Nucleic Acids Research;journals/nar/YangRLJCKB06;2007-02-02;;;Web-Server-Issue;24-31;;;;;;;;;;db/journals/nar/nar34.html#YangRLJCKB06;34;2006
input_article.csv	58241	Missing journal article title	2913767;Alexander Zien|Cheng Soon Ong|Gabriele Schweikert|Georg Zeller|Gunnar Rätsch|Jonas Behr|Sören Sonnenburg;;;;;;;http://dx.doi.org/10.1093/nar/gkp479;mGene.web;Nucleic Acids Research;journals/nar/SchweikertBZZOSR09;2009-08-26;;;Web-Server-Issue;312-316;;;;;;;;;;db/journals/nar/nar37.html#SchweikertBZZOSR09;37;2009
input_article.csv	58455	Missing journal article title	2913981;Gary Benson;;;;;;;http://dx.doi.org/10.1093/nar/gkp505;Nucleic Acids Research;Nucleic Acids Research;journals/nar/Benson09;2009-08-26;;;Web-Server-Issue;1-2;;;;;;;;;;db/journals/nar/nar37.html#Benson09;37;2009
input_article.csv	58485	Missing journal article title	2914011;Gregory A. George|Hyman A. Carrinski|Jeremy Muhlich|John P. Sullivan|Kathleen Petri Seiler|Martin Serrano|Mary Pat Happ|Nicola J. Tolliday|Nicole E. Bodycombe|Paul A. Clemons|Paul Ferraiolo|Stephanie Norton|Steve Brudz|Stuart L. Schreiber;;;;;;;http://dx.doi.org/10.1093/nar/gkm843;ChemBank;Nucleic Acids Research;journals/nar/SeilerGHBCNBSMSFTSC08;2008-01-23;;;Database-Issue;351-359;;;;;;;;;;db/journals/nar/nar36.html#SeilerGHBCNBSMSFTSC08;36;2008
input_article.csv	58764	Missing journal article title	2914290;Alfonso Valencia|Gonzalo López|Jose Manuel Rodriguez|Michael L. Tress|Paolo Maietta;;;;;;;http://dx.doi.org/10.1093/nar/gkr437;firestar;Nucleic Acids Research;journals/nar/LopezMRVT11;2012-04-27;;;Web-Server-Issue;235-241;;;;;;;;;;db/journals/nar/nar39.html#LopezMRVT11;39;2011
input_article.csv	59070	Missing journal article title	2914596;Andrew J. Robinson|Christopher G. Love|Clare J. Hopkins|David Edwards|Gary Barker|Geraldine A. C. Lim|German C. Spangenberg|Jacqueline Batley;;;;;;;http://dx.doi.org/10.1093/nar/gki036;Brassica|Brassica;Nucleic Acids Research;journals/nar/LoveRLHBBSE05;2007-02-01;;;Database-Issue;656-659;;;;;;;;;;db/journals/nar/nar33.html#LoveRLHBBSE05;33;2005
input_article.csv	59072	Missing journal article title	2914598;Andrew Robinson|Christopher G. Love|David Edwards|David Savage|Erica G. Jewell|Geraldine A. C. Lim|German C. Spangenberg|Jacqueline Batley|Timothy A. Erwin|Xi Li;;;;;;;http://dx.doi.org/10.1093/nar/gkl083;SSR Taxonomy Tree|SSRPrimer;Nucleic Acids Research;journals/nar/JewellRSELLLBSE06;2007-08-29;;;Web-Server-Issue;656-659;;;;;;;;;;db/journals/nar/nar34.html#JewellRSELLLBSE06;34;2006
input_article.csv	59108	Missing journal article title	2914634;Dean Cheng|Fiona S. L. Brinkman|Geoffrey L. Winsor|Korine S. E. Ung|Raymond Lo|Robert E. W. Hancock|Shannan J. Ho Sui|Shao-Shan Huang|Wai-Kay Ho Ching;;;;;;;http://dx.doi.org/10.1093/nar/gki047;Pseudomonas aeruginosa;Nucleic Acids Research;journals/nar/WinsorLSUHCCHB05;2007-02-01;;;Database-Issue;338-343;;;;;;;;;;db/journals/nar/nar33.html#WinsorLSUHCCHB05;33;2005
input_article.csv	59238	Missing journal article title	2914764;Alan J. Barrett|Alex Bateman|Matthew Waller|Neil D. Rawlings;;;;;;;http://dx.doi.org/10.1093/nar/gkt953;MEROPS;Nucleic Acids Research;journals/nar/RawlingsWBB14;2014-02-17;;;Database-Issue;503-509;;;;;;;;;;db/journals/nar/nar42.html#RawlingsWBB14;42;2014
input_article.csv	59291	Missing journal article title	2914817;Alain Ghesquière|Alexander A. T. Johnson|Brigitte Courtois|Christophe Périn|Christophe Sallaud|Corinne Biderre-Petit|Céline Gay|Emmanuel Guiderdoni|Fabienne Bourgis|Gaëtan Droc|Isabelle Barnola|Jean Benoît Morel|Jérôme Martin|Manuel Ruiz|Mathias Lorieux|Matthieu Bouniol|Pascual Perez|Pierre Larmande;;;;;;;http://dx.doi.org/10.1093/nar/gkm762;Oryza Tag Line;Nucleic Acids Research;journals/nar/LarmandeGLPBDSPBBMMJBGRCG08;2008-01-23;;;Database-Issue;1022-1027;;;;;;;;;;db/journals/nar/nar36.html#LarmandeGLPBDSPBBMMJBGRCG08;36;2008
input_article.csv	59315	Missing journal article title	2914841;Andrew V. Colasanti|Guohui Zheng|Wilma K. Olson|Xiang-Jun Lu;;;;;;;http://dx.doi.org/10.1093/nar/gkp959;3DNALandscapes;Nucleic Acids Research;journals/nar/ZhengCLO10;2011-04-12;;;Database-Issue;267-274;;;;;;;;;;db/journals/nar/nar38.html#ZhengCLO10;38;2010
input_article.csv	59394	Missing journal article title	2914920;Chih-Hung Jen|David R. Westhead|Iain W. Manfield|Ioannis Michalopoulos|James R. Bradford|John W. Pinney|Philip M. Gilmartin;;;;;;;http://dx.doi.org/10.1093/nar/gkl204;Arabidopsis;Nucleic Acids Research;journals/nar/ManfieldJPMBGW06;2007-02-02;;;Web-Server-Issue;504-509;;;;;;;;;;db/journals/nar/nar34.html#ManfieldJPMBGW06;34;2006
input_article.csv	59531	Missing journal article title	2915057;Adauto L. Mancini|Arnaldo J. Montagner|Christian Baudet|Goran Neshich|Ivan P. Pinto|João N. Krauchenco|Juliana F. Palandrani|Michel E. B. Yamagishi|Paula R. Kuser|Renato C. Torres|Renato Fileto|Roberto C. Togawa|Roberto H. Higa|Savio Souza|Walter Rocchia;;;;;;;http://dx.doi.org/10.1093/nar/gkh480;;Nucleic Acids Research;journals/nar/NeshichRMYKFBPMPKTSTH04;2012-04-16;;;Web-Server-Issue;595-601;;;;;;Java;;;;db/journals/nar/nar32.html#NeshichRMYKFBPMPKTSTH04;32;2004
input_article.csv	59589	Missing journal article title	2915115;Benjamin C. Hitz|Cynthia J. Krieger|David Botstein|Dianna G. Fisk|Edith D. Wong|Eurie L. Hong|Gail Binkley|J. Michael Cherry|Jodi E. Hirschman|Julie Park|Kara Dolinski|Karen R. Christie|Marek S. Skrzypek|Maria C. Costanzo|Michael S. Livstone|Rama Balakrishnan|Robert S. Nash|Rose Oughtred|Selina S. Dwight|Shuai Weng|Stacia R. Engel|Stuart R. Miyasato;;;;;;;http://dx.doi.org/10.1093/nar/gkp917;Saccharomyces;Nucleic Acids Research;journals/nar/EngelBBCCDFHHHKLMNOPSWWDBC10;2011-04-12;;;Database-Issue;433-436;;;;;;;;;;db/journals/nar/nar38.html#EngelBBCCDFHHHKLMNOPSWWDBC10;38;2010
input_article.csv	59631	Missing journal article title	2915157;Jamison R. Hemmert|Joshua J. Rosen|Joy A. Nellis|Khuchtumur Bum-Erdene|Liwei Li|Marlon E. Pierce|Peter H. Baenziger|Samy O. Meroueh;;;;;;;http://dx.doi.org/10.1093/nar/gkp852;BioDrugScreen: ;Nucleic Acids Research;journals/nar/LiBBRHNPM10;2011-04-12;;;Database-Issue;765-773;;;;;;;;;;db/journals/nar/nar38.html#LiBBRHNPM10;38;2010
input_article.csv	59650	Missing journal article title	2915176;Alfonso Valencia|Gonzalo López|Michael L. Tress;;;;;;;http://dx.doi.org/10.1093/nar/gkm297;firestar;Nucleic Acids Research;journals/nar/LopezVT07a;2008-01-10;;;Web-Server-Issue;573-577;;;;;;;;;;db/journals/nar/nar35.html#LopezVT07a;35;2007
input_article.csv	59718	Missing journal article title	2915244;Alonzo S. Woodfield|Deepak Grover|Douglas F. Levinson|James B. Potash|Peter P. Zandi|Ranjana Verma;;;;;;;http://dx.doi.org/10.1093/nar/gkm329;QuickSNP;Nucleic Acids Research;journals/nar/GroverWVZLP07;2008-01-10;;;Web-Server-Issue;115-120;;;;;;;;;;db/journals/nar/nar35.html#GroverWVZLP07;35;2007
input_article.csv	59726	Missing journal article title	2915252;Che-Yu Lee|Chi-Ching Lee|Ping-Chiang Lyu|Wei-Cheng Lo;;;;;;;http://dx.doi.org/10.1093/nar/gkp291;i;Nucleic Acids Research;journals/nar/LoLLL09a;2009-08-26;;;Web-Server-Issue;545-551;;;;;;;;;;db/journals/nar/nar37.html#LoLLL09a;37;2009
input_article.csv	60831	Missing journal article title	2916357;Akihiro Nakao|Athanasios V. Vasilakos|Yufeng Wang;;;;;;;http://dx.doi.org/10.1080/01969720903584365;Doubleface;Cybernetics and Systems;journals/cas/WangNV10;2010-04-19;;;2;167-189;;;;;;;;;;db/journals/cas/cas41.html#WangNV10;41;2010
input_article.csv	61552	Missing journal article title	2917078;Kaveh Ghaboosi|Matti Latva-aho|Qian Zhang|Yang Xiao;;;;;;;http://dx.doi.org/10.1109/TVT.2009.2018620;eMAC;IEEE T. Vehicular Technology;journals/tvt/GhaboosiLXZ09;2013-05-08;;;8;4476-4490;;;;;;;;;;db/journals/tvt/tvt58.html#GhaboosiLXZ09;58;2009
input_article.csv	68329	Missing journal article title	2923855;Paul A. Kaschube;;;;;;;http://dx.doi.org/10.1002/net.3230180312;Combinatorics for computer science;Networks;journals/networks/Kaschube88;2013-01-24;;;3;258-259;;;;;;;;;;db/journals/networks/networks18.html#Kaschube88;18;1988
input_article.csv	68385	Missing journal article title	2923911;Yogesh K. Agarwal;;;;;;;http://dx.doi.org/10.1002/net.20098;k;Networks;journals/networks/Agarwal06;2007-01-30;;;3;123-139;;;;;;;;;;db/journals/networks/networks47.html#Agarwal06;47;2006
input_article.csv	68555	Missing journal article title	2924081;Cheng-Nan Lai|Gen-Huey Chen;;;;;;;http://dx.doi.org/10.1002/net.20213;w|w;Networks;journals/networks/LaiC08;2008-09-26;;;3;171-177;;;;;;;;;;db/journals/networks/networks51.html#LaiC08;51;2008
input_article.csv	68960	Missing journal article title	2924486;Christophe Duhamel|Jérôme Truffot|Philippe Mahey;;;;;;;http://dx.doi.org/10.1002/net.20311;k;Networks;journals/networks/TruffotDM10;2010-03-19;;;1;33-45;;;;;;;;;;db/journals/networks/networks55.html#TruffotDM10;55;2010
input_article.csv	69088	Missing journal article title	2924614;Jack Yurkiewicz|Pace Plaza;;;;;;;http://dx.doi.org/10.1002/net.3230180310;Operations research: Applications and algorithms;Networks;journals/networks/YurkiewiczP88;2013-01-24;;;3;254-256;;;;;;;;;;db/journals/networks/networks18.html#YurkiewiczP88;18;1988
input_article.csv	69097	Missing journal article title	2924623;William F. Strain Jr.;;;;;;;http://dx.doi.org/10.1002/net.3230180311;Linked local area networks;Networks;journals/networks/Strain88;2013-01-24;;;3;256-257;;;;;;;;;;db/journals/networks/networks18.html#Strain88;18;1988
input_article.csv	69185	Missing journal article title	2924711;Fred S. Roberts|Robert J. Opsut;;;;;;;http://dx.doi.org/10.1002/net.3230130302;I|I|I;Networks;journals/networks/OpsutR83a;2013-01-24;;;3;327-345;;;;;;;;;;db/journals/networks/networks13.html#OpsutR83a;13;1983
input_article.csv	69277	Missing journal article title	2924803;M. G. Pilcher|R. Johnson;;;;;;;http://dx.doi.org/10.1002/net.3230180309;The traveling salesman problem;Networks;journals/networks/JohnsonP88;2013-01-24;;;3;253-254;;;;;;;;;;db/journals/networks/networks18.html#JohnsonP88;18;1988
input_article.csv	70153	Missing journal article title	2925679;Eva Bezak|Fatemeh Leyla Moghaddasi|Loredana G. Marcu;;;;;;;http://dx.doi.org/10.1155/2012/672895;In Silico;Comp. Math. Methods in Medicine;journals/cmmm/MoghaddasiBM12;2012-10-18;;;;;;;;;;;;;;db/journals/cmmm/cmmm2012.html#MoghaddasiBM12;2012;2012
input_article.csv	70184	Missing journal article title	2925710;Chinyere Nwabugwu|David Paik|Dean Felsher|Kavya Rakhra;;;;;;;http://dx.doi.org/10.1155/2013/802512;In Vivo;Comp. Math. Methods in Medicine;journals/cmmm/NwabugwuRFP13;2013-04-19;;;;;;;;;;;;;;db/journals/cmmm/cmmm2013.html#NwabugwuRFP13;2013;2013
input_article.csv	70502	Missing journal article title	2926028;Loredana G. Marcu|Wendy M. Harriss-Phillips;;;;;;;http://dx.doi.org/10.1155/2012/960256;In Silico;Comp. Math. Methods in Medicine;journals/cmmm/MarcuH12;2012-10-18;;;;;;;;;;;;;;db/journals/cmmm/cmmm2012.html#MarcuH12;2012;2012
input_article.csv	70568	Missing journal article title	2926094;Aimee L. McNamara|Hilary L. Byrne|Susanna Guatelli|Sébastien Incerti|Westa Domanova|Zdenka Kuncic;;;;;;;http://dx.doi.org/10.1155/2012/147252;In Silico;Comp. Math. Methods in Medicine;journals/cmmm/KuncicBMGDI12;2012-07-05;;;;;;;;;;;;;;db/journals/cmmm/cmmm2012.html#KuncicBMGDI12;2012;2012
input_article.csv	70728	Missing journal article title	2926254;Peter Horn|Torsten Sprenger|Wolfram Koepf;;;;;;;http://dx.doi.org/10.1007/s11786-012-0107-8;m;Mathematics in Computer Science;journals/mics/HornKS12;2012-04-25;;;1;61-77;;;;;;;;;;db/journals/mics/mics6.html#HornKS12;6;2012
input_article.csv	70741	Missing journal article title	2926267;Sof Anthony Lee;;;;;;;http://springerlink.metapress.com/content/b8w221j571604u35/;k;Mathematics in Computer Science;journals/mics/Lee10;2010-06-21;;;1;61-72;;;;;;;;;;db/journals/mics/mics3.html#Lee10;3;2010
input_article.csv	72375	Missing journal article title	2927901;Kevin Skoblenick|Stefan Everling;;;;;;;http://dx.doi.org/10.1162/jocn_a_00519;N;J. Cognitive Neuroscience;journals/jocn/SkoblenickE14;2014-02-14;;;3;577-592;;;;;;;;;;db/journals/jocn/jocn26.html#SkoblenickE14;26;2014
input_article.csv	72463	Missing journal article title	2927989;Carolyn McGettigan|Duncan Wisbey|Frank Eisner|Sophie K. Scott|Tom Manly|Zarinah K. Agnew;;;;;;;http://dx.doi.org/10.1162/jocn_a_00427;T'ain't What You Say, It's the Way That You Say It;J. Cognitive Neuroscience;journals/jocn/McGettiganEAMWS13;2013-11-22;;;11;1875-1886;;;;;;;;;;db/journals/jocn/jocn25.html#McGettiganEAMWS13;25;2013
input_article.csv	76457	Missing journal article title	2931983;Min Fu|Yanping Chen 0002|Zuliang Lu;;;;;;;http://dx.doi.org/10.1080/10556788.2011.582500;A posteriori;Optimization Methods and Software;journals/oms/ChenLF13;2013-11-18;;;1;37-53;;;;;;;;;;db/journals/oms/oms28.html#ChenLF13;28;2013
input_article.csv	76669	Missing journal article title	2932195;Anna von Heusinger|Christian Kanzow;;;;;;;http://dx.doi.org/10.1080/10556780802319370;SC;Optimization Methods and Software;journals/oms/HeusingerK08;2014-01-03;;;6;953-973;;;;;;1;;;;db/journals/oms/oms23.html#HeusingerK08;23;2008
input_article.csv	81123	Missing journal article title	2936649;Ancha V. Baranova|Andrei Ryazantzev|Dmitry Klimov|Mikhail Skoblov|Tatiana Tiazhelova;;;;;;;http://dx.doi.org/10.1142/S0219720006001795;in Silico;J. Bioinformatics and Computational Biology;journals/jbcb/KlimovSRTB06;2010-04-30;;;2;515-522;;;;;;;;;;db/journals/jbcb/jbcb4.html#KlimovSRTB06;4;2006
input_article.csv	81124	Missing journal article title	2936650;Mark S. Johnson|Mats Gyllenberg|Timo Koski|Ville-Veikko Rantanen;;;;;;;http://dx.doi.org/10.1142/S0219720005001417;a Priori;J. Bioinformatics and Computational Biology;journals/jbcb/RantanenGKJ05;2006-05-19;;;4;861-890;;;;;;;;;;db/journals/jbcb/jbcb3.html#RantanenGKJ05;3;2005
input_article.csv	81335	Missing journal article title	2936861;Igor I. Titov|Pavel S. Vorozheykin;;;;;;;http://dx.doi.org/10.1142/S0219720013430099;Ab initio;J. Bioinformatics and Computational Biology;journals/jbcb/TitovV13;2014-02-17;;;6;;;;;;;;;;;db/journals/jbcb/jbcb11.html#TitovV13;11;2013
input_article.csv	81577	Missing journal article title	2937103;Eli Kaminuma|Miki Nakazawa|Minami Matsui|Naohiko Heida|Takeshi Yoshizumi|Tetsuro Toyoda;;;;;;;http://dx.doi.org/10.1142/S0219720005001557;in Silico;J. Bioinformatics and Computational Biology;journals/jbcb/KaminumaHYNMT05;2006-05-19;;;6;1281-1294;;;;;;;;;;db/journals/jbcb/jbcb3.html#KaminumaHYNMT05;3;2005
input_article.csv	81704	Missing journal article title	2937230;Bin Ma|Lin He|Xi Han;;;;;;;http://dx.doi.org/10.1142/S0219720013500078;De novo;J. Bioinformatics and Computational Biology;journals/jbcb/HeHM13;2013-08-27;;;4;;;;;;;;;;;db/journals/jbcb/jbcb11.html#HeHM13;11;2013
input_article.csv	81756	Missing journal article title	2937282;Toshiyuki Sato|Yuri Matsuzaki|Yusuke Matsuzaki|Yutaka Akiyama;;;;;;;http://dx.doi.org/10.1142/S0219720009004461;In silico;J. Bioinformatics and Computational Biology;journals/jbcb/MatsuzakiMSA09;2010-09-27;;;6;991-1012;;;;;;;;;;db/journals/jbcb/jbcb7.html#MatsuzakiMSA09;7;2009
input_article.csv	84870	Missing journal article title	2940396;Joydeep Bhattacharya|Katsumi Watanabe|Shinsuke Shimojo;;;;;;;http://dx.doi.org/10.1142/S0218127404010850;Nonlinear Dynamics;I. J. Bifurcation and Chaos;journals/ijbc/BhattacharyaWS04;2009-04-29;;;8;2701-2720;;;;;;;;;;db/journals/ijbc/ijbc14.html#BhattacharyaWS04;14;2004
input_article.csv	92247	Missing journal article title	2947773;Esteve Pallarès|Jordi Forné|Jose L. Muñoz|Oscar Esparza;;;;;;;http://dx.doi.org/10.1007/s10660-008-9024-y;H;Electronic Commerce Research;journals/ecr/MunozEFP08;2009-12-17;;;4;255-273;;;;;;;;;;db/journals/ecr/ecr8.html#MunozEFP08;8;2008
input_article.csv	93743	Missing journal article title	2949269;Weimin Shen|Yanjun Shen;;;;;;;http://dx.doi.org/10.1007/s11063-007-9062-9;H;Neural Processing Letters;journals/npl/ShenS08;2008-03-13;;;2;97-113;;;;;infinity;;;;;db/journals/npl/npl27.html#ShenS08;27;2008
input_article.csv	94167	Missing journal article title	2949693;Enwen Zhu|Haomin Zhang|Jiezhong Zou|Yong Wang|Zheng Yu|Zhenting Hou;;;;;;;http://dx.doi.org/10.1007/s11063-007-9051-z;p;Neural Processing Letters;journals/npl/ZhuZWZYH07;2008-03-13;;;3;191-200;;;;;;;;;;db/journals/npl/npl26.html#ZhuZWZYH07;26;2007
input_article.csv	98337	Missing journal article title	2953863;Wyke Stommel;;;;;;;http://dx.doi.org/10.1111/j.1083-6101.2007.00390.x;Mein Nick bin ich! ;J. Computer-Mediated Communication;journals/jcmc/Stommel08;2010-12-13;;;1;141-162;;;;;;;;;;db/journals/jcmc/jcmc13.html#Stommel08;13;2007
input_article.csv	98348	Missing journal article title	2953874;Estelle Thoreau;;;;;;;http://dx.doi.org/10.1111/j.1083-6101.2006.00021.x;Ouch!;J. Computer-Mediated Communication;journals/jcmc/Thoreau06;2010-12-13;;;2;442-468;;;;;;;;;;db/journals/jcmc/jcmc11.html#Thoreau06;11;2006
input_article.csv	98428	Missing journal article title	2953954;Haejin Yun|Kyung-Hee Kim;;;;;;;http://dx.doi.org/10.1111/j.1083-6101.2007.00397.x;Cying |Cying ;J. Computer-Mediated Communication;journals/jcmc/KimY08;2010-12-13;;;1;298-318;;;;;;;;;;db/journals/jcmc/jcmc13.html#KimY08;13;2007
input_article.csv	98829	Missing journal article title	2954355;Dimitry M. Gorinevsky|Kwangmoo Koh|Seung-Jean Kim|Stephen P. Boyd;;;;;;;http://dx.doi.org/10.1137/070690274;;SIAM Review;journals/siamrev/KimKBG09;2011-03-22;;;2;339-360;;;;;1;;;;;db/journals/siamrev/siamrev51.html#KimKBG09;51;2009
input_article.csv	99013	Missing journal article title	2954539;Mark D. Corner|Prashant J. Shenoy|Xiaotao Liu;;;;;;;http://doi.acm.org/10.1145/1556134.1556141;SEVA;TOMCCAP;journals/tomccap/LiuCS09;2009-08-19;;;3;;;;;;;;;;;db/journals/tomccap/tomccap5.html#LiuCS09;5;2009
input_article.csv	105523	Missing journal article title	2961059;Olivier Togni;;;;;;;http://dx.doi.org/10.1016/j.endm.2009.07.012;l;Electronic Notes in Discrete Mathematics;journals/endm/Togni09;2010-05-03;;;;69-73;;;;;;;;;;db/journals/endm/endm34.html#Togni09;34;2009
input_article.csv	110473	Missing journal article title	2966009;Amit Anil Nanavati|Arun Kumar|Dipanjan Chakraborty 0001|Nandakishore Kambhatla|Nitendra Rajput|Sheetal K. Agarwal|Sougata Mukherjea|Swati Challa;;;;;;;http://doi.acm.org/10.1145/1341312.1341336;Pyr.mea.IT;Operating Systems Review;journals/sigops/AgarwalCCKKMNR08;2013-03-15;;;1;108-109;;;;;;;;;;db/journals/sigops/sigops42.html#AgarwalCCKKMNR08;42;2008
input_article.csv	111227	Missing journal article title	2966763;Claudia Hübner;;;;;;;http://link.springer.com/article/10.1016/j.thbio.2005.11.004;Hox;Theory in Biosciences;journals/tib/Hubner06;2013-03-07;;;3-4;371-396;;;;;;;;;;db/journals/tib/tib124.html#Hubner06;124;2006
input_article.csv	111330	Missing journal article title	2966866;Chi-hua Chiu|Jeremy D. Raincrow|Karen E. Chambers|Maya Deshmukh|Peter F. Stadler|Ryan McDaniell;;;;;;;http://dx.doi.org/10.1007/s12064-009-0056-1;Hiodon alosoides|Hox;Theory in Biosciences;journals/tib/ChambersMRDSC09;2013-03-06;;;2;109-120;;;;;;;;;;db/journals/tib/tib128.html#ChambersMRDSC09;128;2009
input_article.csv	111710	Missing journal article title	2967246;Wojciech M. Kempa;;;;;;;http://dx.doi.org/10.1007/s00186-008-0212-2;G|GI;Math. Meth. of OR;journals/mmor/Kempa09;2012-06-20;;;1;81-97;;;;;;;;;;db/journals/mmor/mmor69.html#Kempa09;69;2009
input_article.csv	111959	Missing journal article title	2967495;Rainer Knussmann;;;;;;;http://dx.doi.org/10.1007/BF01920930;Algol;Math. Meth. of OR;journals/mmor/Knussmann63;2012-07-17;;;1;27-36;;;;;;;;;;db/journals/mmor/mmor7.html#Knussmann63;7;1963
input_article.csv	112025	Missing journal article title	2967561;Emanuele G. Fusco|Paola Vocca|Richard B. Tan|Tiziana Calamoneri;;;;;;;http://dx.doi.org/10.1007/s00186-008-0261-6;L|h;Math. Meth. of OR;journals/mmor/CalamoneriFTV09;2012-06-20;;;2;307-321;;;;;;;;;;db/journals/mmor/mmor69.html#CalamoneriFTV09;69;2009
input_article.csv	112731	Missing journal article title	2968267;Rainer Knussmann;;;;;;;http://dx.doi.org/10.1007/BF01941907;Algol;Math. Meth. of OR;journals/mmor/Knussmann61;2012-06-27;;;2;61-79;;;;;;;;;;db/journals/mmor/mmor5.html#Knussmann61;5;1961
input_article.csv	120237	Missing journal article title	2975773;Steffen Börm;;;;;;;http://dx.doi.org/10.1007/s00607-005-0146-y;H;Computing;journals/computing/Borm06;2008-08-11;;;1;1-28;;;;;;2;;;;db/journals/computing/computing77.html#Borm06;77;2006
input_article.csv	120267	Missing journal article title	2975803;Friedhelm Schieweck|Vincent Heuveline;;;;;;;http://dx.doi.org/10.1007/s00607-007-0233-3;H;Computing;journals/computing/HeuvelineS07;2014-03-19;;;3;203-220;;;;;;1;;;;db/journals/computing/computing80.html#HeuvelineS07;80;2007
input_article.csv	120446	Missing journal article title	2975982;H. Chen|L. Guo;;;;;;;http://dx.doi.org/10.1007/s00607-005-0158-7;H;Computing;journals/computing/GuoC06;2007-02-08;;;2;205-221;;;;;;1;;;;db/journals/computing/computing77.html#GuoC06;77;2006
input_article.csv	120867	Missing journal article title	2976403;Jianmin Zheng;;;;;;;http://dx.doi.org/10.1007/s00607-009-0057-4;C|G;Computing;journals/computing/Zheng09;2009-12-17;;;2-3;257-268;;;;;;1|1;;;;db/journals/computing/computing86.html#Zheng09;86;2009
input_article.csv	120931	Missing journal article title	2976467;S. K. Tomar;;;;;;;http://dx.doi.org/10.1007/s00607-006-0176-0;h|p;Computing;journals/computing/Tomar06;2007-02-08;;;2;117-143;;;;;;;;;;db/journals/computing/computing78.html#Tomar06;78;2006
input_article.csv	123983	Missing journal article title	2979519;Zhudeng Wang;;;;;;;http://dx.doi.org/10.1016/j.ins.2006.03.019;TL|l;Inf. Sci.;journals/isci/Wang07;2006-12-21;;;3;887-896;;;;;;;;;;db/journals/isci/isci177.html#Wang07;177;2007
input_article.csv	124062	Missing journal article title	2979598;Jun Liu|Keyun Qin|Yang Xu|Zhenming Song;;;;;;;http://dx.doi.org/10.1016/S0020-0255(98)10053-1;L|L;Inf. Sci.;journals/isci/YangKJZ99;2013-05-10;;;1-4;205-235;;;;;vpl;;;;;db/journals/isci/isci114.html#YangKJZ99;114;1999
input_article.csv	125056	Missing journal article title	2980592;Andrea Mesiarová;;;;;;;http://dx.doi.org/10.1016/j.ins.2005.03.011;H|t;Inf. Sci.;journals/isci/Mesiarova06;2006-12-21;;;11;1531-1545;;;;;;;;;;db/journals/isci/isci176.html#Mesiarova06;176;2006
input_article.csv	126076	Missing journal article title	2981612;Carlos García Puntonet|Diego Salas-Gonzalez|Fermín Segovia|I. Álvarez Illán|J. M. Górriz|Javier Ramírez|M. M. López|Manuel Gómez-Río|Rosa Chaves;;;;;;;http://dx.doi.org/10.1016/j.ins.2010.10.027;;Inf. Sci.;journals/isci/IllanGRSLSCGP11;2011-04-27;;;4;903-916;;;;;;18;;;;db/journals/isci/isci181.html#IllanGRSLSCGP11;181;2011
input_article.csv	126392	Missing journal article title	2981928;Kokichi Tanaka|Masaharu Mizumoto|Motohide Umano;;;;;;;http://dx.doi.org/10.1016/0020-0255(78)90032-4;;Inf. Sci.;journals/isci/UmanoMT78;2004-06-24;;;2;115-159;;;;;FSTDS;;;;;db/journals/isci/isci14.html#UmanoMT78;14;1978
input_article.csv	127155	Missing journal article title	2982691;Kyung Chan Min|Yong Chan Kim;;;;;;;http://dx.doi.org/10.1016/j.ins.2004.07.005;L|L;Inf. Sci.;journals/isci/KimM05;2006-01-11;;;1-3;93-113;;;;;;;;;;db/journals/isci/isci173.html#KimM05;173;2005
input_article.csv	129742	Missing journal article title	2985278;José Claudio Geromel|Luiz A. V. Regis Filho;;;;;;;http://dx.doi.org/10.3166/ejc.12.30-39;H;Eur. J. Control;journals/ejcon/GeromelF06;2012-11-07;;;1;30-39;;;;;2;;;;;db/journals/ejcon/ejcon12.html#GeromelF06;12;2006
input_article.csv	130253	Missing journal article title	2985789;Gavin Sade;;;;;;;http://doi.acm.org/10.1145/1394021.1394025;Charmed;Computers in Entertainment;journals/cie/Sade08;2008-11-12;;;3;;;;;;;;;;;db/journals/cie/cie6.html#Sade08;6;2008
input_article.csv	130277	Missing journal article title	2985813;Ana Fernández Vilas|José J. Pazos Arias|Marta Rey-López|Rebeca P. Díaz Redondo;;;;;;;http://doi.acm.org/10.1145/1281329.1281339;Entercation;Computers in Entertainment;journals/cie/Rey-LopezRVA07;2007-11-06;;;2;;;;;;;;;;;db/journals/cie/cie5.html#Rey-LopezRVA07;5;2007
input_article.csv	131585	Missing journal article title	2987121;Moheb R. Girgis;;;;;;;http://doi.ieeecomputersociety.org/10.1109/32.232028;Corrigendum;IEEE Trans. Software Eng.;journals/tse/Girgis93;2011-11-07;;;6;640;;;;;;;;;;db/journals/tse/tse19.html#Girgis93;19;1993
input_article.csv	132716	Missing journal article title	2988252;David Lorge Parnas|Jia Xu;;;;;;;http://doi.ieeecomputersociety.org/10.1109/32.221141;Correction to;IEEE Trans. Software Eng.;journals/tse/XuP93a;2011-11-07;;;3;310;;;;;;;;;;db/journals/tse/tse19.html#XuP93a;19;1993
input_article.csv	138657	Missing journal article title	2994193;Antoinette Caird-Daley|Kevin Bessell|Robert J. Stone;;;;;;;http://dx.doi.org/10.1007/s10055-008-0110-1;SubSafe;Virtual Reality;journals/vr/StoneCB09;2009-12-09;;;1;3-12;;;;;;;;;;db/journals/vr/vr13.html#StoneCB09;13;2009
input_article.csv	138750	Missing journal article title	2994286;D. P. M. Wills|S. M. Lock;;;;;;;http://dx.doi.org/10.1007/BF01418972;VoxColliDe;Virtual Reality;journals/vr/LockW00;2011-06-05;;;1;8-22;;;;;;;;;;db/journals/vr/vr5.html#LockW00;5;2000
input_article.csv	140664	Missing journal article title	2996200;Rob Stone;;;;;;;http://dx.doi.org/10.1017/S0890060411000370;AI EDAM;AI EDAM;journals/aiedam/Stone12;2012-01-31;;;1;21;;;;;;;;;;db/journals/aiedam/aiedam26.html#Stone12;26;2012
input_article.csv	140710	Missing journal article title	2996246;David C. Brown;;;;;;;http://dx.doi.org/10.1017/S0890060410000181;AI EDAM;AI EDAM;journals/aiedam/Brown10;2010-11-18;;;3;281-282;;;;;;;;;;db/journals/aiedam/aiedam24.html#Brown10;24;2010
input_article.csv	140776	Missing journal article title	2996312;Kosuke Ishii;;;;;;;http://dx.doi.org/10.1017/S0890060400001517;Engineering Design: A Synthesis of Views;AI EDAM;journals/aiedam/Ishii96;2012-04-29;;;2;181-182;;;;;;;;;;db/journals/aiedam/aiedam10.html#Ishii96;10;1996
input_article.csv	140783	Missing journal article title	2996319;Tetsuo Tomiyama;;;;;;;http://dx.doi.org/10.1017/S0890060411000394;AI EDAM;AI EDAM;journals/aiedam/Tomiyama12;2012-01-31;;;1;23;;;;;;;;;;db/journals/aiedam/aiedam26.html#Tomiyama12;26;2012
input_article.csv	140788	Missing journal article title	2996324;Vladimir Uskov|William F. Punch;;;;;;;http://dx.doi.org/10.1017/S0890060400000482;Applications of Artificial Intelligence in Engineering, VII;AI EDAM;journals/aiedam/UskovP94;2012-04-30;;;1;77-79;;;;;;;;;;db/journals/aiedam/aiedam8.html#UskovP94;8;1994
input_article.csv	140874	Missing journal article title	2996410;Dan Grecu;;;;;;;http://dx.doi.org/10.1017/S0890060400001025;Cooperating Expert Systems in Mechanical Design;AI EDAM;journals/aiedam/Grecu94;2012-04-30;;;4;367-369;;;;;;;;;;db/journals/aiedam/aiedam8.html#Grecu94;8;1994
input_article.csv	144672	Missing journal article title	3000208;David Blair|Suzanne Hader|Tom Meyer;;;;;;;http://dx.doi.org/10.1016/0169-7552(95)00097-3;WAXweb;Computer Networks and ISDN Systems;journals/cn/MeyerBH95;2003-02-14;;;1&2;77-84;;;;;;;;;;db/journals/cn/cn28.html#MeyerBH95;28;1995
input_article.csv	148570	Missing journal article title	3004106;Esa Pitkänen|Hannu Maaheimo|Markku Saloheimo|Merja Penttilä|Paula Jouhten|Tiina Pakula;;;;;;;http://dx.doi.org/10.1186/1752-0509-3-104;;BMC Systems Biology;journals/bmcsb/JouhtenPPSPM09;2014-01-31;;;;104;;;;;;13;;;;db/journals/bmcsb/bmcsb3.html#JouhtenPPSPM09;3;2009
input_article.csv	151900	Missing journal article title	3007436;José Ramón Soler Fuensanta;;;;;;;http://dx.doi.org/10.1080/01611190902742681;Treaty of Cryptography;Cryptologia;journals/cryptologia/Fuensanta09;2009-09-30;;;2;118-124;;;;;;;;;;db/journals/cryptologia/cryptologia33.html#Fuensanta09;33;2009
input_article.csv	152247	Missing journal article title	3007783;Ivan Aaen;;;;;;;http://dx.doi.org/10.1057/ejis.2008.43;Essence;EJIS;journals/ejis/Aaen08;2010-07-08;;;5;543-553;;;;;;;;;;db/journals/ejis/ejis17.html#Aaen08;17;2008
input_article.csv	152414	Missing journal article title	3007950;Edgar A. Whitley|Robert D. Galliers;;;;;;;http://dx.doi.org/10.1057/palgrave.ejis.3000662;Vive les differences?;EJIS;journals/ejis/GalliersW07;2010-07-12;;;1;20-35;;;;;;;;;;db/journals/ejis/ejis16.html#GalliersW07;16;2007
input_article.csv	155221	Missing journal article title	3010757;Claudia Linnhoff-Popien;;;;;;;http://dx.doi.org/10.1515/piko.1997.20.4.190;Frauenpower;Praxis der Informationsverarbeitung und Kommunikation;journals/pik/Linnhoff-Popien97;2013-12-18;;;4;190-191;;;;;;;;;;db/journals/pik/pik20.html#Linnhoff-Popien97;20;1997
input_article.csv	159665	Missing journal article title	3015201;Liming Liang 0001;;;;;;;http://dx.doi.org/10.1007/s11192-006-0145-6;h|h;Scientometrics;journals/scientometrics/Liang06;2014-03-09;;;1;153-159;;;;;;;;;;db/journals/scientometrics/scientometrics69.html#Liang06;69;2006
input_article.csv	161986	Missing journal article title	3017522;Enrique Herrera-Viedma|Francisco Herrera|Francisco Javier Cabrerizo|Sergio Alonso;;;;;;;http://dx.doi.org/10.1007/s11192-009-0047-5;g|h|hg;Scientometrics;journals/scientometrics/AlonsoCVH10;2010-09-17;;;2;391-400;;;;;;;;;;db/journals/scientometrics/scientometrics82.html#AlonsoCVH10;82;2010
input_article.csv	163980	Missing journal article title	3019516;Marco M. Peloso|Valentina Casarino;;;;;;;http://dx.doi.org/10.1112/jlms/jdq067;L|p;J. London Math. Society;journals/jlms/CasarinoP11;2014-02-03;;;1;137-152;;;;;;;;;;db/journals/jlms/jlms83.html#CasarinoP11;83;2011
input_article.csv	164023	Missing journal article title	3019559;Jonathan A. Hillman;;;;;;;http://dx.doi.org/10.1112/jlms/jds038;S;J. London Math. Society;journals/jlms/Hillman13;2013-04-16;;;1;69-86;;;;;;2;;;;db/journals/jlms/jlms87.html#Hillman13;87;2013
input_article.csv	164029	Missing journal article title	3019565;Bin Zhu|Yu Zhou;;;;;;;http://dx.doi.org/10.1112/jlms/jdt059;T;J. London Math. Society;journals/jlms/ZhouZ14;2014-03-15;;;1;213-234;;;;;;;;;;db/journals/jlms/jlms89.html#ZhouZ14;89;2014
input_article.csv	164132	Missing journal article title	3019668;Chong Zhao|Kunyu Guo;;;;;;;http://dx.doi.org/10.1112/jlms/jds080;p;J. London Math. Society;journals/jlms/GuoZ13;2013-07-23;;;3;899-916;;;;;;;;;;db/journals/jlms/jlms87.html#GuoZ13;87;2013
input_article.csv	164135	Missing journal article title	3019671;Jack Spielberg;;;;;;;http://dx.doi.org/10.1112/jlms/jds025;C;J. London Math. Society;journals/jlms/Spielberg12;2012-11-22;;;3;728-754;;;;;;;;;;db/journals/jlms/jlms86.html#Spielberg12;86;2012
input_article.csv	164192	Missing journal article title	3019728;Karl Schwede|Kevin Tucker|Manuel Blickle;;;;;;;http://dx.doi.org/10.1112/jlms/jds070;F|p;J. London Math. Society;journals/jlms/BlickleST13;2013-07-23;;;3;802-818;;;;;;;;;;db/journals/jlms/jlms87.html#BlickleST13;87;2013
input_article.csv	166250	Missing journal article title	3021786;Jun Peng|Zaiming Liu;;;;;;;http://dx.doi.org/10.1007/s00521-011-0542-5;p;Neural Computing and Applications;journals/nca/PengL11a;2011-05-24;;;4;543-547;;;;;;;;;;db/journals/nca/nca20.html#PengL11a;20;2011
input_article.csv	166815	Missing journal article title	3022351;A. Ghareeb;;;;;;;http://dx.doi.org/10.1007/s00521-011-0642-2;L|L;Neural Computing and Applications;journals/nca/Ghareeb12;2014-02-24;;;Supplement-1;87-92;;;;;;;;;;db/journals/nca/nca21.html#Ghareeb12;21;2012
input_article.csv	167508	Missing journal article title	3023044;Arsham Borumand Saeid|Somayeh Motamed;;;;;;;http://dx.doi.org/10.1007/s00521-011-0548-z;BL|n;Neural Computing and Applications;journals/nca/MotamedS11;2011-05-24;;;4;461-472;;;;;;;;;;db/journals/nca/nca20.html#MotamedS11;20;2011
input_article.csv	175742	Missing journal article title	3031278;John A. Campbell|Laura S. Mastella|Luis Fernando De Ros|Luís A. Lima Silva|Mara Abel|Taisa Novello;;;;;;;http://dx.doi.org/10.1016/S0957-4174(03)00104-0;PetroGrapher;Expert Syst. Appl.;journals/eswa/AbelSRMCN04;2005-02-22;;;1;9-18;;;;;;;;;;db/journals/eswa/eswa26.html#AbelSRMCN04;26;2004
input_article.csv	182693	Missing journal article title	3038229;Huai-Ning Wu|Lei Guo|Xiao-Hong Qiang;;;;;;;http://dx.doi.org/10.1109/TSMCB.2010.2095006;L;IEEE Transactions on Systems, Man, and Cybernetics, Part B;journals/tsmc/WuQG11;2011-06-15;;;3;817-827;;;;;INFINITY ;;;;;db/journals/tsmc/tsmcb41.html#WuQG11;41;2011
input_article.csv	184977	Missing journal article title	3040513;Ligang Wu|Wei Xing Zheng;;;;;;;http://dx.doi.org/10.1109/TSMCB.2008.2012350;L|L;IEEE Transactions on Systems, Man, and Cybernetics, Part B;journals/tsmc/WuZ09;2011-02-17;;;5;1308-1315;;;;;2|INFINITY ;;;;;db/journals/tsmc/tsmcb39.html#WuZ09;39;2009
input_article.csv	193060	Missing journal article title	3048596;Daniel Bonevac|Nicholas Asher;;;;;;;http://dx.doi.org/10.1007/BF00370668;Prima Facie;Studia Logica;journals/sLogica/AsherB96;2011-06-03;;;1;19-45;;;;;;;;;;db/journals/sLogica/sLogica57.html#AsherB96;57;1996
input_article.csv	193577	Missing journal article title	3049113;Michael Morreau;;;;;;;http://dx.doi.org/10.1007/BF00370669;Prima Facie;Studia Logica;journals/sLogica/Morreau96;2011-06-03;;;1;47-71;;;;;;;;;;db/journals/sLogica/sLogica57.html#Morreau96;57;1996
input_article.csv	194598	Missing journal article title	3050134;Jinwu Gao|Rui Liang|Yueshan Yu|Zhi-Qiang Liu;;;;;;;http://dx.doi.org/10.1007/s11704-010-0511-7;N;Frontiers of Computer Science in China;journals/fcsc/LiangYGL10;2010-10-30;;;2;212-219;;;;;;;;;;db/journals/fcsc/fcsc4.html#LiangYGL10;4;2010
input_article.csv	195214	Missing journal article title	3050750;Roger D. Ray;;;;;;;http://dx.doi.org/10.1007/BF02946142;MediaMatrix;J. Computing in Higher Education;journals/jche/Ray95;2013-11-10;;;1;44-68;;;;;;;;;;db/journals/jche/jche7.html#Ray95;7;1995
input_article.csv	195221	Missing journal article title	3050757;Selma C. Etter;;;;;;;http://dx.doi.org/10.1007/BF03032719;Database Nation the Death of Privacy in the 21st Century;J. Computing in Higher Education;journals/jche/Etter00a;2013-11-07;;;1;141-143;;;;;;;;;;db/journals/jche/jche12.html#Etter00a;12;2000
input_article.csv	195228	Missing journal article title	3050764;Christopher Lehmann-Haupt;;;;;;;http://dx.doi.org/10.1007/BF02948606;After thought the computer challenge to human intelligence;J. Computing in Higher Education;journals/jche/Lehmann-Haupt97;2013-11-10;;;2;126-128;;;;;;;;;;db/journals/jche/jche8.html#Lehmann-Haupt97;8;1997
input_article.csv	195315	Missing journal article title	3050851;Edward A. Connors;;;;;;;http://dx.doi.org/10.1007/BF02941042;Interactive calculus;J. Computing in Higher Education;journals/jche/Connors95;2013-11-11;;;2;138-140;;;;;;;;;;db/journals/jche/jche6.html#Connors95;6;1995
input_article.csv	195379	Missing journal article title	3050915;Jerzy Oskar Jura;;;;;;;http://dx.doi.org/10.1007/BF02948598;EndNote™ plus;J. Computing in Higher Education;journals/jche/Jura96;2013-11-10;;;2;129-132;;;;;;;;;;db/journals/jche/jche7.html#Jura96;7;1996
input_article.csv	195386	Missing journal article title	3050922;Jose P. Mestre|Laura Wenk|Robert J. Dufresne|William J. Gerace|William J. Leonard;;;;;;;http://dx.doi.org/10.1007/BF02948592;Classtalk;J. Computing in Higher Education;journals/jche/DufresneGLMW96;2013-11-10;;;2;3-47;;;;;;;;;;db/journals/jche/jche7.html#DufresneGLMW96;7;1996
input_article.csv	195453	Missing journal article title	3050989;Laszlo Dienes;;;;;;;http://dx.doi.org/10.1007/BF02948607;IRISPen;J. Computing in Higher Education;journals/jche/Dienes97;2013-11-10;;;2;129-136;;;;;;;;;;db/journals/jche/jche8.html#Dienes97;8;1997
input_article.csv	234718	Missing journal value	3090780;Guillaume Bonfante|Yves Guiraud;Logical Methods in Computer Science;;;;;;http://arxiv.org/abs/cs/0701032;;;journals/corr/abs-cs-0701032;2011-11-15;;;2;;;;;;;;Programs as polygraphs: computability and complexity;;;db/journals/lmcs/lmcs5.html#abs-cs-0701032;5;2009
input_article.csv	250438	Missing journal value	3106804;Florian Horn|Hugo Gimbert;Logical Methods in Computer Science;;;;;;http://arxiv.org/abs/0712.1765;;;journals/corr/abs-0712-1765;2012-10-15;;;2;;;;;;;;Solving Simple Stochastic Games with Few Random Vertices;;;db/journals/lmcs/lmcs5.html#abs-0712-1765;5;2009
input_article.csv	274945	Missing journal article title	3131780;Lisa Lai-Shen Cheng;;;;;;;http://dx.doi.org/10.1111/j.1749-818X.2009.00133.x;Wh-;Language and Linguistics Compass;journals/llc/Cheng09;2011-04-06;;;3;767-791;;;;;;;;;;db/journals/llc/llc3.html#Cheng09;3;2009
input_article.csv	275070	Missing journal article title	3131905;Pilar P. Barbosa;;;;;;;http://dx.doi.org/10.1111/j.1749-818X.2011.00293.x;Pro|pro;Language and Linguistics Compass;journals/llc/Barbosa11;2011-08-09;;;8;551-570;;;;;;;;;;db/journals/llc/llc5.html#Barbosa11;5;2011
input_article.csv	275234	Missing journal article title	3132069;Pilar Barbosa;;;;;;;http://dx.doi.org/10.1111/j.1749-818X.2011.00292.x;Pro|pro|pro;Language and Linguistics Compass;journals/llc/Barbosa11a;2011-08-09;;;8;571-587;;;;;;;;;;db/journals/llc/llc5.html#Barbosa11a;5;2011
input_article.csv	275346	Missing journal article title	3132181;Pan Du|Simon M. Lin|Warren A. Kibbe;;;;;;;http://dx.doi.org/10.1093/bioinformatics/btn224;lumi;Bioinformatics;journals/bioinformatics/DuKL08;2008-08-04;;;13;1547-1548;;;;;;;;;;db/journals/bioinformatics/bioinformatics24.html#DuKL08;24;2008
input_article.csv	275354	Missing journal article title	3132189;Ingo Ruczinski|Jason C. Ting|Jonathan Pevsner|Robert B. Scharpf;;;;;;;http://dx.doi.org/10.1093/bioinformatics/btl638;SNPchip;Bioinformatics;journals/bioinformatics/ScharpfTPR07;2007-04-25;;;5;627-628;;;;;;;;;;db/journals/bioinformatics/bioinformatics23.html#ScharpfTPR07;23;2007
input_article.csv	275455	Missing journal article title	3132290;Doheon Lee|Dokyun Na;;;;;;;http://dx.doi.org/10.1093/bioinformatics/btq458;RBSDesigner;Bioinformatics;journals/bioinformatics/NaL10;2010-11-17;;;20;2633-2634;;;;;;;;;;db/journals/bioinformatics/bioinformatics26.html#NaL10;26;2010
input_article.csv	275502	Missing journal article title	3132337;David Fleer|Marc Rehmsmeier|Robert Giegerich|Robert Homann;;;;;;;http://dx.doi.org/10.1093/bioinformatics/btp112;mkESA;Bioinformatics;journals/bioinformatics/HomannFGR09;2009-06-22;;;8;1084-1085;;;;;;;;;;db/journals/bioinformatics/bioinformatics25.html#HomannFGR09;25;2009
input_article.csv	275523	Missing journal article title	3132358;Davis J. McCarthy|Gordon K. Smyth|Mark D. Robinson;;;;;;;http://dx.doi.org/10.1093/bioinformatics/btp616;;Bioinformatics;journals/bioinformatics/RobinsonMS10;2010-04-13;;;1;139-140;;;;;;;;;edgeR;db/journals/bioinformatics/bioinformatics26.html#RobinsonMS10;26;2010
input_article.csv	275588	Missing journal article title	3132423;Daniel Zerbino|Ewan Birney|Marcel H. Schulz|Martin Vingron;;;;;;;http://dx.doi.org/10.1093/bioinformatics/bts094;Oases: |de novo;Bioinformatics;journals/bioinformatics/SchulzZVB12;2012-04-19;;;8;1086-1092;;;;;;;;;;db/journals/bioinformatics/bioinformatics28.html#SchulzZVB12;28;2012
input_article.csv	275602	Missing journal article title	3132437;Jianhua Ruan|Ralph S. Quatrano|Taotao Yu|Tuan-hua David Ho|Weixiong Zhang|Youngsook You;;;;;;;http://dx.doi.org/10.1093/bioinformatics/bti490;Arabidopsis thaliana|Cis;Bioinformatics;journals/bioinformatics/ZhangRHYYQ05;2005-09-12;;;14;3074-3081;;;;;;;;;;db/journals/bioinformatics/bioinformatics21.html#ZhangRHYYQ05;21;2005
input_article.csv	275711	Missing journal article title	3132546;Andreas Biegert|Johannes Söding;;;;;;;http://dx.doi.org/10.1093/bioinformatics/btn039;De novo;Bioinformatics;journals/bioinformatics/BiegertS08;2008-04-04;;;6;807-814;;;;;;;;;;db/journals/bioinformatics/bioinformatics24.html#BiegertS08;24;2008
input_article.csv	275810	Missing journal article title	3132645;Andrzej M. Kierzek|Jacek Sroka|Jerzy Tyszkiewicz|Lukasz Krupa;;;;;;;http://dx.doi.org/10.1093/bioinformatics/btr425;CalcTav|Taverna;Bioinformatics;journals/bioinformatics/SrokaKKT11;2011-09-14;;;18;2618-2619;;;;;;;;;;db/journals/bioinformatics/bioinformatics27.html#SrokaKKT11;27;2011
input_article.csv	275820	Missing journal article title	3132655;Alberto Gomez-Casado|Bruno Samorì|Fabrizio Benedetti|Marco Brucale|Massimo Sandal;;;;;;;http://dx.doi.org/10.1093/bioinformatics/btp180;Hooke;Bioinformatics;journals/bioinformatics/SandalBBGS09;2009-06-22;;;11;1428-1430;;;;;;;;;;db/journals/bioinformatics/bioinformatics25.html#SandalBBGS09;25;2009
input_article.csv	275882	Missing journal article title	3132717;Christian N. S. Pedersen|Jens Stougaard|Katharina Markmann|Stig U. Andersen|Vikas Gupta;;;;;;;http://dx.doi.org/10.1093/bioinformatics/bts496;shortran;Bioinformatics;journals/bioinformatics/GuptaMPSA12;2012-10-15;;;20;2698-2700;;;;;;;;;;db/journals/bioinformatics/bioinformatics28.html#GuptaMPSA12;28;2012
input_article.csv	275906	Missing journal article title	3132741;Kellie J. Archer|Michael F. Miles|Richard E. Kennedy|Robnet T. Kerns|Xiangrong Kong;;;;;;;http://dx.doi.org/10.1093/bioinformatics/btl108;SScore;Bioinformatics;journals/bioinformatics/KennedyKKAM06;2006-08-24;;;10;1272-1274;;;;;;;;;;db/journals/bioinformatics/bioinformatics22.html#KennedyKKAM06;22;2006
input_article.csv	276092	Missing journal article title	3132927;Haiyan Zhou|Shuli Kang|Tongbin Li|Wuming Gong|Yejun Wang|Yongliang Ren;;;;;;;http://dx.doi.org/10.1093/bioinformatics/btn442;siDRM;Bioinformatics;journals/bioinformatics/GongRZWKL08;2008-11-05;;;20;2405-2406;;;;;;;;;;db/journals/bioinformatics/bioinformatics24.html#GongRZWKL08;24;2008
input_article.csv	276254	Missing journal article title	3133089;Long Li|Marc S. Halfon|Steven M. Gallo|Zihua Hu;;;;;;;http://dx.doi.org/10.1093/bioinformatics/bti794;Drosophila|REDfly: ;Bioinformatics;journals/bioinformatics/GalloLHH06;2006-08-24;;;3;381-383;;;;;;;;;;db/journals/bioinformatics/bioinformatics22.html#GalloLHH06;22;2006
input_article.csv	276390	Missing journal article title	3133225;Kaida Ning|Ming Chen|Xiaohui Chen;;;;;;;http://dx.doi.org/10.1093/bioinformatics/btl491;BNArray;Bioinformatics;journals/bioinformatics/ChenCN06;2007-01-26;;;23;2952-2954;;;;;;;;;;db/journals/bioinformatics/bioinformatics22.html#ChenCN06;22;2006
input_article.csv	276534	Missing journal article title	3133369;Andrew J. Bromage|Bryan Beresford-Smith|Jeremy Wazny|Justin Zobel|Thomas C. Conway;;;;;;;http://dx.doi.org/10.1093/bioinformatics/bts297;Gossamer|de novo;Bioinformatics;journals/bioinformatics/ConwayWBZB12;2012-07-11;;;14;1937-1938;;;;;;;;;;db/journals/bioinformatics/bioinformatics28.html#ConwayWBZB12;28;2012
input_article.csv	276536	Missing journal article title	3133371;Bojana Ginovska-Pangovska|Brian T. Schrom|Giorgis Isaac|John H. Miller|Lars J. Kangas|Li Tan|Luning Wang|Robert R. Lewis|Thomas O. Metz;;;;;;;http://dx.doi.org/10.1093/bioinformatics/bts194;In silico;Bioinformatics;journals/bioinformatics/KangasMISGWTLM12;2012-07-02;;;13;1705-1713;;;;;;;;;;db/journals/bioinformatics/bioinformatics28.html#KangasMISGWTLM12;28;2012
input_article.csv	276619	Missing journal article title	3133454;Aris Katzourakis|Robert Belshaw;;;;;;;http://dx.doi.org/10.1093/bioinformatics/bth459;BlastAlign|blast;Bioinformatics;journals/bioinformatics/BelshawK05;2005-01-14;;;1;122-123;;;;;;;;;;db/journals/bioinformatics/bioinformatics21.html#BelshawK05;21;2005
input_article.csv	276645	Missing journal article title	3133480;Cydney B. Nielsen|Douglas E. Horsman|Greg Stazyk|Inanç Birol|Jacqueline E. Schein|Jenny Q. Qian|Joseph M. Connors|Marco A. Marra|Martin Hirst|Randy D. Gascoyne|Richard Varhol|Ryan D. Morin|Shaun D. Jackman|Steven J. M. Jones|Yongjun Zhao;;;;;;;http://dx.doi.org/10.1093/bioinformatics/btp367;De novo;Bioinformatics;journals/bioinformatics/BirolJNQVSMZHSHCGMJ09;2009-12-08;;;21;2872-2877;;;;;;;;;;db/journals/bioinformatics/bioinformatics25.html#BirolJNQVSMZHSHCGMJ09;25;2009
input_article.csv	276712	Missing journal article title	3133547;Ananyo Choudhury|Ansuman Lahiri;;;;;;;http://dx.doi.org/10.1093/bioinformatics/btn417;Arabidopsis thaliana;Bioinformatics;journals/bioinformatics/ChoudhuryL08;2008-11-05;;;19;2263-2264;;;;;;;;;;db/journals/bioinformatics/bioinformatics24.html#ChoudhuryL08;24;2008
input_article.csv	276751	Missing journal article title	3133586;Chiara Romualdi|Gabriele Sales;;;;;;;http://dx.doi.org/10.1093/bioinformatics/btr274;parmigene;Bioinformatics [ISMB/ECCB];journals/bioinformatics/SalesR11;2011-06-23;;;13;1876-1877;;;;;;;;;;db/journals/bioinformatics/bioinformatics27.html#SalesR11;27;2011
input_article.csv	276955	Missing journal article title	3133790;Rukshan Batuwita|Vasile Palade;;;;;;;http://dx.doi.org/10.1093/bioinformatics/btp107;microPred;Bioinformatics;journals/bioinformatics/BatuwitaP09;2009-06-22;;;8;989-995;;;;;;;;;;db/journals/bioinformatics/bioinformatics25.html#BatuwitaP09;25;2009
input_article.csv	277033	Missing journal article title	3133868;David Hernández|Jacques Schrenzel|Jean-Baptiste Veyrieras|Laurent Farinelli|Magne Østerås|Patrice François|Ryan Tewhey;;;;;;;http://dx.doi.org/10.1093/bioinformatics/btt590;De no|Staphylococcus aureus;Bioinformatics;journals/bioinformatics/HernandezTVFOFS14;2014-01-07;;;1;40-49;;;;;;;;;;db/journals/bioinformatics/bioinformatics30.html#HernandezTVFOFS14;30;2014
input_article.csv	277076	Missing journal article title	3133911;Andre S. Ribeiro|Daniel A. Charlebois|Jason Lloyd-Price;;;;;;;http://dx.doi.org/10.1093/bioinformatics/btm491;CellLine;Bioinformatics;journals/bioinformatics/RibeiroCL07;2008-01-11;;;24;3409-3411;;;;;;;;;;db/journals/bioinformatics/bioinformatics23.html#RibeiroCL07;23;2007
input_article.csv	277252	Missing journal article title	3134087;Dan Wright|John Eargle|Zaida Luthey-Schulten;;;;;;;http://dx.doi.org/10.1093/bioinformatics/bti825;Multiple Alignment;Bioinformatics;journals/bioinformatics/EargleWL06;2006-08-24;;;4;504-506;;;;;;;;;;db/journals/bioinformatics/bioinformatics22.html#EargleWL06;22;2006
input_article.csv	277376	Missing journal article title	3134211;Martin Posch|Sonja Zehetmayer;;;;;;;http://dx.doi.org/10.1093/bioinformatics/btq085;Post hoc;Bioinformatics;journals/bioinformatics/ZehetmayerP10;2010-04-13;;;8;1050-1056;;;;;;;;;;db/journals/bioinformatics/bioinformatics26.html#ZehetmayerP10;26;2010
input_article.csv	277415	Missing journal article title	3134250;Marília D. V. Braga;;;;;;;http://dx.doi.org/10.1093/bioinformatics/btp285;;Bioinformatics;journals/bioinformatics/Braga09;2009-08-31;;;14;1833-1835;;;;;;;;;baobabLUNA;db/journals/bioinformatics/bioinformatics25.html#Braga09;25;2009
input_article.csv	277429	Missing journal article title	3134264;Fengfeng Zhou|Mark Stead|Sarah Marshburn|Sidney R. Kushner|Thao T. Tran|Ying Xu;;;;;;;http://dx.doi.org/10.1093/bioinformatics/btp537;De novo;Bioinformatics;journals/bioinformatics/TranZMSKX09;2009-12-08;;;22;2897-2905;;;;;;;;;;db/journals/bioinformatics/bioinformatics25.html#TranZMSKX09;25;2009
input_article.csv	277522	Missing journal article title	3134357;Boaz Shaanan|Elizabeta Bab-Dinitz|Hagay Shmuely|Jerry Eichler|Julie Maupin-Furlow;;;;;;;http://dx.doi.org/10.1093/bioinformatics/btk043;Haloferax volcanii;Bioinformatics;journals/bioinformatics/Bab-DinitzSMES06;2006-08-24;;;6;671-675;;;;;;;;;;db/journals/bioinformatics/bioinformatics22.html#Bab-DinitzSMES06;22;2006
input_article.csv	277525	Missing journal article title	3134360;Gregory Ewing|Joachim Hermisson;;;;;;;http://dx.doi.org/10.1093/bioinformatics/btq322;MSMS;Bioinformatics;journals/bioinformatics/EwingH10;2010-08-11;;;16;2064-2065;;;;;;;;;;db/journals/bioinformatics/bioinformatics26.html#EwingH10;26;2010
input_article.csv	277574	Missing journal article title	3134409;Nahum Sonenberg|Ola Larsson|Robert Nadon;;;;;;;http://dx.doi.org/10.1093/bioinformatics/btr146;anota;Bioinformatics;journals/bioinformatics/LarssonSN11;2011-05-09;;;10;1440-1441;;;;;;;;;;db/journals/bioinformatics/bioinformatics27.html#LarssonSN11;27;2011
input_article.csv	277743	Missing journal article title	3134578;Brittan N. Clark|Howard B. Gutstein|Jeffrey S. Morris;;;;;;;http://dx.doi.org/10.1093/bioinformatics/btm590;Pinnacle;Bioinformatics;journals/bioinformatics/MorrisCG08;2008-02-28;;;4;529-536;;;;;;;;;;db/journals/bioinformatics/bioinformatics24.html#MorrisCG08;24;2008
input_article.csv	278110	Missing journal article title	3134945;Hakim Tafer|Ivo L. Hofacker|Jana Hertel|Peter F. Stadler|Stephanie Kehr;;;;;;;http://dx.doi.org/10.1093/bioinformatics/btp680;;Bioinformatics;journals/bioinformatics/TaferKHHS10;2010-04-13;;;5;610-616;;;;;;;;;RNAsnoop;db/journals/bioinformatics/bioinformatics26.html#TaferKHHS10;26;2010
input_article.csv	278169	Missing journal article title	3135004;Andrew Butcher|Gavin H. Thomas|Nikitas Papangelopoulos|Peter D. Ashton|Richard S. P. Horler;;;;;;;http://dx.doi.org/10.1093/bioinformatics/btn596;Echo|Escherichia coli|in silico;Bioinformatics;journals/bioinformatics/HorlerBPAT09;2009-06-22;;;2;163-166;;;;;;;;;;db/journals/bioinformatics/bioinformatics25.html#HorlerBPAT09;25;2009
input_article.csv	278255	Missing journal article title	3135090;Ismaïl Ahmed|Thibaut Jombart;;;;;;;http://dx.doi.org/10.1093/bioinformatics/btr521;adegenet 1.3-1;Bioinformatics;journals/bioinformatics/JombartA11;2011-11-02;;;21;3070-3071;;;;;;;;;;db/journals/bioinformatics/bioinformatics27.html#JombartA11;27;2011
input_article.csv	278315	Missing journal article title	3135150;Thibaut Jombart;;;;;;;http://dx.doi.org/10.1093/bioinformatics/btn129;adegenet;Bioinformatics;journals/bioinformatics/Jombart08;2008-05-20;;;11;1403-1405;;;;;;;;;;db/journals/bioinformatics/bioinformatics24.html#Jombart08;24;2008
input_article.csv	278437	Missing journal article title	3135272;Michael J. Sanderson;;;;;;;http://dx.doi.org/10.1093/bioinformatics/btl044;Paloverde;Bioinformatics;journals/bioinformatics/Sanderson06;2006-08-24;;;8;1004-1006;;;;;;;;;;db/journals/bioinformatics/bioinformatics22.html#Sanderson06;22;2006
input_article.csv	278477	Missing journal article title	3135312;Felix Tille|Jens Stoye|Michael Sammeth|Thasso Griebel;;;;;;;http://dx.doi.org/10.1093/bioinformatics/btl007;Panta rhei;Bioinformatics;journals/bioinformatics/SammethGTS06;2006-08-24;;;7;889-890;;;;;;;;;;db/journals/bioinformatics/bioinformatics22.html#SammethGTS06;22;2006
input_article.csv	278534	Missing journal article title	3135369;Jian-Guo Jiang|Lan Xiao|Shi-Shui Zhou|Yong-Min Lao|Zhi-Wei Ye;;;;;;;http://dx.doi.org/10.1093/bioinformatics/btr371;Duanliella bardawil|In silico;Bioinformatics;journals/bioinformatics/LaoXYJZ11;2011-08-22;;;16;2201-2208;;;;;;;;;;db/journals/bioinformatics/bioinformatics27.html#LaoXYJZ11;27;2011
input_article.csv	278581	Missing journal article title	3135416;David Grocutt|Denis J. Murphy|James Southern|Martin Triska|Tatiana Tatarinova;;;;;;;http://dx.doi.org/10.1093/bioinformatics/btt366;cisExpress;Bioinformatics;journals/bioinformatics/TriskaGSMT13;2013-10-16;;;17;2203-2205;;;;;;;;;;db/journals/bioinformatics/bioinformatics29.html#TriskaGSMT13;29;2013
input_article.csv	278632	Missing journal article title	3135467;Aravind Subramanian|Heidi Kuehn|Jill P. Mesirov|Joshua Gould|Pablo Tamayo;;;;;;;http://dx.doi.org/10.1093/bioinformatics/btm369;GSEA-P;Bioinformatics;journals/bioinformatics/SubramanianKGTM07;2008-01-11;;;23;3251-3253;;;;;;;;;;db/journals/bioinformatics/bioinformatics23.html#SubramanianKGTM07;23;2007
input_article.csv	278980	Missing journal article title	3135815;Filippo Rusconi;;;;;;;http://dx.doi.org/10.1093/bioinformatics/btp504;massXpert 2;Bioinformatics;journals/bioinformatics/Rusconi09;2009-10-09;;;20;2741-2742;;;;;;;;;;db/journals/bioinformatics/bioinformatics25.html#Rusconi09;25;2009
input_article.csv	279080	Missing journal article title	3135915;Joo Chuan Tong|Shoba Ranganathan|Tin Wee Tan;;;;;;;http://dx.doi.org/10.1093/bioinformatics/btl563;In silico;Bioinformatics;journals/bioinformatics/TongTR07;2007-01-29;;;2;177-183;;;;;;;;;;db/journals/bioinformatics/bioinformatics23.html#TongTR07;23;2007
input_article.csv	279178	Missing journal article title	3136013;Glenn Stone|Lauren M. Bragg;;;;;;;http://dx.doi.org/10.1093/bioinformatics/btp410;k;Bioinformatics;journals/bioinformatics/BraggS09;2009-09-18;;;18;2302-2308;;;;;;;;;;db/journals/bioinformatics/bioinformatics25.html#BraggS09;25;2009
input_article.csv	279287	Missing journal article title	3136122;Chi-Yuan Yu|Chien-Yu Chen|Ding-Dar Lee|Huai-Kuang Tsai|Kai-Wei Liu|Lih-Ching Chou|Mei-Ju May Chen|Tsung-Ting Hsieh|Yen-Jen Oyang;;;;;;;http://dx.doi.org/10.1093/bioinformatics/bts002;De novo|Saccharomyces cerevisiae;Bioinformatics;journals/bioinformatics/ChenCHLLYOTC12;2012-03-05;;;5;701-708;;;;;;;;;;db/journals/bioinformatics/bioinformatics28.html#ChenCHLLYOTC12;28;2012
input_article.csv	279405	Missing journal article title	3136240;Christina M. Bergey;;;;;;;http://dx.doi.org/10.1093/bioinformatics/btr491;Alu|AluHunter;Bioinformatics;journals/bioinformatics/Bergey11;2011-10-15;;;20;2924-2925;;;;;;;;;;db/journals/bioinformatics/bioinformatics27.html#Bergey11;27;2011
input_article.csv	279630	Missing journal article title	3136465;Claudio Lottaz|Rainer Spang|Stefanie Scheid|Xinan Yang;;;;;;;http://dx.doi.org/10.1093/bioinformatics/btl385;OrderedList;Bioinformatics;journals/bioinformatics/LottazYSS06;2007-01-26;;;18;2315-2316;;;;;;;;;;db/journals/bioinformatics/bioinformatics22.html#LottazYSS06;22;2006
input_article.csv	279705	Missing journal article title	3136540;Alexander Herbig|Florian Battke|Kay Nieselt|Stephan Symons;;;;;;;http://dx.doi.org/10.1093/bioinformatics/btr429;GaggleBridge;Bioinformatics;journals/bioinformatics/BattkeSHN11;2011-09-14;;;18;2612-2613;;;;;;;;;;db/journals/bioinformatics/bioinformatics27.html#BattkeSHN11;27;2011
input_article.csv	279778	Missing journal article title	3136613;Krishnan Raghunathan|Pennathur Gautam|Richard Thilakaraj|Sharmila Anishetty;;;;;;;http://dx.doi.org/10.1093/bioinformatics/btl617;In silico;Bioinformatics;journals/bioinformatics/ThilakarajRAG07;2007-04-25;;;3;267-271;;;;;;;;;;db/journals/bioinformatics/bioinformatics23.html#ThilakarajRAG07;23;2007
input_article.csv	279885	Missing journal article title	3136720;Angela E. Douglas|Gavin H. Thomas|M. Dennis Prickett|Matt Page;;;;;;;http://dx.doi.org/10.1093/bioinformatics/btk024;Buchnera|Buchnera;Bioinformatics;journals/bioinformatics/PrickettPDT06;2006-08-24;;;5;641-642;;;;;;;;;;db/journals/bioinformatics/bioinformatics22.html#PrickettPDT06;22;2006
input_article.csv	280018	Missing journal article title	3136853;Divyakant Agrawal|Kian-Lee Tan|Limsoon Wong|Yue Wang 0006|Zhengkui Wang;;;;;;;http://dx.doi.org/10.1093/bioinformatics/btr091;eCEO;Bioinformatics;journals/bioinformatics/WangWTWA11;2014-01-24;;;8;1045-1051;;;;;;;;;;db/journals/bioinformatics/bioinformatics27.html#WangWTWA11;27;2011
input_article.csv	280124	Missing journal article title	3136959;Christin Schärfer|Gordon Gremme|Malte Mader|Sascha Steinbiss|Stefan Kurtz;;;;;;;http://dx.doi.org/10.1093/bioinformatics/btn657;AnnotationSketch;Bioinformatics;journals/bioinformatics/SteinbissGSMK09;2009-06-22;;;4;533-534;;;;;;;;;;db/journals/bioinformatics/bioinformatics25.html#SteinbissGSMK09;25;2009
input_article.csv	280153	Missing journal article title	3136988;Ahmet Bakan|Ivet Bahar|Lidio M. Meireles;;;;;;;http://dx.doi.org/10.1093/bioinformatics/btr168;ProDy;Bioinformatics;journals/bioinformatics/BakanMB11;2011-05-31;;;11;1575-1577;;;;;;;;;;db/journals/bioinformatics/bioinformatics27.html#BakanMB11;27;2011
input_article.csv	280181	Missing journal article title	3137016;Bing Zhang 0003|Xiaojing Wang;;;;;;;http://dx.doi.org/10.1093/bioinformatics/btt543;customProDB;Bioinformatics;journals/bioinformatics/WangZ13a;2014-01-30;;;24;3235-3237;;;;;;;;;;db/journals/bioinformatics/bioinformatics29.html#WangZ13a;29;2013
input_article.csv	280240	Missing journal article title	3137075;A. J. Rader|Christopher Jon Jursa|Hassan A. Karimi|Ivet Bahar|Lee-Wei Yang|Mark Holliman|Xiong Liu;;;;;;;http://dx.doi.org/10.1093/bioinformatics/bti469;i;Bioinformatics;journals/bioinformatics/YangLJHRKB05;2007-02-02;;;13;2978-2987;;;;;;;;;;db/journals/bioinformatics/bioinformatics21.html#YangLJHRKB05;21;2005
input_article.csv	280790	Missing journal article title	3137625;Gabriel Nicholas|John R. Stevens;;;;;;;http://dx.doi.org/10.1093/bioinformatics/btp468;metahdep;Bioinformatics;journals/bioinformatics/StevensN09;2009-09-28;;;19;2619-2620;;;;;;;;;;db/journals/bioinformatics/bioinformatics25.html#StevensN09;25;2009
input_article.csv	280847	Missing journal article title	3137682;Aakash Chawade|Angelica Lindlöf|Björn Olsson|Marcus Bräutigam|Olof Olsson;;;;;;;http://dx.doi.org/10.1093/bioinformatics/btp172;Arabidopsis thaliana|In silico|Oryza sativa;Bioinformatics;journals/bioinformatics/LindlofBCOO09;2009-06-22;;;11;1345-1348;;;;;;;;;;db/journals/bioinformatics/bioinformatics25.html#LindlofBCOO09;25;2009
input_article.csv	280930	Missing journal article title	3137765;Andreas Spitz|Emoke-Ágnes Horvát|Katharina Anna Zweig;;;;;;;http://dx.doi.org/10.1093/bioinformatics/btt408;SICOP;Bioinformatics;journals/bioinformatics/SpitzZH13;2013-12-09;;;19;2503-2504;;;;;;;;;;db/journals/bioinformatics/bioinformatics29.html#SpitzZH13;29;2013
input_article.csv	281068	Missing journal article title	3137903;Karel Heymans|Martin Kuiper|Steven Maere;;;;;;;http://dx.doi.org/10.1093/bioinformatics/bti551;BiNGO;Bioinformatics;journals/bioinformatics/MaereHK05;2005-09-12;;;16;3448-3449;;;;;;;;;;db/journals/bioinformatics/bioinformatics21.html#MaereHK05;21;2005
input_article.csv	281171	Missing journal article title	3138006;Gary J. W. Liao|Hao Sun|K. C. Allen Chan|Peiyong Jiang|Rossa W. K. Chiu|Tak Y. Leung|Yama W. L. Zheng|Yuk Ming Dennis Lo;;;;;;;http://dx.doi.org/10.1093/bioinformatics/bts549;FetalQuant;Bioinformatics;journals/bioinformatics/JiangCLZLCLS12;2012-11-19;;;22;2883-2890;;;;;;;;;;db/journals/bioinformatics/bioinformatics28.html#JiangCLZLCLS12;28;2012
input_article.csv	281264	Missing journal article title	3138099;Mathieu Gautier|Renaud Vitalis;;;;;;;http://dx.doi.org/10.1093/bioinformatics/bts115;rehh;Bioinformatics;journals/bioinformatics/GautierV12;2012-04-19;;;8;1176-1177;;;;;;;;;;db/journals/bioinformatics/bioinformatics28.html#GautierV12;28;2012
input_article.csv	281488	Missing journal article title	3138323;Federico Balbi|Rosemarie Plaetke;;;;;;;http://dx.doi.org/10.1093/bioinformatics/btq523;PedMerge;Bioinformatics;journals/bioinformatics/PlaetkeB10;2010-11-17;;;21;2790-2791;;;;;;;;;;db/journals/bioinformatics/bioinformatics26.html#PlaetkeB10;26;2010
input_article.csv	281736	Missing journal article title	3138571;David L. Robertson|John Archer;;;;;;;http://dx.doi.org/10.1093/bioinformatics/btm410;CTree;Bioinformatics;journals/bioinformatics/ArcherR07;2008-01-11;;;21;2952-2953;;;;;;;;;;db/journals/bioinformatics/bioinformatics23.html#ArcherR07;23;2007
input_article.csv	281737	Missing journal article title	3138572;Andrej-Nikolai Spiess|Christian Ritz;;;;;;;http://dx.doi.org/10.1093/bioinformatics/btn227;qpcR;Bioinformatics;journals/bioinformatics/RitzS08;2008-08-04;;;13;1549-1551;;;;;;;;;;db/journals/bioinformatics/bioinformatics24.html#RitzS08;24;2008
input_article.csv	281792	Missing journal article title	3138627;Heidi Dvinge|Paul Bertone;;;;;;;http://dx.doi.org/10.1093/bioinformatics/btp578;HTqPCR;Bioinformatics;journals/bioinformatics/DvingeB09;2009-12-08;;;24;3325-3326;;;;;;;;;;db/journals/bioinformatics/bioinformatics25.html#DvingeB09;25;2009
input_article.csv	281827	Missing journal article title	3138662;H. Sunny Sun|Hsiang-Han Chan|Jia-Shing Chen|Shaw-Jenq Tsai|Wei-Shiang Hung;;;;;;;http://dx.doi.org/10.1093/bioinformatics/bts715;In silico;Bioinformatics;journals/bioinformatics/ChenHCTS13;2013-02-20;;;4;420-427;;;;;;;;;;db/journals/bioinformatics/bioinformatics29.html#ChenHCTS13;29;2013
input_article.csv	281837	Missing journal article title	3138672;David J. Adams|Fei Zhu|Jim Stalker|Jun Kong;;;;;;;http://dx.doi.org/10.1093/bioinformatics/btn541;iMapper;Bioinformatics;journals/bioinformatics/KongZSA08;2009-06-22;;;24;2923-2925;;;;;;;;;;db/journals/bioinformatics/bioinformatics24.html#KongZSA08;24;2008
input_article.csv	281940	Missing journal article title	3138775;Céline Charavay|Frédéric Bauer|Jie-rong Huang|Loïc Salmon|Malene Ringkjøbing Jensen|Martin Blackledge|Pau Bernadó|Stéphane Segard|Valéry Ozenne;;;;;;;http://dx.doi.org/10.1093/bioinformatics/bts172;Flexible-meccano: ;Bioinformatics;journals/bioinformatics/OzenneBSHJSBCB12;2012-06-04;;;11;1463-1470;;;;;;;;;;db/journals/bioinformatics/bioinformatics28.html#OzenneBSHJSBCB12;28;2012
input_article.csv	281955	Missing journal article title	3138790;Garrett M. Dancik|Karin S. Dorman;;;;;;;http://dx.doi.org/10.1093/bioinformatics/btn329;mlegp;Bioinformatics;journals/bioinformatics/DancikD08;2008-08-25;;;17;1966-1967;;;;;;;;;;db/journals/bioinformatics/bioinformatics24.html#DancikD08;24;2008
input_article.csv	281983	Missing journal article title	3138818;Akira R. Kinjo|Daron M. Standley|Haruki Nakamura|Hiroyuki Toh|Reiko Yamashita;;;;;;;http://dx.doi.org/10.1093/bioinformatics/btq116;SeSAW;Bioinformatics;journals/bioinformatics/StandleyYKTN10;2010-05-18;;;9;1258-1259;;;;;;;;;;db/journals/bioinformatics/bioinformatics26.html#StandleyYKTN10;26;2010
input_article.csv	282076	Missing journal article title	3138911;Aedín C. Culhane|Benjamin Haibe-Kains|John Quackenbush|Markus S. Schröder;;;;;;;http://dx.doi.org/10.1093/bioinformatics/btr511;survcomp;Bioinformatics;journals/bioinformatics/SchroderCQH11;2011-11-14;;;22;3206-3208;;;;;;;;;;db/journals/bioinformatics/bioinformatics27.html#SchroderCQH11;27;2011
input_article.csv	282125	Missing journal article title	3138960;John Eargle|Zaida Luthey-Schulten;;;;;;;http://dx.doi.org/10.1093/bioinformatics/bts546;NetworkView;Bioinformatics;journals/bioinformatics/EargleL12;2012-11-19;;;22;3000-3001;;;;;;;;;;db/journals/bioinformatics/bioinformatics28.html#EargleL12;28;2012
input_article.csv	282237	Missing journal article title	3139072;Annette M. Molinaro|Karen Lostritto|Mark J. van der Laan;;;;;;;http://dx.doi.org/10.1093/bioinformatics/btq142;partDSA;Bioinformatics;journals/bioinformatics/MolinaroLL10;2010-05-18;;;10;1357-1363;;;;;;;;;;db/journals/bioinformatics/bioinformatics26.html#MolinaroLL10;26;2010
input_article.csv	282309	Missing journal article title	3139144;Atsushi Ogiwara|Hisae Anyoji|Mitsuhiro Kanazawa|Umpei Nagashima;;;;;;;http://dx.doi.org/10.1093/bioinformatics/btm062;De novo;Bioinformatics;journals/bioinformatics/KanazawaAON07;2007-06-11;;;9;1068-1072;;;;;;;;;;db/journals/bioinformatics/bioinformatics23.html#KanazawaAON07;23;2007
input_article.csv	282386	Missing journal article title	3139221;Jianrong Li|Xinan Yang|Younghee Lee|Yves A. Lussier;;;;;;;http://dx.doi.org/10.1093/bioinformatics/btr142;GO-Module;Bioinformatics;journals/bioinformatics/YangLLL11;2011-05-09;;;10;1444-1446;;;;;;;;;;db/journals/bioinformatics/bioinformatics27.html#YangLLL11;27;2011
input_article.csv	282461	Missing journal article title	3139296;Ben-Yang Liao|Meng-Pin Weng;;;;;;;http://dx.doi.org/10.1093/bioinformatics/btr530;Dro|Drosophila;Bioinformatics;journals/bioinformatics/WengL11;2011-11-14;;;22;3218-3219;;;;;;;;;;db/journals/bioinformatics/bioinformatics27.html#WengL11;27;2011
input_article.csv	282549	Missing journal article title	3139384;David Gordon|Phil Green;;;;;;;http://dx.doi.org/10.1093/bioinformatics/btt515;Consed: ;Bioinformatics;journals/bioinformatics/GordonG13;2013-11-04;;;22;2936-2937;;;;;;;;;;db/journals/bioinformatics/bioinformatics29.html#GordonG13;29;2013
input_article.csv	282554	Missing journal article title	3139389;Marc J. Lajeunesse;;;;;;;http://dx.doi.org/10.1093/bioinformatics/btr438;phyloMeta;Bioinformatics;journals/bioinformatics/Lajeunesse11;2011-09-14;;;18;2603-2604;;;;;;;;;;db/journals/bioinformatics/bioinformatics27.html#Lajeunesse11;27;2011
input_article.csv	282821	Missing journal article title	3139656;Maozu Guo|Ping Xuan|Wenbin Li|Xiaoyan Liu|Yangchao Huang|Yufei Huang;;;;;;;http://dx.doi.org/10.1093/bioinformatics/btr153;PlantMiRNAPred;Bioinformatics;journals/bioinformatics/XuanGLHLH11;2011-05-09;;;10;1368-1376;;;;;;;;;;db/journals/bioinformatics/bioinformatics27.html#XuanGLHLH11;27;2011
input_article.csv	282893	Missing journal article title	3139728;Gang Liu|Sriram Neelamegham;;;;;;;http://dx.doi.org/10.1093/bioinformatics/btn061;In silico;Bioinformatics;journals/bioinformatics/LiuN08;2008-04-14;;;8;1109-1111;;;;;;;;;;db/journals/bioinformatics/bioinformatics24.html#LiuN08;24;2008
input_article.csv	282921	Missing journal article title	3139756;David I. Hastie|David Tregouet|Enrico Petretto|Laurence Tiret|Leonardo Bottolo|Marc Chadeau-Hyam|Sarah R. Langley|Sylvia Richardson;;;;;;;http://dx.doi.org/10.1093/bioinformatics/btq684;ESS;Bioinformatics;journals/bioinformatics/BottoloCHLPTTR11;2011-02-11;;;4;587-588;;;;;;;;;;db/journals/bioinformatics/bioinformatics27.html#BottoloCHLPTTR11;27;2011
input_article.csv	282952	Missing journal article title	3139787;Harold A. Scheraga|Jorge A. Vila|Osvaldo A. Martin;;;;;;;http://dx.doi.org/10.1093/bioinformatics/bts179;Che;Bioinformatics;journals/bioinformatics/MartinVS12;2012-06-04;;;11;1538-1539;;;;;;;;;;db/journals/bioinformatics/bioinformatics28.html#MartinVS12;28;2012
input_article.csv	282989	Missing journal article title	3139824;Mattias Jakobsson;;;;;;;http://dx.doi.org/10.1093/bioinformatics/btp534;COMPASS;Bioinformatics;journals/bioinformatics/Jakobsson09;2009-12-08;;;21;2845-2847;;;;;;;;;;db/journals/bioinformatics/bioinformatics25.html#Jakobsson09;25;2009
input_article.csv	283096	Missing journal article title	3139931;Cory Bystrom|Debra McMillen|Guang Fan|Shannon K. McWeeney|Ted Laderas;;;;;;;http://dx.doi.org/10.1093/bioinformatics/btm467;TandTRAQ;Bioinformatics;journals/bioinformatics/LaderasBMFM07;2008-01-11;;;24;3394-3396;;;;;;;;;;db/journals/bioinformatics/bioinformatics23.html#LaderasBMFM07;23;2007
input_article.csv	283123	Missing journal article title	3139958;Axel Mosig|Hang Xiao|Jiulin Du|Ying Li;;;;;;;http://dx.doi.org/10.1093/bioinformatics/btq691;Ct3d: ;Bioinformatics;journals/bioinformatics/XiaoLDM11;2011-02-11;;;4;564-571;;;;;;;;;;db/journals/bioinformatics/bioinformatics27.html#XiaoLDM11;27;2011
input_article.csv	283185	Missing journal article title	3140020;Hualiang Jiang|Jianlong Peng|Jing Lu|Kaixian Chen|Mingyue Zheng|Qiancheng Shen|Weiliang Zhu|Xiaomin Luo;;;;;;;http://dx.doi.org/10.1093/bioinformatics/btt681;In silico;Bioinformatics;journals/bioinformatics/PengLSZLZJC14;2014-02-16;;;3;398-405;;;;;;;;;;db/journals/bioinformatics/bioinformatics30.html#PengLSZLZJC14;30;2014
input_article.csv	283337	Missing journal article title	3140172;Georg Basler|Zoran Nikoloski;;;;;;;http://dx.doi.org/10.1093/bioinformatics/btr448;JMassBalance;Bioinformatics;journals/bioinformatics/BaslerN11;2011-09-26;;;19;2761-2762;;;;;;;;;;db/journals/bioinformatics/bioinformatics27.html#BaslerN11;27;2011
input_article.csv	283365	Missing journal article title	3140200;François Balloux|Stéphane Dray|Thibaut Jombart;;;;;;;http://dx.doi.org/10.1093/bioinformatics/btq292;adephylo;Bioinformatics;journals/bioinformatics/JombartBD10;2010-08-11;;;15;1907-1909;;;;;;;;;;db/journals/bioinformatics/bioinformatics26.html#JombartBD10;26;2010
input_article.csv	283366	Missing journal article title	3140201;Paul Sajda|Qi Zhao|Radka Stoyanova|Shuyan Du|Truman R. Brown;;;;;;;http://dx.doi.org/10.1093/bioinformatics/btl428;HiRes;Bioinformatics;journals/bioinformatics/ZhaoSDSB06;2007-01-26;;;20;2562-2564;;;;;;;;;;db/journals/bioinformatics/bioinformatics22.html#ZhaoSDSB06;22;2006
input_article.csv	283388	Missing journal article title	3140223;Andrew H. Paterson|Jingping Li|Yupeng Wang;;;;;;;http://dx.doi.org/10.1093/bioinformatics/btt150;MCScanX-transposed;Bioinformatics;journals/bioinformatics/WangLP13;2013-05-27;;;11;1458-1460;;;;;;;;;;db/journals/bioinformatics/bioinformatics29.html#WangLP13;29;2013
input_article.csv	283432	Missing journal article title	3140267;Andreas Zanzoni|Davide Cirillo|Domenica Marchese|Federico Agostini|Gian Gaetano Tartaglia|Petr Klus;;;;;;;http://dx.doi.org/10.1093/bioinformatics/btt495;cat|omics;Bioinformatics;journals/bioinformatics/AgostiniZKMCT13;2013-11-04;;;22;2928-2930;;;;;;;;;;db/journals/bioinformatics/bioinformatics29.html#AgostiniZKMCT13;29;2013
input_article.csv	283511	Missing journal article title	3140346;Aldo Solari|Cristina Battaglia|Francesco Ferrari|Silvio Bicciato;;;;;;;http://dx.doi.org/10.1093/bioinformatics/btr404;PREDA;Bioinformatics;journals/bioinformatics/FerrariSBB11;2011-08-22;;;17;2446-2447;;;;;;;;;;db/journals/bioinformatics/bioinformatics27.html#FerrariSBB11;27;2011
input_article.csv	283559	Missing journal article title	3140394;Arndt von Haeseler|Tanja Gesell;;;;;;;http://dx.doi.org/10.1093/bioinformatics/bti812;In silico;Bioinformatics;journals/bioinformatics/GesellH06;2006-08-24;;;6;716-722;;;;;;;;;;db/journals/bioinformatics/bioinformatics22.html#GesellH06;22;2006
input_article.csv	283736	Missing journal article title	3140571;Chen Yanover|Elena Zaslavsky|Mona Singh;;;;;;;http://dx.doi.org/10.1093/bioinformatics/btp090;M;Bioinformatics;journals/bioinformatics/YanoverSZ09;2009-06-22;;;7;868-874;;;;;;;;;;db/journals/bioinformatics/bioinformatics25.html#YanoverSZ09;25;2009
input_article.csv	283993	Missing journal article title	3140828;Aaron L. Statham|Clare Stirzaker|Dario Strbenac|Marcel W. Coolen|Mark D. Robinson|Susan J. Clark;;;;;;;http://dx.doi.org/10.1093/bioinformatics/btq247;;Bioinformatics;journals/bioinformatics/StathamSCSCR10;2010-08-11;;;13;1662-1663;;;;;;;;;Repitools;db/journals/bioinformatics/bioinformatics26.html#StathamSCSCR10;26;2010
input_article.csv	284316	Missing journal article title	3141151;Dick de Ridder|Jan-Maarten A. Geertman|Jean-Marc Daran|Jurgen F. Nijkamp|Marcel J. T. Reinders|Marcel van den Broek;;;;;;;http://dx.doi.org/10.1093/bioinformatics/bts601;De novo;Bioinformatics;journals/bioinformatics/NijkampBGRDR12;2012-12-10;;;24;3195-3202;;;;;;;;;;db/journals/bioinformatics/bioinformatics28.html#NijkampBGRDR12;28;2012
input_article.csv	284332	Missing journal article title	3141167;Aristotelis Tsirigos|Erhan Bilal|Filippo Utro|Niina Haiminen;;;;;;;http://dx.doi.org/10.1093/bioinformatics/btr646;GenomicTools;Bioinformatics;journals/bioinformatics/TsirigosHBU12;2012-01-17;;;2;282-283;;;;;;;;;;db/journals/bioinformatics/bioinformatics28.html#TsirigosHBU12;28;2012
input_article.csv	284826	Missing journal article title	3141661;Erwin J. O. Kompanje;;;;;;;http://dx.doi.org/10.1007/s11948-007-9027-4;'No Time to be Lost!';Science and Engineering Ethics;journals/see/Kompanje07;2012-06-19;;;3;371-381;;;;;;;;;;db/journals/see/see13.html#Kompanje07;13;2007
input_article.csv	284983	Missing journal article title	3141818;David D. Yao;;;;;;;http://dx.doi.org/10.1007/BF01149170;S;Queueing Syst.;journals/questa/Yao95;2008-12-02;;;3-4;449-475;;;;;;;;;;db/journals/questa/questa21.html#Yao95;21;1995
input_article.csv	285040	Missing journal article title	3141875;Chihoon Lee;;;;;;;http://dx.doi.org/10.1007/s11134-010-9165-2;V;Queueing Syst.;journals/questa/Lee10;2010-11-16;;;1;93-108;;;;;;;;;;db/journals/questa/questa65.html#Lee10;65;2010
input_article.csv	285866	Missing journal article title	3142701;Richard O. LaMaire;;;;;;;http://dx.doi.org/10.1007/BF01163861;M/G|N;Queueing Syst.;journals/questa/LaMaire92;2008-12-02;;;4;357-375;;;;;;;;;;db/journals/questa/questa11.html#LaMaire92;11;1992
input_article.csv	286079	Missing journal article title	3142914;Bong Dae Choi|Ki Bong Choi|Yong Wan Lee;;;;;;;http://dx.doi.org/10.1007/BF01148947;M/G;Queueing Syst.;journals/questa/ChoiCL95;2008-12-02;;;1-2;215-229;;;;;;;;;;db/journals/questa/questa19.html#ChoiCL95;19;1995
input_article.csv	289456	Missing journal article title	3146291;Ian Riddler;;;;;;;http://dx.doi.org/10.3366/hac.1995.7.3.161;Computer und Antike, |Computer und Archäologie, ;History and Computing;journals/hac/Riddler95;2013-02-20;;;3;161-163;;;;;;;;;;db/journals/hac/hac7.html#Riddler95;7;1995
input_article.csv	289509	Missing journal article title	3146344;Gary Priestnall|Jo Robinson|Richard Tyler-Jones|Robin Burgess;;;;;;;http://dx.doi.org/10.3366/ijhac.2011.0027;Mapping the Moment;IJHAC;journals/hac/RobinsonPTB11;2013-02-19;;;2;103-126;;;;;;;;;;db/journals/hac/ijhac5.html#RobinsonPTB11;5;2011
input_article.csv	289534	Missing journal article title	3146369;;;;;;;;http://dx.doi.org/10.3366/hac.1999.11.1-2.145;CETEDOC Index of Latin Forms 1;History and Computing;journals/hac/X99;2013-02-20;;;1-2;145-147;;;;;;;;;;db/journals/hac/hac11.html#X99;11;1999
input_article.csv	289545	Missing journal article title	3146380;Donald Sassoon;;;;;;;http://dx.doi.org/10.3366/hac.1996.8.3.184;WORLD WAR I. A fully interactive documentary from the series 'Visions of war';History and Computing;journals/hac/Sassoon96;2013-02-20;;;3;184-185;;;;;;;;;;db/journals/hac/hac8.html#Sassoon96;8;1996
input_article.csv	289573	Missing journal article title	3146408;J. L. Price;;;;;;;http://dx.doi.org/10.3366/hac.1996.8.1.51;Dutch Entries in the Pound-toll Registers of Elbing 1585-1700;History and Computing;journals/hac/Price96;2013-02-20;;;1;51;;;;;;;;;;db/journals/hac/hac8.html#Price96;8;1996
input_article.csv	289583	Missing journal article title	3146418;James Bradley;;;;;;;http://dx.doi.org/10.3366/hac.1995.7.2.115;Optical Character Recognition in the Historical Discipline;History and Computing;journals/hac/Bradley95;2013-02-20;;;2;115;;;;;;;;;;db/journals/hac/hac7.html#Bradley95;7;1995
input_article.csv	289629	Missing journal article title	3146464;Matthew Woollard;;;;;;;http://dx.doi.org/10.3366/hac.1995.7.3.167;Two Pioneers of Cliometrics: Robert W. Fogel and Douglass C.;History and Computing;journals/hac/Woollard95;2013-02-20;;;3;167;;;;;;;;;;db/journals/hac/hac7.html#Woollard95;7;1995
input_article.csv	289708	Missing journal article title	3146543;Hector Gonzalez|Jae-Gil Lee|Jiawei Han|Xiaolei Li;;;;;;;http://www.vldb.org/pvldb/1/1453972.pdf;TraClass;PVLDB;journals/pvldb/LeeHLG08;2008-11-06;;;1;1081-1094;;;;;;;;;;db/journals/pvldb/pvldb1.html#LeeHLG08;1;2008
input_article.csv	290143	Missing journal article title	3146978;Eric A. Brewer|Mark Callaghan|Russell Sears;;;;;;;http://www.vldb.org/pvldb/1/1453914.pdf;Rose;PVLDB;journals/pvldb/SearsCB08;2009-03-20;;;1;526-537;;;;;;;;;;db/journals/pvldb/pvldb1.html#SearsCB08;1;2008
input_article.csv	302149	Missing journal article title	3158984;Daniel Vladusic|Dorian Suc|Ivan Bratko|W. Rulka;;;;;;;http://dx.doi.org/10.1080/08839510600847238;Q;Applied Artificial Intelligence;journals/aai/VladusicSBR06;2006-11-23;;;8;675-701;;;;;;2;;;;db/journals/aai/aai20.html#VladusicSBR06;20;2006
input_article.csv	305149	Missing journal article title	3161984;Douglas A. Cenzer|George Barmpalias|Jeffrey B. Remmel|Rebecca Weber;;;;;;;http://dx.doi.org/10.1093/logcom/exn021;K;J. Log. Comput.;journals/logcom/BarmpaliasCRW09;2009-06-04;;;1;3-16;;;;;;;;;;db/journals/logcom/logcom19.html#BarmpaliasCRW09;19;2009
input_article.csv	305828	Missing journal article title	3162663;Andreas Weiermann|Dimiter Skordev|Ivan Georgiev;;;;;;;http://dx.doi.org/10.1093/logcom/exq050;M;J. Log. Comput.;journals/logcom/SkordevWG12;2012-09-01;;;4;899-925;;;;;;2;;;;db/journals/logcom/logcom22.html#SkordevWG12;22;2012
input_article.csv	306054	Missing journal article title	3162889;Stanislav Kikot;;;;;;;http://dx.doi.org/10.1093/logcom/exp075;Relation Algebras by Games;J. Log. Comput.;journals/logcom/Kikot10;2010-05-02;;;2;645-648;;;;;;;;;;db/journals/logcom/logcom20.html#Kikot10;20;2010
input_article.csv	306468	Missing journal article title	3163303;Mihailo Stojnic;;;;;;;http://dx.doi.org/10.1109/JSTSP.2009.2039172;;J. Sel. Topics Signal Processing;journals/jstsp/Stojnic10;2011-10-14;;;2;350-357;;;;;1|2;;;;;db/journals/jstsp/jstsp4.html#Stojnic10;4;2010
input_article.csv	306692	Missing journal article title	3163527;Brendan Billingsley|Bruce H. Raup|Mary J. Brodzik|Matthew H. Savoie|Terry Haran;;;;;;;http://dx.doi.org/10.3390/ijgi1010032;EASE-Grid 2.0;ISPRS Int. J. Geo-Information;journals/ijgi/BrodzikBHRS12;2013-10-15;;;1;32-45;;;;;;;;;;db/journals/ijgi/ijgi1.html#BrodzikBHRS12;1;2012
input_article.csv	309866	Missing journal article title	3166701;Nir Kshetri;;;;;;;http://dx.doi.org/10.3390/info4010117;Cybercrime-Related |Metrics, and Information|Reliability, Validity, ;Information;journals/information/Kshetri13;2013-03-18;;;1;117-123;;;;;;;;;;db/journals/information/information4.html#Kshetri13;4;2013
input_article.csv	309907	Missing journal article title	3166742;Shu-Kun Lin;;;;;;;http://dx.doi.org/10.3390/info1010001;Information;Information;journals/information/Lin10;2011-02-09;;;1;1-2;;;;;;;;;;db/journals/information/information1.html#Lin10;1;2010
input_article.csv	311518	Missing journal article title	3168359;Malik Zawwar Hussain|Maria Hussain;;;;;journals/tcos/2010-8;;http://dx.doi.org/10.1007/978-3-642-16236-7_11;C;Transactions on Computational Science;journals/tcos/HussainH10;2010-10-08;;;;156-166;;;;;;1;;;;db/journals/tcos/tcos8.html#HussainH10;8;2010
input_article.csv	311723	Missing journal article title	3168580;Patrick O'Connor;;;;;;;http://dx.doi.org/10.1002/qre.883;Design and Analyse Your Experiment with Minitab;Quality and Reliability Eng. Int.;journals/qre/OConnor08a;2008-11-07;;;1;123;;;;;;;;;;db/journals/qre/qre24.html#OConnor08a;24;2008
input_article.csv	311957	Missing journal article title	3168814;Patrick O'Connor;;;;;;;http://dx.doi.org/10.1002/qre.882;Introduction to Statistical Engineering;Quality and Reliability Eng. Int.;journals/qre/OConnor08;2008-11-07;;;1;123;;;;;;;;;;db/journals/qre/qre24.html#OConnor08;24;2008
input_article.csv	312120	Missing journal article title	3168977;Aarnout Brombacher;;;;;;;http://dx.doi.org/10.1002/qre.933;Life Cycle Reliability Engineering;Quality and Reliability Eng. Int.;journals/qre/Brombacher08b;2008-11-07;;;5;623;;;;;;;;;;db/journals/qre/qre24.html#Brombacher08b;24;2008
input_article.csv	313605	Missing journal article title	3170462;Rainer Leisten;;;;;;;http://dx.doi.org/10.1016/S0305-0548(96)00034-2;A posteriori;Computers & OR;journals/cor/Leisten97;2006-03-03;;;1;1-16;;;;;;;;;;db/journals/cor/cor24.html#Leisten97;24;1997
input_article.csv	313753	Missing journal article title	3170610;Bezalel Gavish|Suresh Sridhar;;;;;;;http://dx.doi.org/10.1016/0305-0548(94)90087-6;O|n;Computers & OR;journals/cor/GavishS94;2006-03-13;;;3;239-248;;;;;;;;;;db/journals/cor/cor21.html#GavishS94;21;1994
input_article.csv	315976	Missing journal article title	3172833;A. Krishnamoorthy|P. V. Ushakumari;;;;;;;http://dx.doi.org/10.1016/S0305-0548(00)00019-8;D|G|k|n;Computers & OR;journals/cor/KrishnamoorthyU01;2006-03-02;;;10;973-981;;;;;;;;;;db/journals/cor/cor28.html#KrishnamoorthyU01;28;2001
input_article.csv	316088	Missing journal article title	3172945;Huan Li|Yixin Zhu;;;;;;;http://dx.doi.org/10.1016/S0305-0548(96)00053-6;G|M|N|n;Computers & OR;journals/cor/LiZ97;2006-03-03;;;4;301-316;;;;;;;;;;db/journals/cor/cor24.html#LiZ97;24;1997
input_article.csv	316410	Missing journal article title	3173267;James W. Smither|Madjid Tavana|Ralph V. Anderson;;;;;;;http://dx.doi.org/10.1016/j.cor.2005.06.020;D-side;Computers & OR;journals/cor/TavanaSA07;2006-12-20;;;6;1646-1673;;;;;;;;;;db/journals/cor/cor34.html#TavanaSA07;34;2007
input_article.csv	316931	Missing journal article title	3173788;Joel S. Brown|Thomas L. Vincent;;;;;;;http://dx.doi.org/10.1016/j.cor.2004.06.017;G;Computers & OR;journals/cor/BrownV06;2006-02-08;;;;479-499;;;;;;;;;;db/journals/cor/cor33.html#BrownV06;33;2006
input_article.csv	318116	Missing journal article title	3174973;Agustín Segovia-Ríos|Gregorio Guzmán-Ramírez|Jorge Sierra-Arellano|Juvencio Robles;;;;;;;http://iospress.metapress.com/content/908504j411029530/;;J. Comput. Meth. in Science and Engineering;journals/jcmse/Guzman-RamirezSSR07;2013-10-02;;;5-6;507-519;;;;;N;+;Na;;;db/journals/jcmse/jcmse7.html#Guzman-RamirezSSR07;7;2007
input_article.csv	320414	Missing journal article title	3177271;Wendy Keay-Bright;;;;;;;http://dx.doi.org/10.1080/14626260600882414;ReActivities;Digital Creativity;journals/creativity/Keay-Bright06;2013-04-30;;;3;149-156;;;;;;©;;;;db/journals/creativity/creativity17.html#Keay-Bright06;17;2006
input_article.csv	320425	Missing journal article title	3177282;Derek Yau|Rachel McCrindle;;;;;;;http://dx.doi.org/10.1080/14626260701401510;MusiCam;Digital Creativity;journals/creativity/YauM07;2013-04-30;;;2;121-127;;;;;;;;;;db/journals/creativity/creativity18.html#YauM07;18;2007
input_article.csv	320627	Missing journal article title	3177484;Bruno Herbelin|Ján Cíger|Sebastien Lasserre;;;;;;;http://dx.doi.org/10.1080/14626260701847571;Flying Cities;Digital Creativity;journals/creativity/HerbelinLC08;2013-04-30;;;1;62-72;;;;;;;;;;db/journals/creativity/creativity19.html#HerbelinLC08;19;2008
input_article.csv	320648	Missing journal article title	3177505;Andrew Hugill|Lee Scott;;;;;;;http://dx.doi.org/10.1080/14626268.2013.813378;The Imaginary Voyage;Digital Creativity;journals/creativity/HugillS13a;2014-01-24;;;3;268-273;;;;;;;;;;db/journals/creativity/creativity24.html#HugillS13a;24;2013
input_article.csv	320707	Missing journal article title	3177564;Eduardo Condorcet|Giorgos Artopoulos;;;;;;;http://dx.doi.org/10.1080/14626260601074110;House of Affects;Digital Creativity;journals/creativity/ArtopoulosC06;2013-04-30;;;4;213-220;;;;;;;;;;db/journals/creativity/creativity17.html#ArtopoulosC06;17;2006
input_article.csv	320721	Missing journal article title	3177578;Alistair MacDonald|Sarah Rubidge;;;;;;;http://dx.doi.org/10.1080/1462626048520186;Sensuous Geographies;Digital Creativity;journals/creativity/RubidgeM04;2013-05-02;;;4;245-252;;;;;;;;;;db/journals/creativity/creativity15.html#RubidgeM04;15;2004
input_article.csv	320722	Missing journal article title	3177579;Aadjan van der Helm|Bart Hengeveld|Caroline Hummels|Hans van Balkom|Jan de Moor|Riny Voort|Rob Luxen;;;;;;;http://dx.doi.org/10.1080/14626260701401056;Explorascope;Digital Creativity;journals/creativity/HummelsHHLVBM07;2013-04-30;;;2;79-88;;;;;;;;;;db/journals/creativity/creativity18.html#HummelsHHLVBM07;18;2007
input_article.csv	320733	Missing journal article title	3177590;Jane Prophet|Jon Bird|Mark d'Inverno;;;;;;;http://dx.doi.org/10.1080/14626260701252368;Net Work;Digital Creativity;journals/creativity/BirddP07;2013-04-30;;;1;11-23;;;;;;;;;;db/journals/creativity/creativity18.html#BirddP07;18;2007
input_article.csv	320735	Missing journal article title	3177592;Chris Riddoch|Karl Cooke|Magnus Moar|Matt Watkins|Rachel Jacobs|Stephen Boyd Davis;;;;;;;http://dx.doi.org/10.1080/14626260600882430;'Ere Be Dragons;Digital Creativity;journals/creativity/DavisMJWRC06;2013-04-30;;;3;157-162;;;;;;;;;;db/journals/creativity/creativity17.html#DavisMJWRC06;17;2006
input_article.csv	320785	Missing journal article title	3177642;Daniel Bisig|Jill Scott|Valerie Bugmann;;;;;;;http://dx.doi.org/10.1080/14626260701743218;e-skin;Digital Creativity;journals/creativity/ScottBB07;2013-04-30;;;4;221-233;;;;;;;;;;db/journals/creativity/creativity18.html#ScottBB07;18;2007
input_article.csv	320794	Missing journal article title	3177651;Andrew Hugill|Martin Rieser;;;;;;;http://dx.doi.org/10.1080/14626268.2013.813376;Secret Garden;Digital Creativity;journals/creativity/RieserH13;2014-01-24;;;3;264-267;;;;;;;;;;db/journals/creativity/creativity24.html#RieserH13;24;2013
input_article.csv	320806	Missing journal article title	3177663;Leena Saarinen;;;;;;;http://dx.doi.org/10.1080/14626260701531969;Comedy Machine;Digital Creativity;journals/creativity/Saarinen07;2013-04-30;;;3;143-150;;;;;;;;;;db/journals/creativity/creativity18.html#Saarinen07;18;2007
input_article.csv	320817	Missing journal article title	3177674;Paolo Coraggio|Paolo Napoletano|Ruben Coen Cagli;;;;;;;http://dx.doi.org/10.1080/14626260701252442;DrawBot;Digital Creativity;journals/creativity/CagliCN07;2013-04-30;;;1;24-33;;;;;;;;;;db/journals/creativity/creativity18.html#CagliCN07;18;2007
input_article.csv	320841	Missing journal article title	3177698;Ditte Amund Basballe|Jonas Fritsch|Morten Breinbjerg;;;;;;;http://dx.doi.org/10.1080/14626268.2013.771673;Ekkomaten;Digital Creativity;journals/creativity/FritschBB13;2013-06-05;;;1;60-74;;;;;;;;;;db/journals/creativity/creativity24.html#FritschBB13;24;2013
input_article.csv	320899	Missing journal article title	3177756;Ben Salem;;;;;;;http://dx.doi.org/10.1080/14626260500370825;Commedia Virtuale;Digital Creativity;journals/creativity/Salem05;2013-05-02;;;3;129-139;;;;;;;;;;db/journals/creativity/creativity16.html#Salem05;16;2005
input_article.csv	329067	Missing journal article title	3185924;Miroslaw Pawlak|Yongqing Xin;;;;;;;http://dx.doi.org/10.2478/v10006-008-0009-8;M;Applied Mathematics and Computer Science;journals/amcs/XinP08;2009-06-30;;;1;93-104;;;;;;;;;;db/journals/amcs/amcs18.html#XinP08;18;2008
input_article.csv	331543	Missing journal article title	3188400;David Harwood|Ismail Haritaoglu|Larry S. Davis|Ross Cutler;;;;;;;http://dx.doi.org/10.1006/cviu.2000.0893;Backpack;Computer Vision and Image Understanding;journals/cviu/HaritaogluCHD01;2006-09-08;;;3;385-397;;;;;;;;;;db/journals/cviu/cviu81.html#HaritaogluCHD01;81;2001
input_article.csv	332702	Missing journal article title	3189559;Ismail Haritaoglu|Tanveer Fathima Syeda-Mahmood|Thomas S. Huang;;;;;;;http://dx.doi.org/10.1016/j.cviu.2004.07.001;CVIU;Computer Vision and Image Understanding;journals/cviu/Syeda-MahmoodHH04;2006-09-04;;;2;97-99;;;;;;;;;;db/journals/cviu/cviu96.html#Syeda-MahmoodHH04;96;2004
input_article.csv	340727	Missing journal article title	3197584;Liangfu Chen|Ligang Fang|Shuisen Chen|Xiaobo Su;;;;;;;http://dx.doi.org/10.1080/10824000709480631;Carex;Annals of GIS;journals/agis/ChenSFC07;2013-02-17;;;1-2;44-50;;;;;;;;;;db/journals/agis/agis13.html#ChenSFC07;13;2007
input_article.csv	341325	Missing journal article title	3198182;Arndt von Staa|Christiano Braga|Julio Cesar Sampaio do Prado Leite;;;;;;;"http://dx.doi.org/10.1002/(SICI)1096-908X(199807/08)10:4<279::AID-SMR174>3.0.CO;2-Z";Documentu: ;Journal of Software Maintenance;journals/smr/BragaSL98;2007-02-26;;;4;279-303;;;;;;;;;;db/journals/smr/smr10.html#BragaSL98;10;1998
input_article.csv	341603	Missing journal article title	3198460;Peter Fröhlich|Rainer Simon|Thomas Grechenig;;;;;;;http://dx.doi.org/10.1080/17489720802347986;GeoPointing;J. Location Based Services;journals/jlbs/SimonFG08;2010-02-19;;;1;24-40;;;;;;;;;;db/journals/jlbs/jlbs2.html#SimonFG08;2;2008
input_article.csv	348984	Missing journal article title	3205841;Alexander Gussew|Daniel Güllmar|Hans-Christoph Scholle|Jürgen R. Reichenbach|Reinhard Rzanny;;;;;;;http://dx.doi.org/10.1016/j.neuroimage.2010.09.039;;NeuroImage;journals/neuroimage/GussewRGSR11a;2012-05-22;;;2;1315-1323;;;;;;1;;;;db/journals/neuroimage/neuroimage54.html#GussewRGSR11a;54;2011
input_article.csv	352196	Missing journal article title	3209053;Eku Shimosegawa|Haruhiko Kishima|Jun Hatazawa|Manabu Kinoshita|Naoki Kagawa|Naoya Hashimoto|Tetsu Goto|Toshiki Yoshimine|Yoshiko Okita;;;;;;;http://dx.doi.org/10.1016/j.neuroimage.2009.11.024;;NeuroImage;journals/neuroimage/OkitaKGKKSHHY10;2012-07-02;;;4;2977-2982;;;;;;11;;;;db/journals/neuroimage/neuroimage49.html#OkitaKGKKSHHY10;49;2010
input_article.csv	356067	Missing journal article title	3212924;Lisa C. Kaczmarczyk;;;;;;;http://doi.acm.org/10.1145/1272848.1272868;We;SIGCSE Bulletin;journals/sigcse/Kaczmarczyk07;2008-06-27;;;2;20-21;;;;;;;;;;db/journals/sigcse/sigcse39.html#Kaczmarczyk07;39;2007
input_article.csv	356992	Missing journal article title	3213849;Athanasios C. Antoulas|Christopher A. Beattie|Serkan Gugercin;;;;;;;http://dx.doi.org/10.1137/060666123;H;SIAM J. Matrix Analysis Applications;journals/siammax/GugercinAB08;2011-03-22;;;2;609-638;;;;;2;;;;;db/journals/siammax/siammax30.html#GugercinAB08;30;2008
input_article.csv	357023	Missing journal article title	3213880;Chi-Kwong Li|Leiba Rodman|Yik-Hoi Au-Yeung;;;;;;;http://dx.doi.org/10.1137/S0895479803421896;H;SIAM J. Matrix Analysis Applications;journals/siammax/Au-YeungLR04;2011-04-04;;;4;1140-1162;;;;;;;;;;db/journals/siammax/siammax25.html#Au-YeungLR04;25;2004
input_article.csv	357069	Missing journal article title	3213926;Michael Karow;;;;;;;http://dx.doi.org/10.1137/090774896;μ;SIAM J. Matrix Analysis Applications;journals/siammax/Karow11;2011-11-04;;;3;845-865;;;;;;;;;;db/journals/siammax/siammax32.html#Karow11;32;2011
input_article.csv	357168	Missing journal article title	3214025;Achi Brandt|Oren E. Livne;;;;;;;http://dx.doi.org/10.1137/S0895479801383695;N|N|O;SIAM J. Matrix Analysis Applications;journals/siammax/LivneB02;2011-04-06;;;2;439-453;;;;;;;;;;db/journals/siammax/siammax24.html#LivneB02;24;2002
input_article.csv	357492	Missing journal article title	3214349;Kyle A. Gallivan|Paul Van Dooren|Pierre-Antoine Absil;;;;;;;http://dx.doi.org/10.1137/080731591;H;SIAM J. Matrix Analysis Applications;journals/siammax/DoorenGA10;2011-03-22;;;5;2738-2753;;;;;2;;;;;db/journals/siammax/siammax31.html#DoorenGA10;31;2010
input_article.csv	365891	Missing journal article title	3222748;Huosheng Hu;;;;;;;http://dx.doi.org/10.3390/robotics1010001;Robotics;Robotics;journals/robotics/Hu12;2013-10-15;;;1;1-2;;;;;;;;;;db/journals/robotics/robotics1.html#Hu12;1;2012
input_article.csv	366563	Missing journal article title	3223420;Reza Naserasr;;;;;;;http://dx.doi.org/10.1016/j.ejc.2006.06.009;K;Eur. J. Comb.;journals/ejc/Naserasr06;2007-01-23;;;7;1155-1158;;;;;5;;;;;db/journals/ejc/ejc27.html#Naserasr06;27;2006
input_article.csv	366796	Missing journal article title	3223653;Stefko Miklavic;;;;;;;http://dx.doi.org/10.1016/j.ejc.2004.02.001;Q|a;Eur. J. Comb.;journals/ejc/Miklavic04;2005-06-21;;;7;911-920;;;;;1;;;;;db/journals/ejc/ejc25.html#Miklavic04;25;2004
input_article.csv	366851	Missing journal article title	3223708;Chih-Wen Weng;;;;;;;http://dx.doi.org/10.1006/eujc.1995.0083;D;Eur. J. Comb.;journals/ejc/Weng97;2005-06-06;;;2;211-229;;;;;;;;;;db/journals/ejc/ejc18.html#Weng97;18;1997
input_article.csv	366955	Missing journal article title	3223812;Huang Yi Ru|Yang Jian Sheng|Zhang Ke Min;;;;;;;http://dx.doi.org/10.1006/eujc.2000.0442;R|R;Eur. J. Comb.;journals/ejc/ShengRM01;2005-05-23;;;4;561-567;;;;;5|5|6|7;;;;;db/journals/ejc/ejc22.html#ShengRM01;22;2001
input_article.csv	367228	Missing journal article title	3224085;Alexei Borodin|Grigori Olshanski;;;;;;;http://dx.doi.org/10.1016/j.ejc.2004.06.003;Z;Eur. J. Comb.;journals/ejc/BorodinO05;2005-06-21;;;6;795-834;;;;;;;;;;db/journals/ejc/ejc26.html#BorodinO05;26;2005
input_article.csv	367344	Missing journal article title	3224201;Francesco Brenti;;;;;;;http://dx.doi.org/10.1006/eujc.1994.1046;q;Eur. J. Comb.;journals/ejc/Brenti94;2004-02-27;;;5;417-441;;;;;;;;;;db/journals/ejc/ejc15.html#Brenti94;15;1994
input_article.csv	367525	Missing journal article title	3224382;Ivo G. Rosenberg|Michel Deza;;;;;;;http://dx.doi.org/10.1006/eujc.1999.0384;n;Eur. J. Comb.;journals/ejc/DezaR00;2005-05-23;;;6;797-806;;;;;;;;;;db/journals/ejc/ejc21.html#DezaR00;21;2000
input_article.csv	367861	Missing journal article title	3224718;Masaaki Harada|Masaaki Kitazume;;;;;;;http://dx.doi.org/10.1006/eujc.1999.0360;Z;Eur. J. Comb.;journals/ejc/HaradaK00;2005-05-23;;;4;473-485;;;;;4;;;;;db/journals/ejc/ejc21.html#HaradaK00;21;2000
input_article.csv	373816	Missing journal article title	3230673;Golden G. Richard III|Timothy Bourg|Vassil Roussev|Yixin Chen;;;;;;;http://dx.doi.org/10.1016/j.diin.2006.06.012;md5bloom;Digital Investigation;journals/di/RoussevCBR06;2007-01-24;;;Supplement-1;82-90;;;;;;;;;;db/journals/di/di3.html#RoussevCBR06;3;2006
input_article.csv	375375	Missing journal article title	3232232;Benjamin B. Kimia|Nhon H. Trinh;;;;;;;http://dx.doi.org/10.1007/s11263-010-0412-0;Skeleton Search;International Journal of Computer Vision;journals/ijcv/TrinhK11;2011-06-27;;;2;215-240;;;;;;;;;;db/journals/ijcv/ijcv94.html#TrinhK11;94;2011
input_article.csv	378318	Missing journal article title	3235175;Zohar Naor;;;;;;;http://dx.doi.org/10.1007/s11036-009-0197-y;LAMA/CA;MONET;journals/monet/Naor10;2010-09-14;;;5;639-651;;;;;;;;;;db/journals/monet/monet15.html#Naor10;15;2010
input_article.csv	380158	Missing journal article title	3237015;Adrien Wohrer|Pierre Kornprobst;;;;;;;http://dx.doi.org/10.1007/s10827-008-0108-4;Virtual Retina;Journal of Computational Neuroscience;journals/jcns/WohrerK09;2009-03-23;;;2;219-249;;;;;;;;;;db/journals/jcns/jcns26.html#WohrerK09;26;2009
input_article.csv	381250	Missing journal article title	3238107;Hong Qin|Kevin T. McDonnell|Yu-Sung Chang;;;;;;;http://dx.doi.org/10.1016/j.gmod.2004.11.001;DigitalSculpture;Graphical Models;journals/cvgip/McDonnellCQ05;2006-06-29;;;4;347-369;;;;;;;;;;db/journals/cvgip/cvgip67.html#McDonnellCQ05;67;2005
input_article.csv	381574	Missing journal article title	3238431;Ardeshir Goshtasby|Brian A. Barsky|Fuhua Cheng;;;;;;;http://dx.doi.org/10.1016/0734-189X(90)90058-4;B;Computer Vision, Graphics, and Image Processing;journals/cvgip/GoshtasbyCB90;2006-09-04;;;2;264-275;;;;;;;;;;db/journals/cvgip/cvgip52.html#GoshtasbyCB90;52;1990
input_article.csv	388893	Missing journal article title	3245750;E. S. Shemyakova;;;;;;;http://dx.doi.org/10.1134/S0361768811020095;X|Y;Programming and Computer Software;journals/pcs/Shemyakova11;2011-08-12;;;4;192-196;;;;;;;;;;db/journals/pcs/pcs37.html#Shemyakova11;37;2011
input_article.csv	389250	Missing journal article title	3246107;Anne-Françoise Morel|Maarten Delbeke;;;;;;;http://dx.doi.org/10.1353/lib.2012.0038;Roma Antica, Sacra, Moderna;Library Trends;journals/libt/DelbekeM12;2013-04-12;;;2;397-417;;;;;;;;;;db/journals/libt/libt61.html#DelbekeM12;61;2012
input_article.csv	389698	Missing journal article title	3246555;Dana EchoHawk|Mary M. Somerville;;;;;;;http://dx.doi.org/10.1353/lib.2011.0018;Recuerdos Hablados;Library Trends;journals/libt/SomervilleE11;2013-01-23;;;4;650-662;;;;;;;;;;db/journals/libt/libt59.html#SomervilleE11;59;2011
input_article.csv	391301	Missing journal article title	3248158;Klaus Wilderotter;;;;;;;http://dx.doi.org/10.1016/0885-064X(92)90029-B;H|L|n;J. Complexity;journals/jc/Wilderotter92;2005-11-08;;;3;324-335;;;;;q;p;;;;db/journals/jc/jc8.html#Wilderotter92;8;1992
input_article.csv	391722	Missing journal article title	3248579;Henri Faure|Shu Tezuka;;;;;;;http://dx.doi.org/10.1016/S0885-064X(03)00035-9;I;J. Complexity;journals/jc/TezukaF03;2005-11-15;;;6;744-757;;;;;;;;;;db/journals/jc/jc19.html#TezukaF03;19;2003
input_article.csv	391762	Missing journal article title	3248619;Yu. A. Farkov;;;;;;;http://dx.doi.org/10.1006/jcom.1996.0007;n;J. Complexity;journals/jc/Farkov96;2005-11-10;;;1;58-79;;;;;;;;;;db/journals/jc/jc12.html#Farkov96;12;1996
input_article.csv	392205	Missing journal article title	3249062;Peter Mathé;;;;;;;http://dx.doi.org/10.1016/0885-064X(90)90011-2;s;J. Complexity;journals/jc/Mathe90;2005-11-08;;;1;41-66;;;;;;;;;;db/journals/jc/jc6.html#Mathe90;6;1990
input_article.csv	392261	Missing journal article title	3249118;Peter J. Stuckey;;;;;;;http://dx.doi.org/10.1017/S1471068408003281;Constraint Logic Programming using ECLiPSe;TPLP;journals/tplp/Stuckey08;2008-06-12;;;2;242-246;;;;;;;;;;db/journals/tplp/tplp8.html#Stuckey08;8;2008
input_article.csv	392266	Missing journal article title	3249123;Jouko Väänänen;;;;;;;http://dx.doi.org/10.1017/S1471068413000082;Independence-Friendly Logic: A Game-Theoretic Approach;TPLP;journals/tplp/Vaananen14;2014-01-15;;;1;137-140;;;;;;;;;;db/journals/tplp/tplp14.html#Vaananen14;14;2014
input_article.csv	392326	Missing journal article title	3249183;Panos Rondogiannis;;;;;;;http://dx.doi.org/10.1017/S1471068412000038;Models and Games;TPLP;journals/tplp/Rondogiannis12;2013-04-03;;;3;413-416;;;;;;;;;;db/journals/tplp/tplp12.html#Rondogiannis12;12;2012
input_article.csv	392407	Missing journal article title	3249264;Rosella Gennari;;;;;;;http://dx.doi.org/10.1017/S147106841100055X;Mathematical Logic: Foundations for Information Science;TPLP;journals/tplp/Gennari11;2011-11-15;;;6;989-992;;;;;;;;;;db/journals/tplp/tplp11.html#Gennari11;11;2011
input_article.csv	392423	Missing journal article title	3249280;Eric Monfroy;;;;;;;http://dx.doi.org/10.1017/S1471068410000074;Constraint Handling Rules;TPLP;journals/tplp/Monfroy11;2011-06-10;;;1;125-126;;;;;;;;;;db/journals/tplp/tplp11.html#Monfroy11;11;2011
input_article.csv	392465	Missing journal article title	3249322;Krzysztof R. Apt;;;;;;;http://dx.doi.org/10.1017/S1471068412000026;Logic: A Brief Course;TPLP;journals/tplp/Apt12;2013-04-03;;;3;417-419;;;;;;;;;;db/journals/tplp/tplp12.html#Apt12;12;2012
input_article.csv	392466	Missing journal article title	3249323;Jeremy Avigad;;;;;;;http://dx.doi.org/10.1017/S1471068410000037;Handbook of Practical Logic and Automated Reasoning;TPLP;journals/tplp/Avigad10;2010-06-24;;;2;237-241;;;;;;;;;;db/journals/tplp/tplp10.html#Avigad10;10;2010
input_article.csv	392529	Missing journal article title	3249386;Frank Pfenning;;;;;;;http://dx.doi.org/10.1017/S1471068414000027;Programming with Higher-Order Logic;TPLP;journals/tplp/Pfenning14;2014-03-18;;;2;265-267;;;;;;;;;;db/journals/tplp/tplp14.html#Pfenning14;14;2014
input_article.csv	392565	Missing journal article title	3249422;Bart Demoen;;;;;;;http://dx.doi.org/10.1017/S1471068408003268;Learn Prolog Now!;TPLP;journals/tplp/Demoen08;2008-06-12;;;2;235-242;;;;;;;;;;db/journals/tplp/tplp8.html#Demoen08;8;2008
input_article.csv	392633	Missing journal article title	3249490;Marijn Heule;;;;;;;http://dx.doi.org/10.1017/S1471068410000451;Introduction to Mathematics of Satisfiability;TPLP;journals/tplp/Heule11;2011-06-10;;;1;126-130;;;;;;;;;;db/journals/tplp/tplp11.html#Heule11;11;2011
input_article.csv	392911	Missing journal article title	3249768;José M. Juárez|José T. Palma|Manuel Campos|Roque Marín;;;;;;;http://dx.doi.org/10.1111/j.1468-0394.2010.00577.x;T-CARE;Expert Systems;journals/es/JuarezCPM11;2013-06-02;;;4;324-338;;;;;;;;;;db/journals/es/es28.html#JuarezCPM11;28;2011
input_article.csv	399283	Missing journal article title	3256140;Congzhe Zhang|MengChu Zhou|Ming Yu;;;;;;;http://dx.doi.org/10.1002/dac.840;Ad hoc;Int. J. Communication Systems;journals/ijcomsys/ZhangZY07;2007-11-26;;;8;909-925;;;;;;;;;;db/journals/ijcomsys/ijcomsys20.html#ZhangZY07;20;2007
input_article.csv	400732	Missing journal article title	3257589;Mohammad Q. Hailat;;;;;;;http://dx.doi.org/10.1016/0097-3165(86)90029-4;k;J. Comb. Theory, Ser. A;journals/jct/Hailat86;2006-05-26;;;1;114-129;;;;;;;;;;db/journals/jct/jcta43.html#Hailat86;43;1986
input_article.csv	401087	Missing journal article title	3257944;Andrew M. Odlyzko|James B. Shearer|Jerrold R. Griggs;;;;;;;http://dx.doi.org/10.1016/0097-3165(86)90005-1;k;J. Comb. Theory, Ser. A;journals/jct/GriggsOS86;2006-05-26;;;1;31-54;;;;;;;;;;db/journals/jct/jcta42.html#GriggsOS86;42;1986
input_article.csv	402234	Missing journal article title	3259091;Tim Römer|Winfried Bruns;;;;;;;http://dx.doi.org/10.1016/j.jcta.2006.03.003;h;J. Comb. Theory, Ser. A;journals/jct/BrunsR07;2007-01-23;;;1;65-76;;;;;;;;;;db/journals/jct/jcta114.html#BrunsR07;114;2007
input_article.csv	402288	Missing journal article title	3259145;Anders Björner|Michelle L. Wachs;;;;;;;http://dx.doi.org/10.1016/0097-3165(89)90028-9;q;J. Comb. Theory, Ser. A;journals/jct/BjornerW89;2006-05-23;;;2;165-187;;;;;;;;;;db/journals/jct/jcta52.html#BjornerW89;52;1989
input_article.csv	402941	Missing journal article title	3259798;Jeffrey B. Remmel|Karen S. Briggs;;;;;;;http://dx.doi.org/10.1016/j.jcta.2005.10.009;C|m;J. Comb. Theory, Ser. A;journals/jct/BriggsR06;2007-01-23;;;6;1138-1171;;;;;m|n;;;;;db/journals/jct/jcta113.html#BriggsR06;113;2006
input_article.csv	403097	Missing journal article title	3259954;Rade T. Zivaljevic;;;;;;;http://dx.doi.org/10.1016/j.jcta.2004.12.002;WI|Z;J. Comb. Theory, Ser. A;journals/jct/Zivaljevic05;2006-05-05;;;2;204-223;;;;;2;;;;;db/journals/jct/jcta111.html#Zivaljevic05;111;2005
input_article.csv	403127	Missing journal article title	3259984;Yannis Manoussakis;;;;;;;http://dx.doi.org/10.1016/0095-8956(90)90119-K;k|k;J. Comb. Theory, Ser. B;journals/jct/Manoussakis90;2006-06-21;;;2;216-226;;;;;;;;;;db/journals/jct/jctb48.html#Manoussakis90;48;1990
input_article.csv	403651	Missing journal article title	3260508;Aviezri S. Fraenkel|Joseph Kahane;;;;;;;http://dx.doi.org/10.1016/0097-3165(87)90073-2;k;J. Comb. Theory, Ser. A;journals/jct/KahaneF87;2006-05-26;;;1;1-20;;;;;;;;;;db/journals/jct/jcta46.html#KahaneF87;46;1987
input_article.csv	403986	Missing journal article title	3260843;F. W. Wilke|Norman L. Johnson|Rolando Pomareda;;;;;;;http://dx.doi.org/10.1016/0097-3165(91)90036-G;j;J. Comb. Theory, Ser. A;journals/jct/JohnsonPW91;2006-05-23;;;2;271-284;;;;;;;;;;db/journals/jct/jcta56.html#JohnsonPW91;56;1991
input_article.csv	404246	Missing journal article title	3261103;Bojan Mohar|John Maharry|Thomas Böhme;;;;;;;http://dx.doi.org/10.1006/jctb.2002.2119;K;J. Comb. Theory, Ser. B;journals/jct/BohmeMM02;2005-02-07;;;1;133-147;;;;;a, k;;;;;db/journals/jct/jctb86.html#BohmeMM02;86;2002
input_article.csv	404259	Missing journal article title	3261116;Ed Swartz;;;;;;;http://dx.doi.org/10.1016/j.jcta.2005.11.007;g;J. Comb. Theory, Ser. A;journals/jct/Swartz06;2007-01-23;;;7;1305-1320;;;;;;;;;;db/journals/jct/jcta113.html#Swartz06;113;2006
input_article.csv	404358	Missing journal article title	3261215;Noga Alon|Raphael Yuster;;;;;;;http://dx.doi.org/10.1006/jctb.1996.0020;H;J. Comb. Theory, Ser. B;journals/jct/AlonY96;2006-01-31;;;2;269-282;;;;;;;;;;db/journals/jct/jctb66.html#AlonY96;66;1996
input_article.csv	404466	Missing journal article title	3261323;Manoel Lemos;;;;;;;http://dx.doi.org/10.1016/0095-8956(91)90037-K;K;J. Comb. Theory, Ser. B;journals/jct/Lemos91;2006-06-20;;;2;211-226;;;;;;;;;;db/journals/jct/jctb51.html#Lemos91;51;1991
input_article.csv	404803	Missing journal article title	3261660;Vera Pless;;;;;;;http://dx.doi.org/10.1016/0097-3165(86)90066-X;Q;J. Comb. Theory, Ser. A;journals/jct/Pless86;2006-05-26;;;2;258-276;;;;;;;;;;db/journals/jct/jcta43.html#Pless86;43;1986
input_article.csv	405321	Missing journal article title	3262178;Bruce A. Reed|G. S. Gasparian|S. E. Markossian;;;;;;;http://dx.doi.org/10.1006/jctb.1996.0030;beta;J. Comb. Theory, Ser. B;journals/jct/MarkossianGR96;2006-01-31;;;1;1-11;;;;;;;;;;db/journals/jct/jctb67.html#MarkossianGR96;67;1996
input_article.csv	405347	Missing journal article title	3262204;Paul Terwilliger;;;;;;;http://dx.doi.org/10.1016/0095-8956(87)90063-3;P|Q|q;J. Comb. Theory, Ser. B;journals/jct/Terwilliger87a;2006-06-21;;;1;64-67;;;;;;;;;;db/journals/jct/jctb42.html#Terwilliger87a;42;1987
input_article.csv	405694	Missing journal article title	3262551;Dennis White|Michelle L. Wachs;;;;;;;http://dx.doi.org/10.1016/0097-3165(91)90020-H;p, q;J. Comb. Theory, Ser. A;journals/jct/WachsW91;2006-05-23;;;1;27-46;;;;;;;;;;db/journals/jct/jcta56.html#WachsW91;56;1991
input_article.csv	411865	Missing journal article title	3268722;Alessandro Lomi|Fabrizio Perretti|Giacomo Negro;;;;;;;http://dx.doi.org/10.1287/orsc.1070.0319;E Pluribus Unum;Organization Science;journals/orgsci/PerrettiNL08;2010-03-05;;;4;533-547;;;;;;;;;;db/journals/orgsci/orgsci19.html#PerrettiNL08;19;2008
input_article.csv	415281	Missing journal article title	3272138;Dowluru SvgkKaladhar|Gumpeny Ramachandra Sridhar|Padmanabhuni Venkata Nageswara Rao|Sali Veeresh Kumar|Uma Devi Tatavarthi;;;;;;;http://dx.doi.org/10.1155/2012/705435;In Silico;Adv. Bioinformatics;journals/abi/SridharRSTK12;2013-04-23;;;;;;;;;;;;;;db/journals/abi/abi2012.html#SridharRSTK12;2012;2012
input_article.csv	419024	Missing journal article title	3275881;Ioannis Pratikakis|Michela Spagnuolo;;;;;;;http://dx.doi.org/10.1111/j.1467-8659.2009.01589.x;Eurographics 2009 Workshop on 3D Object Retrieval (EG 3DOR'09) in Cooperation with ACM SIGGRAPH;Comput. Graph. Forum;journals/cgf/PratikakisS10;2010-03-22;;;1;247-248;;;;;;;;;;db/journals/cgf/cgf29.html#PratikakisS10;29;2010
input_article.csv	419439	Missing journal article title	3276296;Daniel Cohen-Or|Niloy J. Mitra|Youyi Zheng;;;;;;;http://dx.doi.org/10.1111/cgf.12039;Smart Variations;Comput. Graph. Forum;journals/cgf/ZhengCM13;2013-08-18;;;2;195-204;;;;;;;;;;db/journals/cgf/cgf32.html#ZhengCM13;32;2013
input_article.csv	419496	Missing journal article title	3276353;Mohamed Daoudi|Tobias Schreck;;;;;;;http://dx.doi.org/10.1111/j.1467-8659.2010.01826.x;Eurographics 2010 Workshop on 3D Object Retrieval (EG 3DOR'10) in cooperation with ACM SIGGRAPH;Comput. Graph. Forum;journals/cgf/DaoudiS11;2011-03-11;;;1;229-230;;;;;;;;;;db/journals/cgf/cgf30.html#DaoudiS11;30;2011
input_article.csv	419537	Missing journal article title	3276394;Fabio Pellacini|Jiawei Ou;;;;;;;http://dx.doi.org/10.1111/j.1467-8659.2010.01722.x;SafeGI;Comput. Graph. Forum;journals/cgf/OuP10;2010-11-12;;;4;1269-1277;;;;;;;;;;db/journals/cgf/cgf29.html#OuP10;29;2010
input_article.csv	419615	Missing journal article title	3276472;David H. S. Chung|Iwan W. Griffiths|Mark W. Jones|Matthew L. Parry|Min Chen|Philip A. Legg|R. Long;;;;;;;http://dx.doi.org/10.1111/j.1467-8659.2012.03118.x;MatchPad;Comput. Graph. Forum;journals/cgf/LeggCPJLGC12;2013-01-22;;;3;1255-1264;;;;;;;;;;db/journals/cgf/cgf31.html#LeggCPJLGC12;31;2012
input_article.csv	419805	Missing journal article title	3276662;Daniel Weiskopf|João Comba|Kurt Debattista;;;;;;;http://dx.doi.org/10.1111/j.1467-8659.2009.01529.x;2009 Eurographics Symposium on Parallel Graphics and Visualization;Comput. Graph. Forum;journals/cgf/CombaDD09;2010-11-24;;;6;1725;;;;;;;;;;db/journals/cgf/cgf28.html#CombaDD09;28;2009
input_article.csv	420037	Missing journal article title	3276894;Charles T. Loop|Scott Schaefer;;;;;;;http://dx.doi.org/10.1111/j.1467-8659.2008.01277.x;G;Comput. Graph. Forum;journals/cgf/LoopS08;2008-10-28;;;5;1373-1382;;;;;;2;;;;db/journals/cgf/cgf27.html#LoopS08;27;2008
input_article.csv	420463	Missing journal article title	3277320;Biye Jiang|Jeffrey Heer|Zhicheng Liu;;;;;;;http://dx.doi.org/10.1111/cgf.12129;imMens;Comput. Graph. Forum;journals/cgf/LiuJH13;2013-08-18;;;3;421-430;;;;;;;;;;db/journals/cgf/cgf32.html#LiuJH13;32;2013
input_article.csv	420532	Missing journal article title	3277389;Gitta Domik|Riccardo Scateni;;;;;;;http://dx.doi.org/10.1111/j.1467-8659.2009.01433.x;Education Programme at Eurographics 2009;Comput. Graph. Forum;journals/cgf/DomikS09;2009-12-15;;;6;1723-1724;;;;;;;;;;db/journals/cgf/cgf28.html#DomikS09;28;2009
input_article.csv	420629	Missing journal article title	3277486;Cindy Grimm|Faramarz Savamati|Joseph J. LaViola Jr.|Nathan A. Carr;;;;;;;http://dx.doi.org/10.1111/j.1467-8659.2009.01586.x;Sketch-Based Interfaces and Modeling 2009 Co-Sponsored by Eurographics and ACM SIGGRAPH New Orleans, Louisiana, August 1-2, 2009;Comput. Graph. Forum;journals/cgf/CarrSLG10;2011-05-12;;;1;249;;;;;;;;;;db/journals/cgf/cgf29.html#CarrSLG10;29;2010
input_article.csv	420669	Missing journal article title	3277526;Daniel Weiskopf;;;;;;;http://dx.doi.org/10.1111/j.1467-8659.2008.01310.x;2008 Eurographics Symposium on Parallel Graphics and Visualization;Comput. Graph. Forum;journals/cgf/Weiskopf08;2009-02-25;;;8;2246;;;;;;;;;;db/journals/cgf/cgf27.html#Weiskopf08;27;2008
input_article.csv	420757	Missing journal article title	3277614;J. Villalobos|Thomas Kraft|Wenwen Dou|William Ribarsky|Xiaoyu Wang|Yang Chen|Zhiqiang Ma;;;;;;;http://dx.doi.org/10.1111/j.1467-8659.2012.03120.x;I-SI;Comput. Graph. Forum;journals/cgf/WangDMVCKR12;2014-03-31;;;3;1275-1284;;;;;;;;;;db/journals/cgf/cgf31.html#WangDMVCKR12;31;2012
input_article.csv	420954	Missing journal article title	3277811;Heike Jänicke|J. S. D. Mason|Min Chen|Rita Borgo;;;;;;;http://dx.doi.org/10.1111/j.1467-8659.2009.01605.x;SoundRiver: ;Comput. Graph. Forum;journals/cgf/JanickeBMC10;2010-11-12;;;2;357-366;;;;;;;;;;db/journals/cgf/cgf29.html#JanickeBMC10;29;2010
input_article.csv	421569	Missing journal article title	3278426;Fabio Pellacini|Francesco Banterle|Marco Callieri|Massimiliano Corsini|Matteo Dellepiane|Roberto Scopigno;;;;;;;http://dx.doi.org/10.1111/cgf.12249;EnvyDepth: ;Comput. Graph. Forum;journals/cgf/BanterleCDCPS13;2014-01-04;;;7;411-420;;;;;;;;;;db/journals/cgf/cgf32.html#BanterleCDCPS13;32;2013
input_article.csv	423643	Missing journal article title	3280500;Annemie Van Hirtum|Pierre-Yves Lagrée|Xavier Pelorson;;;;;;;http://dx.doi.org/10.1007/BF02345139;In vitro;Med. Biol. Engineering and Computing;journals/mbec/HirtumPL05;2011-06-01;;;1;162-171;;;;;;;;;;db/journals/mbec/mbec43.html#HirtumPL05;43;2005
input_article.csv	424090	Missing journal article title	3280947;J. Antonsson|J. S. Dam|K. Wårdell|N. Yavari|Stefan Andersson-Engels;;;;;;;http://dx.doi.org/10.1007/BF02351040;In vitro;Med. Biol. Engineering and Computing;journals/mbec/YavariDAWA05;2012-09-13;;;5;658-666;;;;;;;;;;db/journals/mbec/mbec43.html#YavariDAWA05;43;2005
input_article.csv	424270	Missing journal article title	3281127;Preeti Ranjan Panda|Rajendran Panda;;;;;;;http://dx.doi.org/10.1166/jolpe.2009.1026;A Special Issue on the;J. Low Power Electronics;journals/jolpe/PandaP09;2010-07-06;;;3;255-256;;;;;;;;;;db/journals/jolpe/jolpe5.html#PandaP09;5;2009
input_article.csv	424284	Missing journal article title	3281141;Avinash Lakshminarayana|Deepak Mathaikutty|Sandeep K. Shukla|Sumit Ahuja;;;;;;;http://dx.doi.org/10.1166/jolpe.2009.1040;SCoPE;J. Low Power Electronics;journals/jolpe/AhujaMLS09;2010-07-06;;;4;407-415;;;;;;;;;;db/journals/jolpe/jolpe5.html#AhujaMLS09;5;2009
input_article.csv	424363	Missing journal article title	3281220;Shireesh Verma;;;;;;;http://dx.doi.org/10.1166/jolpe.2011.1111;A Special Issue on;J. Low Power Electronics;journals/jolpe/Verma11;2011-05-12;;;1;1;;;;;;;;;;db/journals/jolpe/jolpe7.html#Verma11;7;2011
input_article.csv	424401	Missing journal article title	3281258;Swarup Bhunia;;;;;;;http://dx.doi.org/10.1166/jolpe.2010.1087;A Special Issue on;J. Low Power Electronics;journals/jolpe/Bhunia10;2011-01-25;;;3;375;;;;;;;;;;db/journals/jolpe/jolpe6.html#Bhunia10;6;2010
input_article.csv	424497	Missing journal article title	3281354;Saraju P. Mohanty;;;;;;;http://dx.doi.org/10.1166/jolpe.2012.1189;A Special Issue on;J. Low Power Electronics;journals/jolpe/Mohanty12;2012-11-08;;;3;259-260;;;;;;;;;;db/journals/jolpe/jolpe8.html#Mohanty12;8;2012
input_article.csv	424875	Missing journal article title	3281732;Clifford A. Pickover;;;;;;;http://dx.doi.org/10.1007/BF01900906;Short communication;The Visual Computer;journals/vc/Pickover93a;2011-06-06;;;3;173-177;;;;;;;;;;db/journals/vc/vc10.html#Pickover93a;10;1993
input_article.csv	424932	Missing journal article title	3281789;Clifford A. Reiter;;;;;;;http://dx.doi.org/10.1007/BF01900846;Short communication;The Visual Computer;journals/vc/Reiter91;2011-06-06;;;1;64-67;;;;;;;;;;db/journals/vc/vc8.html#Reiter91;8;1991
input_article.csv	424937	Missing journal article title	3281794;Konstantinos Konstantinides;;;;;;;http://dx.doi.org/10.1007/BF01900838;Short communication;The Visual Computer;journals/vc/Konstantinides91;2011-06-06;;;4;220-228;;;;;;;;;;db/journals/vc/vc7.html#Konstantinides91;7;1991
input_article.csv	425103	Missing journal article title	3281960;Clifford A. Pickover;;;;;;;http://dx.doi.org/10.1007/BF01901726;Short communication;The Visual Computer;journals/vc/Pickover93;2011-06-06;;;4;227-229;;;;;;;;;;db/journals/vc/vc9.html#Pickover93;9;1993
input_article.csv	425190	Missing journal article title	3282047;R. Victor Klassen;;;;;;;http://dx.doi.org/10.1007/BF01908451;Short communication;The Visual Computer;journals/vc/Klassen93;2011-06-06;;;5;289-291;;;;;;;;;;db/journals/vc/vc9.html#Klassen93;9;1993
input_article.csv	425275	Missing journal article title	3282132;Charles D. Woodward;;;;;;;http://dx.doi.org/10.1007/BF01962896;B;The Visual Computer;journals/vc/Woodward87;2011-06-06;;;3;152-161;;;;;;;;;;db/journals/vc/vc3.html#Woodward87;3;1987
input_article.csv	425391	Missing journal article title	3282248;John R. Tippetts;;;;;;;http://dx.doi.org/10.1007/BF01902140;Short communication;The Visual Computer;journals/vc/Tippetts92;2011-06-06;;;3;200-201;;;;;;;;;;db/journals/vc/vc8.html#Tippetts92;8;1992
input_article.csv	425518	Missing journal article title	3282375;Baining Guo;;;;;;;http://dx.doi.org/10.1007/BF01900829;Short communication;The Visual Computer;journals/vc/Guo94;2011-06-06;;;6;350-352;;;;;;;;;;db/journals/vc/vc10.html#Guo94;10;1994
input_article.csv	425761	Missing journal article title	3282618;Clifford A. Pickover;;;;;;;http://dx.doi.org/10.1007/BF01902555;Short communication;The Visual Computer;journals/vc/Pickover92a;2011-06-06;;;3;166-169;;;;;;;;;;db/journals/vc/vc9.html#Pickover92a;9;1992
input_article.csv	425805	Missing journal article title	3282662;Gregory Joy|Zhigang Xiang;;;;;;;http://dx.doi.org/10.1007/BF01905532;Short communication;The Visual Computer;journals/vc/JoyX93;2011-06-06;;;1;62-66;;;;;;;;;;db/journals/vc/vc10.html#JoyX93;10;1993
input_article.csv	426257	Missing journal article title	3283114;Denis Juriev;;;;;;;http://dx.doi.org/10.1007/BF01901275;Short communication;The Visual Computer;journals/vc/Juriev92;2011-06-06;;;2;105-108;;;;;;;;;;db/journals/vc/vc9.html#Juriev92;9;1992
input_article.csv	428902	Missing journal article title	3285759;Bowden Wise|Mark Gilder|Umang Brahmakshatriya|Weizhong Yan|Ya Xue;;;;;;;http://dx.doi.org/10.1016/j.jpdc.2012.06.009;p;J. Parallel Distrib. Comput.;journals/jpdc/YanBXGW13;2013-02-08;;;3;352-359;;;;;;;;;;db/journals/jpdc/jpdc73.html#YanBXGW13;73;2013
input_article.csv	449058	Missing journal article title	3305915;Michael Friedman;;;;;;;http://dx.doi.org/10.1007/s11229-008-9356-0;Wissenschaftslogik;Synthese;journals/synthese/Friedman08;2009-04-16;;;3;385-400;;;;;;;;;;db/journals/synthese/synthese164.html#Friedman08;164;2008
input_article.csv	449359	Missing journal article title	3306216;Colin Allen|Tony Beavers;;;;;;;http://dx.doi.org/10.1007/s11229-009-9664-z;Synthese;Synthese;journals/synthese/AllenB11;2011-08-22;;;2;181-183;;;;;;;;;;db/journals/synthese/synthese182.html#AllenB11;182;2011
input_article.csv	450666	Missing journal article title	3307523;Jiebo Luo|Sushmita Mitra|Tinku Acharya;;;;;;;http://dx.doi.org/10.1117/1.2179076;Data Mining: Multimedia, Soft Computing, and Bioinformatics;J. Electronic Imaging;journals/jei/MitraAL06;2010-07-12;;;1;019901;;;;;;;;;;db/journals/jei/jei15.html#MitraAL06;15;2006
input_article.csv	450787	Missing journal article title	3307644;Alessandro Vinciarelli|Francesco Camastra|Jie Yu;;;;;;;http://dx.doi.org/10.1117/1.3152242;Machine Learning for Audio, Image and Video Analysis;J. Electronic Imaging;journals/jei/CamastraVY09;2010-07-08;;;2;029901;;;;;;;;;;db/journals/jei/jei18.html#CamastraVY09;18;2009
input_article.csv	450816	Missing journal article title	3307673;Ajoy K. Ray|Andrew C. Gallagher|Tinku Acharya;;;;;;;http://dx.doi.org/10.1117/1.2348895;Image Processing: Principles and Applications;J. Electronic Imaging;journals/jei/AcharyaRG06;2010-11-29;;;3;039901;;;;;;;;;;db/journals/jei/jei15.html#AcharyaRG06;15;2006
input_article.csv	450822	Missing journal article title	3307679;Geoff Woolfe|Rolf G. Kuehni;;;;;;;http://dx.doi.org/10.1117/1.1806149;Color Space and Its Divisions: Color Order from Antiquity to the Present;J. Electronic Imaging;journals/jei/KuehniW04;2010-07-13;;;4;907-908;;;;;;;;;;db/journals/jei/jei13.html#KuehniW04;13;2004
input_article.csv	450839	Missing journal article title	3307696;Ashraf A. Kassim|H. R. Wu|K. R. Rao;;;;;;;http://dx.doi.org/10.1117/1.2778686;Digital Video Image Quality and Perceptual Coding;J. Electronic Imaging;journals/jei/WuRK07;2010-07-12;;;3;039901;;;;;;;;;;db/journals/jei/jei16.html#WuRK07;16;2007
input_article.csv	450855	Missing journal article title	3307712;Alan C. Bovik|James E. Adams Jr.;;;;;;;http://dx.doi.org/10.1117/1.3430078;The Essential Guide to Image Processing;J. Electronic Imaging;journals/jei/BovikA10;2010-08-27;;;2;029901;;;;;;;;;;db/journals/jei/jei19.html#BovikA10;19;2010
input_article.csv	450870	Missing journal article title	3307727;James E. Adams Jr.|William K. Pratt;;;;;;;http://dx.doi.org/10.1117/1.2744044;Digital Image Processing, 4th Edition;J. Electronic Imaging;journals/jei/PrattA07;2010-07-12;;;2;029901;;;;;;;;;;db/journals/jei/jei16.html#PrattA07;16;2007
input_article.csv	450914	Missing journal article title	3307771;Andrew W. Fitzgibbon|Craig Robertson|Emanuele Trucco|Jiebo Luo|Ken Dawson-Howe|Robert B. Fisher;;;;;;;http://dx.doi.org/10.1117/1.2179077;Dictionary of Computer Vision and Image Processing;J. Electronic Imaging;journals/jei/FisherHFRTL06;2010-07-12;;;1;019902;;;;;;;;;;db/journals/jei/jei15.html#FisherHFRTL06;15;2006
input_article.csv	451013	Missing journal article title	3307870;Jonathan K. Riek;;;;;;;http://spiedigitallibrary.aip.org/getabs/servlet/GetabsServlet?prog=normal&id=JEIME5000007000003000708000001&idtype=cvips&gifs=Yes;Video Coding: The Second Generation Approach;J. Electronic Imaging;journals/jei/Riek98;2010-07-14;;;3;708-709;;;;;;;;;;db/journals/jei/jei7.html#Riek98;7;1998
input_article.csv	451085	Missing journal article title	3307942;Amit Singhal|Arun D. Kulkarni;;;;;;;http://dx.doi.org/10.1117/1.1640620;Computer Vision and Fuzzy-Neural Systems ;J. Electronic Imaging;journals/jei/KulkarniS04;2010-07-13;;;1;251-252;;;;;;;;;;db/journals/jei/jei13.html#KulkarniS04;13;2004
input_article.csv	451153	Missing journal article title	3308010;Jie Yu|Latifur Khan|Valery A. Petrushin;;;;;;;http://dx.doi.org/10.1117/1.3040688;Multimedia Data Mining and Knowledge Discovery;J. Electronic Imaging;journals/jei/PetrushinKY08;2010-07-08;;;4;049901;;;;;;;;;;db/journals/jei/jei17.html#PetrushinKY08;17;2008
input_article.csv	451162	Missing journal article title	3308019;Antoine Manzanera|Bernard Longuet|Françoise J. Prêteux|Thierry M. Bernard;;;;;;;http://dx.doi.org/10.1117/1.1426080;n;J. Electronic Imaging;journals/jei/ManzaneraBPL02;2010-07-14;;;1;25-37;;;;;;;;;;db/journals/jei/jei11.html#ManzaneraBPL02;11;2002
input_article.csv	451197	Missing journal article title	3308054;Dianne P. Leary|James G. Nagy|Per Christian Hansen|Rodney Miller;;;;;;;http://dx.doi.org/10.1117/1.2900557;Deblurring Images: Matrices, Spectra and Filtering;J. Electronic Imaging;journals/jei/HansenNLM08;2010-07-08;;;1;019901;;;;;;;;;;db/journals/jei/jei17.html#HansenNLM08;17;2008
input_article.csv	451211	Missing journal article title	3308068;Gaurav Sharma|Hsien-Che Lee;;;;;;;http://dx.doi.org/10.1117/1.2211639;Introduction to Color Imaging Science;J. Electronic Imaging;journals/jei/LeeS06;2010-07-12;;;2;029901;;;;;;;;;;db/journals/jei/jei15.html#LeeS06;15;2006
input_article.csv	451302	Missing journal article title	3308159;Bruce H. Pillman|Edward Giorgianni|Thomas E. Madden;;;;;;;http://dx.doi.org/10.1117/1.3263898;Digital Color Management Encoding Solutions, Second Edition;J. Electronic Imaging;journals/jei/GiorgianniMP09;2010-07-08;;;4;049901;;;;;;;;;;db/journals/jei/jei18.html#GiorgianniMP09;18;2009
input_article.csv	451344	Missing journal article title	3308201;Dhiraj Joshi|Matthieu Cord|Padraig Cunningham;;;;;;;http://dx.doi.org/10.1117/1.3207770;Machine Learning Techniques for Multimedia: Case Studies on Organization and Retrieval;J. Electronic Imaging;journals/jei/CordCJ09;2010-08-23;;;3;039901;;;;;;;;;;db/journals/jei/jei18.html#CordCJ09;18;2009
input_article.csv	451424	Missing journal article title	3308281;Alan C. Bovik|Amit Singhal;;;;;;;http://dx.doi.org/10.1117/1.3362015;The Essential Guide to Video Processing;J. Electronic Imaging;journals/jei/BovikS10;2010-08-27;;;1;019901;;;;;;;;;;db/journals/jei/jei19.html#BovikS10;19;2010
input_article.csv	451436	Missing journal article title	3308293;Chris W. Honsinger|Lindsay W. MacDonald;;;;;;;http://dx.doi.org/10.1117/1.2714960;Digital Heritage: Applying Digital Imaging to Cultural Heritage;J. Electronic Imaging;journals/jei/MacDonaldH07;2010-07-12;;;1;019901;;;;;;;;;;db/journals/jei/jei16.html#MacDonaldH07;16;2007
input_article.csv	451733	Missing journal article title	3308590;Peter O. Stubler|Rama Chellappa|Wenyi Zhao;;;;;;;http://dx.doi.org/10.1117/1.2397688;Face Processing: Advanced Modeling and Methods;J. Electronic Imaging;journals/jei/ZhaoCS06;2010-07-12;;;4;049901;;;;;;;;;;db/journals/jei/jei15.html#ZhaoCS06;15;2006
input_article.csv	451749	Missing journal article title	3308606;Arjen P. de Vries|Dhiraj Joshi|Henk Ernst Blok|Henk M. Blanken|Ling Feng;;;;;;;http://dx.doi.org/10.1117/1.2967341;Multimedia Retrieval;J. Electronic Imaging;journals/jei/BlankenVBFJ08;2010-07-08;;;3;039901;;;;;;;;;;db/journals/jei/jei17.html#BlankenVBFJ08;17;2008
input_article.csv	451780	Missing journal article title	3308637;Antoine Manzanera|Bernard Longuet|Françoise J. Prêteux|Thierry M. Bernard;;;;;;;http://dx.doi.org/10.1117/1.1506930;n;J. Electronic Imaging;journals/jei/ManzaneraBPL02a;2010-07-14;;;4;528;;;;;;;;;;db/journals/jei/jei11.html#ManzaneraBPL02a;11;2002
input_article.csv	451828	Missing journal article title	3308685;Lawrence A. Ray;;;;;;;http://dx.doi.org/10.1117/1.2041647;2-D and 3-D Image Registration for Medical, Remote Sensing, and Industrial Applications;J. Electronic Imaging;journals/jei/Ray05;2010-07-13;;;3;039901;;;;;;;;;;db/journals/jei/jei14.html#Ray05;14;2005
input_article.csv	451835	Missing journal article title	3308692;Christopher M. Bishop|Nasser M. Nasrabadi;;;;;;;http://dx.doi.org/10.1117/1.2819119;Pattern Recognition and Machine Learning;J. Electronic Imaging;journals/jei/BishopN07;2010-07-12;;;4;049901;;;;;;;;;;db/journals/jei/jei16.html#BishopN07;16;2007
input_article.csv	451865	Missing journal article title	3308722;Atilla Baskurt|Edward J. Delp|Jean-Luc Dugelay|Mohamed Daoudi;;;;;;;http://dx.doi.org/10.1117/1.3079606;3D Object Processing: Compression, Indexing and Watermarking;J. Electronic Imaging;journals/jei/DugelayBDD09;2011-12-08;;;1;019901;;;;;;;;;;db/journals/jei/jei18.html#DugelayBDD09;18;2009
input_article.csv	462588	Missing journal article title	3320976;Moshe Y. Vardi;;;;;;;http://doi.acm.org/10.1145/1735223.1735224;Globalization and Offshoring of Software;Commun. ACM;journals/cacm/Vardi10b;2010-04-26;;;5;5;;;;;;;;;;db/journals/cacm/cacm53.html#Vardi10b;53;2010
input_article.csv	463024	Missing journal article title	3321412;John Erickson|Keng Siau;;;;;;;http://doi.acm.org/10.1145/903893.903928;e;Commun. ACM;journals/cacm/EricksonS03;2006-02-09;;;9;134-140;;;;;;;;;;db/journals/cacm/cacm46.html#EricksonS03;46;2003
input_article.csv	463534	Missing journal article title	3321922;Scott E. Delman;;;;;;;http://doi.acm.org/10.1145/1467247.1467249;Communications;Commun. ACM;journals/cacm/Delman09;2009-03-23;;;3;7;;;;;;;;;;db/journals/cacm/cacm52.html#Delman09;52;2009
input_article.csv	463695	Missing journal article title	3322083;Scott E. Delman;;;;;;;http://doi.acm.org/10.1145/1538788.1538790;Communications';Commun. ACM;journals/cacm/Delman09a;2009-07-02;;;7;6-7;;;;;;;;;;db/journals/cacm/cacm52.html#Delman09a;52;2009
input_article.csv	464430	Missing journal article title	3322818;Bryan Cantrill|Steve Bourne;;;;;;;http://doi.acm.org/10.1145/1536616.1536617;Communications;Commun. ACM;journals/cacm/BourneC09;2009-09-18;;;8;5;;;;;;;;;;db/journals/cacm/cacm52.html#BourneC09;52;2009
input_article.csv	464985	Missing journal article title	3323373;David Roman;;;;;;;http://doi.acm.org/10.1145/1400181.1400185;Communications;Commun. ACM;journals/cacm/Roman08c;2008-11-03;;;10;10;;;;;;;;;;db/journals/cacm/cacm51.html#Roman08c;51;2008
input_article.csv	465575	Missing journal article title	3323963;Victor Vianu;;;;;;;http://doi.acm.org/10.1145/1787234.1787235;JACM;Commun. ACM;journals/cacm/Vianu10;2010-08-10;;;8;5;;;;;;;;;;db/journals/cacm/cacm53.html#Vianu10;53;2010
input_article.csv	465962	Missing journal article title	3324350;Pamela Samuelson;;;;;;;http://doi.acm.org/10.1145/2366316.2366325;Oracle v. Google;Commun. ACM;journals/cacm/Samuelson12b;2012-11-17;;;11;25-27;;;;;;;;;;db/journals/cacm/cacm55.html#Samuelson12b;55;2012
input_article.csv	466209	Missing journal article title	3324597;Dawn N. Jutla|Dimitri Kanevsky;;;;;;;http://doi.acm.org/10.1145/1435417.1435434;wise;Commun. ACM;journals/cacm/JutlaK09;2009-01-08;;;1;64-69;;;;;;;;;;db/journals/cacm/cacm52.html#JutlaK09;52;2009
input_article.csv	467550	Missing journal article title	3325938;David Roman;;;;;;;http://doi.acm.org/10.1145/1435417.1435421;Communications;Commun. ACM;journals/cacm/Roman09;2009-01-08;;;1;8;;;;;;;;;;db/journals/cacm/cacm52.html#Roman09;52;2009
input_article.csv	468758	Missing journal article title	3327146;Hans Heymans;;;;;;;http://dx.doi.org/10.1007/s10485-008-9149-0;Q;Applied Categorical Structures;journals/acs/Heymans09;2011-01-31;;;1;1-28;;;;;;;;;;db/journals/acs/acs17.html#Heymans09;17;2009
input_article.csv	468879	Missing journal article title	3327267;A. Del Río|L. Javier Hernández|M. Teresa Rivas;;;;;;;http://dx.doi.org/10.1007/s10485-008-9157-0;S;Applied Categorical Structures;journals/acs/RioHR09;2011-11-08;;;3;287-301;;;;;;;;;;db/journals/acs/acs17.html#RioHR09;17;2009
input_article.csv	468919	Missing journal article title	3327307;Tom Lada;;;;;;;http://dx.doi.org/10.1023/B:APCS.0000013809.71153.30;L;Applied Categorical Structures;journals/acs/Lada04;2006-05-29;;;1;29-34;;;;;infinity;;;;;db/journals/acs/acs12.html#Lada04;12;2004
input_article.csv	469032	Missing journal article title	3327420;Helmut Röhrl;;;;;;;http://dx.doi.org/10.1007/s10485-008-9160-5;gamma;Applied Categorical Structures;journals/acs/Rohrl10;2010-02-17;;;1;31-53;;;;;;;;;;db/journals/acs/acs18.html#Rohrl10;18;2010
input_article.csv	469127	Missing journal article title	3327515;Josef Slapal;;;;;;;http://dx.doi.org/10.1007/s10485-004-3883-8;F;Applied Categorical Structures;journals/acs/Slapal05;2006-05-29;;;1;49-64;;;;;;;;;;db/journals/acs/acs13.html#Slapal05;13;2005
input_article.csv	469128	Missing journal article title	3327516;Antonio Pulgarín|Miroslav Husek;;;;;;;http://dx.doi.org/10.1007/s10485-009-9219-y;C|X;Applied Categorical Structures;journals/acs/HusekP11;2011-03-15;;;2;439-454;;;;;;;;;;db/journals/acs/acs19.html#HusekP11;19;2011
input_article.csv	469239	Missing journal article title	3327627;A. R. Grandjeán|M. P. López;;;;;;;http://dx.doi.org/10.1023/A:1023507229607;G|H|T|q|q;Applied Categorical Structures;journals/acs/GrandjeanL03;2006-05-29;;;2;171-184;;;;;2;;;;;db/journals/acs/acs11.html#GrandjeanL03;11;2003
input_article.csv	469286	Missing journal article title	3327674;Nizar Marcus;;;;;;;http://dx.doi.org/10.1023/A:1023597003585;E;Applied Categorical Structures;journals/acs/Marcus03;2006-05-29;;;2;125-133;;;;;;;;;;db/journals/acs/acs11.html#Marcus03;11;2003
input_article.csv	472999	Missing journal article title	3331387;Kaoru Yoshida|Takashi Chikayama;;;;;;;http://dx.doi.org/10.1007/BF03037203;A'UM;New Generation Comput.;journals/ngc/YoshidaC90;2011-12-11;;;2-3;127-157;;;;;;;;;;db/journals/ngc/ngc7.html#YoshidaC90;7;1990
input_article.csv	475532	Missing journal article title	3333920;Donald Gotterbarn;;;;;;;http://dx.doi.org/10.1016/0164-1212(90)90087-3;A workshop report: ;Journal of Systems and Software;journals/jss/Gotterbarn90;2006-02-01;;;3;215-216;;;;;;;;;;db/journals/jss/jss11.html#Gotterbarn90;11;1990
input_article.csv	476888	Missing journal article title	3335276;Chris Fox|John Howroyd|Lahcen Ouarbya|Mark Harman|Martin P. Ward|Mohammed Daoudi|Robert M. Hierons|Sebastian Danicic;;;;;;;http://dx.doi.org/10.1016/j.jss.2004.03.034;ConSUS;Journal of Systems and Software;journals/jss/DanicicDFHHHOW05;2005-12-08;;;3;241-262;;;;;;;;;;db/journals/jss/jss77.html#DanicicDFHHHOW05;77;2005
input_article.csv	483782	Missing journal article title	3342170;Carlos Vinuesa|Javier Cilleruelo;;;;;;;http://dx.doi.org/10.1017/S0963548308009450;B|g;Combinatorics, Probability & Computing;journals/cpc/CillerueloV08;2008-11-20;;;6;741-747;;;;;2;;;;;db/journals/cpc/cpc17.html#CillerueloV08;17;2008
input_article.csv	483806	Missing journal article title	3342194;Benjamin Girard|Simon Griffiths|Yahya Ould Hamidoune;;;;;;;http://dx.doi.org/10.1017/S0963548312000168;k;Combinatorics, Probability & Computing;journals/cpc/GirardGH12;2013-04-03;;;4;582-596;;;;;;;;;;db/journals/cpc/cpc21.html#GirardGH12;21;2012
input_article.csv	484366	Missing journal article title	3342754;Hans-Otto Georgii;;;;;;;http://dx.doi.org/10.1017/S0963548308008924;The Random-Cluster Model;Combinatorics, Probability & Computing;journals/cpc/Georgii08;2008-11-20;;;2;317-318;;;;;;;;;;db/journals/cpc/cpc17.html#Georgii08;17;2008
input_article.csv	484550	Missing journal article title	3342938;J. Robert Johnson|John M. Talbot;;;;;;;http://dx.doi.org/10.1017/S0963548308009206;G;Combinatorics, Probability & Computing;journals/cpc/JohnsonT08;2008-11-20;;;4;559-575;;;;;;;;;;db/journals/cpc/cpc17.html#JohnsonT08;17;2008
input_article.csv	484784	Missing journal article title	3343172;Jørn Johansen|Mads Christiansen;;;;;;;http://dx.doi.org/10.1002/spip.393;ImprovAbility;Software Process: Improvement and Practice;journals/sopr/ChristiansenJ08;2008-09-23;;;4;319-325;;;;;;TM;;;;db/journals/sopr/sopr13.html#ChristiansenJ08;13;2008
input_article.csv	485698	Missing journal article title	3344086;Danny Dig|Kashif Manzoor|Ralph E. Johnson|Tien N. Nguyen;;;;;;;http://doi.acm.org/10.1145/1218776.1218797;Refactoring;ACM SIGSOFT Software Engineering Notes;journals/sigsoft/DigMNJ06;2010-05-27;;;6;1-2;;;;;;;;;;db/journals/sigsoft/sigsoft31.html#DigMNJ06;31;2006
input_article.csv	487746	Missing journal article title	3346134;R. K. Shyamasundar|Vishwas Patil;;;;;;;http://dx.doi.org/10.1007/s10796-005-4809-1;e-coupons;Information Systems Frontiers;journals/isf/PatilS05;2006-05-03;;;4-5;371-389;;;;;;;;;;db/journals/isf/isf7.html#PatilS05;7;2005
input_article.csv	488887	Missing journal article title	3347275;João Nuno Silva|Luís Veiga|Sergio Esteves;;;;;;;http://dx.doi.org/10.1186/1869-0238-4-12;F|l|u|χ;J. Internet Services and Applications;journals/jisa/EstevesSV13;2013-08-26;;;1;;;;;;;;;;;db/journals/jisa/jisa4.html#EstevesSV13;4;2013
input_article.csv	495954	Missing journal article title	3354342;Ekaterina Gilman|Iván Sánchez Milara|Jukka Riekki|Jussi Mäkipelto|Mikko Pyykkönen|Oleg Davidyuk;;;;;;;http://dx.doi.org/10.2478/s13537-011-0031-z;iCompose: ;Central Europ. J. Computer Science;journals/cejcs/DavidyukGMMPR11;2012-01-17;;;4;442-465;;;;;;;;;;db/journals/cejcs/cejcs1.html#DavidyukGMMPR11;1;2011
input_article.csv	496617	Missing journal article title	3355005;Qingshi Gao|Zhiyong Liu;;;;;;;http://dx.doi.org/10.1007/BF02948337;K;J. Comput. Sci. Technol.;journals/jcst/GaoL95;2011-05-16;;;5;417-424;;;;;;;;;;db/journals/jcst/jcst10.html#GaoL95;10;1995
input_article.csv	497042	Missing journal article title	3355430;Hao Wang;;;;;;;http://dx.doi.org/10.1007/BF02943143;R;J. Comput. Sci. Technol.;journals/jcst/Wang97;2011-05-16;;;1;40-48;;;;;a|b;;;;;db/journals/jcst/jcst12.html#Wang97;12;1997
input_article.csv	497481	Missing journal article title	3355869;Guoqing Zhu|Jianrong Tan|Kui Fang;;;;;;;http://dx.doi.org/10.1007/BF02943192;C|C;J. Comput. Sci. Technol.;journals/jcst/FangTZ98;2011-05-16;;;3;238-245;;;;;;2|3;;;;db/journals/jcst/jcst13.html#FangTZ98;13;1998
input_article.csv	497797	Missing journal article title	3356185;Andreas Jakoby|Markus Hinkelmann|Peer Stechert;;;;;;;http://dx.doi.org/10.1007/s11390-008-9174-3;t|t;J. Comput. Sci. Technol.;journals/jcst/HinkelmannJS08;2008-11-26;;;5;694-710;;;;;;;;;;db/journals/jcst/jcst23.html#HinkelmannJS08;23;2008
input_article.csv	497904	Missing journal article title	3356292;Bart Preneel|Feng Bao|Ming Gu|Robert H. Deng|Zhiguo Wan;;;;;;;http://dx.doi.org/10.1007/s11390-009-9207-6;n;J. Comput. Sci. Technol.;journals/jcst/WanDBPG09;2009-07-13;;;1;138-151;;;;;;+;;;;db/journals/jcst/jcst24.html#WanDBPG09;24;2009
input_article.csv	498150	Missing journal article title	3356538;Jian-Min Pang|Paul Callaghan|Zhaohui Luo;;;;;;;http://dx.doi.org/10.1007/s11390-005-0526-y;LF|LFTOP;J. Comput. Sci. Technol.;journals/jcst/PangCL05;2006-06-01;;;4;526-535;;;;;;;;;;db/journals/jcst/jcst20.html#PangCL05;20;2005
input_article.csv	500757	Missing journal article title	3359145;Byron Ruth|E. Bryan Crenshaw|Jeffrey Miller|Jeffrey W. Pennington|Jennifer G. Loutrel|Michael J. Italia|Peter S. White|Stacey Wrazien;;;;;;;http://dx.doi.org/10.1136/amiajnl-2013-001825;Harvest;JAMIA;journals/jamia/PenningtonRIMWLCW14;2014-03-09;;;2;379-383;;;;;;;;;;db/journals/jamia/jamia21.html#PenningtonRIMWLCW14;21;2014
input_article.csv	501538	Missing journal article title	3359926;Bonnie Kaplan|Carolyn Petersen|Kenneth W. Goodman|Paul DeMuro;;;;;;;http://dx.doi.org/10.1136/amiajnl-2012-001123;IMS Health|Sorrell;JAMIA;journals/jamia/PetersenDGK13;2013-01-15;;;1;35-37;;;;;;;;;;db/journals/jamia/jamia20.html#PetersenDGK13;20;2013
input_article.csv	501711	Missing journal article title	3360099;Khaled El Emam|Maja van der Velden;;;;;;;http://dx.doi.org/10.1136/amiajnl-2012-000949;"""Not all my friends need to|know""";JAMIA;journals/jamia/VeldenE13;2013-01-15;;;1;16-24;;;;;;;;;;db/journals/jamia/jamia20.html#VeldenE13;20;2013
input_article.csv	508923	Missing journal article title	3367311;Nan-Jing Huang|Ya-Ping Fang;;;;;;;http://dx.doi.org/10.1016/S0893-9659(04)90099-7;H;Appl. Math. Lett.;journals/appml/FangH04;2005-04-07;;;6;647-653;;;;;;;;;;db/journals/appml/appml17.html#FangH04;17;2004
input_article.csv	509549	Missing journal article title	3367937;Anil K. Gupta|Ritu Agarwal|Robert E. Kraut;;;;;;;http://dx.doi.org/10.1287/isre.1050.0068;Information Systems Research;Information Systems Research;journals/isr/AgarwalGK05;2010-03-04;;;3;329-330;;;;;;;;;;db/journals/isr/isr16.html#AgarwalGK05;16;2005
input_article.csv	509842	Missing journal article title	3368230;Brian Fitzgerald|Pär J. Ågerfalk|Sandra Slaughter;;;;;;;http://dx.doi.org/10.1287/isre.1060.0100;Information Systems Research;Information Systems Research;journals/isr/FitzgeraldSA06;2010-03-04;;;3;323-325;;;;;;;;;;db/journals/isr/isr17.html#FitzgeraldSA06;17;2006
input_article.csv	515408	Missing journal article title	3373796;Alessandro Ricci|Andrea Omicini|Mirko Viroli;;;;;;;http://dx.doi.org/10.1016/j.entcs.2006.03.003;Agens Faber;Electr. Notes Theor. Comput. Sci.;journals/entcs/OmiciniRV06;2006-07-24;;;3;21-36;;;;;;;;;;db/journals/entcs/entcs150.html#OmiciniRV06;150;2006
input_article.csv	515560	Missing journal article title	3373948;Juan de Lara;;;;;;;http://dx.doi.org/10.1016/j.entcs.2004.08.052;Distributed Event Graphs;Electr. Notes Theor. Comput. Sci.;journals/entcs/Lara05;2005-05-20;;;4;145-162;;;;;;;;;;db/journals/entcs/entcs127.html#Lara05;127;2005
input_article.csv	515652	Missing journal article title	3374040;Christian Stenzel|Markus Reitz;;;;;;;http://dx.doi.org/10.1016/j.entcs.2004.02.065;Minerva;Electr. Notes Theor. Comput. Sci.;journals/entcs/ReitzS05;2005-05-13;;;;3-23;;;;;;;;;;db/journals/entcs/entcs114.html#ReitzS05;114;2005
input_article.csv	517587	Missing journal article title	3375975;Luis G. Reyna;;;;;;;http://dx.doi.org/10.1007/BF01066480;L;J. Sci. Comput.;journals/jscic/Reyna88;2008-11-21;;;1;1-23;;;;;2;;;;;db/journals/jscic/jscic3.html#Reyna88;3;1988
input_article.csv	517659	Missing journal article title	3376047;Li-Yeng Sung|Susanne C. Brenner|Thirupathi Gudi;;;;;;;http://dx.doi.org/10.1007/s10915-009-9278-0;A Posteriori;J. Sci. Comput.;journals/jscic/BrennerGS09;2009-12-14;;;1-3;37-50;;;;;;;;;;db/journals/jscic/jscic40.html#BrennerGS09;40;2009
input_article.csv	517680	Missing journal article title	3376068;Endre Süli|Igor Mozolevski|Paulo R. Bösing;;;;;;;http://dx.doi.org/10.1007/s10915-006-9100-1;a priori|hp;J. Sci. Comput.;journals/jscic/MozolevskiSB07;2007-04-26;;;3;465-491;;;;;;;;;;db/journals/jscic/jscic30.html#MozolevskiSB07;30;2007
input_article.csv	517953	Missing journal article title	3376341;Haijun Wu|Xiaobing Feng;;;;;;;http://dx.doi.org/10.1007/s10915-004-4610-1;A Posteriori;J. Sci. Comput.;journals/jscic/FengW05;2011-03-22;;;2;121-146;;;;;;;;;;db/journals/jscic/jscic24.html#FengW05;24;2005
input_article.csv	517966	Missing journal article title	3376354;Anthony T. Patera|Gabriel Turinici|Yvon Maday;;;;;;;http://dx.doi.org/10.1023/A:1015145924517;A Priori;J. Sci. Comput.;journals/jscic/MadayPT02;2008-09-12;;;1-4;437-446;;;;;;;;;;db/journals/jscic/jscic17.html#MadayPT02;17;2002
input_article.csv	523414	Missing journal article title	3381802;Barbara Krausz|Rainer Herpers;;;;;;;http://dx.doi.org/10.1007/s11042-009-0367-8;MetroSurv;Multimedia Tools Appl.;journals/mta/KrauszH10;2010-09-14;;;1;123-147;;;;;;;;;;db/journals/mta/mta50.html#KrauszH10;50;2010
input_article.csv	523425	Missing journal article title	3381813;Hanli Zhao|Jianbing Shen|Shufang Lu|Xiaogang Jin|Xiaoyang Mao;;;;;;;http://dx.doi.org/10.1007/s11042-009-0290-z;AtelierM;Multimedia Tools Appl.;journals/mta/ZhaoJLMS09;2009-09-08;;;2;187-203;;;;;;;;;;db/journals/mta/mta44.html#ZhaoJLMS09;44;2009
input_article.csv	524101	Missing journal article title	3382489;Ramazan Savas Aygün|Tarun Yadav;;;;;;;http://dx.doi.org/10.1007/s11042-009-0262-3;I-Quest|i|que|st;Multimedia Tools Appl.;journals/mta/YadavA09;2009-09-08;;;2;145-178;;;;;;;;;;db/journals/mta/mta43.html#YadavA09;43;2009
input_article.csv	527409	Missing journal article title	3385797;Claudio Cuevas|Filipe Dantas|Herme Soto|Mario Choquehuanca;;;;;;;http://dx.doi.org/10.1016/j.amc.2012.12.053;l|p;Applied Mathematics and Computation;journals/amc/CuevasDCS13;2013-04-20;;;12;6986-6999;;;;;;;;;;db/journals/amc/amc219.html#CuevasDCS13;219;2013
input_article.csv	529544	Missing journal article title	3387932;Chenghui Zhang|Huihong Zhao;;;;;;;http://dx.doi.org/10.1016/j.amc.2013.08.056;H|∞;Applied Mathematics and Computation;journals/amc/ZhaoZ13;2013-09-28;;;;387-397;;;;;;;;;;db/journals/amc/amc224.html#ZhaoZ13;224;2013
input_article.csv	533636	Missing journal article title	3392024;Ju H. Park|P. Balasubramaniam|V. M. Revathi;;;;;;;http://dx.doi.org/10.1016/j.amc.2013.03.037;L|L|∞;Applied Mathematics and Computation;journals/amc/BalasubramaniamRP13;2013-04-23;;;17;9524-9542;;;;;2;;;;;db/journals/amc/amc219.html#BalasubramaniamRP13;219;2013
input_article.csv	538104	Missing journal article title	3396492;Hyejin Shin|Nedret Billor|Seokho Lee;;;;;;;http://dx.doi.org/10.1016/j.csda.2013.03.022;M;Computational Statistics & Data Analysis;journals/csda/LeeSB13;2013-06-10;;;;89-100;;;;;;;;;;db/journals/csda/csda66.html#LeeSB13;66;2013
input_article.csv	538759	Missing journal article title	3397147;Claudia Bauzer Medeiros|Edmundo Roberto Mauro Madeira|Evandro Bacarin|Wil M. P. van der Aalst;;;;;;;http://dx.doi.org/10.1142/S0218843011002237;Spiℂa;Int. J. Cooperative Inf. Syst.;journals/ijcis/BacarinMMA11;2011-10-25;;;3;221-259;;;;;;;;;;db/journals/ijcis/ijcis20.html#BacarinMMA11;20;2011
input_article.csv	539191	Missing journal article title	3397579;Saejoon Kim|Sejong Yoon;;;;;;;http://dx.doi.org/10.1007/s00500-009-0437-x;k;Soft Comput.;journals/soco/YoonK10;2009-12-10;;;2;151-159;;;;;;;;;;db/journals/soco/soco14.html#YoonK10;14;2010
input_article.csv	542384	Missing journal article title	3400772;Amir Hussain;;;;;;;http://dx.doi.org/10.1007/s12559-009-9013-z;Cognitive Computation;Cognitive Computation;journals/cogcom/Hussain09;2009-06-23;;;1;1-3;;;;;;;;;;db/journals/cogcom/cogcom1.html#Hussain09;1;2009
input_article.csv	545672	Missing journal article title	3404060;Benjamin Brooks|Peter John;;;;;;;http://dx.doi.org/10.1080/09296174.2013.856130;Lingua Franca;Journal of Quantitative Linguistics;journals/jql/JohnB14;2014-03-10;;;1;22-35;;;;;;;;;;db/journals/jql/jql21.html#JohnB14;21;2014
input_article.csv	545804	Missing journal article title	3404192;Lars Borin|Taraka Rama;;;;;;;http://dx.doi.org/10.1080/09296174.2013.857176;N;Journal of Quantitative Linguistics;journals/jql/RamaB14;2014-03-10;;;1;50-64;;;;;;;;;;db/journals/jql/jql21.html#RamaB14;21;2014
input_article.csv	545963	Missing journal article title	3404351;Sean Wallis;;;;;;;http://dx.doi.org/10.1080/09296174.2013.830554;z;Journal of Quantitative Linguistics;journals/jql/Wallis13a;2013-12-13;;;4;350-378;;;;;;2;;;;db/journals/jql/jql20.html#Wallis13a;20;2013
input_article.csv	548124	Missing journal article title	3406512;Antoine Dejonghe|Bruno Bougard|Francky Catthoor|Gregory Lenoir|Liesbet Van der Perre|Wim Dehaene;;;;;;;http://dx.doi.org/10.1155/2007/98186;SmartMIMO;EURASIP J. Wireless Comm. and Networking;journals/ejwcn/BougardLDPCD07;2011-02-28;;;;;;;;;;;;;;db/journals/ejwcn/ejwcn2007.html#BougardLDPCD07;2007;2007
input_article.csv	549915	Missing journal article title	3408303;Derui Ding|Hongli Dong|Huisheng Shu|Zidong Wang;;;;;;;http://dx.doi.org/10.1016/j.sysconle.2013.06.004;H|∞;Systems & Control Letters;journals/scl/WangDDS13;2013-08-28;;;10;827-836;;;;;;;;;;db/journals/scl/scl62.html#WangDDS13;62;2013
input_article.csv	551300	Missing journal article title	3409688;Bracha Shapira|Joachim Meyer|Noam Tractinsky|Peretz Shoval;;;;;;;http://dx.doi.org/10.1002/asi.21172;ePaper;JASIST;journals/jasis/ShapiraSTM09;2009-12-28;;;11;2333-2346;;;;;;;;;;db/journals/jasis/jasis60.html#ShapiraSTM09;60;2009
input_article.csv	551328	Missing journal article title	3409716;Enrique Herrera-Viedma|Francisco Herrera|Francisco Javier Cabrerizo|Sergio Alonso;;;;;;;http://dx.doi.org/10.1002/asi.21360;Web of Science|WoS;JASIST;journals/jasis/AlonsoCHH10;2010-09-17;;;8;1582-1597;;;;;;;;;;db/journals/jasis/jasis61.html#AlonsoCHH10;61;2010
input_article.csv	552342	Missing journal article title	3410730;Aixin Sun|Hui Li|Sourav S. Bhowmick;;;;;;;http://dx.doi.org/10.1002/asi.21555;AffRank;JASIST;journals/jasis/LiBS11;2011-07-05;;;7;1345-1359;;;;;;;;;;db/journals/jasis/jasis62.html#LiBS11;62;2011
input_article.csv	553035	Missing journal article title	3411423;Maria Soledad Pera|Yiu-Kai Ng;;;;;;;http://dx.doi.org/10.1002/asi.20962;SpamED;JASIST;journals/jasis/PeraN09;2009-05-07;;;2;393-409;;;;;;;;;;db/journals/jasis/jasis60.html#PeraN09;60;2009
input_article.csv	553408	Missing journal article title	3411796;Donald H. Kraft;;;;;;;http://dx.doi.org/10.1002/asi.20884;JASIST;JASIST;journals/jasis/Kraft08;2008-09-25;;;10;1539;;;;;;;;;;db/journals/jasis/jasis59.html#Kraft08;59;2008
input_article.csv	554578	Missing journal article title	3412966;Loet Leydesdorff;;;;;;;http://dx.doi.org/10.1002/asi.20743;Caveats;JASIST;journals/jasis/Leydesdorff08a;2008-02-25;;;2;278-287;;;;;;;;;;db/journals/jasis/jasis59.html#Leydesdorff08a;59;2008
input_article.csv	554691	Missing journal article title	3413079;Jung-ran Park|Yuji Tosaka;;;;;;;http://dx.doi.org/10.1002/asi.22825;RDA: Resource description & access;JASIST;journals/jasis/TosakaP13;2013-04-14;;;4;651-662;;;;;;;;;;db/journals/jasis/jasis64.html#TosakaP13;64;2013
input_article.csv	555631	Missing journal article title	3414019;El Kebir Boukas|M. D. S. Aliyu;;;;;;;http://dx.doi.org/10.1109/TCSI.2011.2106031;H;IEEE Trans. on Circuits and Systems;journals/tcas/AliyuB11;2011-10-20;;;8;1854-1864;;;;;2;;;;;db/journals/tcas/tcasI58.html#AliyuB11;58-I;2011
input_article.csv	557963	Missing journal article title	3416351;Choon Ki Ahn|Soo Hee Han|Wook Hyun Kwon;;;;;;;http://dx.doi.org/10.1109/TCSII.2006.883822;H;IEEE Trans. on Circuits and Systems;journals/tcas/AhnHK07;2013-10-25;;;2;97-101;;;;;∞;;;;;db/journals/tcas/tcasII54.html#AhnHK07;54-II;2007
input_article.csv	558546	Missing journal article title	3416934;Eric Rogers|James Lam|Krzysztof Galkowski|Wojciech Paszke;;;;;;;http://dx.doi.org/10.1109/TCSI.2008.922026;H|H|H;IEEE Trans. on Circuits and Systems;journals/tcas/PaszkeGRL08;2011-11-04;;;9;2813-2826;;;;;2|2|infty;;;;;db/journals/tcas/tcasI55.html#PaszkeGRL08;55-I;2008
input_article.csv	558861	Missing journal article title	3417362;Alexander Zien|Marius Kloft|Sören Sonnenburg|Ulf Brefeld;;;;;;;http://dl.acm.org/citation.cfm?id=2021033;l;Journal of Machine Learning Research;journals/jmlr/KloftBSZ11;2011-12-01;;;;953-997;;;;;p;;;;;db/journals/jmlr/jmlr12.html#KloftBSZ11;12;2011
input_article.csv	559087	Missing journal article title	3417801;Csaba Szepesvári|Gilles Stoltz|Rémi Munos|Sébastien Bubeck;;;;;;;http://dl.acm.org/citation.cfm?id=2021053;X;Journal of Machine Learning Research;journals/jmlr/BubeckMSS11;2011-12-01;;;;1655-1695;;;;;;;;;;db/journals/jmlr/jmlr12.html#BubeckMSS11;12;2011
input_article.csv	559150	Missing journal article title	3417944;Gert Cauwenberghs|Shantanu Chakrabartty;;;;;;;http://dl.acm.org/citation.cfm?id=1314528;Gini;Journal of Machine Learning Research;journals/jmlr/ChakrabarttyC07;2011-12-15;;;;813-839;;;;;;;;;;db/journals/jmlr/jmlr8.html#ChakrabarttyC07;8;2007
input_article.csv	559534	Missing journal article title	3418614;Fabian H. Sinz|Matthias Bethge;;;;;;;http://portal.acm.org/citation.cfm?id=1953040;L;Journal of Machine Learning Research;journals/jmlr/SinzB10;2011-04-01;;;;3409-3451;;;;;p;;;;;db/journals/jmlr/jmlr11.html#SinzB10;11;2010
input_article.csv	559603	Missing journal article title	3418742;Michael Gashler;;;;;;;http://dl.acm.org/citation.cfm?id=2021076;Waffles;Journal of Machine Learning Research;journals/jmlr/Gashler11;2011-12-01;;;;2383-2387;;;;;;;;;;db/journals/jmlr/jmlr12.html#Gashler11;12;2011
input_article.csv	560040	Missing journal article title	3419368;Bohumír Bastl|Emil Zagar|Kristýna Slabá|Marjeta Krajnc|Michal Bizzarri|Miroslav Lávicka|Vito Vitrih|Zbynek Sír;;;;;;;http://dx.doi.org/10.1016/j.cam.2013.08.007;C;J. Computational Applied Mathematics;journals/jcam/BastlBKLSSVZ14;2013-09-26;;;;65-78;;;;;;1;;;;db/journals/jcam/jcam257.html#BastlBKLSSVZ14;257;2014
input_article.csv	560347	Missing journal article title	3419675;Gwang-Il Kim|Hyun Chol Lee|Jae Hoon Kong;;;;;;;http://dx.doi.org/10.1016/j.cam.2013.01.016;C;J. Computational Applied Mathematics;journals/jcam/KongLK13;2013-03-18;;;;47-60;;;;;;1;;;;db/journals/jcam/jcam248.html#KongLK13;248;2013
input_article.csv	561568	Missing journal article title	3420896;Joachim Gwinner;;;;;;;http://dx.doi.org/10.1016/j.cam.2013.03.013;h|p;J. Computational Applied Mathematics;journals/jcam/Gwinner13;2013-06-29;;;;175-184;;;;;;;;;;db/journals/jcam/jcam254.html#Gwinner13;254;2013
input_article.csv	562190	Missing journal article title	3421518;Peter Harremoës;;;;;;;http://dx.doi.org/10.3390/e10040589;10|Entropy|et al.;Entropy;journals/entropy/Harremoes08;2012-11-28;;;4;589;;;;;;;;;;db/journals/entropy/entropy10.html#Harremoes08;10;2008
input_article.csv	562260	Missing journal article title	3421588;Kevin H. Knuth;;;;;;;http://dx.doi.org/10.3390/e16020726;Entropy;Entropy;journals/entropy/Knuth14;2014-02-27;;;2;726-728;;;;;;;;;;db/journals/entropy/entropy16.html#Knuth14;16;2014
input_article.csv	562576	Missing journal article title	3421904;Kevin H. Knuth;;;;;;;http://dx.doi.org/10.3390/e15020698;Entropy;Entropy;journals/entropy/Knuth13;2013-03-04;;;2;698-699;;;;;;;;;;db/journals/entropy/entropy15.html#Knuth13;15;2013
input_article.csv	562763	Missing journal article title	3422091;Peter Harremoës;;;;;;;http://dx.doi.org/10.3390/e11010001;Entropy ;Entropy;journals/entropy/Harremoes09;2012-11-28;;;1;1-3;;;;;;;;;;db/journals/entropy/entropy11.html#Harremoes09;11;2009
input_article.csv	562775	Missing journal article title	3422103;Avshalom Elitzur;;;;;;;http://dx.doi.org/10.3390/e4010001;Entropy ;Entropy;journals/entropy/Elitzur02;2012-11-28;;;1;1-2;;;;;;;;;;db/journals/entropy/entropy4.html#Elitzur02;4;2002
input_article.csv	562778	Missing journal article title	3422106;Alessio Marrani|Armen Yeranyan|Sergio Ferrara|Stefano Bellucci;;;;;;;http://dx.doi.org/10.3390/e10040507;stu ;Entropy;journals/entropy/BellucciFMY08;2012-11-28;;;4;507-555;;;;;;;;;;db/journals/entropy/entropy10.html#BellucciFMY08;10;2008
input_article.csv	562851	Missing journal article title	3422179;Pharis E. Williams;;;;;;;http://dx.doi.org/10.3390/e4060151;Corrections and Addition;Entropy;journals/entropy/Williams02a;2012-11-28;;;6;151;;;;;;;;;;db/journals/entropy/entropy4.html#Williams02a;4;2002
input_article.csv	564327	Missing journal value	3423657;Zoran Majkic;J. Data Semantics VI;;;;journals/jods/2006-6;;http://dx.doi.org/10.1007/11803034_3;;;journals/jods/Majkic06;2007-01-04;;;;47-66;;;;;;;Intensional Semantics for P2P Data Integration.;;;db/journals/jods/jods6.html#Majkic06;;2006
input_article.csv	564328	Missing journal value	3423659;Claudia Diamantini|Domenico Potena|Maurizio Panti;J. Data Semantics IV;;;;journals/jods/2005-4;;http://dx.doi.org/10.1007/11603412_9;;;journals/jods/DiamantiniPP05;2007-01-04;;;;280-303;;;;;;;KDD Support Services Based on Data Semantics.;;;db/journals/jods/jods4.html#DiamantiniPP05;;2005
input_article.csv	564331	Missing journal value	3423662;Christophe Claramunt|Myriem Sriti|Rémy Thibaud;J. Data Semantics III;;;;journals/jods/2005-3;;http://dx.doi.org/10.1007/11496168_4;;;journals/jods/SritiTC05;2007-01-04;;;;81-99;;;;;;;A Fuzzy Identity-Based Temporal GIS for the Analysis of Geomorphometry Changes.;;;db/journals/jods/jods3.html#SritiTC05;;2005
input_article.csv	564332	Missing journal value	3423663;Guizhen Yang|Michael Kifer;J. Data Semantics VII;;;;journals/jods/2006-7;;http://dx.doi.org/10.1007/11890591_4;;;journals/jods/YangK06;2007-01-04;;;;79-135;;;;;;;Inheritance in Rule-Based Frame Systems: Semantics and Inference.;;;db/journals/jods/jods7.html#YangK06;;2006
input_article.csv	564333	Missing journal value	3423664;Anastasiya Sotnykova|Christelle Vangenot|Marie-Aude Aufaure|Nacéra Bennacer|Nadine Cullot;J. Data Semantics III;;;;journals/jods/2005-3;;http://dx.doi.org/10.1007/11496168_7;;;journals/jods/SotnykovaVCBA05;2007-01-04;;;;143-167;;;;;;;Semantic Mappings in Description Logics for Spatio-temporal Database Schema Integration.;;;db/journals/jods/jods3.html#SotnykovaVCBA05;;2005
input_article.csv	564336	Missing journal value	3423667;Anna Queralt|Ernest Teniente;J. Data Semantics VII;;;;journals/jods/2006-7;;http://dx.doi.org/10.1007/11890591_2;;;journals/jods/QueraltT06;2007-01-04;;;;33-56;;;;;;;Specifying the Semantics of Operation Contracts in Conceptual Modeling.;;;db/journals/jods/jods7.html#QueraltT06;;2006
input_article.csv	564338	Missing journal value	3423669;Giorgos B. Stamou|Giorgos Stoilos|Ian Horrocks|Jeff Z. Pan|Vassilis Tzouvaras;J. Data Semantics VI;;;;journals/jods/2006-6;;http://dx.doi.org/10.1007/11803034_2;;;journals/jods/PanSSTH06;2007-01-04;;;;28-46;;;;;;;f-SWRL: A Fuzzy Extension of SWRL.;;;db/journals/jods/jods6.html#PanSSTH06;;2006
input_article.csv	564341	Missing journal value	3423673;James Bailey|Stella Waworuntu;J. Data Semantics V;;;;journals/jods/2006-5;;http://dx.doi.org/10.1007/11617808_4;;;journals/jods/WaworuntuB06;2007-01-04;;;;91-129;;;;;;;XSLTGen: A System for Automatically Generating XML Transformations Via Semantic Mappings.;;;db/journals/jods/jods5.html#WaworuntuB06;;2006
input_article.csv	564344	Missing journal value	3423676;Michael Boyd|Peter McBrien;J. Data Semantics IV;;;;journals/jods/2005-4;;http://dx.doi.org/10.1007/11603412_3;;;journals/jods/BoydM05;2007-01-04;;;;69-109;;;;;;;Comparing and Transforming Between Data Models Via an Intermediate Hypergraph Data Model.;;;db/journals/jods/jods4.html#BoydM05;;2005
input_article.csv	564345	Missing journal value	3423677;Patrick Lehti|Peter Fankhauser;J. Data Semantics VII;;;;journals/jods/2006-7;;http://dx.doi.org/10.1007/11890591_5;;;journals/jods/LehtiF06;2007-01-04;;;;136-164;;;;;;;Unsupervised Duplicate Detection Using Sample Non-duplicates.;;;db/journals/jods/jods7.html#LehtiF06;;2006
input_article.csv	564346	Missing journal value	3423678;Luc Steels|Peter Hanappe;J. Data Semantics VI;;;;journals/jods/2006-6;;http://dx.doi.org/10.1007/11803034_7;;;journals/jods/SteelsH06;2007-01-04;;;;143-167;;;;;;;Interoperability Through Emergent Semantics A Semiotic Dynamics Approach.;;;db/journals/jods/jods6.html#SteelsH06;;2006
input_article.csv	564347	Missing journal value	3423679;Huiyong Xiao|Isabel F. Cruz;J. Data Semantics VI;;;;journals/jods/2006-6;;http://dx.doi.org/10.1007/11803034_4;;;journals/jods/XiaoC06;2007-01-04;;;;67-89;;;;;;;Integrating and Exchanging XML Data Using Ontologies.;;;db/journals/jods/jods6.html#XiaoC06;;2006
input_article.csv	564348	Missing journal value	3423681;Christian Siefkes|Peter Siniakov;J. Data Semantics IV;;;;journals/jods/2005-4;;http://dx.doi.org/10.1007/11603412_6;;;journals/jods/SiefkesS05;2007-01-04;;;;172-212;;;;;;;An Overview and Classification of Adaptive Approaches to Information Extraction.;;;db/journals/jods/jods4.html#SiefkesS05;;2005
input_article.csv	564349	Missing journal value	3423682;Bangyong Liang|Hongjun Lu|Jie Tang|Juan-Zi Li|Kehong Wang|Xiaotong Huang;J. Data Semantics IV;;;;journals/jods/2005-4;;http://dx.doi.org/10.1007/11603412_4;;;journals/jods/TangLLLHW05;2007-01-04;;;;110-145;;;;;;;iASA: Learning to Annotate the Semantic Web.;;;db/journals/jods/jods4.html#TangLLLHW05;;2005
input_article.csv	564354	Missing journal value	3423687;Alia I. Abdelmoty|Arantza Illarramendi|Christine Parent|Erich J. Neuhold|Ernesto Damiani|Guy De Tré|Kai-Uwe Sattler|Karl Aberer|Monica Scannapieco|Mustafa Jarrar|Peter Spyns|Philippe Cudré-Mauroux|Robert Meersman|Stefano Spaccapietra|Tiziana Catarci;J. Data Semantics VI;;;;journals/jods/2006-6;;http://dx.doi.org/10.1007/11803034_1;;;journals/jods/Cudre-MaurouxAACDIJMNPSSSST06;2007-09-28;;;;1-27;;;;;;;Viewpoints on Emergent Semantics.;;;db/journals/jods/jods6.html#Cudre-MaurouxAACDIJMNPSSSST06;;2006
input_article.csv	564356	Missing journal value	3423689;Antonis Koufopoulos|Dimitri Theodoratos|I-Ting Liu|Theodore Dalamagas;J. Data Semantics IV;;;;journals/jods/2005-4;;http://dx.doi.org/10.1007/11603412_8;;;journals/jods/DalamagasTKL05;2007-01-04;;;;250-279;;;;;;;Semantic Integration of Tree-Structured Data Using Dimension Graphs.;;;db/journals/jods/jods4.html#DalamagasTKL05;;2005
input_article.csv	564357	Missing journal value	3423691;Richard Chbeir|Youakim Badr;J. Data Semantics VII;;;;journals/jods/2006-7;;http://dx.doi.org/10.1007/11890591_7;;;journals/jods/BadrC06;2007-01-04;;;;196-218;;;;;;;Automatic Image Description Based on Textual Data.;;;db/journals/jods/jods7.html#BadrC06;;2006
input_article.csv	564360	Missing journal value	3423694;Jordi Cabot|Ruth Raventós;J. Data Semantics V;;;;journals/jods/2006-5;;http://dx.doi.org/10.1007/11617808_6;;;journals/jods/CabotR06;2007-01-04;;;;158-184;;;;;;;Conceptual Modelling Patterns for Roles.;;;db/journals/jods/jods5.html#CabotR06;;2006
input_article.csv	564362	Missing journal value	3423696;Guo Tong Xie|Juhnyoung Lee|Li Ma|Yang Yang|Yue Pan|Zhaoming Qiu;J. Data Semantics VII;;;;journals/jods/2006-7;;http://dx.doi.org/10.1007/11890591_3;;;journals/jods/PanXMYQL06;2008-10-29;;;;57-78;;;;;;;Model-Driven Ontology Engineering.;;;db/journals/jods/jods7.html#PanXMYQL06;;2006
input_article.csv	564370	Missing journal value	3423704;Lei Zhang 0007|Xian Wu|Yong Yu;J. Data Semantics VI;;;;journals/jods/2006-6;;http://dx.doi.org/10.1007/11803034_8;;;journals/jods/ZhangWY06;2010-11-16;;;;168-186;;;;;;;Emergent Semantics from Folksonomies: A Quantitative Study.;;;db/journals/jods/jods6.html#ZhangWY06;;2006
input_article.csv	564372	Missing journal value	3423707;Paulo Pires;J. Data Semantics III;;;;journals/jods/2005-3;;http://dx.doi.org/10.1007/11496168_9;;;journals/jods/Pires05;2007-01-04;;;;196-212;;;;;;;Geospatial conceptualisation: A Cross-Cultural Analysis on Portuguese and American Geographical Categorisations.;;;db/journals/jods/jods3.html#Pires05;;2005
input_article.csv	564373	Missing journal value	3423708;Andreas Koeller|Elke A. Rundensteiner;J. Data Semantics V;;;;journals/jods/2006-5;;http://dx.doi.org/10.1007/11617808_7;;;journals/jods/KoellerR06;2007-01-04;;;;185-210;;;;;;;Heuristic Strategies for the Discovery of Inclusion Dependencies and Other Patterns.;;;db/journals/jods/jods5.html#KoellerR06;;2006
input_article.csv	564374	Missing journal value	3423709;Joseph Davis|Kleber Xavier Sampaio de Souza|Silvio Roberto de Medeiros Evangelista;J. Data Semantics V;;;;journals/jods/2006-5;;http://dx.doi.org/10.1007/11617808_8;;;journals/jods/SouzaDE06;2007-01-04;;;;211-236;;;;;;;Aligning Ontologies, Evaluating Concept Similarities and Visualizing Results.;;;db/journals/jods/jods5.html#SouzaDE06;;2006
input_article.csv	564375	Missing journal value	3423710;Antoni Olivé|Jordi Conesa;J. Data Semantics V;;;;journals/jods/2006-5;;http://dx.doi.org/10.1007/11617808_3;;;journals/jods/ConesaO06;2007-01-04;;;;64-90;;;;;;;A Method for Pruning Ontologies in the Development of Conceptual Schemas of Information Systems.;;;db/journals/jods/jods5.html#ConesaO06;;2006
input_article.csv	564376	Missing journal value	3423711;Alberto Tablado|Alfredo Goñi|Arantza Illarramendi|Jesús Bermúdez|Miren I. Bagüés;J. Data Semantics V;;;;journals/jods/2006-5;;http://dx.doi.org/10.1007/11617808_1;;;journals/jods/BaguesBITG06;2007-01-04;;;;1-24;;;;;;;Semantic Interoperation Among Data Systems at a Communication Level.;;;db/journals/jods/jods5.html#BaguesBITG06;;2006
input_article.csv	564379	Missing journal value	3423715;Margarita Kokla|Marinos Kavouras;J. Data Semantics III;;;;journals/jods/2005-3;;http://dx.doi.org/10.1007/11496168_6;;;journals/jods/KoklaK05;2007-01-04;;;;125-142;;;;;;;Semantic Information in Geo-Ontologies: Extraction, Comparison, and Reconciliation.;;;db/journals/jods/jods3.html#KoklaK05;;2005
input_article.csv	564388	Missing journal value	3423725;Hanjo Jeong|Larry Kerschberg|Wooju Kim;J. Data Semantics VI;;;;journals/jods/2006-6;;http://dx.doi.org/10.1007/11803034_9;;;journals/jods/KerschbergJK06;2007-01-04;;;;187-209;;;;;;;Emergent Semantics in Knowledge Sifter: An Evolutionary Search Agent Based on Semantic Web Services.;;;db/journals/jods/jods6.html#KerschbergJK06;;2006
input_article.csv	564397	Missing journal value	3423734;Shlomo Berkovsky|Yosi Ben-Asher;J. Data Semantics VI;;;;journals/jods/2006-6;;http://dx.doi.org/10.1007/11803034_6;;;journals/jods/Ben-AsherB06;2007-01-04;;;;115-142;;;;;;;Semantic Data Management in Peer-to-Peer E-Commerce Applications.;;;db/journals/jods/jods6.html#Ben-AsherB06;;2006
input_article.csv	564398	Missing journal value	3423735;Bernhard Thalheim|Hui Ma|Jane Zhao|Klaus-Dieter Schewe;J. Data Semantics IV;;;;journals/jods/2005-4;;http://dx.doi.org/10.1007/11603412_7;;;journals/jods/MaSTZ05;2007-01-04;;;;213-249;;;;;;;View Integration and Cooperation in Databases, Data Warehouses and Web Information Systems.;;;db/journals/jods/jods4.html#MaSTZ05;;2005
input_article.csv	564400	Missing journal value	3423737;Max J. Egenhofer;J. Data Semantics III;;;;journals/jods/2005-3;;http://dx.doi.org/10.1007/11496168_2;;;journals/jods/Egenhofer05;2007-01-04;;;;25-49;;;;;;;Spherical Topological Relations.;;;db/journals/jods/jods3.html#Egenhofer05;;2005
input_article.csv	564401	Missing journal value	3423739;Li Qin|Vijayalakshmi Atluri;J. Data Semantics V;;;;journals/jods/2006-5;;http://dx.doi.org/10.1007/11617808_5;;;journals/jods/QinA06;2007-01-04;;;;130-157;;;;;;;An Ontology-Guided Approach to Change Detection of the Semantic Web Data.;;;db/journals/jods/jods5.html#QinA06;;2006
input_article.csv	564402	Missing journal value	3423741;Werner Kuhn;J. Data Semantics III;;;;journals/jods/2005-3;;http://dx.doi.org/10.1007/11496168_1;;;journals/jods/Kuhn05;2007-01-04;;;;1-24;;;;;;;Geospatial Semantics: Why, of What, and How?;;;db/journals/jods/jods3.html#Kuhn05;;2005
input_article.csv	564407	Missing journal value	3423746;Fernando Ferri|Maurizio Rafanelli;J. Data Semantics III;;;;journals/jods/2005-3;;http://dx.doi.org/10.1007/11496168_3;;;journals/jods/FerriR05;2007-01-04;;;;50-80;;;;;;;GeoPQL: A Geographical Pictorial Query Language That Resolves Ambiguities in Query Interpretation.;;;db/journals/jods/jods3.html#FerriR05;;2005
input_article.csv	564408	Missing journal value	3423747;Hyunja Lee|Junho Shim|Sang-goo Lee|Taehee Lee;J. Data Semantics VII;;;;journals/jods/2006-7;;http://dx.doi.org/10.1007/11890591_9;;;journals/jods/LeeSLL06;2007-01-04;;;;242-266;;;;;;;A Pragmatic Approach to Model and Exploit the Semantics of Product Information.;;;db/journals/jods/jods7.html#LeeSLL06;;2006
input_article.csv	564411	Missing journal value	3423750;Gillian Dobbie|Hai H. Wang|Jing Sun 0002|Jun Sun 0001|Yuan-Fang Li;J. Data Semantics VII;;;;journals/jods/2006-7;;http://dx.doi.org/10.1007/11890591_8;;;journals/jods/LiSDWS06;2011-08-09;;;;219-241;;;;;;;Reasoning About ORA-SS Data Models Using the Semantic Web.;;;db/journals/jods/jods7.html#LiSDWS06;;2006
input_article.csv	564412	Missing journal value	3423751;Gian Piero Zarri;J. Data Semantics IV;;;;journals/jods/2005-4;;http://dx.doi.org/10.1007/11603412_10;;;journals/jods/Zarri05;2007-01-04;;;;304-340;;;;;;;Integrating the Two Main Inference Modes of NKRL, Transformations and Hypotheses.;;;db/journals/jods/jods4.html#Zarri05;;2005
input_article.csv	564413	Missing journal value	3423753;Avigdor Gal;J. Data Semantics VI;;;;journals/jods/2006-6;;http://dx.doi.org/10.1007/11803034_5;;;journals/jods/Gal06;2007-01-04;;;;90-114;;;;;;;Managing Uncertainty in Schema Matching with Top-K Schema Mappings.;;;db/journals/jods/jods6.html#Gal06;;2006
input_article.csv	564415	Missing journal value	3423755;Dieter Pfoser|Nectaria Tryfona;J. Data Semantics III;;;;journals/jods/2005-3;;http://dx.doi.org/10.1007/11496168_8;;;journals/jods/TryfonaP05;2007-01-04;;;;168-195;;;;;;;Data Semantics in Location-Based Services.;;;db/journals/jods/jods3.html#TryfonaP05;;2005
input_article.csv	564417	Missing journal value	3423757;Alexei Tretiakov|Faizal Riaz-ud-Din|Klaus-Dieter Schewe|Markus Kirchberg;J. Data Semantics VII;;;;journals/jods/2006-7;;http://dx.doi.org/10.1007/11890591_6;;;journals/jods/KirchbergRST06;2007-01-04;;;;165-195;;;;;;;Towards Algebraic Query Optimisation for XQuery.;;;db/journals/jods/jods7.html#KirchbergRST06;;2006
input_article.csv	564418	Missing journal value	3423758;Jérôme Euzenat|Pavel Shvaiko;J. Data Semantics IV;;;;journals/jods/2005-4;;http://dx.doi.org/10.1007/11603412_5;;;journals/jods/ShvaikoE05;2007-01-04;;;;146-171;;;;;;;A Survey of Schema-Based Matching Approaches.;;;db/journals/jods/jods4.html#ShvaikoE05;;2005
input_article.csv	564422	Missing journal value	3423762;Alexander Borgida|John Mylopoulos|Yuan An;J. Data Semantics VII;;;;journals/jods/2006-7;;http://dx.doi.org/10.1007/11890591_1;;;journals/jods/AnBM06;2007-01-04;;;;1-32;;;;;;;Discovering the Semantics of Relational Tables Through Mappings.;;;db/journals/jods/jods7.html#AnBM06;;2006
input_article.csv	564425	Missing journal value	3423765;Sonja Zillner|Werner Winiwarter;J. Data Semantics IV;;;;journals/jods/2005-4;;http://dx.doi.org/10.1007/11603412_2;;;journals/jods/ZillnerW05;2007-01-04;;;;35-68;;;;;;;EMMA - A Formal Basis for Querying Enhanced Multimedia Meta Objects.;;;db/journals/jods/jods4.html#ZillnerW05;;2005
input_article.csv	564428	Missing journal value	3423768;Claudia Bauzer Medeiros|Gilberto Zonta Pastorello Jr.|Henrique Aparecido da Rocha|Silvania Maria de Resende;J. Data Semantics III;;;;journals/jods/2005-3;;http://dx.doi.org/10.1007/11496168_5;;;journals/jods/PastorelloMRR05;2007-01-04;;;;100-124;;;;;;;Interoperability for GIS Document Management in Environmental Planning.;;;db/journals/jods/jods3.html#PastorelloMRR05;;2005
input_article.csv	564429	Missing journal value	3423769;Alain Pirotte|Esteban Zimányi|Mohamed Dahchour;J. Data Semantics IV;;;;journals/jods/2005-4;;http://dx.doi.org/10.1007/11603412_1;;;journals/jods/DahchourPZ05;2007-01-04;;;;1-34;;;;;;;Generic Relationships in Information Modeling.;;;db/journals/jods/jods4.html#DahchourPZ05;;2005
input_article.csv	564430	Missing journal value	3423770;Alfio Ferrara|Silvana Castano|Stefano Montanelli;J. Data Semantics V;;;;journals/jods/2006-5;;http://dx.doi.org/10.1007/11617808_2;;;journals/jods/CastanoFM06;2007-01-04;;;;25-63;;;;;;;Matching Ontologies in Open Networked Systems: Techniques and Applications.;;;db/journals/jods/jods5.html#CastanoFM06;;2006
input_article.csv	565066	Missing journal article title	3424409;Moussa Larbani|Po Lung Yu;;;;;;;http://dx.doi.org/10.1007/s10957-011-9799-1;n;J. Optimization Theory and Applications;journals/jota/LarbaniY11;2012-11-29;;;3;447-473;;;;;;;;;;db/journals/jota/jota149.html#LarbaniY11;149;2011
input_article.csv	565662	Missing journal article title	3425005;Jinming Fang;;;;;;;http://dx.doi.org/10.1016/j.fss.2003.09.004;I|I|I;Fuzzy Sets and Systems;journals/fss/Fang04;2005-04-07;;;2;317-325;;;;;;;;;;db/journals/fss/fss147.html#Fang04;147;2004
input_article.csv	565874	Missing journal article title	3425217;Bing Chen|Dong Yue|Xun-Lin Zhu|Youyi Wang;;;;;;;http://dx.doi.org/10.1016/j.fss.2012.12.011;H;Fuzzy Sets and Systems;journals/fss/ZhuCWY13;2013-06-10;;;;58-73;;;;;∞;;;;;db/journals/fss/fss225.html#ZhuCWY13;225;2013
input_article.csv	566322	Missing journal article title	3425665;Iraide Mardones-Pérez|María Angeles de Prada-Vicente|Tomasz Kubiak;;;;;;;http://dx.doi.org/10.1016/j.fss.2005.10.012;L;Fuzzy Sets and Systems;journals/fss/KubiakMP06;2006-04-18;;;6;719-738;;;;;;;;;;db/journals/fss/fss157.html#KubiakMP06;157;2006
input_article.csv	566598	Missing journal article title	3425941;Cong-hua Yan|Jin-xuan Fang;;;;;;;http://dx.doi.org/10.1016/j.fss.2004.01.006;I(L);Fuzzy Sets and Systems;journals/fss/YanF05;2005-04-07;;;3;485-492;;;;;;;;;;db/journals/fss/fss149.html#YanF05;149;2005
input_article.csv	566649	Missing journal article title	3425992;Zhudeng Wang;;;;;;;http://dx.doi.org/10.1016/S0165-0114(03)00243-4;L|T;Fuzzy Sets and Systems;journals/fss/Wang04;2005-04-07;;;2;313-322;;;;;;;;;;db/journals/fss/fss145.html#Wang04;145;2004
input_article.csv	567719	Missing journal article title	3427062;Fuchun Sun|Huaping Liu|Yenan Hu;;;;;;;http://dx.doi.org/10.1016/j.fss.2005.05.004;H;Fuzzy Sets and Systems;journals/fss/LiuSH05;2006-04-18;;;2;272-291;;;;;;infinity;;;;db/journals/fss/fss155.html#LiuSH05;155;2005
input_article.csv	568034	Missing journal article title	3427377;Huai-Ning Wu|Kai-Yuan Cai;;;;;;;http://dx.doi.org/10.1016/j.fss.2003.11.015;H;Fuzzy Sets and Systems;journals/fss/WuC04;2005-04-07;;;3;411-429;;;;;2;;;;;db/journals/fss/fss148.html#WuC04;148;2004
input_article.csv	568185	Missing journal article title	3427528;Gwang-Yeon Lee|Jong-Sook Bae|Seong-Hoon Cho;;;;;;;http://dx.doi.org/10.1016/j.fss.2005.01.001;L;Fuzzy Sets and Systems;journals/fss/BaeCL05;2006-04-18;;;1;132-140;;;;;;;;;;db/journals/fss/fss154.html#BaeCL05;154;2005
input_article.csv	568682	Missing journal article title	3428025;Adi Levin|Avi Zulti|David Levin|Mina Teicher;;;;;;;http://dx.doi.org/10.1016/j.cagd.2005.06.001;C;Computer Aided Geometric Design;journals/cagd/ZultiLLT06;2006-06-26;;;2;157-178;;;;;;2;;;;db/journals/cagd/cagd23.html#ZultiLLT06;23;2006
input_article.csv	569004	Missing journal article title	3428347;Bert Jüttler|Jirí Kosinka;;;;;;;http://dx.doi.org/10.1016/j.cagd.2006.01.004;G;Computer Aided Geometric Design;journals/cagd/KosinkaJ06;2006-06-26;;;5;401-418;;;;;;1;;;;db/journals/cagd/cagd23.html#KosinkaJ06;23;2006
input_article.csv	569333	Missing journal article title	3428676;Qiang Li|Xiangjiu Che|Xuezhang Liang;;;;;;;http://dx.doi.org/10.1016/j.cagd.2005.01.001;G;Computer Aided Geometric Design;journals/cagd/CheLL05;2010-01-01;;;4;285-298;;;;;;1;;;;db/journals/cagd/cagd22.html#CheLL05;22;2005
input_article.csv	569465	Missing journal article title	3428808;Lyle Noakes|Tomasz Popiel;;;;;;;http://dx.doi.org/10.1016/j.cagd.2005.11.003;C;Computer Aided Geometric Design;journals/cagd/PopielN06;2006-06-26;;;3;261-275;;;;;;2;;;;db/journals/cagd/cagd23.html#PopielN06;23;2006
input_article.csv	569764	Missing journal article title	3429107;Robert C. Powers|T. Riedel;;;;;;;http://dx.doi.org/10.1023/B:ORDE.0000034615.95682.7c;Z;Order;journals/order/PowersR03;2006-02-10;;;4;365-371;;;;;;;;;;db/journals/order/order20.html#PowersR03;20;2003
input_article.csv	569801	Missing journal article title	3429144;Dwight Duffus;;;;;;;http://dx.doi.org/10.1023/B:ORDE.0000026602.94442.32;Obituary;Order;journals/order/Duffus03;2006-02-10;;;3;173-183;;;;;;;;;;db/journals/order/order20.html#Duffus03;20;2003
input_article.csv	569905	Missing journal article title	3429248;John Harding;;;;;;;http://dx.doi.org/10.1007/s11083-008-9084-6;kappa;Order;journals/order/Harding08;2008-08-08;;;2;121-129;;;;;;;;;;db/journals/order/order25.html#Harding08;25;2008
input_article.csv	570001	Missing journal article title	3429344;John Harding|Michael S. Roddy;;;;;;;http://dx.doi.org/10.1023/B:ORDE.0000034755.82568.09;Obituary;Order;journals/order/HardingR03;2006-02-10;;;4;329-332;;;;;;;;;;db/journals/order/order20.html#HardingR03;20;2003
input_article.csv	574485	Missing journal article title	3433828;Hermann A. Maurer;;;;;;;http://dx.doi.org/10.1007/s00287-007-0163-7;Google;Informatik Spektrum;journals/insk/Maurer07;2009-12-17;;;4;273-278;;;;;;;;;;db/journals/insk/insk30.html#Maurer07;30;2007
input_article.csv	577047	Missing journal article title	3436390;Karma Yonten|Majid T. Manzari;;;;;;;http://dx.doi.org/10.1016/j.mcm.2013.01.003;C;Mathematical and Computer Modelling;journals/mcm/ManzariY13;2013-04-08;;;9-10;2519-2531;;;;;;1;;;;db/journals/mcm/mcm57.html#ManzariY13;57;2013
input_article.csv	578242	Missing journal article title	3437585;Antonio Rufián-Lizana|Manuel Arana-Jiménez|Riccardo Cambini;;;;;;;http://dx.doi.org/10.1016/j.mcm.2012.10.015;C;Mathematical and Computer Modelling;journals/mcm/Arana-JimenezCR13;2013-02-04;;;5-6;1148-1153;;;;;;;;;;db/journals/mcm/mcm57.html#Arana-JimenezCR13;57;2013
input_article.csv	579958	Missing journal article title	3439301;Hideki Kasuya|Hiroki Mori|Wakana Odagiri;;;;;;;http://search.ieice.org/bin/summary.php?id=e87-d_5_1086;F;IEICE Transactions;journals/ieicet/MoriOK04;2011-08-17;;;5;1086-1092;;;;;0;;;;;db/journals/ieicet/ieicet87d.html#MoriOK04;87-D;2004
input_article.csv	583302	Missing journal article title	3442645;Hirotomo Aso|Taizo Suzuki;;;;;;;http://search.ieice.org/bin/summary.php?id=e96-a_4_762;M;IEICE Transactions;journals/ieicet/SuzukiA13;2013-04-13;;;4;762-768;;;;;;;;;;db/journals/ieicet/ieicet96a.html#SuzukiA13;96-A;2013
input_article.csv	584246	Missing journal article title	3443589;Masaaki Ikehara|Taizo Suzuki;;;;;;;http://search.ieice.org/bin/summary.php?id=e93-a_8_1457;M;IEICE Transactions;journals/ieicet/SuzukiI10a;2010-12-03;;;8;1457-1464;;;;;;;;;;db/journals/ieicet/ieicet93a.html#SuzukiI10a;93-A;2010
input_article.csv	584644	Missing journal article title	3443987;Teng Long|Xiaopeng Yang|Yongxu Liu;;;;;;;http://search.ieice.org/bin/summary.php?id=e94-b_4_1114;D;IEICE Transactions;journals/ieicet/LiuYL11;2011-05-13;;;4;1114-1117;;;;;;3;;;;db/journals/ieicet/ieicet94b.html#LiuYL11;94-B;2011
input_article.csv	584722	Missing journal article title	3444065;Kazuya Tada|Mitsuyoshi Onoda|Yoshinori Miyoshi;;;;;;;http://dx.doi.org/10.1093/ietele/e91-c.12.1885;In-situ;IEICE Transactions;journals/ieicet/TadaMO08;2009-06-24;;;12;1885-1886;;;;;;;;;;db/journals/ieicet/ieicet91c.html#TadaMO08;91-C;2008
input_article.csv	585796	Missing journal article title	3445139;Kiichi Urahama|Kohei Inoue;;;;;;;http://dx.doi.org/10.1093/ietfec/e91-a.11.3380;n;IEICE Transactions;journals/ieicet/InoueU08;2009-06-25;;;11;3380-3384;;;;;;;;;;db/journals/ieicet/ieicet91a.html#InoueU08;91-A;2008
input_article.csv	586551	Missing journal article title	3445894;Abdelkarim Mercha|Florence Cubaynes|Javier Ramos|Stefaan Decoutere|Wutthinan Jeamsaksiri;;;;;;;http://dx.doi.org/10.1093/ietele/e88-c.5.817;RFCV;IEICE Transactions;journals/ieicet/JeamsaksiriMRDC05;2008-01-25;;;5;817-823;;;;;;;;;;db/journals/ieicet/ieicet88c.html#JeamsaksiriMRDC05;88-C;2005
input_article.csv	588431	Missing journal article title	3447774;Kien Nguyen|Ulrich Meis|Yusheng Ji;;;;;;;http://search.ieice.org/bin/summary.php?id=e95-d_2_480;MAC;IEICE Transactions;journals/ieicet/NguyenMJ12;2012-02-07;;;2;480-489;;;;;;2;;;;db/journals/ieicet/ieicet95d.html#NguyenMJ12;95-D;2012
input_article.csv	589124	Missing journal article title	3448467;Keiichi Suhara;;;;;;;http://dx.doi.org/10.1093/ietele/e88-c.8.1603;I|V;IEICE Transactions;journals/ieicet/Suhara05;2008-01-25;;;8;1603-1615;;;;;;;;;;db/journals/ieicet/ieicet88c.html#Suhara05;88-C;2005
input_article.csv	589247	Missing journal article title	3448590;Guangwen Yang|Ming Chen 0004;;;;;;;http://dx.doi.org/10.1093/ietisy/e89-d.2.563;Reciprocity;IEICE Transactions;journals/ieicet/ChenY06;2013-08-16;;;2;563-569;;;;;;;;;;db/journals/ieicet/ieicet89d.html#ChenY06;89-D;2006
input_article.csv	589735	Missing journal article title	3449078;Isamu Teranishi|Jun Furukawa|Kazue Sako;;;;;;;http://search.ieice.org/bin/summary.php?id=e92-a_1_147&category=A&year=2009&lang=E&abst=;k;IEICE Transactions;journals/ieicet/TeranishiFS09;2009-07-30;;;1;147-165;;;;;;;;;;db/journals/ieicet/ieicet92a.html#TeranishiFS09;92-A;2009
input_article.csv	590223	Missing journal article title	3449566;Cheol Hoon Park|Dongkyung Nam|Jong-Seok Lee;;;;;;;http://search.ieice.org/bin/summary.php?id=e87-d_11_2499;n;IEICE Transactions;journals/ieicet/NamLP04;2011-08-17;;;11;2499-2502;;;;;;;;;;db/journals/ieicet/ieicet87d.html#NamLP04;87-D;2004
input_article.csv	590626	Missing journal article title	3449969;Kaoru Kurosawa|Swee-Huay Heng;;;;;;;http://dx.doi.org/10.1093/ietfec/e89-a.1.39;k;IEICE Transactions;journals/ieicet/HengK06;2008-01-17;;;1;39-46;;;;;;;;;;db/journals/ieicet/ieicet89a.html#HengK06;89-A;2006
input_article.csv	590834	Missing journal article title	3450177;Eiji Fujiwara|Haruhiko Kaneko;;;;;;;http://search.ieice.org/bin/summary.php?id=e92-a_7_1668&category=A&year=2009&lang=E&abst=;M;IEICE Transactions;journals/ieicet/KanekoF09a;2009-07-30;;;7;1668-1676;;;;;;;;;;db/journals/ieicet/ieicet92a.html#KanekoF09a;92-A;2009
input_article.csv	590837	Missing journal article title	3450180;Noboru Ishihara;;;;;;;http://dx.doi.org/10.1093/ietele/e90-c.9.1702;V;IEICE Transactions;journals/ieicet/Ishihara07a;2008-01-22;;;9;1702-1707;;;;;dd;;;;;db/journals/ieicet/ieicet90c.html#Ishihara07a;90-C;2007
input_article.csv	592064	Missing journal article title	3451407;Wen-De Zhong|Zhenrong Zhang;;;;;;;http://dx.doi.org/10.1093/ietcom/e88-b.5.1921;P;IEICE Transactions;journals/ieicet/ZhongZ05;2008-01-20;;;5;1921-1926;;;;;;;;;;db/journals/ieicet/ieicet88b.html#ZhongZ05;88-B;2005
input_article.csv	592112	Missing journal article title	3451455;Daehwan Kim|Jong-Moon Chung|Sung Kwon Hong;;;;;;;http://search.ieice.org/bin/summary.php?id=e94-a_2_869;M;IEICE Transactions;journals/ieicet/HongCK11;2011-02-10;;;2;869-871;;;;;;;;;;db/journals/ieicet/ieicet94a.html#HongCK11;94-A;2011
input_article.csv	592556	Missing journal article title	3451899;Hiroshi Ishii;;;;;;;http://search.ieice.org/bin/summary.php?id=e87-d_6_1299;Bottles;IEICE Transactions;journals/ieicet/Ishii04;2011-08-17;;;6;1299-1311;;;;;;;;;;db/journals/ieicet/ieicet87d.html#Ishii04;87-D;2004
input_article.csv	592809	Missing journal article title	3452152;Hirotaka Okabe|Naoki Matsuda;;;;;;;http://search.ieice.org/bin/summary.php?id=e96-c_3_389;In situ|c;IEICE Transactions;journals/ieicet/MatsudaO13;2013-03-03;;;3;389-392;;;;;;;;;;db/journals/ieicet/ieicet96c.html#MatsudaO13;96-C;2013
input_article.csv	592882	Missing journal article title	3452225;Erik R. Altman|Kemal Ebcioglu|Soo-Mook Moon|Suhyun Kim;;;;;;;http://search.ieice.org/bin/summary.php?id=e87-d_7_1712;V;IEICE Transactions;journals/ieicet/KimMEA04;2011-08-17;;;7;1712-1720;;;;;;;;;;db/journals/ieicet/ieicet87d.html#KimMEA04;87-D;2004
input_article.csv	600843	Missing journal article title	3460186;Bruno Bacci|Marco Danelutto|Marco Vanneschi|Salvatore Orlando|Susanna Pelagatti;;;;;;;http://dx.doi.org/10.1002/cpe.4330070305;L|P;Concurrency - Practice and Experience;journals/concurrency/BacciDOPV95;2007-11-30;;;3;225-255;;;;;;3;;;;db/journals/concurrency/concurrency7.html#BacciDOPV95;7;1995
input_article.csv	601163	Missing journal article title	3460506;Chutiporn Anutariya|Rachanee Ungrangsi|Vilas Wuwongse;;;;;;;http://dx.doi.org/10.1002/cpe.1385;SQORE;Concurrency and Computation: Practice and Experience;journals/concurrency/UngrangsiAW09;2009-05-07;;;5;651-671;;;;;;;;;;db/journals/concurrency/concurrency21.html#UngrangsiAW09;21;2009
input_article.csv	601210	Missing journal article title	3460553;Berna L. Massingill|Beverly A. Sanders|Timothy G. Mattson;;;;;;;http://dx.doi.org/10.1002/cpe.1147;Reengineering for Parallelism;Concurrency and Computation: Practice and Experience;journals/concurrency/MassingillMS07;2007-11-26;;;4;503-529;;;;;;;;;;db/journals/concurrency/concurrency19.html#MassingillMS07;19;2007
input_article.csv	601585	Missing journal article title	3460928;Horacio González-Vélez|Mehdi Goli;;;;;;;http://dx.doi.org/10.1002/cpe.3076;N;Concurrency and Computation: Practice and Experience;journals/concurrency/GoliG14;2014-02-27;;;4;972-986;;;;;;;;;;db/journals/concurrency/concurrency26.html#GoliG14;26;2014
input_article.csv	602010	Missing journal article title	3461353;Carlo Mastroianni|Claudio Lucchese|Domenico Talia|Salvatore Orlando;;;;;;;http://dx.doi.org/10.1002/cpe.1545;Mining@home;Concurrency and Computation: Practice and Experience;journals/concurrency/LuccheseMOT10;2010-03-08;;;5;658-682;;;;;;;;;;db/journals/concurrency/concurrency22.html#LuccheseMOT10;22;2010
input_article.csv	605109	Missing journal article title	3464452;Bechir Hamdaoui|Megha Maiya;;;;;;;http://dx.doi.org/10.1002/wcm.1160;iMAC;Wireless Communications and Mobile Computing;journals/wicomm/MaiyaH13;2013-08-22;;;11;1060-1071;;;;;;;;;;db/journals/wicomm/wicomm13.html#MaiyaH13;13;2013
input_article.csv	605204	Missing journal article title	3464547;Chai-Keong Toh|Santithorn Bunchua;;;;;;;http://dx.doi.org/10.1002/wcm.24;Ad hoc;Wireless Communications and Mobile Computing;journals/wicomm/TohB01;2005-09-20;;;4;361-379;;;;;;;;;;db/journals/wicomm/wicomm1.html#TohB01;1;2001
input_article.csv	605542	Missing journal article title	3464885;Gretchen H. Lynn|Taieb Znati;;;;;;;http://dx.doi.org/10.1002/wcm.1073;RoMR: ;Wireless Communications and Mobile Computing;journals/wicomm/LynnZ10;2011-01-25;;;12;1620-1647;;;;;;;;;;db/journals/wicomm/wicomm10.html#LynnZ10;10;2010
input_article.csv	605589	Missing journal article title	3464932;Chen-Khong Tham|Hwee-Xian Tan|Mun Choon Chan|Peng Yong Kong;;;;;;;http://dx.doi.org/10.1002/wcm.987;SAUCeR;Wireless Communications and Mobile Computing;journals/wicomm/TanCKT11;2013-11-04;;;3;410-425;;;;;;;;;;db/journals/wicomm/wicomm11.html#TanCKT11;11;2011
input_article.csv	605748	Missing journal article title	3465091;Abhishek Roy|Jitae Shin|Navrati Saxena;;;;;;;http://dx.doi.org/10.1002/wcm.546;QuESt;Wireless Communications and Mobile Computing;journals/wicomm/SaxenaRS09;2009-05-07;;;3;417-426;;;;;;;;;;db/journals/wicomm/wicomm9.html#SaxenaRS09;9;2009
input_article.csv	605800	Missing journal article title	3465143;Alireza Naimi|Ghasem Azemi;;;;;;;http://dx.doi.org/10.1002/wcm.725;K;Wireless Communications and Mobile Computing;journals/wicomm/NaimiA09;2010-02-04;;;10;1379-1386;;;;;;;;;;db/journals/wicomm/wicomm9.html#NaimiA09;9;2009
input_article.csv	606284	Missing journal article title	3465627;Hani S. Mahmassani;;;;;;;http://dx.doi.org/10.1287/trsc.29.3.291;TSS Dissertation Abstracts;Transportation Science;journals/transci/Mahmassani95;2013-02-26;;;3;291-301;;;;;;;;;;db/journals/transci/transci29.html#Mahmassani95;29;1995
input_article.csv	609167	Missing journal article title	3468510;Robert C. Moore;;;;;;;http://doi.ieeecomputersociety.org/10.1109/TC.1976.1674619;D;IEEE Trans. Computers;journals/tc/Moore76;2011-10-27;;;4;366-373;;;;;;;;;;db/journals/tc/tc25.html#Moore76;25;1976
input_article.csv	611263	Missing journal article title	3470606;Eliseu M. Chaves Filho|Fadi J. Kurdahi|Guangming Lu|Hartej Singh|Ming-Hau Lee|Nader Bagherzadeh;;;;;;;http://doi.ieeecomputersociety.org/10.1109/12.859540;MorphoSys;IEEE Trans. Computers;journals/tc/SinghLLKBF00;2011-10-27;;;5;465-481;;;;;;;;;;db/journals/tc/tc49.html#SinghLLKBF00;49;2000
input_article.csv	611758	Missing journal article title	3471101;Charles E. Molnar|Fred U. Rosenberger|Thomas J. Chaney|Ting-Pien Fang;;;;;;;http://doi.ieeecomputersociety.org/10.1109/12.2252;Q;IEEE Trans. Computers;journals/tc/RosenbergerMCF88;2011-10-27;;;9;1005-1018;;;;;;;;;;db/journals/tc/tc37.html#RosenbergerMCF88;37;1988
input_article.csv	613230	Missing journal article title	3472573;André Thayse;;;;;;;http://doi.ieeecomputersociety.org/10.1109/TC.1981.6312175;P;IEEE Trans. Computers;journals/tc/Thayse81;2012-10-15;;;2;126-134;;;;;;;;;;db/journals/tc/tc30.html#Thayse81;30;1981
input_article.csv	613707	Missing journal article title	3473050;Ming Li|N. Garry Tarr|Robert G. Harrison|Rony E. Amaya;;;;;;;http://dx.doi.org/10.1155/2010/415315;X;J. Electrical and Computer Engineering;journals/jece/LiAHT10;2011-11-09;;;;;;;;;;;;;;db/journals/jece/jece2010.html#LiAHT10;2010;2010
input_article.csv	614229	Missing journal article title	3473572;Gyoungju Lee|Ikuho Yamada|Peter A. Rogerson;;;;;;;http://dx.doi.org/10.1007/s10109-009-0080-1;GeoSurveillance;Journal of Geographical Systems;journals/jgs/YamadaRL09;2009-09-01;;;2;155-173;;;;;;;;;;db/journals/jgs/jgs11.html#YamadaRL09;11;2009
input_article.csv	614351	Missing journal value	3473694;Carol Friedman|Elizabeth S. Chen|George Hripcsak|Hongfang Liu|James J. Cimino|Li Zhou|Ying Tao|Yves A. Lussier;Journal of Biomedical Informatics;;;;;;http://dx.doi.org/10.1016/j.jbi.2005.10.006;;;journals/jbi/ZhouTCCLLHF06;2007-01-23;;;;626-636;;;;;;;Terminology model discovery using natural language processing and visualization techniques.;;;db/journals/jbi/jbi39.html#ZhouTCCLLHF06;;2006
input_article.csv	614382	Missing journal value	3473725;Dezhong Xu|Donghuai Gao|Hongwei Cai|Jielai Xia|Yongping Yan;Journal of Biomedical Informatics;;;;;;http://dx.doi.org/10.1016/j.jbi.2006.02.015;;;journals/jbi/CaiXXGY06;2007-01-23;;;;706-719;;;;;;;A generic minimization random allocation and blinding system on web.;;;db/journals/jbi/jbi39.html#CaiXXGY06;;2006
input_article.csv	614398	Missing journal value	3473741;Addolorata Cavalluzzi|Berardina De Carolis|Fiorella de Rosis|Nicole Novielli|Valeria Carofiglio;Journal of Biomedical Informatics;;;;;;http://dx.doi.org/10.1016/j.jbi.2006.01.001;;;journals/jbi/RosisNCCC06;2007-01-23;;;;514-531;;;;;;;User modeling and adaptation in health promotion dialogs with an animated character.;;;db/journals/jbi/jbi39.html#RosisNCCC06;;2006
input_article.csv	614406	Missing journal value	3473749;J. I. Estévez|José F. Sigut|José L. Sánchez|Pedro A. Toledo|Silvia Alayón;Journal of Biomedical Informatics;;;;;;http://dx.doi.org/10.1016/j.jbi.2006.03.001;;;journals/jbi/AlayonESST06;2011-09-09;;;;573-588;;;;;;;An evolutionary Michigan recurrent fuzzy system for nuclei classification in cytological images using nuclear chromatin distribution.;;;db/journals/jbi/jbi39.html#AlayonESST06;;2006
input_article.csv	614489	Missing journal value	3473832;Christophe Garcia|Frank J. Manion|Ghislain Bidaut|Michael F. Ochs;Journal of Biomedical Informatics;;;;;;http://dx.doi.org/10.1016/j.jbi.2005.10.001;;;journals/jbi/BidautMGO06;2007-01-23;;;;379-388;;;;;;;WaveRead: Automatic measurement of relative gene expression levels from microarrays using wavelet analysis.;;;db/journals/jbi/jbi39.html#BidautMGO06;;2006
input_article.csv	614515	Missing journal value	3473858;Peter J. Haug|Stéphane M. Meystre;Journal of Biomedical Informatics;;;;;;http://dx.doi.org/10.1016/j.jbi.2005.11.004;;;journals/jbi/MeystreH06;2009-07-20;;;;589-599;;;;;;;Natural language processing to extract medical problems from electronic clinical documents: Performance evaluation.;;;db/journals/jbi/jbi39.html#MeystreH06;;2006
input_article.csv	614542	Missing journal value	3473885;Meliha Yetisgen-Yildiz|Wanda Pratt;Journal of Biomedical Informatics;;;;;;http://dx.doi.org/10.1016/j.jbi.2005.11.010;;;journals/jbi/Yetisgen-YildizP06;2007-01-23;;;;600-611;;;;;;;Using statistical and knowledge-based approaches for literature-based discovery.;;;db/journals/jbi/jbi39.html#Yetisgen-YildizP06;;2006
input_article.csv	614544	Missing journal value	3473887;Quanzhi Li|Yi-fang Brook Wu;Journal of Biomedical Informatics;;;;;;http://dx.doi.org/10.1016/j.jbi.2006.02.001;;;journals/jbi/LiW06;2007-01-23;;;;668-679;;;;;;;Identifying important concepts from medical documents.;;;db/journals/jbi/jbi39.html#LiW06;;2006
input_article.csv	614554	Missing journal value	3473897;Michael E. Bales|Stephen B. Johnson;Journal of Biomedical Informatics;;;;;;http://dx.doi.org/10.1016/j.jbi.2005.10.007;;;journals/jbi/BalesJ06;2007-01-23;;;;451-464;;;;;;;Graph theoretic modeling of large-scale semantic networks.;;;db/journals/jbi/jbi39.html#BalesJ06;;2006
input_article.csv	614581	Missing journal value	3473924;Donna K. Byron|George Ferguson|James F. Allen|Lucian Galescu|Mary D. Swift|Myroslava Dzikovska|Nate Blaylock|Nathanael Chambers;Journal of Biomedical Informatics;;;;;;http://dx.doi.org/10.1016/j.jbi.2006.02.004;;;journals/jbi/AllenFBBCDGS06;2008-05-21;;;;500-513;;;;;;;Chester: Towards a personal medication advisor.;;;db/journals/jbi/jbi39.html#AllenFBBCDGS06;;2006
input_article.csv	614588	Missing journal value	3473931;Jiong Yang|Lei Liu|Qing-ming Luo|Yixue Li|Zhuo Fang;Journal of Biomedical Informatics;;;;;;http://dx.doi.org/10.1016/j.jbi.2005.08.004;;;journals/jbi/FangYLLL06;2007-01-23;;;;401-411;;;;;;;Knowledge guided analysis of microarray data.;;;db/journals/jbi/jbi39.html#FangYLLL06;;2006
input_article.csv	614612	Missing journal value	3473955;Amy Berlin|Ida Sim|Marco Sorani;Journal of Biomedical Informatics;;;;;;http://dx.doi.org/10.1016/j.jbi.2005.12.003;;;journals/jbi/BerlinSS06;2007-01-23;;;;656-667;;;;;;;A taxonomic description of computer-based clinical decision support systems.;;;db/journals/jbi/jbi39.html#BerlinSS06;;2006
input_article.csv	614614	Missing journal value	3473957;Adam S. Rothschild|Frances P. Morrison|Genevieve B. Melton|George Hripcsak|Marianthi Markatou|Simon Parsons;Journal of Biomedical Informatics;;;;;;http://dx.doi.org/10.1016/j.jbi.2006.01.004;;;journals/jbi/MeltonPMRMH06;2007-01-23;;;;697-705;;;;;;;Inter-patient distance metrics using SNOMED CT defining relationships.;;;db/journals/jbi/jbi39.html#MeltonPMRMH06;;2006
input_article.csv	614673	Missing journal value	3474016;Agapios N. Platis|Costas Lambrinoudakis|Elias P. Zafiropoulos|Ilias Maglogiannis;Journal of Biomedical Informatics;;;;;;http://dx.doi.org/10.1016/j.jbi.2005.10.003;;;journals/jbi/MaglogiannisZPL06;2007-11-22;;;;637-647;;;;;;;Risk analysis of a patient monitoring system using Bayesian Network modeling.;;;db/journals/jbi/jbi39.html#MaglogiannisZPL06;;2006
input_article.csv	614748	Missing journal value	3474091;A. Forogh Hakimzada|Lily A. Gutnik|Nicole A. Yoskowitz|Vimla L. Patel;Journal of Biomedical Informatics;;;;;;http://dx.doi.org/10.1016/j.jbi.2006.03.002;;;journals/jbi/GutnikHYP06;2007-01-23;;;;720-736;;;;;;;The role of emotion in decision-making: A cognitive neuroeconomic approach towards understanding sexual risk behavior.;;;db/journals/jbi/jbi39.html#GutnikHYP06;;2006
input_article.csv	614751	Missing journal value	3474094;Alan F. Rose|Blackford Middleton|Frank Chang|Jeffrey A. Linder|Jeffrey L. Schnipper|Joseph C. Chan|Matvey B. Palchuk;Journal of Biomedical Informatics;;;;;;http://dx.doi.org/10.1016/j.jbi.2005.12.002;;;journals/jbi/LinderRPCSCM06;2007-01-23;;;;648-655;;;;;;;Decision support for acute problems: The role of the standardized patient in usability testing.;;;db/journals/jbi/jbi39.html#LinderRPCSCM06;;2006
input_article.csv	614762	Missing journal value	3474105;John Fox|Martin Beveridge;Journal of Biomedical Informatics;;;;;;http://dx.doi.org/10.1016/j.jbi.2005.12.008;;;journals/jbi/BeveridgeF06;2007-01-23;;;;482-499;;;;;;;Automatic generation of spoken dialogue from medical plans and ontologies.;;;db/journals/jbi/jbi39.html#BeveridgeF06;;2006
input_article.csv	614768	Missing journal value	3474111;Omolola Ogunyemi;Journal of Biomedical Informatics;;;;;;http://dx.doi.org/10.1016/j.jbi.2005.10.005;;;journals/jbi/Ogunyemi06;2007-01-23;;;;389-400;;;;;;;Methods for reasoning from geometry about anatomic structures injured by penetrating trauma.;;;db/journals/jbi/jbi39.html#Ogunyemi06;;2006
input_article.csv	614780	Missing journal value	3474123;Nancy Green|Rosalind W. Picard|Timothy W. Bickmore|Toni Giorgino;Journal of Biomedical Informatics;;;;;;http://dx.doi.org/10.1016/j.jbi.2006.02.002;;;journals/jbi/BickmoreGGP06;2007-01-23;;;;465-467;;;;;;;Special issue on dialog systems for health communication.;;;db/journals/jbi/jbi39.html#BickmoreGGP06;;2006
input_article.csv	614851	Missing journal value	3474194;James J. Cimino|Leanne M. Currie|Mureen Allen|Suzanne Bakken|Vimla L. Patel;Journal of Biomedical Informatics;;;;;;http://dx.doi.org/10.1016/j.jbi.2005.10.004;;;journals/jbi/AllenCBPC06;2007-01-23;;;;412-423;;;;;;;Heuristic evaluation of paper-based Web pages: A simplified inspection usability methodology.;;;db/journals/jbi/jbi39.html#AllenCBPC06;;2006
input_article.csv	614927	Missing journal value	3474270;Genevieve B. Melton|George Hripcsak|Li Zhou|Simon Parsons;Journal of Biomedical Informatics;;;;;;http://dx.doi.org/10.1016/j.jbi.2005.07.002;;;journals/jbi/ZhouMPH06;2007-01-23;;;;424-439;;;;;;;A temporal constraint structure for extracting temporal information from clinical narrative.;;;db/journals/jbi/jbi39.html#ZhouMPH06;;2006
input_article.csv	614930	Missing journal value	3474273;Ismail Abbas|Joan Rovira|Josep Casanovas;Journal of Biomedical Informatics;;;;;;http://dx.doi.org/10.1016/j.jbi.2005.12.005;;;journals/jbi/AbbasRC06;2007-01-23;;;;687-696;;;;;;;Validation by simulation of a clinical trial model using the standardized mean and variance criteria.;;;db/journals/jbi/jbi39.html#AbbasRC06;;2006
input_article.csv	614960	Missing journal value	3474303;Jeffrey P. Migneault|Julie A. Wright|Ramesh Farzanfar|Robert H. Friedman;Journal of Biomedical Informatics;;;;;;http://dx.doi.org/10.1016/j.jbi.2006.02.009;;;journals/jbi/MigneaultFWF06;2009-09-15;;;;468-481;;;;;;;How to write health dialog for a talking computer.;;;db/journals/jbi/jbi39.html#MigneaultFWF06;;2006
input_article.csv	615019	Missing journal value	3474362;Regina Barzilay|Ronilda C. Lacson|William J. Long;Journal of Biomedical Informatics;;;;;;http://dx.doi.org/10.1016/j.jbi.2005.12.009;;;journals/jbi/LacsonBL06;2007-01-23;;;;541-555;;;;;;;Automatic analysis of medical dialogue in the home hemodialysis domain: Structure induction and summarization.;;;db/journals/jbi/jbi39.html#LacsonBL06;;2006
input_article.csv	615059	Missing journal value	3474402;Mona R. E. Abdel-Halim|Radwan E. Abdel-Aal|Safa Abdel-Aal;Journal of Biomedical Informatics;;;;;;http://dx.doi.org/10.1016/j.jbi.2005.12.001;;;journals/jbi/Abdel-AalAA06;2007-01-23;;;;612-625;;;;;;;Improving the classification of multiple disorders with problem decomposition.;;;db/journals/jbi/jbi39.html#Abdel-AalAA06;;2006
input_article.csv	615087	Missing journal value	3474430;Anna M. McDaniel|Mollie R. Poynton;Journal of Biomedical Informatics;;;;;;http://dx.doi.org/10.1016/j.jbi.2006.02.016;;;journals/jbi/PoyntonM06;2007-01-23;;;;680-686;;;;;;;Classification of smoking cessation status with a backpropagation neural network.;;;db/journals/jbi/jbi39.html#PoyntonM06;;2006
input_article.csv	615237	Missing journal value	3474580;Timothy W. Bickmore|Toni Giorgino;Journal of Biomedical Informatics;;;;;;http://dx.doi.org/10.1016/j.jbi.2005.12.004;;;journals/jbi/BickmoreG06;2007-01-23;;;;556-571;;;;;;;Health dialog systems for patients and consumers.;;;db/journals/jbi/jbi39.html#BickmoreG06;;2006
input_article.csv	615277	Missing journal value	3474620;Robert C. Hubal|Ruth S. Day;Journal of Biomedical Informatics;;;;;;http://dx.doi.org/10.1016/j.jbi.2005.12.006;;;journals/jbi/HubalD06;2007-01-23;;;;532-540;;;;;;;Informed consent procedures: An experimental test using a virtual character in a dialog systems training application.;;;db/journals/jbi/jbi39.html#HubalD06;;2006
input_article.csv	615278	Missing journal value	3474621;Pei Hao|Qiang Lu|Qing-ming Luo|Vasa Curcin|Wei-Zhong He|Yi-Xue Li|Yike Guo|Yuan-Yuan Li;Journal of Biomedical Informatics;;;;;;http://dx.doi.org/10.1016/j.jbi.2005.09.001;;;journals/jbi/LuHCHLLGL06;2007-05-25;;;;440-450;;;;;;;KDE Bioscience: Platform for bioinformatics analysis workflows.;;;db/journals/jbi/jbi39.html#LuHCHLLGL06;;2006
input_article.csv	617415	Missing journal article title	3476758;Shu-Kun Lin;;;;;;;http://dx.doi.org/10.3390/sym1010001;Symmetry;Symmetry;journals/symmetry/Lin09;2011-02-17;;;1;1-2;;;;;;;;;;db/journals/symmetry/symmetry1.html#Lin09;1;2009
input_article.csv	620059	Missing journal article title	3479402;Andrei Petrovski|John McCall|Noura Al Moubayed;;;;;;;http://dx.doi.org/10.1162/EVCO_a_00104;D;Evolutionary Computation;journals/ec/MoubayedPM14;2014-02-15;;;1;47-77;;;;;;2;;;;db/journals/ec/ec22.html#MoubayedPM14;22;2014
input_article.csv	623387	Missing journal article title	3482738;Jing-Yao Liu|Ying Wang|Ze-Sheng Li;;;;;;;http://dx.doi.org/10.1002/jcc.20663;Ab initio|n|n|n;Journal of Computational Chemistry;journals/jcc/WangLL07;2007-11-27;;;16;2517-2530;;;;;2|3-;;;;;db/journals/jcc/jcc28.html#WangLL07;28;2007
input_article.csv	623436	Missing journal article title	3482787;E. G. Getmantsev|L. I. Menshikov|P. O. Fedichev;;;;;;;http://dx.doi.org/10.1002/jcc.21719;NlogN|O;Journal of Computational Chemistry;journals/jcc/FedichevGM11;2011-04-12;;;7;1368-1376;;;;;;;;;;db/journals/jcc/jcc32.html#FedichevGM11;32;2011
input_article.csv	623590	Missing journal article title	3482941;Heinz-Peter Liebermann|Robert J. Buenker;;;;;;;http://dx.doi.org/10.1002/jcc.22992;Ab initio;Journal of Computational Chemistry;journals/jcc/BuenkerL12;2012-06-18;;;19;1594-1602;;;;;;;;;;db/journals/jcc/jcc33.html#BuenkerL12;33;2012
input_article.csv	623696	Missing journal article title	3483047;Marc Le Bret|Sophie Barbe;;;;;;;http://dx.doi.org/10.1002/jcc.20890;Ab initio;Journal of Computational Chemistry;journals/jcc/BarbeB08;2008-11-19;;;9;1353-1363;;;;;;;;;;db/journals/jcc/jcc29.html#BarbeB08;29;2008
input_article.csv	623705	Missing journal article title	3483056;Feng Yu;;;;;;;http://dx.doi.org/10.1002/jcc.21979;Ab Initio;Journal of Computational Chemistry;journals/jcc/Yu12;2012-02-03;;;4;401-405;;;;;2|N;-;;;;db/journals/jcc/jcc33.html#Yu12;33;2012
input_article.csv	623834	Missing journal article title	3483185;Heming Xiao|Weihua Zhu;;;;;;;http://dx.doi.org/10.1002/jcc.20682;Ab initio;Journal of Computational Chemistry;journals/jcc/ZhuX08;2008-02-25;;;2;176-184;;;;;3|3|3;;;;;db/journals/jcc/jcc29.html#ZhuX08;29;2008
input_article.csv	623849	Missing journal article title	3483200;M. Rami Reddy|Mark D. Erion|U. C. Singh;;;;;;;http://dx.doi.org/10.1002/jcc.20510;Ab initio;Journal of Computational Chemistry;journals/jcc/ReddySE07;2007-11-27;;;2;491-494;;;;;;;;;;db/journals/jcc/jcc28.html#ReddySE07;28;2007
input_article.csv	623884	Missing journal article title	3483235;Anmin Zheng|Feng Deng|Shang-Bin Liu;;;;;;;http://dx.doi.org/10.1002/jcc.21118;;Journal of Computational Chemistry;journals/jcc/ZhengLD09;2009-05-08;;;2;222-235;;;;;;13;;;;db/journals/jcc/jcc30.html#ZhengLD09;30;2009
input_article.csv	623891	Missing journal article title	3483242;Anna Maria Ferrari|Bartolomeo Civalleri|Roberto Dovesi;;;;;;;http://dx.doi.org/10.1002/jcc.21468;Ab initio;Journal of Computational Chemistry;journals/jcc/FerrariCD10;2010-09-29;;;8;1777-1784;;;;;;;;;;db/journals/jcc/jcc31.html#FerrariCD10;31;2010
input_article.csv	623894	Missing journal article title	3483245;Hironori Kokubo|Toshimasa Tanaka|Yuko Okamoto;;;;;;;http://dx.doi.org/10.1002/jcc.21860;Ab Initio;Journal of Computational Chemistry;journals/jcc/KokuboTO11;2011-08-11;;;13;2810-2821;;;;;;;;;;db/journals/jcc/jcc32.html#KokuboTO11;32;2011
input_article.csv	623908	Missing journal article title	3483259;Brahim Oujia|Florent Xavier Gadéa|Héla Habli|Riadh Dardouri;;;;;;;http://dx.doi.org/10.1002/jcc.23363;Ab Initio;Journal of Computational Chemistry;journals/jcc/DardouriHOG13;2013-08-27;;;24;2091-2099;;;;;;;;;;db/journals/jcc/jcc34.html#DardouriHOG13;34;2013
input_article.csv	624100	Missing journal article title	3483451;Arnim Hellweg|Michael Diedenhofen|Uwe Huniar;;;;;;;http://dx.doi.org/10.1002/jcc.22918;thermocalc;Journal of Computational Chemistry;journals/jcc/HellwegDH12;2012-03-22;;;8;881-886;;;;;;;;;;db/journals/jcc/jcc33.html#HellwegDH12;33;2012
input_article.csv	624107	Missing journal article title	3483458;Andrew J. Moad|Charles W. Moad|G. Scott Goeken|Garth J. Simpson|John M. Perry|Nathan J. Begue|Randy Heiland|Ronald D. Wampler|Tian Shen;;;;;;;http://dx.doi.org/10.1002/jcc.20706;NLOPredict: ;Journal of Computational Chemistry;journals/jcc/MoadMPWGBSHS07;2007-11-27;;;12;1996-2002;;;;;;;;;;db/journals/jcc/jcc28.html#MoadMPWGBSHS07;28;2007
input_article.csv	624157	Missing journal article title	3483508;Masanori Miura|Yuriko Aoki;;;;;;;http://dx.doi.org/10.1002/jcc.21206;Ab initio;Journal of Computational Chemistry;journals/jcc/MiuraA09;2010-03-18;;;14;2213-2230;;;;;;;;;;db/journals/jcc/jcc30.html#MiuraA09;30;2009
input_article.csv	624327	Missing journal article title	3483678;Andreas B. Pribil|Bernd M. Rode|Viwat Vchirawongkwin;;;;;;;http://dx.doi.org/10.1002/jcc.21308;Ab Initio;Journal of Computational Chemistry;journals/jcc/VchirawongkwinPR10;2010-03-18;;;2;249-257;;;;;;;;;;db/journals/jcc/jcc31.html#VchirawongkwinPR10;31;2010
input_article.csv	624380	Missing journal article title	3483731;Carlos Alemán|Francisco Rodríguez-Ropero|Jordi Casanovas;;;;;;;http://dx.doi.org/10.1002/jcc.20763;Ab initio;Journal of Computational Chemistry;journals/jcc/Rodriguez-RoperoCA08;2008-02-25;;;1;69-78;;;;;;;;;;db/journals/jcc/jcc29.html#Rodriguez-RoperoCA08;29;2008
input_article.csv	624617	Missing journal article title	3483968;Wei Lv|Xue-Gang Yang|Ying Xue|Yu Zong Chen;;;;;;;http://dx.doi.org/10.1002/jcc.21411;In silico;Journal of Computational Chemistry;journals/jcc/YangLCX10;2010-03-18;;;6;1249-1258;;;;;;;;;;db/journals/jcc/jcc31.html#YangLCX10;31;2010
input_article.csv	624638	Missing journal article title	3483989;Eric Pellegrini|Gerald R. Kneller|Konrad Hinsen|Slawomir Stachura;;;;;;;http://dx.doi.org/10.1002/jcc.23035;n;Journal of Computational Chemistry;journals/jcc/HinsenPSK12;2012-10-22;;;25;2043-2048;;;;;;;;;;db/journals/jcc/jcc33.html#HinsenPSK12;33;2012
input_article.csv	624754	Missing journal article title	3484105;Daniel Maynau|Stefano Evangelisti|Thierry Leininger|Wissam Helal;;;;;;;http://dx.doi.org/10.1002/jcc.20982;Ab-initio;Journal of Computational Chemistry;journals/jcc/HelalELM09;2009-05-08;;;1;83-92;;;;;;;;;;db/journals/jcc/jcc30.html#HelalELM09;30;2009
input_article.csv	624757	Missing journal article title	3484108;Anthony K. Grafton;;;;;;;http://dx.doi.org/10.1002/jcc.20642;Vibalizer;Journal of Computational Chemistry;journals/jcc/Grafton07;2007-11-27;;;7;1290-1305;;;;;;;;;;db/journals/jcc/jcc28.html#Grafton07;28;2007
input_article.csv	624854	Missing journal article title	3484205;Agnieszka J. Gordon|Slawomir Berski|Zdzislaw Latajka;;;;;;;http://dx.doi.org/10.1002/jcc.21547;Ab Initio;Journal of Computational Chemistry;journals/jcc/BerskiLG10;2010-09-29;;;14;2555-2567;;;;;2;;;;;db/journals/jcc/jcc31.html#BerskiLG10;31;2010
input_article.csv	624882	Missing journal article title	3484233;Michal Ilcin|Stanislav Biskupic|Vladimír Lukes|Vladimír Sládek;;;;;;;http://dx.doi.org/10.1002/jcc.22904;Ab initio;Journal of Computational Chemistry;journals/jcc/SladekLIB12;2012-02-20;;;7;767-778;;;;;;;;;;db/journals/jcc/jcc33.html#SladekLIB12;33;2012
input_article.csv	624958	Missing journal article title	3484309;Jürgen Hafner;;;;;;;http://dx.doi.org/10.1002/jcc.21057;Ab-initio;Journal of Computational Chemistry;journals/jcc/Hafner08;2008-11-19;;;13;2044-2078;;;;;;;;;;db/journals/jcc/jcc29.html#Hafner08;29;2008
input_article.csv	625007	Missing journal article title	3484358;Jan Westergren|Kai Lüder|Lennart Lindfors|Mikaela Pedersen|Rasmus Persson|Sture Nordholm;;;;;;;http://dx.doi.org/10.1002/jcc.21173;In silico;Journal of Computational Chemistry;journals/jcc/LuderLWNPP09;2010-03-18;;;12;1859-1871;;;;;;;;;;db/journals/jcc/jcc30.html#LuderLWNPP09;30;2009
input_article.csv	625270	Missing journal article title	3484621;Hao Zhang|Yun-Hong Zhang;;;;;;;http://dx.doi.org/10.1002/jcc.21570;Ab initio;Journal of Computational Chemistry;journals/jcc/ZhangZ10;2010-09-29;;;15;2772-2782;;;;;2|3;;;;;db/journals/jcc/jcc31.html#ZhangZ10;31;2010
input_article.csv	625384	Missing journal article title	3484735;Fu-Ming Tao|Jian-Dong Zhang|Shu-Jin Li;;;;;;;http://dx.doi.org/10.1002/jcc.23179;Ab initio;Journal of Computational Chemistry;journals/jcc/ZhangLT13;2013-03-17;;;8;673-680;;;;;;;;;;db/journals/jcc/jcc34.html#ZhangLT13;34;2013
input_article.csv	625417	Missing journal article title	3484768;Daniel J. Sindhikara|Fumio Hirata|Norio Yoshida;;;;;;;http://dx.doi.org/10.1002/jcc.22984;Placevent;Journal of Computational Chemistry;journals/jcc/SindhikaraYH12;2012-06-18;;;18;1536-1543;;;;;;;;;;db/journals/jcc/jcc33.html#SindhikaraYH12;33;2012
input_article.csv	625455	Missing journal article title	3484806;Gang Wang|Guangxiong Liu|Jianxiu Guo|Nini Rao|Yong Yang;;;;;;;http://dx.doi.org/10.1002/jcc.23134;Retracted: ;Journal of Computational Chemistry;journals/jcc/GuoRLYW12;2012-11-17;;;32;2614;;;;;;;;;;db/journals/jcc/jcc33.html#GuoRLYW12;33;2012
input_article.csv	625516	Missing journal article title	3484867;Alexios Grigoropoulos|Robert K. Szilagyi;;;;;;;http://dx.doi.org/10.1002/jcc.21901;In silico;Journal of Computational Chemistry;journals/jcc/GrigoropoulosS11;2011-10-31;;;15;3194-3206;;;;;;;;;;db/journals/jcc/jcc32.html#GrigoropoulosS11;32;2011
input_article.csv	625580	Missing journal article title	3484931;Constantinos C. Pantelides|Panagiotis G. Karamertzanis;;;;;;;http://dx.doi.org/10.1002/jcc.20165;Ab initio;Journal of Computational Chemistry;journals/jcc/KaramertzanisP05;2005-11-02;;;3;304-324;;;;;;;;;;db/journals/jcc/jcc26.html#KaramertzanisP05;26;2005
input_article.csv	625585	Missing journal article title	3484936;Beilei Lei|Biao Li|Chengqi Wang|Huanxiang Liu|Jiazhong Li|Lili Xi|Shuyan Li|Xiaojun Yao|Yulin Shen;;;;;;;http://dx.doi.org/10.1002/jcc.21701;In silico;Journal of Computational Chemistry;journals/jcc/LiXLWLSLYL11;2011-04-12;;;7;1211-1216;;;;;;;;;;db/journals/jcc/jcc32.html#LiXLWLSLYL11;32;2011
input_article.csv	625737	Missing journal article title	3485088;Ji-Cai Fan|Jian-Wei Zou|Qing-Sen Yu|Wen-Na Zhao|Yong-Jun Jiang|Yun-Xiang Lu;;;;;;;http://dx.doi.org/10.1002/jcc.21094;Ab initio;Journal of Computational Chemistry;journals/jcc/LuZFZJY09;2009-05-08;;;5;725-732;;;;;;;;;;db/journals/jcc/jcc30.html#LuZFZJY09;30;2009
input_article.csv	625860	Missing journal article title	3485211;Kaori Fukuzawa|Kazuo Kitaura|Kotoko Nakata|Masami Uebayasi|Tatsuya Nakano|Tsuguchika Kaminuma;;;;;;;http://dx.doi.org/10.1002/jcc.20130;Ab initio;Journal of Computational Chemistry;journals/jcc/FukuzawaKUNKN05;2005-11-02;;;1;1-10;;;;;;;;;;db/journals/jcc/jcc26.html#FukuzawaKUNKN05;26;2005
input_article.csv	625909	Missing journal article title	3485260;Aurora E. Clark|Barbara Logan Mooney|L. René Corrales;;;;;;;http://dx.doi.org/10.1002/jcc.22917;MoleculaRnetworks;Journal of Computational Chemistry;journals/jcc/MooneyCC12;2012-03-22;;;8;853-860;;;;;;;;;;db/journals/jcc/jcc33.html#MooneyCC12;33;2012
input_article.csv	625929	Missing journal article title	3485280;Claudio M. Zicovich-Wilson|F. J. Torres|Fabien Pascale|L. Valenzano|Roberto Dovesi|Roberto Orlando;;;;;;;http://dx.doi.org/10.1002/jcc.20993;Ab initio;Journal of Computational Chemistry;journals/jcc/Zicovich-WilsonTPVOD08;2010-03-18;;;13;2268-2278;;;;;;;;;;db/journals/jcc/jcc29.html#Zicovich-WilsonTPVOD08;29;2008
input_article.csv	626007	Missing journal article title	3485358;Antony D. Gee|Ian R. Gould|Lula Rosso;;;;;;;http://dx.doi.org/10.1002/jcc.20972;Ab initio;Journal of Computational Chemistry;journals/jcc/RossoGG08;2008-11-19;;;14;2397-2405;;;;;;;;;;db/journals/jcc/jcc29.html#RossoGG08;29;2008
input_article.csv	626094	Missing journal article title	3485445;Jing-Lai Zhang|Xu-Geng Guo|Yuan Zhao;;;;;;;http://dx.doi.org/10.1002/jcc.21948;Ab initio|n|n;Journal of Computational Chemistry;journals/jcc/GuoZZ12;2011-11-21;;;1;93-102;;;;;;-;;;;db/journals/jcc/jcc33.html#GuoZZ12;33;2012
input_article.csv	626198	Missing journal article title	3485549;Jyh Shing Lin|Yung-Ting Lee;;;;;;;http://dx.doi.org/10.1002/jcc.23434;Ab Initio;Journal of Computational Chemistry;journals/jcc/LeeL13;2014-01-20;;;31;2697-2706;;;;;;;;;;db/journals/jcc/jcc34.html#LeeL13;34;2013
input_article.csv	626232	Missing journal article title	3485583;Tetsuya Taketsugu|Yusuke Ootani;;;;;;;http://dx.doi.org/10.1002/jcc.21943;Ab initio;Journal of Computational Chemistry;journals/jcc/OotaniT12;2011-11-21;;;1;60-65;;;;;;;;;;db/journals/jcc/jcc33.html#OotaniT12;33;2012
input_article.csv	626262	Missing journal article title	3485613;Shogo Sakai|Taro Udagawa;;;;;;;http://dx.doi.org/10.1002/jcc.21875;Ab initio;Journal of Computational Chemistry;journals/jcc/UdagawaS11;2011-08-11;;;13;2902-2908;;;;;;;;;;db/journals/jcc/jcc32.html#UdagawaS11;32;2011
input_article.csv	626331	Missing journal article title	3485682;Marck Lumeij|Ralf P. Stoffel|Richard Dronskowski|Volker L. Deringer;;;;;;;http://dx.doi.org/10.1002/jcc.23387;Ab initio;Journal of Computational Chemistry;journals/jcc/DeringerLSD13;2013-10-18;;;27;2320-2326;;;;;2;;;;;db/journals/jcc/jcc34.html#DeringerLSD13;34;2013
input_article.csv	626365	Missing journal article title	3485716;Santiago Vilar|Stefano Costanzi;;;;;;;http://dx.doi.org/10.1002/jcc.22893;In Silico;Journal of Computational Chemistry;journals/jcc/CostanziV12;2012-02-03;;;5;561-572;;;;;2;;;;;db/journals/jcc/jcc33.html#CostanziV12;33;2012
input_article.csv	626407	Missing journal article title	3485758;Helge Lemmetyinen|Oana Cramariuc|Tapio T. Rantala|Terttu I. Hukka;;;;;;;http://dx.doi.org/10.1002/jcc.21143;Ab initio;Journal of Computational Chemistry;journals/jcc/CramariucHRL09;2009-05-08;;;8;1194-1201;;;;;;;;;;db/journals/jcc/jcc30.html#CramariucHRL09;30;2009
input_article.csv	626775	Missing journal article title	3486126;Andrzej T. Kowal;;;;;;;http://dx.doi.org/10.1002/jcc.21665;Ab initio;Journal of Computational Chemistry;journals/jcc/Kowal11;2011-02-01;;;4;718-729;;;;;4;;;;;db/journals/jcc/jcc32.html#Kowal11;32;2011
input_article.csv	626808	Missing journal article title	3486159;Daisuke Katagiri|Hideyoshi Fuji|Saburo Neya|Tyuji Hoshino;;;;;;;http://dx.doi.org/10.1002/jcc.20963;Ab initio;Journal of Computational Chemistry;journals/jcc/KatagiriFNH08;2008-11-19;;;12;1930-1944;;;;;;;;;;db/journals/jcc/jcc29.html#KatagiriFNH08;29;2008
input_article.csv	627223	Missing journal article title	3486574;Evans C. Coutinho|Radhakrishnan P. Iyer|Raghuvir R. S. Pissurlenkar|Vijay M. Khedkar;;;;;;;http://dx.doi.org/10.1002/jcc.21804;Ensemble;Journal of Computational Chemistry;journals/jcc/PissurlenkarKIC11;2011-05-27;;;10;2204-2218;;;;;;;;;;db/journals/jcc/jcc32.html#PissurlenkarKIC11;32;2011
input_article.csv	627371	Missing journal article title	3486722;Clark R. Landis|Eric D. Glendening|Frank Weinhold;;;;;;;http://dx.doi.org/10.1002/jcc.23266;NBO 6.0;Journal of Computational Chemistry;journals/jcc/GlendeningLW13;2013-05-24;;;16;1429-1437;;;;;;;;;;db/journals/jcc/jcc34.html#GlendeningLW13;34;2013
input_article.csv	627491	Missing journal article title	3486842;Michal Straka|Petr Kulhánek|Radek Marek|Stanislav Standara;;;;;;;http://dx.doi.org/10.1002/jcc.23334;;Journal of Computational Chemistry;journals/jcc/StandaraKMS13;2013-07-17;;;22;1890-1898;;;;;60;129;;;;db/journals/jcc/jcc34.html#StandaraKMS13;34;2013
input_article.csv	627904	Missing journal article title	3487255;Yoshihiro Fukumoto;;;;;;;http://dx.doi.org/10.1080/10586458.2011.544556;w;Experimental Mathematics;journals/em/Fukumoto11;2013-05-14;;;1;1-14;;;;;;;;;;db/journals/em/em20.html#Fukumoto11;20;2011
input_article.csv	628510	Missing journal article title	3487861;Tomas Johnson;;;;;;;http://dx.doi.org/10.1080/10586458.2008.10129040;L;Experimental Mathematics;journals/em/Johnson08;2013-05-14;;;3;333-339;;;;;;p;;;;db/journals/em/em17.html#Johnson08;17;2008
input_article.csv	629163	Missing journal article title	3488514;Wallace J. Hopp;;;;;;;http://dx.doi.org/10.1287/mnsc.1080.0960;Management Science;Management Science;journals/mansci/Hopp08a;2010-03-04;;;12;1961-1962;;;;;;;;;;db/journals/mansci/mansci54.html#Hopp08a;54;2008
input_article.csv	629921	Missing journal article title	3489272;Julius Pahlke|Martin G. Kocher|Stefan T. Trautmann;;;;;;;http://dx.doi.org/10.1287/mnsc.2013.1711;Tempus Fugit;Management Science;journals/mansci/KocherPT13;2013-10-22;;;10;2380-2391;;;;;;;;;;db/journals/mansci/mansci59.html#KocherPT13;59;2013
input_article.csv	632362	Missing journal article title	3491713;Denis Bouyssou|Frank Plastria|Silvano Martello;;;;;;;http://dx.doi.org/10.1007/s10288-006-0088-z;4OR;4OR;journals/4or/BouyssouMP06;2007-02-06;;;1;1-9;;;;;;;;;;db/journals/4or/4or4.html#BouyssouMP06;4;2006
input_article.csv	634944	Missing journal article title	3494295;Kyungyong Lee|Li Li 0018;;;;;;;http://www.combinatorics.org/Volume_18/Abstracts/v18i1p158.html;(C|q,t;Electr. J. Comb.;journals/combinatorics/LeeL11;2013-06-06;;;1;;;;;;;2|n;;;;db/journals/combinatorics/combinatorics18.html#LeeL11;18;2011
input_article.csv	636281	Missing journal article title	3495632;Miko Elwenspoek;;;;;;;http://dx.doi.org/10.3390/mi1020034;Micromachines ;Micromachines;journals/micromachines/Elwenspoek10;2011-02-08;;;2;34-35;;;;;;;;;;db/journals/micromachines/micromachines1.html#Elwenspoek10;1;2010
input_article.csv	641096	Missing journal article title	3500447;Heinz-Dieter Ebbinghaus;;;;;;;http://dx.doi.org/10.1007/s001530050124;Preface;Arch. Math. Log.;journals/aml/Ebbinghaus99;2008-07-15;;;4-5;203;;;;;;;;;;db/journals/aml/aml38.html#Ebbinghaus99;38;1999
input_article.csv	641146	Missing journal article title	3500497;Margarita Otero|Ya'acov Peterzil;;;;;;;http://dx.doi.org/10.1007/s00153-009-0128-4;G;Arch. Math. Log.;journals/aml/OteroP09;2009-12-21;;;5;387-402;;;;;;;;;;db/journals/aml/aml48.html#OteroP09;48;2009
input_article.csv	641207	Missing journal article title	3500558;Jakub Gismatullin|Ludomir Newelski;;;;;;;http://dx.doi.org/10.1007/s00153-008-0092-4;G;Arch. Math. Log.;journals/aml/GismatullinN08;2008-11-26;;;5;479-501;;;;;;;;;;db/journals/aml/aml47.html#GismatullinN08;47;2008
input_article.csv	641212	Missing journal article title	3500563;Franco Montagna|Matteo Bianchi 0001;;;;;;;http://dx.doi.org/10.1007/s00153-010-0213-8;n;Arch. Math. Log.;journals/aml/BianchiM11;2013-07-01;;;3-4;257-285;;;;;;;;;;db/journals/aml/aml50.html#BianchiM11;50;2011
input_article.csv	641243	Missing journal article title	3500594;Alexey Ostrovsky;;;;;;;http://dx.doi.org/10.1007/s00153-011-0239-6;σ;Arch. Math. Log.;journals/aml/Ostrovsky11;2011-06-17;;;5-6;661-664;;;;;;;;;;db/journals/aml/aml50.html#Ostrovsky11;50;2011
input_article.csv	641313	Missing journal article title	3500664;Morteza Moniri;;;;;;;http://dx.doi.org/10.1007/s001530200008;H;Arch. Math. Log.;journals/aml/Moniri02;2008-07-14;;;1;101-105;;;;;;;;;;db/journals/aml/aml41.html#Moniri02;41;2002
input_article.csv	641334	Missing journal article title	3500685;Marcin Sabok;;;;;;;http://dx.doi.org/10.1007/s00153-009-0132-8;sigma;Arch. Math. Log.;journals/aml/Sabok09;2009-12-21;;;5;449-464;;;;;;;;;;db/journals/aml/aml48.html#Sabok09;48;2009
input_article.csv	643504	Missing journal article title	3502855;Andras Farago;;;;;;;http://doi.acm.org/10.1145/583973.583978;Broadband integrated networks;Mobile Computing and Communications Review;journals/sigmobile/Farago97;2012-10-28;;;1;5;;;;;;;;;;db/journals/sigmobile/sigmobile1.html#Farago97;1;1997
input_article.csv	643966	Missing journal article title	3503317;Grahame Bennett;;;;;;;http://dx.doi.org/10.4169/000298910X480801;p|ℓ;The American Mathematical Monthly;journals/tamm/Bennett10;2013-03-05;;;4;334-351;;;;;;p;;;;db/journals/tamm/tamm117.html#Bennett10;117;2010
input_article.csv	645479	Missing journal article title	3504830;Christian Klamler|Michael A. Jones|Steven J. Brams;;;;;;;http://dx.doi.org/10.4169/amer.math.monthly.120.01.035;N;The American Mathematical Monthly;journals/tamm/BramsJK13;2013-03-05;;;1;35-47;;;;;;;;;;db/journals/tamm/tamm120.html#BramsJK13;120;2013
input_article.csv	646152	Missing journal article title	3505503;Arun K. Pujari|D. Krishna Sandeep Reddy;;;;;;;http://dx.doi.org/10.1007/s11416-006-0027-8;N;Journal in Computer Virology;journals/virology/ReddyP06;2007-02-07;;;3;231-239;;;;;;;;;;db/journals/virology/virology2.html#ReddyP06;2;2006
input_article.csv	646667	Missing journal article title	3506018;Ioan Despi|Kankana Chakrabarty;;;;;;;http://dx.doi.org/10.1002/int.20195;k|n;Int. J. Intell. Syst.;journals/ijis/ChakrabartyD07;2007-11-26;;;2;223-236;;;;;;;;;;db/journals/ijis/ijis22.html#ChakrabartyD07;22;2007
input_article.csv	646836	Missing journal article title	3506187;Przemyslaw Grzegorzewski;;;;;;;http://dx.doi.org/10.1002/int.20345;k;Int. J. Intell. Syst.;journals/ijis/Grzegorzewski09;2009-05-07;;;5;529-539;;;;;;;;;;db/journals/ijis/ijis24.html#Grzegorzewski09;24;2009
input_article.csv	647328	Missing journal article title	3506679;Henk Jan Veldman;;;;;;;http://dx.doi.org/10.1007/BF01787817;D|λ;Graphs and Combinatorics;journals/gc/Veldman95;2012-04-29;;;4;379-388;;;;;;;;;;db/journals/gc/gc11.html#Veldman95;11;1995
input_article.csv	647561	Missing journal article title	3506912;Kazuhiko Ushio|Reiji Tsuruno;;;;;;;http://dx.doi.org/10.1007/BF01788695;P;Graphs and Combinatorics;journals/gc/UshioT89;2012-04-29;;;1;385-387;;;;;3;;;;;db/journals/gc/gc5.html#UshioT89;5;1989
input_article.csv	647745	Missing journal article title	3507096;Jorge Urrutia;;;;;;;http://dx.doi.org/10.1007/s00373-005-0611-6;In memoriam;Graphs and Combinatorics;journals/gc/Urrutia05;2006-11-24;;;3;289-291;;;;;;;;;;db/journals/gc/gc21.html#Urrutia05;21;2005
input_article.csv	648021	Missing journal article title	3507372;Hikoe Enomoto|Kazuhiko Ushio|Takashi Miyamoto;;;;;;;http://dx.doi.org/10.1007/BF01864159;C|k;Graphs and Combinatorics;journals/gc/EnomotoMU88;2012-04-29;;;1;111-113;;;;;;;;;;db/journals/gc/gc4.html#EnomotoMU88;4;1988
input_article.csv	648041	Missing journal article title	3507392;Charles Vanden Eynden|Darryn E. Bryant|Peter Adams|Saad El-Zanati;;;;;;;http://dx.doi.org/10.1007/BF01202232;K|K|d;Graphs and Combinatorics;journals/gc/AdamsBEE97;2012-04-29;;;1;1-7;;;;;m|n;;;;;db/journals/gc/gc13.html#AdamsBEE97;13;1997
input_article.csv	648336	Missing journal article title	3507687;Jennifer Seberry;;;;;;;http://dx.doi.org/10.1007/BF01788694;SBIBD|k|k|k|k|k|k;Graphs and Combinatorics;journals/gc/Seberry89;2012-04-29;;;1;373-383;;;;;;2|2|2|2;;;;db/journals/gc/gc5.html#Seberry89;5;1989
input_article.csv	648347	Missing journal article title	3507698;Giuseppe Mazzuoccolo|Gloria Rinaldi;;;;;;;http://dx.doi.org/10.1007/s00373-007-0734-z;k;Graphs and Combinatorics;journals/gc/MazzuoccoloR07;2010-10-29;;;3;315-326;;;;;;;;;;db/journals/gc/gc23.html#MazzuoccoloR07;23;2007
input_article.csv	648442	Missing journal article title	3507793;Zoltán Füredi;;;;;;;http://dx.doi.org/10.1007/BF01788079;t|t;Graphs and Combinatorics;journals/gc/Furedi86;2012-04-30;;;1;67-80;;;;;;;;;;db/journals/gc/gc2.html#Furedi86;2;1986
input_article.csv	648469	Missing journal article title	3507820;Atsuhiro Nakamoto|Raiji Mukae|Yoshiaki Oda|Yusuke Suzuki;;;;;;;http://dx.doi.org/10.1007/s00373-010-0931-z;K;Graphs and Combinatorics;journals/gc/MukaeNOS10;2010-10-29;;;4;559-570;;;;;6;;;;;db/journals/gc/gc26.html#MukaeNOS10;26;2010
input_article.csv	648714	Missing journal article title	3508065;Dennis Stanton;;;;;;;http://dx.doi.org/10.1007/BF01788103;t;Graphs and Combinatorics;journals/gc/Stanton86;2012-04-30;;;1;283-286;;;;;;;;;;db/journals/gc/gc2.html#Stanton86;2;1986
input_article.csv	648736	Missing journal article title	3508087;Claudia Malvenuto;;;;;;;http://dx.doi.org/10.1007/BF01195328;P;Graphs and Combinatorics;journals/gc/Malvenuto93;2012-04-29;;;1;63-73;;;;;;;;;;db/journals/gc/gc9.html#Malvenuto93;9;1993
input_article.csv	653365	Missing journal article title	3512716;Morteza Esmaeili|Morteza Hivadi;;;;;;;http://dx.doi.org/10.1007/s10623-007-9081-6;G;Des. Codes Cryptography;journals/dcc/EsmaeiliH07;2007-09-14;;;1;51-64;;;;;;;;;;db/journals/dcc/dcc45.html#EsmaeiliH07;45;2007
input_article.csv	653977	Missing journal article title	3513328;Cristina Fernández-Córdoba|Jaume Pujol|Mercè Villanueva;;;;;;;http://dx.doi.org/10.1007/s10623-009-9340-9;Z|Z;Des. Codes Cryptography;journals/dcc/Fernandez-CordobaPV10;2010-10-27;;;1;43-59;;;;;2|4;;;;;db/journals/dcc/dcc56.html#Fernandez-CordobaPV10;56;2010
input_article.csv	654286	Missing journal article title	3513637;Cristina Fernández-Córdoba|Jaume Pujol|Joaquim Borges|Josep Rifà|Mercè Villanueva;;;;;;;http://dx.doi.org/10.1007/s10623-009-9316-9;Z|Z;Des. Codes Cryptography;journals/dcc/BorgesFPRV10;2010-02-19;;;2;167-179;;;;;2|4;;;;;db/journals/dcc/dcc54.html#BorgesFPRV10;54;2010
input_article.csv	654378	Missing journal article title	3513729;Bikash Kumar Dey|Bikash Sundar Rajan;;;;;;;http://www.springerlink.com/index/10.1007/s10623-003-4196-x;F|q;Des. Codes Cryptography;journals/dcc/DeyR05;2005-03-17;;;1;89-116;;;;;q;m;;;;db/journals/dcc/dcc34.html#DeyR05;34;2005
input_article.csv	654779	Missing journal article title	3514130;Norman L. Johnson;;;;;;;http://dx.doi.org/10.1007/s10623-007-9141-y;mth;Des. Codes Cryptography;journals/dcc/Johnson08;2008-03-11;;;2;127-136;;;;;;;;;;db/journals/dcc/dcc46.html#Johnson08;46;2008
input_article.csv	655661	Missing journal article title	3515012;Dan Simon;;;;;;;http://dx.doi.org/10.1016/j.ijar.2005.04.002;H;Int. J. Approx. Reasoning;journals/ijar/Simon05;2005-12-01;;;3;224-242;;;;;infinity;;;;;db/journals/ijar/ijar40.html#Simon05;40;2005
input_article.csv	656451	Missing journal article title	3515802;Bin Jiang|Marcel Staroswiecki|Vincent Cocquempot;;;;;;;http://dx.doi.org/10.1080/00207720310001601037;H;Int. J. Systems Science;journals/ijsysc/JiangSC03;2012-06-22;;;5;365-373;;;;;;∞;;;;db/journals/ijsysc/ijsysc34.html#JiangSC03;34;2003
input_article.csv	656528	Missing journal article title	3515879;Biao Huang|Kwan Ho Lee;;;;;;;http://dx.doi.org/10.1080/00207720902953102;H;Int. J. Systems Science;journals/ijsysc/LeeH09;2010-11-08;;;7;685-693;;;;; INFINITY ;;;;;db/journals/ijsysc/ijsysc40.html#LeeH09;40;2009
input_article.csv	656606	Missing journal article title	3515957;Chunhai Hou|Furong Gao;;;;;;;http://dx.doi.org/10.1080/713866617;H|H‾;Int. J. Systems Science;journals/ijsysc/HouG01;2012-08-23;;;7;905-913;;;;;8|8;;;;;db/journals/ijsysc/ijsysc32.html#HouG01;32;2001
input_article.csv	656692	Missing journal article title	3516043;Peng Shi|Sing Kiong Nguang;;;;;;;http://dx.doi.org/10.1080/713866625;H;Int. J. Systems Science;journals/ijsysc/NguangS01;2012-08-23;;;7;889-898;;;;;8;;;;;db/journals/ijsysc/ijsysc32.html#NguangS01;32;2001
input_article.csv	656764	Missing journal article title	3516115;Yang Liu|Yingmin Jia;;;;;;;http://dx.doi.org/10.1080/00207721003768167;H;Int. J. Systems Science;journals/ijsysc/LiuJ12;2011-12-08;;;1;50-62;;;;;∞;;;;;db/journals/ijsysc/ijsysc43.html#LiuJ12;43;2012
input_article.csv	656771	Missing journal article title	3516122;Hai-Bin Shi|Li Qi;;;;;;;http://dx.doi.org/10.1080/00207720903216582;H|H;Int. J. Systems Science;journals/ijsysc/ShiQ10;2010-11-08;;;9;1067-1074;;;;; INFINITY |2;;;;;db/journals/ijsysc/ijsysc41.html#ShiQ10;41;2010
input_article.csv	656780	Missing journal article title	3516131;Daniel W. C. Ho|James Lam|Ligang Wu;;;;;;;http://dx.doi.org/10.1080/00207720902989312;H;Int. J. Systems Science;journals/ijsysc/WuHL09;2010-11-08;;;12;1241-1251;;;;; INFINITY ;;;;;db/journals/ijsysc/ijsysc40.html#WuHL09;40;2009
input_article.csv	656810	Missing journal article title	3516161;Fei Liu|Peng Shi|Yanyan Yin|Yong-Duan Song;;;;;;;http://dx.doi.org/10.1080/00207721.2012.684907;H;Int. J. Systems Science;journals/ijsysc/YinSLS13;2013-05-14;;;7;1301-1311;;;;;∞;;;;;db/journals/ijsysc/ijsysc44.html#YinSLS13;44;2013
input_article.csv	657046	Missing journal article title	3516397;Paulo J. de Oliveira|Pedro Luis Dias Peres|Ricardo C. L. F. Oliveira|Valter J. S. Leite|Vinicius Foletto Montagner;;;;;;;http://dx.doi.org/10.1080/00207720410001714842;;Int. J. Systems Science;journals/ijsysc/OliveiraOLMP04;2012-10-29;;;5;305-315;;;;;2;;;;;db/journals/ijsysc/ijsysc35.html#OliveiraOLMP04;35;2004
input_article.csv	657203	Missing journal article title	3516554;Gang Feng|Shaosheng Zhou;;;;;;;http://dx.doi.org/10.1080/00207720410001709451;H;Int. J. Systems Science;journals/ijsysc/ZhouF04;2012-06-21;;;4;223-231;;;;;∞;;;;;db/journals/ijsysc/ijsysc35.html#ZhouF04;35;2004
input_article.csv	657433	Missing journal article title	3516784;Chong Jiang|Min Cai|Qingling Zhang;;;;;;;http://dx.doi.org/10.1080/00207720903267858;H;Int. J. Systems Science;journals/ijsysc/JiangZC11;2011-03-28;;;6;959-966;;;;;∞;;;;;db/journals/ijsysc/ijsysc42.html#JiangZC11;42;2011
input_article.csv	657453	Missing journal article title	3516804;Gerasimos G. Rigatos|Spyros G. Tzafestas;;;;;;;http://dx.doi.org/10.1080/00207720701352738;H;Int. J. Systems Science;journals/ijsysc/RigatosT07;2008-02-03;;;6;459-472;;;;;alpha;;;;;db/journals/ijsysc/ijsysc38.html#RigatosT07;38;2007
input_article.csv	657717	Missing journal article title	3517068;Hugang Han;;;;;;;http://dx.doi.org/10.1080/00207721.2012.724094;H;Int. J. Systems Science;journals/ijsysc/Han14;2013-10-23;;;3;399-406;;;;;∞;;;;;db/journals/ijsysc/ijsysc45.html#Han14;45;2014
input_article.csv	657725	Missing journal article title	3517076;Hongjiu Yang|Li Li|Magdi S. Mahmoud|Yuanqing Xia;;;;;;;http://dx.doi.org/10.1080/00207721.2010.488762;H;Int. J. Systems Science;journals/ijsysc/XiaLMY12;2011-12-08;;;2;272-284;;;;;∞;;;;;db/journals/ijsysc/ijsysc43.html#XiaLMY12;43;2012
input_article.csv	657736	Missing journal article title	3517087;Hongye Su|Yong Gu|Zhengguang Wu|Zu-Xin Li;;;;;;;http://dx.doi.org/10.1080/00207721.2011.617892;H;Int. J. Systems Science;journals/ijsysc/LiSGW13;2013-02-15;;;4;604-614;;;;;∞;;;;;db/journals/ijsysc/ijsysc44.html#LiSGW13;44;2013
input_article.csv	657801	Missing journal article title	3517152;Guo-Ping Liu|Wei Wang 0036|Yong Wang;;;;;;;http://dx.doi.org/10.1080/00207721003646264;H;Int. J. Systems Science;journals/ijsysc/WangWL11;2011-12-15;;;10;1735-1745;;;;;∞;;;;;db/journals/ijsysc/ijsysc42.html#WangWL11;42;2011
input_article.csv	657814	Missing journal article title	3517165;Pedro L. D. Peres|R. H. C. Taicahashi|R. M. Palmares;;;;;;;http://dx.doi.org/10.1080/00207729708929377;H|H;Int. J. Systems Science;journals/ijsysc/PalmaresTP97;2008-02-05;;;2;183-188;;;;;2|infinity;;;;;db/journals/ijsysc/ijsysc28.html#PalmaresTP97;28;1997
input_article.csv	657909	Missing journal article title	3517260;Guang-Hong Yang|Wei-Wei Che;;;;;;;http://dx.doi.org/10.1080/00207721.2011.600473;H;Int. J. Systems Science;journals/ijsysc/CheY13;2012-11-30;;;2;265-274;;;;;∞;;;;;db/journals/ijsysc/ijsysc44.html#CheY13;44;2013
input_article.csv	657941	Missing journal article title	3517292;Guang-Hong Yang|Mouquan Shen;;;;;;;http://dx.doi.org/10.1080/00207721.2010.523799;H;Int. J. Systems Science;journals/ijsysc/ShenY12;2012-03-05;;;4;786-796;;;;;2;;;;;db/journals/ijsysc/ijsysc43.html#ShenY12;43;2012
input_article.csv	657979	Missing journal article title	3517330;Georgi M. Dimirovski|Jun Zhao|Xinquan Zhang;;;;;;;http://dx.doi.org/10.1080/00207721.2010.521597;L;Int. J. Systems Science;journals/ijsysc/ZhangZD12;2012-03-05;;;4;731-740;;;;;2;;;;;db/journals/ijsysc/ijsysc43.html#ZhangZD12;43;2012
input_article.csv	658101	Missing journal article title	3517452;Guang-Hong Yang|Xiang-Gui Guo;;;;;;;http://dx.doi.org/10.1080/00207721.2011.617898;H;Int. J. Systems Science;journals/ijsysc/GuoY13;2013-02-14;;;4;652-662;;;;;∞;;;;;db/journals/ijsysc/ijsysc44.html#GuoY13;44;2013
input_article.csv	658121	Missing journal article title	3517472;Toader Morozan|Vasile Dragan;;;;;;;http://dx.doi.org/10.1080/00207720902974629;H;Int. J. Systems Science;journals/ijsysc/DraganM09;2010-11-08;;;10;1029-1049;;;;;2;;;;;db/journals/ijsysc/ijsysc40.html#DraganM09;40;2009
input_article.csv	658185	Missing journal article title	3517536;C. W. Li|Daniel W. C. Ho|Yugang Niu;;;;;;;http://dx.doi.org/10.1080/00207721003706894;H;Int. J. Systems Science;journals/ijsysc/NiuHL11;2011-03-28;;;5;737-749;;;;;∞;;;;;db/journals/ijsysc/ijsysc42.html#NiuHL11;42;2011
input_article.csv	658192	Missing journal article title	3517543;Lixian Zhang|Peng Shi;;;;;;;http://dx.doi.org/10.1080/00207721003764158;H;Int. J. Systems Science;journals/ijsysc/ZhangS11;2011-03-28;;;5;781-788;;;;;∞;;;;;db/journals/ijsysc/ijsysc42.html#ZhangS11;42;2011
input_article.csv	658220	Missing journal article title	3517571;Jian Xiao|Weiming Xiang;;;;;;;http://dx.doi.org/10.1080/00207721.2010.488763;H;Int. J. Systems Science;journals/ijsysc/XiangX11;2011-03-28;;;5;751-765;;;;;∞;;;;;db/journals/ijsysc/ijsysc42.html#XiangX11;42;2011
input_article.csv	658258	Missing journal article title	3517609;Huiling Xu|Yun Zou;;;;;;;http://dx.doi.org/10.1080/00207720902974728;H;Int. J. Systems Science;journals/ijsysc/XuZ11;2011-02-27;;;4;609-619;;;;;∞;;;;;db/journals/ijsysc/ijsysc42.html#XuZ11;42;2011
input_article.csv	658370	Missing journal article title	3517721;Akira Ichikawa|Hitoshi Katayama|Jun Yoneyama|Masahiro Nishikawa;;;;;;;http://dx.doi.org/10.1080/00207720118672;H;Int. J. Systems Science;journals/ijsysc/YoneyamaNKI01;2012-08-23;;;7;915-924;;;;;8;;;;;db/journals/ijsysc/ijsysc32.html#YoneyamaNKI01;32;2001
input_article.csv	658430	Missing journal article title	3517781;Jitao Sun|Shengtao Pan|Shouwei Zhao;;;;;;;http://dx.doi.org/10.1080/00207720903220022;H;Int. J. Systems Science;journals/ijsysc/ZhaoSP10;2010-11-08;;;10;1221-1229;;;;; INFINITY ;;;;;db/journals/ijsysc/ijsysc41.html#ZhaoSP10;41;2010
input_article.csv	658434	Missing journal article title	3517785;Bing Chen|Qi Zhou|Shengyuan Xu|Yuming Chu;;;;;;;http://dx.doi.org/10.1080/00207720903513327;H;Int. J. Systems Science;journals/ijsysc/ZhouXCC11;2010-11-24;;;1;235-244;;;;; INFINITY ;;;;;db/journals/ijsysc/ijsysc42.html#ZhouXCC11;42;2011
input_article.csv	658762	Missing journal article title	3518113;Ben Liang|Zygmunt J. Haas;;;;;;;http://dx.doi.org/10.1109/90.769770;Ad Hoc;IEEE/ACM Trans. Netw.;journals/ton/HaasL99;2011-11-03;;;2;228-240;;;;;;;;;;db/journals/ton/ton7.html#HaasL99;7;1999
input_article.csv	658889	Missing journal article title	3518240;Hui Zhang 0001|Ion Stoica|Scott Shenker;;;;;;;http://dx.doi.org/10.1109/TNET.2002.808414;Core;IEEE/ACM Trans. Netw.;journals/ton/StoicaSZ03;2013-09-23;;;1;33-46;;;;;;;;;;db/journals/ton/ton11.html#StoicaSZ03;11;2003
input_article.csv	660745	Missing journal article title	3520096;Robin Burke;;;;;;;http://dx.doi.org/10.1080/10447318.2012.632301;Recommender Systems: An Introduction;Int. J. Hum. Comput. Interaction;journals/ijhci/Burke12;2012-01-23;;;1;72-73;;;;;;;;;;db/journals/ijhci/ijhci28.html#Burke12;28;2012
input_article.csv	662957	Missing journal article title	3522308;Jérôme Laforge|Marco Saerens|Silvia García-Díez;;;;;;;http://dx.doi.org/10.1109/TSMCB.2012.2207951;R;IEEE T. Cybernetics;journals/tcyb/Garcia-DiezLS13;2013-08-21;;;1;385-393;;;;;;;;;;db/journals/tcyb/tcyb43.html#Garcia-DiezLS13;43;2013
input_article.csv	664335	Missing journal article title	3523686;Y. W. Yang Woo Shin;;;;;;;http://dx.doi.org/10.1016/j.orl.2003.09.005;BMAP|G;Oper. Res. Lett.;journals/orl/Shin04;2006-04-21;;;4;364-373;;;;;;;;;;db/journals/orl/orl32.html#Shin04;32;2004
input_article.csv	664559	Missing journal article title	3523910;Anshul Gandhi|Mor Harchol-Balter;;;;;;;http://dx.doi.org/10.1016/j.orl.2013.03.006;G|M|k;Oper. Res. Lett.;journals/orl/GandhiH13;2013-06-03;;;4;317-320;;;;;;;;;;db/journals/orl/orl41.html#GandhiH13;41;2013
input_article.csv	674421	Missing journal article title	3533772;Akio Shio|Yasuhiro Aoki;;;;;;;"http://dx.doi.org/10.1002/(SICI)1520-684X(200006)31:6<10::AID-SCJ2>3.0.CO;2-Y";Sketch Plan;Systems and Computers in Japan;journals/scjapan/ShioA00;2003-03-25;;;6;10-18;;;;;;;;;;db/journals/scjapan/scjapan31.html#ShioA00;31;2000
input_article.csv	675426	Missing journal article title	3534777;Frank Allgöwer|Gregor Goebel|Ulrich Münz;;;;;;;http://dx.doi.org/10.1093/imamci/dnr006;ℒ;IMA J. Math. Control & Information;journals/imamci/GoebelMA11;2011-10-20;;;2;225-237;;;;;2;;;;;db/journals/imamci/imamci28.html#GoebelMA11;28;2011
input_article.csv	676360	Missing journal article title	3535711;Claire Jarvis;;;;;;;http://www.informaworld.com/smpp/content~db=all~content=a913688706~frm=abslink;Geographic Visualization: Concepts, Tools & Applications;International Journal of Geographical Information Science;journals/gis/Jarvis09;2010-09-21;;;6;821;;;;;;;;;;db/journals/gis/gis23.html#Jarvis09;23;2009
input_article.csv	676782	Missing journal article title	3536133;Francis Harvey;;;;;;;http://www.informaworld.com/smpp/content~db=all~content=a913405345~frm=abslink;The Handbook of Geographic Information Science;International Journal of Geographical Information Science;journals/gis/Harvey09;2010-09-21;;;5;683-684;;;;;;;;;;db/journals/gis/gis23.html#Harvey09;23;2009
input_article.csv	676829	Missing journal article title	3536180;Karen Anderson;;;;;;;http://www.informaworld.com/smpp/content~db=all~content=a913405032~frm=abslink;Advances in Photogrammetry, Remote Sensing and Spatial Information Sciences: 2008 ISPRS Congress Book;International Journal of Geographical Information Science;journals/gis/Anderson09;2010-09-21;;;5;685-686;;;;;;;;;;db/journals/gis/gis23.html#Anderson09;23;2009
input_article.csv	676877	Missing journal article title	3536228;Eliyahu Safra|Yaron Kanza|Yehoshua Sagiv|Yerach Doytsher;;;;;;;http://dx.doi.org/10.1080/13658816.2012.667104;Ad hoc;International Journal of Geographical Information Science;journals/gis/SafraKSD13;2013-05-08;;;1;114-153;;;;;;;;;;db/journals/gis/gis27.html#SafraKSD13;27;2013
input_article.csv	678223	Missing journal article title	3537574;Angelika Steger|Anusch Taraz|Hans Jürgen Prömel|Stefanie Gerke|Thomas Schickinger;;;;;;;http://dx.doi.org/10.1007/s00493-007-2010-5;K;Combinatorica;journals/combinatorica/GerkePSST07;2011-05-20;;;3;329-365;;;;;4;;;;;db/journals/combinatorica/combinatorica27.html#GerkePSST07;27;2007
input_article.csv	678386	Missing journal article title	3537737;Anna de Mier;;;;;;;http://dx.doi.org/10.1007/s00493-007-2297-2;k|k;Combinatorica;journals/combinatorica/Mier07;2011-05-20;;;6;699-720;;;;;;;;;;db/journals/combinatorica/combinatorica27.html#Mier07;27;2007
input_article.csv	679179	Missing journal article title	3538530;Philip Gersmehl;;;;;;;http://dx.doi.org/10.1111/j.1467-9671.2008.01099.x;GIS Applications in Agriculture (GIS Applications in Agriculture Series);T. GIS;journals/tgis/Gersmehl08;2009-09-14;;;2;285-286;;;;;;;;;;db/journals/tgis/tgis12.html#Gersmehl08;12;2008
input_article.csv	679253	Missing journal article title	3538604;Jacqueline Warren Mills;;;;;;;http://dx.doi.org/10.1111/j.1467-9671.2008.01122.x;Geospatial Analysis: A Comprehensive Guide to Principles, Techniques, and Software Tools, Second Edition;T. GIS;journals/tgis/Mills08a;2011-01-10;;;5;645-647;;;;;;;;;;db/journals/tgis/tgis12.html#Mills08a;12;2008
input_article.csv	679276	Missing journal article title	3538627;Anders Wästfelt;;;;;;;http://dx.doi.org/10.1111/j.1467-9671.2006.01028.x;Next Generation of Geospatial Information from Digital Image Analysis to Spatiotemporal Databases;T. GIS;journals/tgis/Wastfelt06;2009-09-16;;;5;773-775;;;;;;;;;;db/journals/tgis/tgis10.html#Wastfelt06;10;2006
input_article.csv	679295	Missing journal article title	3538646;Matthew McGranaghan;;;;;;;http://dx.doi.org/10.1111/j.1467-9671.2006.01008.x;Exploring the Urban Community: A GIS Approach;T. GIS;journals/tgis/McGranaghan06;2009-09-16;;;3;485-487;;;;;;;;;;db/journals/tgis/tgis10.html#McGranaghan06;10;2006
input_article.csv	679404	Missing journal article title	3538755;John Pickles;;;;;;;http://dx.doi.org/10.1111/j.1467-9671.2006.01027.x;Ground Truth;T. GIS;journals/tgis/Pickles06;2009-09-16;;;5;763-772;;;;;;;;;;db/journals/tgis/tgis10.html#Pickles06;10;2006
input_article.csv	679547	Missing journal article title	3538898;Henry Sirotin;;;;;;;http://dx.doi.org/10.1111/j.1467-9671.2008.01092.x;England on the Eve of the Black Death: An Atlas of Lay Lordship, Land and Wealth, 1300-49;T. GIS;journals/tgis/Sirotin08;2009-09-14;;;1;163-164;;;;;;;;;;db/journals/tgis/tgis12.html#Sirotin08;12;2008
input_article.csv	679660	Missing journal article title	3539011;Martin Tomko|Ross S. Purves;;;;;;;http://dx.doi.org/10.1111/j.1467-9671.2009.01165.x;Venice, City of Canals: ;T. GIS;journals/tgis/TomkoP09;2009-09-16;;;3;295-314;;;;;;;;;;db/journals/tgis/tgis13.html#TomkoP09;13;2009
input_article.csv	679678	Missing journal article title	3539029;Stephen C. Guptill;;;;;;;http://dx.doi.org/10.1111/j.1467-9671.2008.01091.x;Fundamentals of Spatial Data Quality;T. GIS;journals/tgis/Guptill08;2009-09-14;;;1;161-162;;;;;;;;;;db/journals/tgis/tgis12.html#Guptill08;12;2008
input_article.csv	679767	Missing journal article title	3539118;Jeremy L. Mennis;;;;;;;http://dx.doi.org/10.1111/j.1467-9671.2008.01123.x;Local Models for Spatial Analysis;T. GIS;journals/tgis/Mennis08;2009-09-14;;;5;647-649;;;;;;;;;;db/journals/tgis/tgis12.html#Mennis08;12;2008
input_article.csv	680681	Missing journal article title	3540032;Daniel Gooch;;;;;;;http://doi.acm.org/10.1145/2173637.2173641;XRDS;ACM Crossroads;journals/crossroads/Gooch12a;2012-06-04;;;4;6;;;;;;;;;;db/journals/crossroads/crossroads18.html#Gooch12a;18;2012
input_article.csv	680711	Missing journal article title	3540062;Inbal Talgam-Cohen|Peter Kinnaird;;;;;;;http://doi.acm.org/10.1145/2173637.2173638;XRDS;ACM Crossroads;journals/crossroads/KinnairdT12;2012-06-04;;;4;3;;;;;;;;;;db/journals/crossroads/crossroads18.html#KinnairdT12;18;2012
input_article.csv	680958	Missing journal article title	3540309;Debarka Sengupta;;;;;;;http://doi.acm.org/10.1145/2517253;XRDS;ACM Crossroads;journals/crossroads/Sengupta13;2013-11-08;;;1;10;;;;;;;;;;db/journals/crossroads/crossroads20.html#Sengupta13;20;2013
input_article.csv	681238	Missing journal article title	3540589;Alessandro Campi|Daniele Braga|Stefano Ceri;;;;;;;http://doi.acm.org/10.1145/1071610.1071613;B|E|XQ|XQBE;ACM Trans. Database Syst.;journals/tods/BragaCC05;2006-02-09;;;2;398-443;;;;;;;;;;db/journals/tods/tods30.html#BragaCC05;30;2005
input_article.csv	681551	Missing journal article title	3540902;Chongling Nie|Jens Teubner|Louis Woods;;;;;;;http://doi.acm.org/10.1145/2536800;XLynx;ACM Trans. Database Syst.;journals/tods/TeubnerWN13;2013-12-12;;;4;23;;;;;;;;;;db/journals/tods/tods38.html#TeubnerWN13;38;2013
input_article.csv	682437	Missing journal article title	3541788;Alex M. Andrew;;;;;;;http://journals.cambridge.org/action/displayAbstract?aid=34641;Mobile Robotics: A Practical Introduction (Applied Computing Series), ;Robotica;journals/robotica/Andrew00b;2012-03-26;;;2;219-223;;;;;;;;;;db/journals/robotica/robotica18.html#Andrew00b;18;2000
input_article.csv	682475	Missing journal article title	3541826;B. H. Rudall;;;;;;;http://journals.cambridge.org/action/displayAbstract?aid=34647;Conference Proceedings of the 11th International Congress of Cybernetics and Systems, ;Robotica;journals/robotica/Rudall00c;2012-03-26;;;2;219-223;;;;;;;;;;db/journals/robotica/robotica18.html#Rudall00c;18;2000
input_article.csv	682580	Missing journal article title	3541931;Alex M. Andrew;;;;;;;http://journals.cambridge.org/action/displayAbstract?aid=34621;Statistical Pattern Recognition, ;Robotica;journals/robotica/Andrew00c;2012-03-26;;;2;219-223;;;;;;;;;;db/journals/robotica/robotica18.html#Andrew00c;18;2000
input_article.csv	682629	Missing journal article title	3541980;Alex M. Andrew;;;;;;;http://dx.doi.org/10.1017/S0263574700232992;Practical Algorithms for Image Analysis: Description, Examples, and Code;Robotica;journals/robotica/Andrew01;2012-03-26;;;1;109-111;;;;;;;;;;db/journals/robotica/robotica19.html#Andrew01;19;2001
input_article.csv	682674	Missing journal article title	3542025;Alex M. Andrew;;;;;;;http://journals.cambridge.org/action/displayAbstract?aid=34631;Soft Computing in Mechatronics, ;Robotica;journals/robotica/Andrew00d;2012-03-26;;;2;219-223;;;;;;;;;;db/journals/robotica/robotica18.html#Andrew00d;18;2000
input_article.csv	683094	Missing journal article title	3542445;Alex M. Andrew;;;;;;;http://dx.doi.org/10.1017/S0263574700222996;The Robot in the Garden: Telerobotics and Telepistemology in the Age of the Internet;Robotica;journals/robotica/Andrew01a;2012-03-26;;;1;109-111;;;;;;;;;;db/journals/robotica/robotica19.html#Andrew01a;19;2001
input_article.csv	683264	Missing journal article title	3542615;C. J. Harwood;;;;;;;http://journals.cambridge.org/action/displayAbstract?aid=34653;Tasks and Methods in Applied Artificial Intelligence: LNAI 1416, Subseries of LNCS, ;Robotica;journals/robotica/Harwood00a;2012-03-26;;;2;219-223;;;;;;;;;;db/journals/robotica/robotica18.html#Harwood00a;18;2000
input_article.csv	683402	Missing journal article title	3542753;Alex M. Andrew;;;;;;;http://dx.doi.org/10.1017/S026357470021299X;Frontiers of Combining Systems 2;Robotica;journals/robotica/Andrew01b;2012-03-26;;;1;109-111;;;;;;;;;;db/journals/robotica/robotica19.html#Andrew01b;19;2001
input_article.csv	683492	Missing journal article title	3542843;Alex M. Andrew;;;;;;;http://journals.cambridge.org/action/displayAbstract?aid=34611;Human Factors in Multi-Crew Flight Operations, ;Robotica;journals/robotica/Andrew00e;2012-03-26;;;2;219-223;;;;;;;;;;db/journals/robotica/robotica18.html#Andrew00e;18;2000
input_article.csv	684315	Missing journal article title	3543666;Alain J. Mayer|Avishai Wool|Kobbi Nissim|Yair Bartal;;;;;;;http://doi.acm.org/10.1145/1035582.1035583;Firmato;ACM Trans. Comput. Syst.;journals/tocs/BartalMNW04;2006-02-09;;;4;381-420;;;;;;;;;;db/journals/tocs/tocs22.html#BartalMNW04;22;2004
input_article.csv	697842	Missing journal article title	3557193;Kazuyuki Amano;;;;;;;http://springerlink.metapress.com/content/m70697522p007582/;k;Computational Complexity;journals/cc/Amano10;2010-07-06;;;2;183-210;;;;;;0;;;;db/journals/cc/cc19.html#Amano10;19;2010
input_article.csv	706995	Missing journal article title	3566346;Raymond Hemmecke|Robert Weismantel|Shmuel Onn;;;;;;;http://dx.doi.org/10.1007/s11590-010-0231-9;N;Optimization Letters;journals/ol/HemmeckeOW11;2011-01-26;;;1;13-25;;;;;;;;;;db/journals/ol/ol5.html#HemmeckeOW11;5;2011
input_article.csv	707907	Missing journal article title	3567258;Ahmed Abousamra|Alex K. Jones|Rami G. Melhem;;;;;;;http://doi.acm.org/10.1145/2500752;Ordering;ACM Trans. Design Autom. Electr. Syst.;journals/todaes/AbousamraJM13;2013-12-13;;;4;49;;;;;;;;;;db/journals/todaes/todaes18.html#AbousamraJM13;18;2013
input_article.csv	707912	Missing journal article title	3567263;Chun-An Chen|Sun-Yuan Hsieh;;;;;;;http://doi.acm.org/10.1145/2442087.2442091;t/t;ACM Trans. Design Autom. Electr. Syst.;journals/todaes/ChenH13;2013-04-26;;;2;20;;;;;;;;;;db/journals/todaes/todaes18.html#ChenH13;18;2013
input_article.csv	708012	Missing journal article title	3567363;Jacques Patarin|Paul Camion;;;;;;;http://dx.doi.org/10.1007/s00200-008-0061-5;t;Appl. Algebra Eng. Commun. Comput.;journals/aaecc/CamionP08;2008-05-26;;;2;99-133;;;;;;;;;;db/journals/aaecc/aaecc19.html#CamionP08;19;2008
input_article.csv	709016	Missing journal article title	3568367;Eraldo R. Fernandes|Raúl P. Rentería|Ruy Luiz Milidiú;;;;;;;http://dx.doi.org/10.1007/s13173-010-0018-y;RelHunter;J. Braz. Comp. Soc.;journals/jbcs/FernandesMR10;2010-08-30;;;3;191-199;;;;;;;;;;db/journals/jbcs/jbcs16.html#FernandesMR10;16;2010
input_article.csv	709391	Missing journal article title	3568742;Ruth Atkins;;;;;;;http://dx.doi.org/10.1093/ijlit/12.2.157;Co-op Group v ICL;I. J. Law and Information Technology;journals/ijlit/Atkins04;2012-05-16;;;2;157-167;;;;;;;;;;db/journals/ijlit/ijlit12.html#Atkins04;12;2004
input_article.csv	709397	Missing journal article title	3568748;Kim Barker;;;;;;;http://dx.doi.org/10.1093/ijlit/eas010;Cyber Criminals on Trial;I. J. Law and Information Technology;journals/ijlit/Barker12;2012-10-18;;;3;242-245;;;;;;;;;;db/journals/ijlit/ijlit20.html#Barker12;20;2012
input_article.csv	709405	Missing journal article title	3568756;Julia Hörnle;;;;;;;http://dx.doi.org/10.1093/ijlit/eas008;Making Laws for Cyberspace;I. J. Law and Information Technology;journals/ijlit/Hornle12;2012-11-29;;;4;370-382;;;;;;;;;;db/journals/ijlit/ijlit20.html#Hornle12;20;2012
input_article.csv	709409	Missing journal article title	3568760;Bela Chatterjee;;;;;;;http://dx.doi.org/10.1093/ijlit/eas011;Child Pornography: Law and Policy;I. J. Law and Information Technology;journals/ijlit/Chatterjee12;2012-10-18;;;3;245-248;;;;;;;;;;db/journals/ijlit/ijlit20.html#Chatterjee12;20;2012
input_article.csv	709425	Missing journal article title	3568776;Jeffrey C. J. Lee;;;;;;;http://dx.doi.org/10.1093/ijlit/eal020;- Casting the scope of copyright infringement even wider|The ongoing design duty in;I. J. Law and Information Technology;journals/ijlit/Lee07;2010-03-04;;;3;275-298;;;;;;;;;;db/journals/ijlit/ijlit15.html#Lee07;15;2007
input_article.csv	709447	Missing journal article title	3568798;Martina Gillen;;;;;;;http://dx.doi.org/10.1093/ijlit/eat006;Coding Freedom: The Ethics and Aesthetics of Hacking;I. J. Law and Information Technology;journals/ijlit/Gillen13;2013-05-23;;;2;235-237;;;;;;;;;;db/journals/ijlit/ijlit21.html#Gillen13;21;2013
input_article.csv	709481	Missing journal article title	3568832;Akira Saito;;;;;;;http://dx.doi.org/10.1093/ijlit/eal006;Sorting Out Deregulation: Protecting Free Speech and Internet Access in The United States, Germany, and Japan;I. J. Law and Information Technology;journals/ijlit/Saito06;2012-05-16;;;2;254-255;;;;;;;;;;db/journals/ijlit/ijlit14.html#Saito06;14;2006
input_article.csv	709482	Missing journal article title	3568833;Laise Da Correggio Luciano;;;;;;;http://dx.doi.org/10.1093/ijlit/eas022;EU Competition Law and the Information and Communication Technology Network Industries;I. J. Law and Information Technology;journals/ijlit/Luciano13;2013-03-07;;;1;105-108;;;;;;;;;;db/journals/ijlit/ijlit21.html#Luciano13;21;2013
input_article.csv	709508	Missing journal article title	3568859;Joseph Savirimuthu;;;;;;;http://dx.doi.org/10.1093/ijlit/eas009;Complex Copyright: Mapping the Information Ecosystem;I. J. Law and Information Technology;journals/ijlit/Savirimuthu12;2012-11-29;;;4;382-384;;;;;;;;;;db/journals/ijlit/ijlit20.html#Savirimuthu12;20;2012
input_article.csv	709513	Missing journal article title	3568864;John Huntley;;;;;;;http://dx.doi.org/10.1093/ijlit/eal001;Electronic Signatures, Law and Regulation;I. J. Law and Information Technology;journals/ijlit/Huntley07;2010-03-04;;;2;227-229;;;;;;;;;;db/journals/ijlit/ijlit15.html#Huntley07;15;2007
input_article.csv	709520	Missing journal article title	3568871;Amy L. Landers;;;;;;;http://dx.doi.org/10.1093/ijlit/eal002;Technology Law - What Every Business (and Business-Minded Person) Needs to Know;I. J. Law and Information Technology;journals/ijlit/Landers07;2010-03-04;;;2;229-231;;;;;;;;;;db/journals/ijlit/ijlit15.html#Landers07;15;2007
input_article.csv	709546	Missing journal article title	3568897;Denis N. Magnusson;;;;;;;http://dx.doi.org/10.1093/ijlit/eal005;Trademarks in the Digital Age;I. J. Law and Information Technology;journals/ijlit/Magnusson07;2010-03-04;;;2;226-227;;;;;;;;;;db/journals/ijlit/ijlit15.html#Magnusson07;15;2007
input_article.csv	711660	Missing journal article title	3571011;Hong Qin|Jing Hua|Ye Duan;;;;;;;http://dx.doi.org/10.1002/cav.21;HapticFlow;Journal of Visualization and Computer Animation;journals/jvca/DuanHQ04;2005-06-13;;;3-4;193-200;;;;;;;;;;db/journals/jvca/jvca15.html#DuanHQ04;15;2004
input_article.csv	711924	Missing journal article title	3571275;Shang-Ping Ting|Suiping Zhou;;;;;;;http://dx.doi.org/10.1002/cav.196;Quartz;Journal of Visualization and Computer Animation;journals/jvca/TingZ07;2007-12-03;;;4-5;383-394;;;;;;;;;;db/journals/jvca/jvca18.html#TingZ07;18;2007
input_article.csv	712801	Missing journal article title	3572152;Alan Gilchrist|Antoine Isaac|Judi Vernau|Marcia Lei Zeng|Patrick Lambe|Stella Dextre Clarke;;;;;;;http://dx.doi.org/10.1177/0165551513480310;Logic and the Organization of Information;J. Information Science;journals/jis/GilchristZCILV13;2013-11-06;;;5;708-716;;;;;;;;;;db/journals/jis/jis39.html#GilchristZCILV13;39;2013
input_article.csv	713500	Missing journal article title	3572851;Nimmi Rangaswamy|Nithya Sambasivan;;;;;;;http://dx.doi.org/10.1007/s00779-010-0349-x;Cutting Chai, Jugaad, and Here Pheri;Personal and Ubiquitous Computing;journals/puc/RangaswamyS11;2011-08-10;;;6;553-564;;;;;;;;;;db/journals/puc/puc15.html#RangaswamyS11;15;2011
input_article.csv	714899	Missing journal article title	3574250;Nabih N. Abdelmalek;;;;;;;http://doi.acm.org/10.1145/355887.355894;L;ACM Trans. Math. Softw.;journals/toms/Abdelmalek80;2003-11-27;;;2;220-227;;;;;1;;;;;db/journals/toms/toms6.html#Abdelmalek80;6;1980
input_article.csv	716084	Missing journal article title	3575435;Sebastian Horn;;;;;;;http://dx.doi.org/10.1026/1617-6383.19.3.126;Facebook;Zeitschrift für Medienpsychologie;journals/zmp/Horn07;2011-05-03;;;3;126-129;;;;;;;;;;db/journals/zmp/zmp19.html#Horn07;19;2007
input_article.csv	716967	Missing journal article title	3576318;Camillo Fiorentini|Guido Fiorino|Mauro Ferrari;;;;;;;http://dx.doi.org/10.1007/s10817-009-9160-7;BC|D|L;J. Autom. Reasoning;journals/jar/FerrariFF10;2010-10-06;;;4;371-399;;;;;;;;;;db/journals/jar/jar44.html#FerrariFF10;44;2010
input_article.csv	723716	Missing journal article title	3583067;Kaushik Mukherjee|Srinivasan Natesan;;;;;;;http://dx.doi.org/10.1007/s11075-011-9449-6;ε;Numerical Algorithms;journals/na/MukherjeeN11;2011-09-02;;;1;103-141;;;;;;;;;;db/journals/na/na58.html#MukherjeeN11;58;2011
input_article.csv	724058	Missing journal article title	3583409;Ljiljana Cvetkovic;;;;;;;http://dx.doi.org/10.1007/s11075-006-9029-3;H;Numerical Algorithms;journals/na/Cvetkovic06;2012-04-27;;;3-4;229-245;;;;;;;;;;db/journals/na/na42.html#Cvetkovic06;42;2006
input_article.csv	724181	Missing journal article title	3583532;A. Mazroui|Ahmed Tijini|Driss Sbibih;;;;;;;http://dx.doi.org/10.1023/A:1026102126842;B|C|k;Numerical Algorithms;journals/na/MazrouiST03;2012-05-02;;;1;67-84;;;;;;;;;;db/journals/na/na34.html#MazrouiST03;34;2003
input_article.csv	724391	Missing journal article title	3583742;A. T. Hill;;;;;;;http://dx.doi.org/10.1007/s11075-009-9299-7;G;Numerical Algorithms;journals/na/Hill10;2010-12-01;;;2-3;281-292;;;;;;;;;;db/journals/na/na53.html#Hill10;53;2010
input_article.csv	726559	Missing journal article title	3585912;Barbara M. Bakker|Hans V. Westerhoff|José A. L. Kiewiet|Karen van Eunen;;;;;;;http://dx.doi.org/10.1371/journal.pcbi.1002483;In Vitro|In Vivo|Testing Biochemistry;PLoS Computational Biology;journals/ploscb/EunenKWB12;2012-05-08;;;4;;;;;;;;;;;db/journals/ploscb/ploscb8.html#EunenKWB12;8;2012
input_article.csv	726760	Missing journal article title	3586113;Christophe Godin|Jan Traas|Jérôme Chopard|Marianne Schaedel|Mikael Lucas|Szymon Stoma;;;;;;;http://dx.doi.org/10.1371/journal.pcbi.1000207;Flux-Based;PLoS Computational Biology;journals/ploscb/StomaLCSTG08;2012-03-07;;;10;;;;;;;;;;;db/journals/ploscb/ploscb4.html#StomaLCSTG08;4;2008
input_article.csv	726869	Missing journal article title	3586222;Michael B. Eisen|Philip E. Bourne|Steven E. Brenner;;;;;;;http://dx.doi.org/10.1371/journal.pcbi.0010004;PLoS Computational Biology: ;PLoS Computational Biology;journals/ploscb/BourneBE05;2012-03-08;;;1;;;;;;;;;;;db/journals/ploscb/ploscb1.html#BourneBE05;1;2005
input_article.csv	726929	Missing journal article title	3586282;Noa Sela|Pedro Madrigal|Simon M. Lin;;;;;;;http://dx.doi.org/10.1371/journal.pcbi.1002259;PLoS Computational Biology;PLoS Computational Biology;journals/ploscb/MadrigalSL11;2012-03-05;;;11;;;;;;;;;;;db/journals/ploscb/ploscb7.html#MadrigalSL11;7;2011
input_article.csv	727391	Missing journal article title	3586744;Anders Gorm Pedersen|Daniel A. Hansen|Thomas Lavstsen|Thomas S. Rask|Thor G. Theander;;;;;;;http://dx.doi.org/10.1371/journal.pcbi.1000933;Plasmodium falciparum;PLoS Computational Biology;journals/ploscb/RaskHTPL10;2012-03-06;;;9;;;;;;;;;;;db/journals/ploscb/ploscb6.html#RaskHTPL10;6;2010
input_article.csv	727500	Missing journal article title	3586853;Jianping Fu|Rong Fan|Weiqiang Chen|Yao Lu|Yu Wu;;;;;;;http://dx.doi.org/10.1371/journal.pcbi.1002355;In silico;PLoS Computational Biology;journals/ploscb/WuLCFF12;2012-03-05;;;2;;;;;;;;;;;db/journals/ploscb/ploscb8.html#WuLCFF12;8;2012
input_article.csv	727524	Missing journal article title	3586877;Christoph Kaleta|Luis F. de Figueiredo|Michael Ristow|Reinhard Guthke|Sarah Werner|Stefan Schuster;;;;;;;http://dx.doi.org/10.1371/journal.pcbi.1002116;In Silico;PLoS Computational Biology;journals/ploscb/KaletaFWGRS11;2012-03-05;;;7;;;;;;;;;;;db/journals/ploscb/ploscb7.html#KaletaFWGRS11;7;2011
input_article.csv	727762	Missing journal article title	3587115;Dong Long|Rafael Brüschweiler;;;;;;;http://dx.doi.org/10.1371/journal.pcbi.1002035;In Silico;PLoS Computational Biology;journals/ploscb/LongB11;2012-03-05;;;4;;;;;;;;;;;db/journals/ploscb/ploscb7.html#LongB11;7;2011
input_article.csv	727800	Missing journal article title	3587153;Matthew W. Lux|Philip E. Bourne|Ruchira S. Datta;;;;;;;http://dx.doi.org/10.1371/journal.pcbi.1000746;PLoS Computational Biology;PLoS Computational Biology;journals/ploscb/DattaLB10;2012-03-06;;;4;;;;;;;;;;;db/journals/ploscb/ploscb6.html#DattaLB10;6;2010
input_article.csv	727974	Missing journal article title	3587327;Eddo Kim|Gil Ast|Nir Kfir|Nurit Gal-Mark|Ram Oren|Schraga Schwartz;;;;;;;http://dx.doi.org/10.1371/journal.pcbi.1000300;Alu;PLoS Computational Biology;journals/ploscb/SchwartzGKOKA09;2012-03-06;;;3;;;;;;;;;;;db/journals/ploscb/ploscb5.html#SchwartzGKOKA09;5;2009
input_article.csv	728197	Missing journal article title	3587550;Awdhesh Kalia|Daiva Dailidiene|Douglas E. Berg|Geidrius Dailide|Hae-Kyung Lee|J. Christian Perez|Kalyani Putty|Masako Ogura|Ousman Secka|Peer R. E. Mittl|Shumin Tan|Yoshiyuki Ito;;;;;;;http://dx.doi.org/10.1371/journal.pcbi.0030151;Helicobacter pylori;PLoS Computational Biology;journals/ploscb/OguraPMLDTISDPBK07;2012-03-07;;;8;;;;;;;;;;;db/journals/ploscb/ploscb3.html#OguraPMLDTISDPBK07;3;2007
input_article.csv	728487	Missing journal article title	3587840;Alex Perálvarez-Marín|Astrid Gräslund|Jean-Didier Maréchal|Jinghui Luo|Sebastian Wärmländer;;;;;;;http://dx.doi.org/10.1371/journal.pcbi.1000663;In Silico|β;PLoS Computational Biology;journals/ploscb/LuoMWGP10;2012-03-06;;;2;;;;;;;;;;;db/journals/ploscb/ploscb6.html#LuoMWGP10;6;2010
input_article.csv	728598	Missing journal article title	3587951;Adam D. Schneider|Kathleen Cullen|Maurice J. Chacron;;;;;;;http://dx.doi.org/10.1371/journal.pcbi.1002120;In vivo;PLoS Computational Biology;journals/ploscb/SchneiderCC11;2012-03-05;;;7;;;;;;;;;;;db/journals/ploscb/ploscb7.html#SchneiderCC11;7;2011
input_article.csv	728659	Missing journal article title	3588012;A. Murat Eren;;;;;;;http://dx.doi.org/10.1371/journal.pcbi.1002019;PLoS Computational Biology;PLoS Computational Biology;journals/ploscb/Eren11;2012-03-05;;;3;;;;;;;;;;;db/journals/ploscb/ploscb7.html#Eren11;7;2011
input_article.csv	728698	Missing journal article title	3588051;Guilhem Chalancon|Hatice U. Osmanbeyoglu|Mickey Kosloff|Saras Saraswathi;;;;;;;http://dx.doi.org/10.1371/journal.pcbi.1002000;PLoS Computational Biology;PLoS Computational Biology;journals/ploscb/ChalanconKOS10;2012-03-06;;;11;;;;;;;;;;;db/journals/ploscb/ploscb6.html#ChalanconKOS10;6;2010
input_article.csv	729325	Missing journal article title	3588691;Minos N. Garofalakis|Rajeev Rastogi|Shivnath Babu;;;;;;;http://doi.acm.org/10.1145/568574.568578;SPARTAN;SIGKDD Explorations;journals/sigkdd/BabuGR02;2003-05-23;;;1;11-20;;;;;;;;;;db/journals/sigkdd/sigkdd4.html#BabuGR02;4;2002
input_article.csv	731035	Missing journal article title	3590401;Chung-Liang Chang|Ho-Nien Shou;;;;;;;http://dx.doi.org/10.3390/a5010056;Application of Genetic Control with Adaptive Scaling Scheme to ;Algorithms;journals/algorithms/ChangS12;2012-03-08;;;1;56-75;;;;;;;;;;db/journals/algorithms/algorithms5.html#ChangS12;5;2012
input_article.csv	731107	Missing journal article title	3590473;John E. Lavery|Qingwei Jin|Shu-Cherng Fang|Ye Tian;;;;;;;http://dx.doi.org/10.3390/a6010012;ℓ|ℓ;Algorithms;journals/algorithms/TianJLF13;2013-01-23;;;1;12-28;;;;;;1|1;;;;db/journals/algorithms/algorithms6.html#TianJLF13;6;2013
input_article.csv	733867	Missing journal article title	3593233;Hoang Tien Long|Le Quan Ha|Le Trong Ngoc|Nguyen Huu Tinh|Nguyen Ngoc Tham|Tran Thi Thu Van;;;;;;;http://www.aclclp.org.tw/clclp/v15n2/v15n2a2.pdf;A Posteriori;IJCLCLP;journals/ijclclp/HaVLTTN10;2013-03-19;;;2;;;;;;;;;;;db/journals/ijclclp/ijclclp15.html#HaVLTTN10;15;2010
input_article.csv	734204	Missing journal article title	3593570;Jun-ya Gotoh|Yuichi Takano;;;;;;;http://dx.doi.org/10.1007/s10589-008-9178-5;α;Comp. Opt. and Appl.;journals/coap/TakanoG10;2012-09-09;;;1;113-133;;;;;;;;;;db/journals/coap/coap46.html#TakanoG10;46;2010
input_article.csv	735191	Missing journal article title	3594557;John N. Lygouras|Kostas N. Tarchanidis|Theodore P. Pachidis;;;;;;;http://dx.doi.org/10.1007/s10846-007-9193-2;HumanPT;Journal of Intelligent and Robotic Systems;journals/jirs/PachidisLT08;2011-03-02;;;4;385-420;;;;;;;;;;db/journals/jirs/jirs51.html#PachidisLT08;51;2008
input_article.csv	738965	Missing journal article title	3598331;Lihua Xie|Yeng Chai Soh|Zhiqiang Tan;;;;;;;http://dx.doi.org/10.1016/S0165-1684(98)00229-1;H;Signal Processing;journals/sigpro/TanSX99;2011-12-30;;;2;141-149;;;;;2;;;;;db/journals/sigpro/sigpro75.html#TanSX99;75;1999
input_article.csv	741785	Missing journal article title	3601151;Jianguo Jiang|Shijie Hao|Shu Zhan|Yanrong Guo;;;;;;;http://dx.doi.org/10.1016/j.sigpro.2012.04.011;Isometry|ε;Signal Processing;journals/sigpro/HaoJGZ13;2013-06-04;;;8;2293-2304;;;;;;;;;;db/journals/sigpro/sigpro93.html#HaoJGZ13;93;2013
input_article.csv	741913	Missing journal article title	3601279;Abdel-Ouahab Boudraa|Jean-Christophe Cexus|Thierry Chonavel;;;;;;;http://dx.doi.org/10.1016/j.sigpro.2013.05.022;Ψ;Signal Processing;journals/sigpro/BoudraaCC14;2013-08-22;;;;236-240;;;;;;;;;B;db/journals/sigpro/sigpro94.html#BoudraaCC14;94;2014
input_article.csv	742188	Missing journal article title	3601554;Jose Tuxpan|Stewart René Santos Arce|Yuriy V. Shkvarko;;;;;;;http://dx.doi.org/10.1016/j.sigpro.2013.03.024;ℓ|ℓ;Signal Processing;journals/sigpro/ShkvarkoTA13;2013-09-26;;;12;3553-3566;;;;;1|2;;;;;db/journals/sigpro/sigpro93.html#ShkvarkoTA13;93;2013
input_article.csv	743308	Missing journal article title	3602674;;;;;;;;http://dx.doi.org/10.1089/cyber.2012.1547;CyberSightings;Cyberpsy., Behavior, and Soc. Networking;journals/cbsn/X12b;2012-12-13;;;5;281-282;;;;;;;;;;db/journals/cbsn/cbsn15.html#X12b;15;2012
input_article.csv	743344	Missing journal article title	3602710;Andrea Gaggioli|Giuseppe Riva;;;;;;;http://dx.doi.org/10.1089/cpb.2008.9997;CyberEurope;Cyberpsy., Behavior, and Soc. Networking;journals/cbsn/GaggioliR09;2012-12-14;;;1;119-120;;;;;;;;;;db/journals/cbsn/cbsn12.html#GaggioliR09;12;2009
input_article.csv	743747	Missing journal article title	3603113;Michael Fiedler;;;;;;;http://dx.doi.org/10.1089/cyber.2011.1518;Infinite Reality: ;Cyberpsy., Behavior, and Soc. Networking;journals/cbsn/Fiedler12;2012-12-13;;;1;61-62;;;;;;;;;;db/journals/cbsn/cbsn15.html#Fiedler12;15;2012
input_article.csv	744056	Missing journal article title	3603422;Giuseppe Riva;;;;;;;http://dx.doi.org/10.1089/cyber.2011.1539;CyberEurope;Cyberpsy., Behavior, and Soc. Networking;journals/cbsn/Riva12b;2012-12-13;;;4;233-234;;;;;;;;;;db/journals/cbsn/cbsn15.html#Riva12b;15;2012
input_article.csv	744288	Missing journal article title	3603654;Skip Rizzo;;;;;;;http://dx.doi.org/10.1089/cpb.2008.9998;CyberSightings;Cyberpsy., Behavior, and Soc. Networking;journals/cbsn/Rizzo09;2012-12-14;;;1;113-118;;;;;;;;;;db/journals/cbsn/cbsn12.html#Rizzo09;12;2009
input_article.csv	744308	Missing journal article title	3603674;Raquel Delevi|Robert S. Weisskirch;;;;;;;http://dx.doi.org/10.1089/cyber.2012.0169;Its ovr b/n u n me;Cyberpsy., Behavior, and Soc. Networking;journals/cbsn/WeisskirchD12;2012-12-13;;;9;486-490;;;;;;;;;;db/journals/cbsn/cbsn15.html#WeisskirchD12;15;2012
input_article.csv	744335	Missing journal article title	3603701;Brenda K. Wiederhold;;;;;;;http://dx.doi.org/10.1089/cyber.2010.1505;Cyberpsychology, Behavior, and Social Networking;Cyberpsy., Behavior, and Soc. Networking;journals/cbsn/Wiederhold10e;2012-12-13;;;6;599-600;;;;;;;;;;db/journals/cbsn/cbsn13.html#Wiederhold10e;13;2010
input_article.csv	744427	Missing journal article title	3603793;Andrea Gaggioli;;;;;;;http://dx.doi.org/10.1089/cyber.2011.1509;CyberSightings;Cyberpsy., Behavior, and Soc. Networking;journals/cbsn/Gaggioli11a;2012-12-13;;;3;175-177;;;;;;;;;;db/journals/cbsn/cbsn14.html#Gaggioli11a;14;2011
input_article.csv	744456	Missing journal article title	3603822;;;;;;;;http://dx.doi.org/10.1089/cyber.2011.1540;CyberEurope;Cyberpsy., Behavior, and Soc. Networking;journals/cbsn/X12c;2012-12-13;;;5;283-284;;;;;;;;;;db/journals/cbsn/cbsn15.html#X12c;15;2012
input_article.csv	744599	Missing journal article title	3603965;;;;;;;;http://dx.doi.org/10.1089/cpb.2008.9999.abs;Abstracts from CyberTherapy 13;Cyberpsy., Behavior, and Soc. Networking;journals/cbsn/X09;2012-12-14;;;1;81-112;;;;;;;;;;db/journals/cbsn/cbsn12.html#X09;12;2009
input_article.csv	745503	Missing journal article title	3604869;Hai Zhang|Xiangyu Chang|Yao Wang|Yong Liang|Zongben Xu;;;;;;;http://dx.doi.org/10.1007/s11432-010-0090-0;L;SCIENCE CHINA Information Sciences;journals/chinaf/XuZWCL10;2011-06-08;;;6;1159-1169;;;;;1/2;;;;;db/journals/chinaf/chinaf53.html#XuZWCL10;53;2010
input_article.csv	745681	Missing journal article title	3605047;Chonggang Wang|Kazem Sohraby|Keping Long|Weiliang Zhao|Yun Li;;;;;;;http://dx.doi.org/10.1007/s11432-008-0122-1;p;Science in China Series F: Information Sciences;journals/chinaf/LongLZWS08;2008-10-30;;;9;1193-1203;;;;;;;;;;db/journals/chinaf/chinaf51.html#LongLZWS08;51;2008
input_article.csv	745784	Missing journal article title	3605150;Feiqi Deng|Guorong Liu|Wenhua Xia|Yiping Luo;;;;;;;http://dx.doi.org/10.1007/s11432-008-0139-5; OHM | OHM |W|X;Science in China Series F: Information Sciences;journals/chinaf/LuoXLD08;2008-12-01;;;12;1980-1991;;;;;;1, 2|1, 2;;;;db/journals/chinaf/chinaf51.html#LuoXLD08;51;2008
input_article.csv	745791	Missing journal article title	3605157;Jean-Claude Paul|Jia-Guang Sun|Jun-Hai Yong|Kan-Le Shi;;;;;;;http://dx.doi.org/10.1007/s11432-011-4248-1;G|N|n;SCIENCE CHINA Information Sciences;journals/chinaf/ShiYSP11;2011-11-04;;;7;1383-1394;;;;;;;;;;db/journals/chinaf/chinaf54.html#ShiYSP11;54;2011
input_article.csv	745966	Missing journal article title	3605332;Yang Xiang|Zhenhua Huang|Ziyu Lin;;;;;;;http://dx.doi.org/10.1007/s11432-010-4041-6;l;SCIENCE CHINA Information Sciences;journals/chinaf/HuangXL10;2011-06-08;;;9;1785-1799;;;;;;;;;;db/journals/chinaf/chinaf53.html#HuangXL10;53;2010
input_article.csv	746227	Missing journal article title	3605593;Choon Ki Ahn;;;;;;;http://dx.doi.org/10.1007/s11432-011-4282-z;H;SCIENCE CHINA Information Sciences;journals/chinaf/Ahn11;2011-08-10;;;8;1691-1701;;;;;∞;;;;;db/journals/chinaf/chinaf54.html#Ahn11;54;2011
input_article.csv	746242	Missing journal article title	3605608;Jitao Sun|Lijuan Shen;;;;;;;http://dx.doi.org/10.1007/s11432-011-4250-7;p;SCIENCE CHINA Information Sciences;journals/chinaf/ShenS11;2011-08-11;;;8;1702-1711;;;;;;;;;;db/journals/chinaf/chinaf54.html#ShenS11;54;2011
input_article.csv	746844	Missing journal article title	3606210;LiYing Sun|YuZhen Wang;;;;;;;http://dx.doi.org/10.1007/s11432-010-4089-3;H;SCIENCE CHINA Information Sciences;journals/chinaf/SunW10;2011-06-08;;;11;2195-2204;;;;;∞;;;;;db/journals/chinaf/chinaf53.html#SunW10;53;2010
input_article.csv	746851	Missing journal article title	3606217;Guozhao Wang|Mei-e Fang|Weiyin Ma;;;;;;;http://dx.doi.org/10.1007/s11432-010-4031-8;N;SCIENCE CHINA Information Sciences;journals/chinaf/FangWM10;2011-06-08;;;8;1546-1554;;;;;;;;;;db/journals/chinaf/chinaf53.html#FangWM10;53;2010
input_article.csv	747566	Missing journal article title	3606932;Bruce L. Golden|Edward A. Wasil|Michael W. Carter;;;;;;;http://dx.doi.org/10.1287/inte.1070.0302;Interfaces;Interfaces;journals/interfaces/CarterGW07;2010-03-09;;;3;308;;;;;;;;;;db/journals/interfaces/interfaces37.html#CarterGW07;37;2007
input_article.csv	748009	Missing journal article title	3607375;Christian Wittmann;;;;;;;http://dx.doi.org/10.1090/S0025-5718-04-01725-9;p|p;Math. Comput.;journals/moc/Wittmann05;2011-02-28;;;250;937-947;;;;;;;;;;db/journals/moc/moc74.html#Wittmann05;74;2005
input_article.csv	748726	Missing journal article title	3608092;Benjamin Stamm|Thomas P. Wihler;;;;;;;http://dx.doi.org/10.1090/S0025-5718-10-02335-5;hp;Math. Comput.;journals/moc/StammW10;2011-03-16;;;272;2117-2133;;;;;;;;;;db/journals/moc/moc79.html#StammW10;79;2010
input_article.csv	750438	Missing journal article title	3609804;Amy G. Guerin|Benjamin T. Fine|Brittany A. Duncan|Dylan A. Shell|Kevin S. Pratt|Robin R. Murphy|Takis Zourntos;;;;;;;http://dx.doi.org/10.1007/s10514-010-9210-3;A Midsummer Night's Dream;Auton. Robots;journals/arobots/MurphySGDFPZ11;2011-10-28;;;2;143-156;;;;;;;;;;db/journals/arobots/arobots30.html#MurphySGDFPZ11;30;2011
input_article.csv	751766	Missing journal article title	3611132;Thomas W. Cusick|Yuan Li;;;;;;;http://dx.doi.org/10.1016/j.dam.2005.02.006;k;Discrete Applied Mathematics;journals/dam/CusickL05;2005-09-15;;;1-3;73-86;;;;;;;;;;db/journals/dam/dam149.html#CusickL05;149;2005
input_article.csv	751783	Missing journal article title	3611149;Masahiro Hachimori|Sonoko Moriyama;;;;;;;http://dx.doi.org/10.1016/j.dam.2005.09.006;h;Discrete Applied Mathematics;journals/dam/MoriyamaH06;2006-04-21;;;3;594-597;;;;;;;;;;db/journals/dam/dam154.html#MoriyamaH06;154;2006
input_article.csv	752692	Missing journal article title	3612058;Gerard J. Chang|Wu-Hsiung Lin;;;;;;;http://dx.doi.org/10.1016/j.dam.2013.05.024;b;Discrete Applied Mathematics;journals/dam/LinC13a;2013-09-16;;;16-17;2532-2536;;;;;;;;;;db/journals/dam/dam161.html#LinC13a;161;2013
input_article.csv	752792	Missing journal article title	3612158;Fred R. McMorris|Fred S. Roberts|Suh-Ryung Kim|Terry A. McKee;;;;;;;http://dx.doi.org/10.1016/0166-218X(93)90160-P;p;Discrete Applied Mathematics;journals/dam/KimMMR93;2003-05-21;;;1;87-92;;;;;;;;;;db/journals/dam/dam46.html#KimMMR93;46;1993
input_article.csv	753707	Missing journal article title	3613073;Ján Plávka;;;;;;;http://dx.doi.org/10.1016/j.dam.2005.02.017;l;Discrete Applied Mathematics;journals/dam/Plavka05;2006-04-26;;;1-3;16-28;;;;;;;;;;db/journals/dam/dam150.html#Plavka05;150;2005
input_article.csv	754162	Missing journal article title	3613528;Blerina Sinaimeri|Tiziana Calamoneri;;;;;;;http://dx.doi.org/10.1016/j.dam.2012.07.009;L;Discrete Applied Mathematics;journals/dam/CalamoneriS13;2013-05-04;;;12;1719-1725;;;;;;;;;;db/journals/dam/dam161.html#CalamoneriS13;161;2013
input_article.csv	754713	Missing journal article title	3614079;Jeremy Spinrad;;;;;;;http://dx.doi.org/10.1016/0166-218X(92)90180-I;P;Discrete Applied Mathematics;journals/dam/Spinrad92;2003-05-27;;;3;263-291;;;;;4;;;;;db/journals/dam/dam39.html#Spinrad92;39;1992
input_article.csv	755087	Missing journal article title	3614453;Aleksander Vesel|Pranava K. Jha|Sandi Klavzar;;;;;;;http://dx.doi.org/10.1016/j.dam.2004.01.019;L;Discrete Applied Mathematics;journals/dam/JhaKV05;2005-07-04;;;2;317-325;;;;;;;;;;db/journals/dam/dam145.html#JhaKV05;145;2005
input_article.csv	757084	Missing journal article title	3616450;Jianguo Qian|Xiaoling Zhang;;;;;;;http://dx.doi.org/10.1093/comjnl/bxs159;L|p|q;Comput. J.;journals/cj/ZhangQ13;2013-06-05;;;6;785-792;;;;;;;;;;db/journals/cj/cj56.html#ZhangQ13;56;2013
input_article.csv	757093	Missing journal article title	3616459;David Bednárek|Irena Mlýnková|Jakub Stárka|Jan Sochna|Jirí Schejbal|Martin Svoboda;;;;;;;http://dx.doi.org/10.1093/comjnl/bxr103;Analyzer;Comput. J.;journals/cj/StarkaSSSMB12;2012-06-02;;;5;590-615;;;;;;;;;;db/journals/cj/cj55.html#StarkaSSSMB12;55;2012
input_article.csv	759409	Missing journal article title	3618775;Alexandra Dragovich|Branko Dragovich;;;;;;;http://dx.doi.org/10.1093/comjnl/bxm083;p;Comput. J.;journals/cj/DragovichD10;2010-05-03;;;4;432-442;;;;;;;;;;db/journals/cj/cj53.html#DragovichD10;53;2010
input_article.csv	759410	Missing journal article title	3618776;Alexander Gammerman|Vladimir Vovk;;;;;;;http://dx.doi.org/10.1093/comjnl/bxl075;Rejoinder;Comput. J.;journals/cj/GammermanV07a;2007-07-11;;;2;173-177;;;;;;;;;;db/journals/cj/cj50.html#GammermanV07a;50;2007
input_article.csv	759796	Missing journal article title	3619162;Simon Parsons;;;;;;;http://dx.doi.org/10.1017/S0269888909990117;A Semantic Web Primer;Knowledge Eng. Review;journals/ker/Parsons09a;2009-12-21;;;4;415;;;;;;;;;;db/journals/ker/ker24.html#Parsons09a;24;2009
input_article.csv	759836	Missing journal article title	3619202;Simon Parsons;;;;;;;http://dx.doi.org/10.1017/S0269888904220203;Principles of Data Mining;Knowledge Eng. Review;journals/ker/Parsons04c;2013-02-25;;;2;183-184;;;;;;;;;;db/journals/ker/ker19.html#Parsons04c;19;2004
input_article.csv	759852	Missing journal article title	3619218;Simon Parsons;;;;;;;http://dx.doi.org/10.1017/S0269888904210207;Digital Typography|Pioneers of Modern Typography;Knowledge Eng. Review;journals/ker/Parsons04b;2013-02-25;;;2;181-183;;;;;;;;;;db/journals/ker/ker19.html#Parsons04b;19;2004
input_article.csv	759866	Missing journal article title	3619232;Simon Parsons;;;;;;;http://dx.doi.org/10.1017/S026988891000007X;Communities of Play: Emergent cultures in multiplayer games and virtual worlds|New Tech, New Ties: How mobile communication is reshaping social cohesion|Play Between Worlds: Exploring online game culture;Knowledge Eng. Review;journals/ker/Parsons10c;2010-12-11;;;3;355-357;;;;;;;;;;db/journals/ker/ker25.html#Parsons10c;25;2010
input_article.csv	759891	Missing journal article title	3619257;Simon Parsons;;;;;;;http://dx.doi.org/10.1017/S0269888910000287;Algorithmic Game Theory;Knowledge Eng. Review;journals/ker/Parsons11;2011-06-10;;;1;71-72;;;;;;;;;;db/journals/ker/ker26.html#Parsons11;26;2011
input_article.csv	759894	Missing journal article title	3619260;Simon Parsons;;;;;;;http://dx.doi.org/10.1017/S0269888910000068;Critical Play: Radical Game Design;Knowledge Eng. Review;journals/ker/Parsons10b;2010-12-11;;;3;353-354;;;;;;;;;;db/journals/ker/ker25.html#Parsons10b;25;2010
input_article.csv	759902	Missing journal article title	3619268;Simon Parsons;;;;;;;http://dx.doi.org/10.1017/S0269888910000275;Probabilistic Graphical Models: Principles and Techniques;Knowledge Eng. Review;journals/ker/Parsons11a;2011-06-10;;;2;237-238;;;;;;;;;;db/journals/ker/ker26.html#Parsons11a;26;2011
input_article.csv	759913	Missing journal article title	3619279;Simon Parsons;;;;;;;http://dx.doi.org/10.1017/S0269888910000056;Introduction to Machine Learning;Knowledge Eng. Review;journals/ker/Parsons10a;2010-12-11;;;3;353;;;;;;;;;;db/journals/ker/ker25.html#Parsons10a;25;2010
input_article.csv	759920	Missing journal article title	3619286;Simon Parsons;;;;;;;http://dx.doi.org/10.1017/S0269888904210165;Bayesian Networks and Decision Graphs;Knowledge Eng. Review;journals/ker/Parsons04;2013-02-25;;;1;89-90;;;;;;;;;;db/journals/ker/ker19.html#Parsons04;19;2004
input_article.csv	759927	Missing journal article title	3619293;W. B. Langdon;;;;;;;http://dx.doi.org/10.1017/S026988890423020X;Genetic Algorithms - Principles and Perspectives, A Guide to GA Theory;Knowledge Eng. Review;journals/ker/Langdon04;2013-02-25;;;2;185-186;;;;;;;;;;db/journals/ker/ker19.html#Langdon04;19;2004
input_article.csv	759971	Missing journal article title	3619337;Simon Parsons;;;;;;;http://dx.doi.org/10.1017/S0269888909990373;Stuck in the Shallow End: Education, Race and Computing;Knowledge Eng. Review;journals/ker/Parsons10;2010-12-11;;;1;109-110;;;;;;;;;;db/journals/ker/ker25.html#Parsons10;25;2010
input_article.csv	759988	Missing journal article title	3619354;Simon Parsons;;;;;;;http://dx.doi.org/10.1017/S0269888904220161;Bioinformatics: The Machine Learning Approach;Knowledge Eng. Review;journals/ker/Parsons04a;2013-02-25;;;1;90-91;;;;;;;;;;db/journals/ker/ker19.html#Parsons04a;19;2004
input_article.csv	760027	Missing journal article title	3619393;Simon Parsons;;;;;;;http://dx.doi.org/10.1017/S0269888909990129;Essentials of Game Theory: A Concise, Multidisciplinary Introduction;Knowledge Eng. Review;journals/ker/Parsons09b;2009-12-21;;;4;415-416;;;;;;;;;;db/journals/ker/ker24.html#Parsons09b;24;2009
input_article.csv	762284	Missing journal article title	3621650;David J. Solomon;;;;;;;http://informationr.net/ir/12-2/paper301.html;Medical Education Online;Inf. Res.;journals/ires/Solomon07;2013-04-22;;;2;;;;;;;;;;;db/journals/ires/ires12.html#Solomon07;12;2007
input_article.csv	763016	Missing journal article title	3622382;Enoch Peserico|Marco Bressan 0002|Paolo Bertasi;;;;;;;http://doi.acm.org/10.1145/1963190.1970377;psort;ACM Journal of Experimental Algorithmics;journals/jea/BertasiBP11;2012-01-21;;;;;;;;;;;;;;db/journals/jea/jea16.html#BertasiBP11;16;2011
input_article.csv	763422	Missing journal article title	3622788;Daniel Gillblad|Per Kreuger|Åke Arvidsson;;;;;;;http://dx.doi.org/10.1002/nem.1830;zCap;Int. Journal of Network Management;journals/ijnm/KreugerGA13;2013-08-30;;;4;235-258;;;;;;;;;;db/journals/ijnm/ijnm23.html#KreugerGA13;23;2013
input_article.csv	763557	Missing journal article title	3622923;Daihee Park|Jaehak Yu|Jun-Sang Park|Myung-Sup Kim;;;;;;;http://dx.doi.org/10.1002/nem.1818;NetCube;Int. Journal of Network Management;journals/ijnm/ParkYPK13;2013-04-22;;;2;101-118;;;;;;;;;;db/journals/ijnm/ijnm23.html#ParkYPK13;23;2013
input_article.csv	763900	Missing journal article title	3623266;Tianliang Hou;;;;;;;http://dx.doi.org/10.1080/00207160.2012.704993;L;Int. J. Comput. Math.;journals/ijcm/Hou12;2012-12-03;;;16;2224-2239;;;;;;∞;;;;db/journals/ijcm/ijcm89.html#Hou12;89;2012
input_article.csv	763906	Missing journal article title	3623272;Anas Rachid|Mohamed Bahaj;;;;;;;http://dx.doi.org/10.1080/00207160.2010.520082;A posteriori;Int. J. Comput. Math.;journals/ijcm/BahajR11;2011-05-19;;;7;1497-1508;;;;;;;;;;db/journals/ijcm/ijcm88.html#BahajR11;88;2011
input_article.csv	764057	Missing journal article title	3623423;David J. Evans|Dusan Caf;;;;;;;http://dx.doi.org/10.1080/00207160500168458;UL;Int. J. Comput. Math.;journals/ijcm/EvansC06;2008-08-07;;;2;181-191;;;;;;;;;;db/journals/ijcm/ijcm83.html#EvansC06;83;2006
input_article.csv	764142	Missing journal article title	3623508;Dereck S. Meek|Desmond J. Walton;;;;;;;http://dx.doi.org/10.1080/00207160701828157;G;Int. J. Comput. Math.;journals/ijcm/WaltonM09;2010-11-04;;;9;1498-1511;;;;;;2;;;;db/journals/ijcm/ijcm86.html#WaltonM09;86;2009
input_article.csv	764479	Missing journal article title	3623845;Byeong Moon Kim|Byung Chul Song|Yoomi Rho;;;;;;;http://dx.doi.org/10.1080/00207160.2012.740476;L;Int. J. Comput. Math.;journals/ijcm/KimSR13;2013-05-21;;;3;475-482;;;;;;;;;;db/journals/ijcm/ijcm90.html#KimSR13;90;2013
input_article.csv	764529	Missing journal article title	3623895;Beatriz Alonso|Francisco Ureña|Juan José Benito|Luis Gavete;;;;;;;http://dx.doi.org/10.1080/00207160601167052;A posteriori;Int. J. Comput. Math.;journals/ijcm/BenitoUGA08;2009-11-29;;;3&4;359-370;;;;;;;;;;db/journals/ijcm/ijcm85.html#BenitoUGA08;85;2008
input_article.csv	764677	Missing journal article title	3624043;Majid Soleimani-Damaneh;;;;;;;http://dx.doi.org/10.1080/00207160.2011.589899;E;Int. J. Comput. Math.;journals/ijcm/Soleimani-Damaneh11b;2012-10-24;;;16;3335-3349;;;;;;;;;;db/journals/ijcm/ijcm88.html#Soleimani-Damaneh11b;88;2011
input_article.csv	764963	Missing journal article title	3624329;Dereck S. Meek|Desmond J. Walton;;;;;;;http://dx.doi.org/10.1080/00207160.2012.716831;G;Int. J. Comput. Math.;journals/ijcm/WaltonM13;2013-02-01;;;2;325-340;;;;;;2;;;;db/journals/ijcm/ijcm90.html#WaltonM13;90;2013
input_article.csv	765555	Missing journal article title	3624921;Hongfei Fu|Hongxing Rui;;;;;;;http://dx.doi.org/10.1080/00207160.2011.558575;A priori|a posteriori;Int. J. Comput. Math.;journals/ijcm/FuR11;2011-08-25;;;13;2798-2823;;;;;;;;;;db/journals/ijcm/ijcm88.html#FuR11;88;2011
input_article.csv	765595	Missing journal article title	3624961;Chunhua Cao|Zuhua Liu;;;;;;;http://dx.doi.org/10.1080/00207160903490442;P;Int. J. Comput. Math.;journals/ijcm/LiuC11;2011-01-10;;;1;51-57;;;;;;;;;;db/journals/ijcm/ijcm88.html#LiuC11;88;2011
input_article.csv	768554	Missing journal article title	3627920;Marta Sagastume|Pedro Massey|Renato A. Lewin;;;;;;;http://dx.doi.org/10.1093/jigpal/12.6.461;MV;Logic Journal of the IGPL;journals/igpl/LewinSM04;2006-06-30;;;6;461-483;;;;;;*;;;;db/journals/igpl/igpl12.html#LewinSM04;12;2004
input_article.csv	768573	Missing journal article title	3627939;Claudio Pizzi;;;;;;;http://dx.doi.org/10.1093/jigpal/jzk017;Gestalt;Logic Journal of the IGPL;journals/igpl/Pizzi06;2007-01-29;;;2;257-269;;;;;;;;;;db/journals/igpl/igpl14.html#Pizzi06;14;2006
input_article.csv	768683	Missing journal article title	3628049;Haythem O. Ismail;;;;;;;http://dx.doi.org/10.1093/jigpal/jzs007;A|Log;Logic Journal of the IGPL;journals/igpl/Ismail12;2012-09-24;;;5;774-795;;;;;;;;;;db/journals/igpl/igpl20.html#Ismail12;20;2012
input_article.csv	770454	Missing journal article title	3629820;Ming He|Yongping Du;;;;;;;http://dx.doi.org/10.1016/j.camwa.2011.06.064;k|p;Computers & Mathematics with Applications;journals/cma/HeD11;2011-10-15;;;7;2755-2769;;;;;;;;;;db/journals/cma/cma62.html#HeD11;62;2011
input_article.csv	777711	Missing journal article title	3637077;José Nelson Amaral|Peng Zhao|Raúl Silvera|Shimin Cui|Yaoqing Gao;;;;;;;http://doi.acm.org/10.1145/1290520.1290522;Forma;ACM Trans. Program. Lang. Syst.;journals/toplas/ZhaoCGSA07;2007-12-10;;;1;;;;;;;;;;;db/journals/toplas/toplas30.html#ZhaoCGSA07;30;2007
input_article.csv	777856	Missing journal article title	3637222;Gareth Stoyle|Gavin M. Bierman|Iulian Neamtiu|Michael W. Hicks|Peter Sewell;;;;;;;http://doi.acm.org/10.1145/1255450.1255455;Mutatis Mutandis;ACM Trans. Program. Lang. Syst.;journals/toplas/StoyleHBSN07;2007-11-06;;;4;;;;;;;;;;;db/journals/toplas/toplas29.html#StoyleHBSN07;29;2007
input_article.csv	777979	Missing journal article title	3637345;Adam L. Buchsbaum|Anne Rogers|Haim Kaplan|Jeffery Westbrook;;;;;;;http://doi.acm.org/10.1145/1065887.1065888;Corrigendum: ;ACM Trans. Program. Lang. Syst.;journals/toplas/BuchsbaumKRW05;2006-02-09;;;3;383-387;;;;;;;;;;db/journals/toplas/toplas27.html#BuchsbaumKRW05;27;2005
input_article.csv	778148	Missing journal article title	3637514;Leslie Lamport;;;;;;;;sin|win;ACM Trans. Program. Lang. Syst.;journals/toplas/Lamport90;2003-11-26;;;3;396-428;;;;;;;;;;db/journals/toplas/toplas12.html#Lamport90;12;1990
input_article.csv	778430	Missing journal article title	3637796;Daniel Chester|David Oliver|Edward Schwartz|Kathleen F. McCoy|Sandra Carberry|Seniz Demir|Stephanie Elzer;;;;;;;http://dx.doi.org/10.1080/13614568.2010.534186;Interactive;The New Review of Hypermedia and Multimedia;journals/nrhm/DemirOSECMC10;2011-01-11;;;3;245-279;;;;;;;;;;db/journals/nrhm/nrhm16.html#DemirOSECMC10;16;2010
input_article.csv	778540	Missing journal article title	3637906;Anders Sundnes Løvlie;;;;;;;http://dx.doi.org/10.1080/13614568.2012.617845;You are the one thinking this;The New Review of Hypermedia and Multimedia;journals/nrhm/Lovlie12;2012-03-20;;;1-2;109-127;;;;;;;;;;db/journals/nrhm/nrhm18.html#Lovlie12;18;2012
input_article.csv	778978	Missing journal article title	3638344;Howard J. Karloff|Mohammad Taghi Hajiaghayi|Moses Charikar|Satish Rao;;;;;;;http://dx.doi.org/10.1007/s00453-008-9191-1;l;Algorithmica;journals/algorithmica/CharikarHKR10;2010-02-17;;;4;577-604;;;;;2;2;;;;db/journals/algorithmica/algorithmica56.html#CharikarHKR10;56;2010
input_article.csv	779816	Missing journal article title	3639182;Yuval Emek;;;;;;;http://dx.doi.org/10.1007/s00453-010-9423-z;k;Algorithmica;journals/algorithmica/Emek11;2011-06-17;;;1;141-160;;;;;;;;;;db/journals/algorithmica/algorithmica61.html#Emek11;61;2011
input_article.csv	779952	Missing journal article title	3639318;Afonso Ferreira|Andrew Rau-Chaplin|Claire Kenyon|Stéphane Ubéda;;;;;;;http://dx.doi.org/10.1007/PL00008260;d;Algorithmica;journals/algorithmica/FerreiraKRU99;2011-05-18;;;3-4;195-208;;;;;;;;;;db/journals/algorithmica/algorithmica24.html#FerreiraKRU99;24;1999
input_article.csv	780510	Missing journal article title	3639876;Frances F. Yao|Shang-Hua Teng;;;;;;;http://dx.doi.org/10.1007/s00453-007-9040-7;k;Algorithmica;journals/algorithmica/TengY07;2008-01-15;;;3;192-211;;;;;;;;;;db/journals/algorithmica/algorithmica49.html#TengY07;49;2007
input_article.csv	782604	Missing journal article title	3641970;Dengbiao Tu|Jian Ma|Wendong Wang|Yongping Xiong;;;;;;;http://dx.doi.org/10.1155/2013/690974;RoadGate;IJDSN;journals/ijdsn/XiongMWT13;2013-05-16;;;;;;;;;;;;;;db/journals/ijdsn/ijdsn2013.html#XiongMWT13;2013;2013
input_article.csv	782924	Missing journal article title	3642290;Jian Yin|Sanjay Kumar Madria;;;;;;;http://dx.doi.org/10.1080/15501320802001101;ESecRout: ;IJDSN;journals/ijdsn/YinM08;2008-12-15;;;2;67-82;;;;;;;;;;db/journals/ijdsn/ijdsn4.html#YinM08;4;2008
input_article.csv	787901	Missing journal article title	3647267;Jacqueline Morgan|M. Beatrice Lignola;;;;;;;http://dx.doi.org/10.1007/s10898-006-9020-5;α;J. Global Optimization;journals/jgo/LignolaM06;2013-06-07;;;3;439-459;;;;;;;;;;db/journals/jgo/jgo36.html#LignolaM06;36;2006
input_article.csv	787989	Missing journal article title	3647355;Hoang Tuy;;;;;;;http://dx.doi.org/10.1007/s10898-009-9475-2;C|D;J. Global Optimization;journals/jgo/Tuy10;2010-10-06;;;3;485-501;;;;;;;;;;db/journals/jgo/jgo47.html#Tuy10;47;2010
input_article.csv	788093	Missing journal article title	3647459;Dian K. Palagachev;;;;;;;http://dx.doi.org/10.1007/s10898-007-9175-8;W|p;J. Global Optimization;journals/jgo/Palagachev08;2009-07-14;;;1-3;305-318;;;;;;2, ;;;;db/journals/jgo/jgo40.html#Palagachev08;40;2008
input_article.csv	789187	Missing journal article title	3648653;Saketh Bhamidipati;;;;;;;http://dx.doi.org/10.1017/S0956796809007151;Programming in Haskell;J. Funct. Program.;journals/jfp/Bhamidipati09;2009-05-05;;;2;256-259;;;;;;;;;;db/journals/jfp/jfp19.html#Bhamidipati09;19;2009
input_article.csv	789261	Missing journal article title	3648727;Toni Cebrián;;;;;;;http://dx.doi.org/10.1017/S0956796811000177;How to think about algorithms;J. Funct. Program.;journals/jfp/Cebrian11;2011-12-22;;;6;664-666;;;;;;;;;;db/journals/jfp/jfp21.html#Cebrian11;21;2011
input_article.csv	789313	Missing journal article title	3648779;Jurriaan Hage;;;;;;;http://dx.doi.org/10.1017/S0956796810000298;Language Implementation Patterns: Create your own Domain-Specific and General Programming Languages;J. Funct. Program.;journals/jfp/Hage11;2011-06-07;;;2;215-217;;;;;;;;;;db/journals/jfp/jfp21.html#Hage11;21;2011
input_article.csv	789315	Missing journal article title	3648781;Gergely Buday;;;;;;;http://dx.doi.org/10.1017/S0956796807006715;Logic in Computer Science: Modelling and Reasoning About Systems;J. Funct. Program.;journals/jfp/Buday08;2008-11-21;;;3;421-422;;;;;;;;;;db/journals/jfp/jfp18.html#Buday08;18;2008
input_article.csv	789344	Missing journal article title	3648810;Dusan Kolár;;;;;;;http://dx.doi.org/10.1017/S095679681200010X;Drawing Programs: The Theory and Practice of Schematic Functional Programming;J. Funct. Program.;journals/jfp/Kolar12;2013-04-03;;;2;219-221;;;;;;;;;;db/journals/jfp/jfp22.html#Kolar12;22;2012
input_article.csv	789383	Missing journal article title	3648849;Ivan Lazar Miljenovic;;;;;;;http://dx.doi.org/10.1017/S095679681200041X;Pearls of Functional Algorithm Design;J. Funct. Program.;journals/jfp/Miljenovic13;2013-04-16;;;2;226-227;;;;;;;;;;db/journals/jfp/jfp23.html#Miljenovic13;23;2013
input_article.csv	789427	Missing journal article title	3648893;Anthony M. Sloane;;;;;;;http://dx.doi.org/10.1017/S0956796808006977;Software Abstractions: Logic, Language, and Analysis;J. Funct. Program.;journals/jfp/Sloane09;2009-05-05;;;2;253-254;;;;;;;;;;db/journals/jfp/jfp19.html#Sloane09;19;2009
input_article.csv	789466	Missing journal article title	3648932;Krishna Sankar;;;;;;;http://dx.doi.org/10.1017/S0956796809007163;Programming Erlang - Software for a Concurrent World;J. Funct. Program.;journals/jfp/Sankar09;2009-05-05;;;2;259-261;;;;;;;;;;db/journals/jfp/jfp19.html#Sankar09;19;2009
input_article.csv	789472	Missing journal article title	3648938;Prabhakar Ragde;;;;;;;http://dx.doi.org/10.1017/S0956796813000087;OCaml from the Very Beginning;J. Funct. Program.;journals/jfp/Ragde13;2013-11-05;;;3;352-354;;;;;;;;;;db/journals/jfp/jfp23.html#Ragde13;23;2013
input_article.csv	789513	Missing journal article title	3648979;Peter Gammie;;;;;;;http://dx.doi.org/10.1017/S0956796810000237;Review: Lambda-Calculus and Combinators: An Introduction;J. Funct. Program.;journals/jfp/Gammie11;2011-06-07;;;1;115-117;;;;;;;;;;db/journals/jfp/jfp21.html#Gammie11;21;2011
input_article.csv	789536	Missing journal article title	3649002;Willem de Jong;;;;;;;http://dx.doi.org/10.1017/S0956796810000110;Foundations of F#;J. Funct. Program.;journals/jfp/Jong11;2011-06-07;;;2;217-218;;;;;;;;;;db/journals/jfp/jfp21.html#Jong11;21;2011
input_article.csv	789580	Missing journal article title	3649046;Eerke A. Boiten;;;;;;;http://dx.doi.org/10.1017/S0956796812000081;Modeling in Event-B - System and Software Engineering;J. Funct. Program.;journals/jfp/Boiten12;2013-04-03;;;2;217-219;;;;;;;;;;db/journals/jfp/jfp22.html#Boiten12;22;2012
input_article.csv	789598	Missing journal article title	3649064;Neil Brown;;;;;;;http://dx.doi.org/10.1017/S0956796812000299;Functional Programming for Java Developers - Tools for Better Concurrency, Abstraction, and Agility;J. Funct. Program.;journals/jfp/Brown12;2013-04-03;;;6;853-854;;;;;;;;;;db/journals/jfp/jfp22.html#Brown12;22;2012
input_article.csv	789608	Missing journal article title	3649074;Zhaohui Luo;;;;;;;http://dx.doi.org/10.1017/S0956796802004525;PAL;J. Funct. Program.;journals/jfp/Luo03;2004-03-19;;;2;317-338;;;;;;+;;;;db/journals/jfp/jfp13.html#Luo03;13;2003
input_article.csv	789677	Missing journal article title	3649143;Jacques Carette;;;;;;;http://dx.doi.org/10.1017/S0956796811000220;Handbook of Practical Logic and Automated Reasoning;J. Funct. Program.;journals/jfp/Carette11;2011-12-22;;;6;663-664;;;;;;;;;;db/journals/jfp/jfp21.html#Carette11;21;2011
input_article.csv	789685	Missing journal article title	3649151;Greg Michaelson;;;;;;;http://dx.doi.org/10.1017/S095679681300004X;Learn You a Haskell for Great Good! A Beginner's Guide;J. Funct. Program.;journals/jfp/Michaelson13;2013-11-05;;;3;351-352;;;;;;;;;;db/journals/jfp/jfp23.html#Michaelson13;23;2013
input_article.csv	789689	Missing journal article title	3649155;Olaf Chitil;;;;;;;http://dx.doi.org/10.1017/S0956796809007357;Essentials of Programming Languages (third edition);J. Funct. Program.;journals/jfp/Chitil09;2009-12-21;;;6;723-725;;;;;;;;;;db/journals/jfp/jfp19.html#Chitil09;19;2009
input_article.csv	789691	Missing journal article title	3649157;Toni Cebrián;;;;;;;http://dx.doi.org/10.1017/S0956796812000330;Steps in Scala: An introduction to Object-Functional Programming;J. Funct. Program.;journals/jfp/Cebrian12;2013-04-03;;;6;854-855;;;;;;;;;;db/journals/jfp/jfp22.html#Cebrian12;22;2012
input_article.csv	789767	Missing journal article title	3649233;Laura Castro;;;;;;;http://dx.doi.org/10.1017/S0956796812000342;Building Web Applications with Erlang;J. Funct. Program.;journals/jfp/Castro13;2013-04-16;;;2;225-226;;;;;;;;;;db/journals/jfp/jfp23.html#Castro13;23;2013
input_article.csv	789970	Missing journal article title	3649436;Hongyan Liu|Jianwei Cui|Jun He|Pei Li|Puwei Wang|Xiaoyong Du;;;;;;;http://dx.doi.org/10.1007/s10115-010-0307-y;TagClus;Knowl. Inf. Syst.;journals/kais/CuiLHLDW11;2011-04-26;;;2;193-225;;;;;;;;;;db/journals/kais/kais27.html#CuiLHLDW11;27;2011
input_article.csv	790318	Missing journal article title	3649784;Masatoshi Yoshikawa|Yasuko Matsubara|Yasushi Sakurai;;;;;;;http://dx.doi.org/10.1007/s10115-010-0336-6;D-Search;Knowl. Inf. Syst.;journals/kais/MatsubaraSY11;2011-10-17;;;1;131-157;;;;;;;;;;db/journals/kais/kais29.html#MatsubaraSY11;29;2011
input_article.csv	792850	Missing journal article title	3652316;Cheng Hu|Haijun Jiang|Juan Yu;;;;;;;http://dx.doi.org/10.1016/j.neunet.2012.07.009;α|α;Neural Networks;journals/nn/YuHJ12;2013-04-13;;;;82-87;;;;;;;;;;db/journals/nn/nn35.html#YuHJ12;35;2012
input_article.csv	797026	Missing journal article title	3656492;Aneta Dudek|Malgorzata Zwonek;;;;;;;http://dx.doi.org/10.7151/dmgt.1465;(H, k);Discussiones Mathematicae Graph Theory;journals/dmgt/DudekZ09;2012-11-15;;;3;573-581;;;;;;;;;;db/journals/dmgt/dmgt29.html#DudekZ09;29;2009
input_article.csv	797031	Missing journal article title	3656497;Grady Bullington|Linda Eroh|Steven J. Winters;;;;;;;http://dx.doi.org/10.7151/dmgt.1475;γ;Discussiones Mathematicae Graph Theory;journals/dmgt/BullingtonEW10;2012-11-15;;;1;45-54;;;;;;;;;;db/journals/dmgt/dmgt30.html#BullingtonEW10;30;2010
input_article.csv	797150	Missing journal article title	3656616;Aneta Dudek|Artur Szymanski|Malgorzata Zwonek;;;;;;;http://dx.doi.org/10.7151/dmgt.1397;(H, k);Discussiones Mathematicae Graph Theory;journals/dmgt/DudekSZ08;2012-11-15;;;1;137-149;;;;;;;;;;db/journals/dmgt/dmgt28.html#DudekSZ08;28;2008
input_article.csv	797180	Missing journal article title	3656646;Hortensia Galeana-Sánchez|Laura Pastrana;;;;;;;http://dx.doi.org/10.7151/dmgt.1431;k;Discussiones Mathematicae Graph Theory;journals/dmgt/Galeana-SanchezP09;2012-11-15;;;1;39-49;;;;;;;;;;db/journals/dmgt/dmgt29.html#Galeana-SanchezP09;29;2009
input_article.csv	797277	Missing journal article title	3656743;Iztok Peterin|Joseph Mathews|Manoj Changat|Prasanth G. Narasimha-Shenoi;;;;;;;http://dx.doi.org/10.7151/dmgt.1522;n;Discussiones Mathematicae Graph Theory;journals/dmgt/ChangatMNP10;2012-11-15;;;4;671-685;;;;;;;;;;db/journals/dmgt/dmgt30.html#ChangatMNP10;30;2010
input_article.csv	797447	Missing journal article title	3656913;Hortensia Galeana-Sánchez|Ricardo Gómez;;;;;;;http://dx.doi.org/10.7151/dmgt.1367;(k, l)-|(k, l)-|k-;Discussiones Mathematicae Graph Theory;journals/dmgt/Galeana-SanchezG07;2012-11-15;;;2;359-371;;;;;;;;;;db/journals/dmgt/dmgt27.html#Galeana-SanchezG07;27;2007
input_article.csv	797545	Missing journal article title	3657011;César Hernández-Cruz|Hortensia Galeana-Sánchez;;;;;;;http://dx.doi.org/10.7151/dmgt.1546;k;Discussiones Mathematicae Graph Theory;journals/dmgt/Galeana-SanchezH11a;2012-11-15;;;2;293-312;;;;;;;;;;db/journals/dmgt/dmgt31.html#Galeana-SanchezH11a;31;2011
input_article.csv	797698	Missing journal article title	3657164;Sagnik Sen;;;;;;;http://dx.doi.org/10.7151/dmgt.1713;L;Discussiones Mathematicae Graph Theory;journals/dmgt/Sen14;2013-12-18;;;1;31-48;;;;;;;;;;db/journals/dmgt/dmgt34.html#Sen14;34;2014
input_article.csv	797726	Missing journal article title	3657192;Lutz Volkmann|Mustapha Chellali|Teresa W. Haynes;;;;;;;http://dx.doi.org/10.7151/dmgt.1492;k;Discussiones Mathematicae Graph Theory;journals/dmgt/ChellaliHV10;2012-11-15;;;2;265-274;;;;;;;;;;db/journals/dmgt/dmgt30.html#ChellaliHV10;30;2010
input_article.csv	797872	Missing journal article title	3657338;Cécile Cordier|Hugues Marchand|Laurence A. Wolsey|Richard Laundy;;;;;;;http://dx.doi.org/10.1007/s101070050092;bc|opt;Math. Program.;journals/mp/CordierMLW99;2014-04-12;;;2;335-353;;;;;;;;;;db/journals/mp/mp86.html#CordierMLW99;86;1999
input_article.csv	800749	Missing journal article title	3660215;Hong Luo|Krishnan Ramakrishnan|Michael DeBole|Narayanan Vijaykrishnan|Varsha Balakrishnan|Wenping Wang|Yu Cao|Yu Wang 0002|Yuan Xie;;;;;;;http://dx.doi.org/10.1007/s10766-009-0104-y;New-Age;International Journal of Parallel Programming;journals/ijpp/DeBoleRBWLWXCV09;2009-12-16;;;4;417-431;;;;;;;;;;db/journals/ijpp/ijpp37.html#DeBoleRBWLWXCV09;37;2009
input_article.csv	802459	Missing journal article title	3661925;Alessandro Crespi|André Badertscher|André Guignard|Auke Jan Ijspeert;;;;;;;http://dx.doi.org/10.1016/j.robot.2004.09.015;AmphiBot I;Robotics and Autonomous Systems;journals/ras/CrespiBGI05;2006-02-09;;;4;163-175;;;;;;;;;;db/journals/ras/ras50.html#CrespiBGI05;50;2005
input_article.csv	802553	Missing journal article title	3662019;Judson P. Jones|Philip L. Butler|Steven E. Johnston|Thomas G. Heywood;;;;;;;http://dx.doi.org/10.1016/0921-8890(92)90019-U;Hetero Helix;Robotics and Autonomous Systems;journals/ras/JonesBJH92;2006-04-20;;;2-3;85-99;;;;;;;;;;db/journals/ras/ras10.html#JonesBJH92;10;1992
input_article.csv	805803	Missing journal value	3665284;Hans-Arno Jacobsen|Mario Südholt|Yvonne Coady;T. Aspect-Oriented Software Development II;;;;journals/taosd/2006-2;;http://dx.doi.org/10.1007/11922827_3;;;journals/taosd/CoadyJS06;2007-01-04;;;;66-68;;;;;;;Editorial: AOP Systems, Software and Middleware.;;;db/journals/taosd/taosd2.html#CoadyJS06;;2006
input_article.csv	805805	Missing journal value	3665287;Cristina Videira Lopes|Sushil Krishna Bajracharya;T. Aspect-Oriented Software Development I;;;;journals/taosd/2006-1;;http://dx.doi.org/10.1007/11687061_1;;;journals/taosd/LopesB06;2008-02-07;;;;1-35;;;;;;;Assessing Aspect Modularizations Using Design Structure Matrix and Net Option Value.;;;db/journals/taosd/taosd1.html#LopesB06;;2006
input_article.csv	805814	Missing journal value	3665297;Shmuel Katz;T. Aspect-Oriented Software Development I;;;;journals/taosd/2006-1;;http://dx.doi.org/10.1007/11687061_4;;;journals/taosd/Katz06;2007-01-04;;;;106-134;;;;;;;Aspect Categories and Classes of Temporal Properties.;;;db/journals/taosd/taosd1.html#Katz06;;2006
input_article.csv	805815	Missing journal value	3665298;Jean-Marc Menaud|Marc Ségura-Devillechaise|Mario Südholt|Nicolas Loriant|Rémi Douence|Thomas Fritz;T. Aspect-Oriented Software Development I;;;;journals/taosd/2006-1;;http://dx.doi.org/10.1007/11687061_6;;;journals/taosd/DouenceFLMSS06;2007-01-04;;;;174-213;;;;;;;An Expressive Aspect Language for System Applications with Arachne.;;;db/journals/taosd/taosd1.html#DouenceFLMSS06;;2006
input_article.csv	805823	Missing journal value	3665306;Joseph Gil|Tal Cohen;T. Aspect-Oriented Software Development II;;;;journals/taosd/2006-2;;http://dx.doi.org/10.1007/11922827_5;;;journals/taosd/CohenG06;2007-01-04;;;;101-146;;;;;;;Shakeins: Nonintrusive Aspects for Middleware Frameworks.;;;db/journals/taosd/taosd2.html#CohenG06;;2006
input_article.csv	805824	Missing journal value	3665307;Mika Katara|Reino Kurki-Suonio|Timo Aaltonen|Tommi Mikkonen;T. Aspect-Oriented Software Development II;;;;journals/taosd/2006-2;;http://dx.doi.org/10.1007/11922827_1;;;journals/taosd/AaltonenKKM06;2007-01-04;;;;1-29;;;;;;;On Horizontal Specification Architectures and Their Aspect-Oriented Implementations.;;;db/journals/taosd/taosd2.html#AaltonenKKM06;;2006
input_article.csv	805826	Missing journal value	3665309;Eddy Truyen|Wouter Joosen;T. Aspect-Oriented Software Development II;;;;journals/taosd/2006-2;;http://dx.doi.org/10.1007/11922827_6;;;journals/taosd/TruyenJ06;2007-01-04;;;;147-181;;;;;;;Run-Time and Atomic Weaving of Distributed Aspects.;;;db/journals/taosd/taosd2.html#TruyenJ06;;2006
input_article.csv	805835	Missing journal value	3665320;Bernd Freisleben|Michael Engel;T. Aspect-Oriented Software Development II;;;;journals/taosd/2006-2;;http://dx.doi.org/10.1007/11922827_7;;;journals/taosd/EngelF06;2007-01-04;;;;182-226;;;;;;;TOSKANA: A Toolkit for Operating System Kernel Aspects.;;;db/journals/taosd/taosd2.html#EngelF06;;2006
input_article.csv	805838	Missing journal value	3665323;Eunjee Song|Geri Georg|Greg Straw|James M. Bieman|N. McEachen|Robert B. France|Sudipto Ghosh|Y. Raghu Reddy;T. Aspect-Oriented Software Development I;;;;journals/taosd/2006-1;;http://dx.doi.org/10.1007/11687061_3;;;journals/taosd/ReddyGFSBMSG06;2009-11-05;;;;75-105;;;;;;;Directives for Composing Aspect-Oriented Design Class Models.;;;db/journals/taosd/taosd1.html#ReddyGFSBMSG06;;2006
input_article.csv	805839	Missing journal value	3665324;João M. Fernandes|Miguel P. Monteiro;T. Aspect-Oriented Software Development I;;;;journals/taosd/2006-1;;http://dx.doi.org/10.1007/11687061_7;;;journals/taosd/MonteiroF06;2007-01-04;;;;214-258;;;;;;;Towards a Catalogue of Refactorings and Code Smells for AspectJ.;;;db/journals/taosd/taosd1.html#MonteiroF06;;2006
input_article.csv	805845	Missing journal value	3665331;Daniel Lohmann|Olaf Spinczyk|Wolfgang Schröder-Preikschat;T. Aspect-Oriented Software Development II;;;;journals/taosd/2006-2;;http://dx.doi.org/10.1007/11922827_8;;;journals/taosd/LohmannSS06;2007-01-04;;;;227-255;;;;;;;Lean and Efficient System Software Product Lines: Where Aspects Beat Objects.;;;db/journals/taosd/taosd2.html#LohmannSS06;;2006
input_article.csv	805849	Missing journal value	3665335;Eric Wohlstadter|Premkumar T. Devanbu;T. Aspect-Oriented Software Development II;;;;journals/taosd/2006-2;;http://dx.doi.org/10.1007/11922827_4;;;journals/taosd/WohlstadterD06;2007-01-04;;;;69-100;;;;;;;Aspect-Oriented Development of Crosscutting Features in Distributed, Heterogeneous Systems.;;;db/journals/taosd/taosd2.html#WohlstadterD06;;2006
input_article.csv	805853	Missing journal value	3665339;Hidehiko Masuhara|Kouhei Sakurai|Naoyasu Ubayashi|Saeko Matsuura|Seiichi Komiya;T. Aspect-Oriented Software Development I;;;;journals/taosd/2006-1;;http://dx.doi.org/10.1007/11687061_8;;;journals/taosd/SakuraiMUMK06;2007-01-04;;;;259-292;;;;;;;Design and Implementation of an Aspect Instantiation Mechanism.;;;db/journals/taosd/taosd1.html#SakuraiMUMK06;;2006
input_article.csv	805859	Missing journal value	3665346;Ivica Aracic|Klaus Ostermann|Mira Mezini|Vaidas Gasiunas;T. Aspect-Oriented Software Development I;;;;journals/taosd/2006-1;;http://dx.doi.org/10.1007/11687061_5;;;journals/taosd/AracicGMO06;2007-01-04;;;;135-173;;;;;;;An Overview of CaesarJ.;;;db/journals/taosd/taosd1.html#AracicGMO06;;2006
input_article.csv	805867	Missing journal value	3665356;Alessandro F. Garcia|Arndt von Staa|Carlos José Pereira de Lucena|Cláudio Sant'Anna|Eduardo Figueiredo|Uirá Kulesza;T. Aspect-Oriented Software Development I;;;;journals/taosd/2006-1;;http://dx.doi.org/10.1007/11687061_2;;;journals/taosd/GarciaSFKLS06;2007-01-04;;;;36-74;;;;;;;Modularizing Design Patterns with Aspects: A Quantitative Study.;;;db/journals/taosd/taosd1.html#GarciaSFKLS06;;2006
input_article.csv	805869	Missing journal value	3665358;Lynne Blair|Phil Greenwood;T. Aspect-Oriented Software Development II;;;;journals/taosd/2006-2;;http://dx.doi.org/10.1007/11922827_2;;;journals/taosd/GreenwoodB06;2007-01-04;;;;30-65;;;;;;;A Framework for Policy Driven Auto-adaptive Systems Using Dynamic Framed Aspects.;;;db/journals/taosd/taosd2.html#GreenwoodB06;;2006
input_article.csv	805871	Missing journal value	3665360;Aleksandra Tesanovic|Jörgen Hansson|Mehdi Amirijoo;T. Aspect-Oriented Software Development II;;;;journals/taosd/2006-2;;http://dx.doi.org/10.1007/11922827_9;;;journals/taosd/TesanovicAH06;2007-01-04;;;;256-288;;;;;;;Providing Configurable QoS Management in Real-Time Systems with QoS Aspect Packages.;;;db/journals/taosd/taosd2.html#TesanovicAH06;;2006
input_article.csv	805874	Missing journal article title	3665364;Aske Simon Christensen|Damien Sereni|Ganesh Sittampalam|Jennifer Lhoták|Julian Tibble|Laurie J. Hendren|Oege de Moor|Ondrej Lhoták|Pavel Avgustinov|Sascha Kuzins;T. Aspect-Oriented Software Development I;;;;journals/taosd/2006-1;;http://dx.doi.org/10.1007/11687061_9;abc;;journals/taosd/AvgustinovCHKLLMSST06;2007-01-04;;;;293-334;;;;;;;;;;db/journals/taosd/taosd1.html#AvgustinovCHKLLMSST06;;2006
input_article.csv	810982	Missing journal article title	3670472;David Serena|Teofilo F. Gonzalez;;;;;;;http://dx.doi.org/10.1016/j.parco.2004.07.006;n;Parallel Computing;journals/pc/GonzalezS04;2004-11-15;;;8;973-998;;;;;;;;;;db/journals/pc/pc30.html#GonzalezS04;30;2004
input_article.csv	813892	Missing journal article title	3673382;Jianzhuan Wu|Peter Che Bor Lam|Wensong Lin;;;;;;;http://dx.doi.org/10.1007/s10878-007-9057-5;L|L|j|j|k|k;J. Comb. Optim.;journals/jco/LamLW07;2007-09-18;;;2-3;219-227;;;;;;;;;;db/journals/jco/jco14.html#LamLW07;14;2007
input_article.csv	818318	Missing journal article title	3677808;Matthijs J. Warrens;;;;;;;http://dx.doi.org/10.1007/s00357-009-9032-1;k;J. Classification;journals/classification/Warrens09;2009-09-17;;;2;227-245;;;;;;;;;;db/journals/classification/classification26.html#Warrens09;26;2009
input_article.csv	818403	Missing journal article title	3677893;Matthijs J. Warrens;;;;;;;http://dx.doi.org/10.1007/s00357-010-9052-x;n;J. Classification;journals/classification/Warrens10;2010-12-29;;;2;173-190;;;;;;;;;;db/journals/classification/classification27.html#Warrens10;27;2010
input_article.csv	818506	Missing journal article title	3677996;Thomas J. Smith;;;;;;;http://dx.doi.org/10.1007/s003570000020;L;J. Classification;journals/classification/Smith00;2011-05-16;;;2;225-242;;;;;1;;;;;db/journals/classification/classification17.html#Smith00;17;2000
input_article.csv	820765	Missing journal article title	3680255;Diego Magro;;;;;;;http://dx.doi.org/10.3233/AIC-2010-0470;F;AI Commun.;journals/aicom/Magro10;2010-05-14;;;1;1-46;;;;;;;;;;db/journals/aicom/aicom23.html#Magro10;23;2010
input_article.csv	821692	Missing journal article title	3681182;Andreas Meier|Armin Fiedler|Christoph Benzmüller|Erica Melis|Helmut Horacek|Jörg H. Siekmann|Karsten Konrad|Lassaad Cheikhrouhou|Martin Pollet|Michael Kohlhase|Stephan M. Hess|Volker Sorge;;;;;;;http://dx.doi.org/10.1007/s001650050053;I|L|L|U|UI;Formal Asp. Comput.;journals/fac/SiekmannHBCFHKKMMPS99;2011-05-25;;;3;326-342;;;;;;;;;;db/journals/fac/fac11.html#SiekmannHBCFHKKMMPS99;11;1999
input_article.csv	821769	Missing journal article title	3681259;Tahina Ramananandro;;;;;;;http://dx.doi.org/10.1007/s00165-007-0058-z;Alloy|Mondex;Formal Asp. Comput.;journals/fac/Ramananandro08;2008-03-11;;;1;21-39;;;;;;;;;;db/journals/fac/fac20.html#Ramananandro08;20;2008
input_article.csv	822323	Missing journal article title	3681813;John Chowning;;;;;;;http://dx.doi.org/10.1162/comj.2007.31.3.23;Stria: ;Computer Music Journal;journals/comj/Chowning07;2010-07-02;;;3;23-25;;;;;;;;;;db/journals/comj/comj31.html#Chowning07;31;2007
input_article.csv	824334	Missing journal article title	3683824;Megan Palm|Pamela C. Cosman|Wei Geng|William R. Schafer;;;;;;;http://dx.doi.org/10.1155/ASP.2005.2229;Caenorhabditis elegans;EURASIP J. Adv. Sig. Proc.;journals/ejasp/GengCPS05;2011-03-02;;;14;2229-2240;;;;;;;;;;db/journals/ejasp/ejasp2005.html#GengCPS05;2005;2005
input_article.csv	833397	Missing journal article title	3692887;Necdet Batir;;;;;;;http://dx.doi.org/10.1016/j.jat.2013.06.002;q;Journal of Approximation Theory;journals/jat/Batir13;2013-08-29;;;;54-64;;;;;;;;;;db/journals/jat/jat174.html#Batir13;174;2013
input_article.csv	833691	Missing journal article title	3693181;Ferenc Weisz;;;;;;;http://dx.doi.org/10.1016/j.jat.2010.07.011;l;Journal of Approximation Theory;journals/jat/Weisz11;2011-02-01;;;2;99-116;;;;;1;;;;;db/journals/jat/jat163.html#Weisz11;163;2011
input_article.csv	833723	Missing journal article title	3693213;Imed Lamiri;;;;;;;http://dx.doi.org/10.1016/j.jat.2012.07.002;d|q;Journal of Approximation Theory;journals/jat/Lamiri13;2013-05-24;;;;116-133;;;;;;;;;;db/journals/jat/jat170.html#Lamiri13;170;2013
input_article.csv	836288	Missing journal article title	3695778;Burghard Lipphardt|Christian Tamm|Ekkehard Peik|Harald Schnatz|Robert Wynands|Stefan Weyers|Tobias Schneider;;;;;;;http://dx.doi.org/10.1109/TIM.2007.891140;;IEEE T. Instrumentation and Measurement;journals/tim/TammLSWWSP07;2011-05-13;;;2;601-604;;;;;;+|171;;;;db/journals/tim/tim56.html#TammLSWWSP07;56;2007
input_article.csv	840957	Missing journal article title	3700447;Grace S. Deaecto|Jamal Daafouz|José Claudio Geromel;;;;;;;http://dx.doi.org/10.1137/110848633;H|H;SIAM J. Control and Optimization;journals/siamco/DeaectoDG12;2012-12-07;;;3;1597-1615;;;;;2|INFINITY;;;;;db/journals/siamco/siamco50.html#DeaectoDG12;50;2012
input_article.csv	846544	Missing journal article title	3706034;James D. Hess|Niladri Syam|Partha Krishnamurthy;;;;;;;http://dx.doi.org/10.1287/mksc.1070.0302;That's;Marketing Science;journals/mktsci/SyamKH08;2010-03-09;;;3;379-397;;;;;;;;;;db/journals/mktsci/mktsci27.html#SyamKH08;27;2008
input_article.csv	846860	Missing journal article title	3706350;Bhyravabhotla Jayaram|D. Biswas|Tanya Singh;;;;;;;http://dx.doi.org/10.1021/ci200193z;AADS;Journal of Chemical Information and Modeling;journals/jcisd/SinghBJ11;2014-02-11;;;10;2515-2527;;;;;;;;;;db/journals/jcisd/jcisd51.html#SinghBJ11;51;2011
input_article.csv	847583	Missing journal article title	3707073;David W. Roberts|John C. Dearden|Judith C. Madden|Mark Hewitt|Mark T. D. Cronin|Steven J. Enoch;;;;;;;http://dx.doi.org/10.1021/ci900286s;In Silico;Journal of Chemical Information and Modeling;journals/jcisd/HewittCEMRD09;2014-02-09;;;11;2572-2587;;;;;;;;;;db/journals/jcisd/jcisd49.html#HewittCEMRD09;49;2009
input_article.csv	847729	Missing journal article title	3707219;Jan Adam|Jaroslav Koca|Martin Prokop|Michaela Wimmerová|Zdenek Kríz;;;;;;;http://dx.doi.org/10.1021/ci8002107;In Silico|Pseudomonas aeruginosa;Journal of Chemical Information and Modeling;journals/jcisd/AdamKPWK08;2014-02-07;;;11;2234-2242;;;;;;;;;;db/journals/jcisd/jcisd48.html#AdamKPWK08;48;2008
input_article.csv	848294	Missing journal article title	3707784;Nathan R. McElroy|Pierre Bruneau;;;;;;;http://dx.doi.org/10.1021/ci0504014;logD;Journal of Chemical Information and Modeling;journals/jcisd/BruneauM06;2006-09-29;;;3;1379-1387;;;;;7.4;;;;;db/journals/jcisd/jcisd46.html#BruneauM06;46;2006
input_article.csv	848454	Missing journal article title	3707944;Frank Oellien|Johann Gasteiger|Wolf-Dietrich Ihlenfeldt;;;;;;;http://dx.doi.org/10.1021/ci050202k;InfVis;Journal of Chemical Information and Modeling;journals/jcisd/OellienIG05;2006-10-05;;;5;1456-1467;;;;;;;;;;db/journals/jcisd/jcisd45.html#OellienIG05;45;2005
input_article.csv	848497	Missing journal article title	3707987;Loren D. Mendelsohn;;;;;;;http://dx.doi.org/10.1021/ci034178r;Houben-Weyl|Science of Synthesis;Journal of Chemical Information and Computer Sciences;journals/jcisd/Mendelsohn03;2006-10-25;;;6;2198-2199;;;;;;;;;;db/journals/jcisd/jcisd43.html#Mendelsohn03;43;2003
input_article.csv	849042	Missing journal article title	3708532;Cristina Potrich|Didier A. Colin|Gabriella Viero|Gianfranco Menestrina|Gilles Prévost|Lamine Baba-Moussa|Manuela Coraiola|Massimiliano Comai|Mauro Dalla Serra|Mercedes Ferreras|Sucharit Bhakdi;;;;;;;http://dx.doi.org/10.1021/ci050175y;Staphylococcus aureus;Journal of Chemical Information and Modeling;journals/jcisd/SerraCVCPFBCMBP05;2006-10-05;;;6;1539-1545;;;;;;;;;;db/journals/jcisd/jcisd45.html#SerraCVCPFBCMBP05;45;2005
input_article.csv	849237	Missing journal article title	3708727;Gerd Neudert|Gerhard Klebe;;;;;;;http://dx.doi.org/10.1021/ci200274q;DSX;Journal of Chemical Information and Modeling;journals/jcisd/NeudertK11;2014-02-11;;;10;2731-2745;;;;;;;;;;db/journals/jcisd/jcisd51.html#NeudertK11;51;2011
input_article.csv	849428	Missing journal article title	3708918;Andrew J. Hutt|Jogoth Ali|Marc B. Brown|Patrick Camilleri|Stewart B. Kirton;;;;;;;http://dx.doi.org/10.1021/ci300447c;In Silico;Journal of Chemical Information and Modeling;journals/jcisd/AliCBHK12a;2014-02-12;;;11;2950-2957;;;;;;;;;;db/journals/jcisd/jcisd52.html#AliCBHK12a;52;2012
input_article.csv	849491	Missing journal article title	3708981;Antony J. Williams|Eduard R. Martirosian|Gary E. Martin|Kirill A. Blinov|Mikhail E. Elyashberg|Sergey G. Molodtsov;;;;;;;http://dx.doi.org/10.1021/ci0341060;Structure Elucidator: ;Journal of Chemical Information and Modeling;journals/jcisd/ElyashbergBWMMM04;2006-10-25;;;3;771-792;;;;;;;;;;db/journals/jcisd/jcisd44.html#ElyashbergBWMMM04;44;2004
input_article.csv	850767	Missing journal article title	3710257;Alexander Tropsha|Peter Itskowitz;;;;;;;http://dx.doi.org/10.1021/ci049628+;k;Journal of Chemical Information and Modeling;journals/jcisd/ItskowitzT05;2006-10-05;;;3;777-785;;;;;;;;;;db/journals/jcisd/jcisd45.html#ItskowitzT05;45;2005
input_article.csv	850906	Missing journal article title	3710396;Sangtae Kim;;;;;;;http://dx.doi.org/10.1021/ci060100+;Cyberinfrastructure: Enabling the Chemical Sciences;Journal of Chemical Information and Modeling;journals/jcisd/Kim06;2006-09-29;;;3;938;;;;;;;;;;db/journals/jcisd/jcisd46.html#Kim06;46;2006
input_article.csv	851468	Missing journal article title	3710958;Amol V. Shivange|Nilanjan Roy|Rameshwar U. Kadam;;;;;;;http://dx.doi.org/10.1021/ci6004806;Escherichia|Pseudomonas aeruginosa|coli;Journal of Chemical Information and Modeling;journals/jcisd/KadamSR07;2014-02-06;;;3;1215-1224;;;;;;;;;;db/journals/jcisd/jcisd47.html#KadamSR07;47;2007
input_article.csv	851611	Missing journal article title	3711101;Bruce A. Pearce|Dan A. Buzatu|Elizabeth L. Geesaman|Jon G. Wilkes|Laura K. Schnackenberg|Richard D. Beger|Svetoslav H. Slavov;;;;;;;http://dx.doi.org/10.1021/ci3001698;;Journal of Chemical Information and Modeling;journals/jcisd/SlavovGPSBWB12;2014-02-12;;;7;1854-1864;;;;;;13;;;;db/journals/jcisd/jcisd52.html#SlavovGPSBWB12;52;2012
input_article.csv	851692	Missing journal article title	3711182;Agostino Casapullo|Alberta Fontana|Dario Duca|Giampaolo Barone|Giuseppe Bifulco;;;;;;;http://dx.doi.org/10.1021/ci034258v;SCSA;Journal of Chemical Information and Modeling;journals/jcisd/DucaBBCF04;2006-10-25;;;3;1024-1030;;;;;;;;;;db/journals/jcisd/jcisd44.html#DucaBBCF04;44;2004
input_article.csv	851771	Missing journal article title	3711261;Amit Kulkarni|Bradley C. Pearce|David R. Langley|Hongwei Huang|Jia Kang;;;;;;;http://dx.doi.org/10.1021/ci900073k;E-Novo;Journal of Chemical Information and Modeling;journals/jcisd/PearceLKHK09;2014-02-09;;;7;1797-1809;;;;;;;;;;db/journals/jcisd/jcisd49.html#PearceLKHK09;49;2009
input_article.csv	851813	Missing journal article title	3711303;Debojyoti Dutta|Peter C. Jurs|Rajarshi Guha|Ting Chen;;;;;;;http://dx.doi.org/10.1021/ci060013h;R;Journal of Chemical Information and Modeling;journals/jcisd/GuhaDJC06;2006-09-29;;;4;1713-1722;;;;;;;;;;db/journals/jcisd/jcisd46.html#GuhaDJC06;46;2006
input_article.csv	852228	Missing journal article title	3711718;William L. Jorgensen;;;;;;;http://dx.doi.org/10.1021/ci040131+;Journal of Chemical Information and Modeling;Journal of Chemical Information and Modeling;journals/jcisd/Jorgensen05;2006-10-05;;;1;1;;;;;;;;;;db/journals/jcisd/jcisd45.html#Jorgensen05;45;2005
input_article.csv	852335	Missing journal article title	3711825;Andrew R. Barron|Claudiu T. Supuran|Mananjali K. Kumar|Manthos G. Papadopoulos|Nadjmeh Doostdar|Serdar Durdagi|T. Amanda Strom|Thomas M. Mavromoustakos;;;;;;;http://dx.doi.org/10.1021/ci900047s;In Silico;Journal of Chemical Information and Modeling;journals/jcisd/DurdagiSSDKBMP09;2014-02-09;;;5;1139-1143;;;;;;;;;;db/journals/jcisd/jcisd49.html#DurdagiSSDKBMP09;49;2009
input_article.csv	856201	Missing journal article title	3715691;David Ríos Insua|Fabrizio Ruggeri|Simon French;;;;;;;http://dx.doi.org/10.1287/deca.1070.0098;e;Decision Analysis;journals/da/FrenchIR07;2010-03-09;;;4;211-226;;;;;;;;;;db/journals/da/da4.html#FrenchIR07;4;2007
input_article.csv	857970	Missing journal article title	3717460;Jenö Töröcsik;;;;;;;http://dx.doi.org/10.1137/0406039;n|n+1;SIAM J. Discrete Math.;journals/siamdm/Torocsik93;2011-02-01;;;3;491-500;;;;;;;;;;db/journals/siamdm/siamdm6.html#Torocsik93;6;1993
input_article.csv	858114	Missing journal article title	3717604;Davide Crippa|George E. Andrews|Klaus Simon;;;;;;;http://dx.doi.org/10.1137/S0895480194262497;q;SIAM J. Discrete Math.;journals/siamdm/AndrewsCS97;2011-02-01;;;1;41-56;;;;;;;;;;db/journals/siamdm/siamdm10.html#AndrewsCS97;10;1997
input_article.csv	862111	Missing journal article title	3721601;Matthew H. Edney;;;;;;;http://dx.doi.org/10.3138/carto.47.1.64;Plus ça change;Cartographica;journals/cartographica/Edney12;2012-03-12;;;1;64-69;;;;;;;;;;db/journals/cartographica/cartographica47.html#Edney12;47;2012
input_article.csv	862437	Missing journal article title	3721927;Katta G. Murty;;;;;;;http://journals.hil.unb.ca/index.php/AOR/article/view/19441;O|m;Algorithmic Operations Research;journals/aor/Murty12;2012-09-18;;;1;30-40;;;;;;;;;;db/journals/aor/aor7.html#Murty12;7;2012
input_article.csv	863174	Missing journal article title	3722664;Dirk von Hugo|Michael Schnell;;;;;;;http://dx.doi.org/10.1002/ett.4460090610;Letter;European Transactions on Telecommunications;journals/ett/SchnellH98;2013-07-24;;;6;561-568;;;;;a;;;;;db/journals/ett/ett9.html#SchnellH98;9;1998
input_article.csv	863325	Missing journal article title	3722815;Marco Monti|Simone Frattasi;;;;;;;http://dx.doi.org/10.1002/ett.1223;Ad-Coop|ad-hoc;European Transactions on Telecommunications;journals/ett/FrattasiM08;2010-06-28;;;8;923-934;;;;;;;;;;db/journals/ett/ett19.html#FrattasiM08;19;2008
input_article.csv	863418	Missing journal article title	3722908;Jung-Shyr Wu|Shyh-Wen Su;;;;;;;http://dx.doi.org/10.1002/ett.4460090305;Letter;European Transactions on Telecommunications;journals/ett/WuS98;2013-04-26;;;3;259-267;;;;;;;;;;db/journals/ett/ett9.html#WuS98;9;1998
input_article.csv	863694	Missing journal article title	3723184;Efstathios D. Sykas|Emmanuel N. Protonotarios|Konstantinos M. Vlakos|Konstantinos P. Tsoukatos;;;;;;;http://dx.doi.org/10.1002/ett.4460050314;Letter;European Transactions on Telecommunications;journals/ett/SykasVTP94;2013-04-29;;;3;391-396;;;;;;;;;;db/journals/ett/ett5.html#SykasVTP94;5;1994
input_article.csv	863748	Missing journal article title	3723238;Riccardo Bernardini|Roberto Manduchi;;;;;;;http://dx.doi.org/10.1002/ett.4460050312;Letter;European Transactions on Telecommunications;journals/ett/BernardiniM94;2013-04-29;;;3;377-380;;;;;;;;;;db/journals/ett/ett5.html#BernardiniM94;5;1994
input_article.csv	863811	Missing journal article title	3723301;Pavel Hasan;;;;;;;http://dx.doi.org/10.1002/ett.4460050513;Letter;European Transactions on Telecommunications;journals/ett/Hasan94a;2013-04-29;;;5;619-624;;;;;;;;;;db/journals/ett/ett5.html#Hasan94a;5;1994
input_article.csv	864002	Missing journal article title	3723492;Karl Heinrich Hofmann;;;;;;;http://dx.doi.org/10.1002/ett.4460050512;Letter;European Transactions on Telecommunications;journals/ett/Hofmann94;2013-04-29;;;5;615-618;;;;;;;;;;db/journals/ett/ett5.html#Hofmann94;5;1994
input_article.csv	864021	Missing journal article title	3723511;Gerd Zimmermann|Werner Rupprecht;;;;;;;http://dx.doi.org/10.1002/ett.4460050310;Letter;European Transactions on Telecommunications;journals/ett/ZimmermannR94;2013-04-29;;;3;365-370;;;;;;;;;;db/journals/ett/ett5.html#ZimmermannR94;5;1994
input_article.csv	864194	Missing journal article title	3723684;Christian Kempter|Markus Breitbach|Martin Bossert|Rainer Lucas;;;;;;;http://dx.doi.org/10.1002/ett.4460090308;Letter;European Transactions on Telecommunications;journals/ett/BreitbachBLK98;2013-04-26;;;3;289-293;;;;;;;;;;db/journals/ett/ett9.html#BreitbachBLK98;9;1998
input_article.csv	864284	Missing journal article title	3723774;Patrizia Tavella;;;;;;;http://dx.doi.org/10.1002/ett.4460090611;Letter;European Transactions on Telecommunications;journals/ett/Tavella98;2013-04-26;;;6;569-570;;;;;;;;;;db/journals/ett/ett9.html#Tavella98;9;1998
input_article.csv	864434	Missing journal article title	3723924;Francesco Carassa;;;;;;;http://dx.doi.org/10.1002/ett.4460050316;Letter;European Transactions on Telecommunications;journals/ett/Carassa94;2013-04-29;;;3;405-410;;;;;;;;;;db/journals/ett/ett5.html#Carassa94;5;1994
input_article.csv	864682	Missing journal article title	3724172;Franco Chiaraluce|Giovanni Cancellieri|Giovanni Guidotti;;;;;;;http://dx.doi.org/10.1002/ett.4460050115;Letter;European Transactions on Telecommunications;journals/ett/CancellieriCG94;2013-04-29;;;1;85-92;;;;;;;;;;db/journals/ett/ett5.html#CancellieriCG94;5;1994
input_article.csv	864819	Missing journal article title	3724309;Bharat B. Biswal|Christopher P. Pawela;;;;;;;http://dx.doi.org/10.1089/brain.2011.0020;Brain Connectivity;Brain Connectivity;journals/brain/PawelaB11;2012-12-13;;;1;1-2;;;;;;;;;;db/journals/brain/brain1.html#PawelaB11;1;2011
input_article.csv	864838	Missing journal article title	3724328;Alfonso Nieto-Castañón|Susan L. Whitfield-Gabrieli;;;;;;;http://dx.doi.org/10.1089/brain.2012.0073;Conn;Brain Connectivity;journals/brain/Whitfield-GabrieliN12;2012-12-13;;;3;125-141;;;;;;;;;;db/journals/brain/brain2.html#Whitfield-GabrieliN12;2;2012
input_article.csv	868003	Missing journal article title	3727493;Chin-Hsiung Wu|Shi-Jinn Horng;;;;;;;http://doi.ieeecomputersociety.org/10.1109/71.970563;L;IEEE Trans. Parallel Distrib. Syst.;journals/tpds/WuH01;2011-11-03;;;12;1281-1292;;;;;2;;;;;db/journals/tpds/tpds12.html#WuH01;12;2001
input_article.csv	870146	Missing journal article title	3729636;Jason Baldridge;;;;;;;http://dx.doi.org/10.1017/S1351324904233435;Verbmobil: Foundations of Speech-to-Speech Translation;Natural Language Engineering;journals/nle/Baldridge04;2012-03-26;;;2;200-204;;;;;;;;;;db/journals/nle/nle10.html#Baldridge04;10;2004
input_article.csv	870180	Missing journal article title	3729670;John Tait;;;;;;;http://dx.doi.org/10.1017/S1351324904213432;Spotting and Discovering Terms through Natural Language Processing;Natural Language Engineering;journals/nle/Tait04;2012-03-26;;;2;195-196;;;;;;;;;;db/journals/nle/nle10.html#Tait04;10;2004
input_article.csv	870275	Missing journal article title	3729765;Diana McCarthy;;;;;;;http://dx.doi.org/10.1017/S1351324904223439;Word Sense Disambiguation: The Case for Combinations of Knowledge Sources;Natural Language Engineering;journals/nle/McCarthy04;2012-03-26;;;2;196-200;;;;;;;;;;db/journals/nle/nle10.html#McCarthy04;10;2004
input_article.csv	870308	Missing journal article title	3729798;Pinar Donmez;;;;;;;http://dx.doi.org/10.1017/S1351324912000290;Introduction to Machine Learning;Natural Language Engineering;journals/nle/Donmez13;2013-04-13;;;2;285-288;;;;;;;;;;db/journals/nle/nle19.html#Donmez13;19;2013
input_article.csv	870329	Missing journal article title	3729819;Aline Villavicencio;;;;;;;http://dx.doi.org/10.1017/S1351324911000283;Syntax-Based Collocation Extraction;Natural Language Engineering;journals/nle/Villavicencio12;2013-04-03;;;4;575-579;;;;;;;;;;db/journals/nle/nle18.html#Villavicencio12;18;2012
input_article.csv	870356	Missing journal article title	3729846;Miles Osborne;;;;;;;http://dx.doi.org/10.1017/S1351324909990222;Learning Machine Translation;Natural Language Engineering;journals/nle/Osborne10;2010-12-01;;;1;99-100;;;;;;;;;;db/journals/nle/nle16.html#Osborne10;16;2010
input_article.csv	873269	Missing journal article title	3732759;Gunther Mainhardt;;;;;;;http://projecteuclid.org/euclid.jsl/1080938824;NP|P;J. Symb. Log.;journals/jsyml/Mainhardt04;2010-04-19;;;1;39-64;;;;;;;;;;db/journals/jsyml/jsyml69.html#Mainhardt04;69;2004
input_article.csv	876541	Missing journal article title	3736031;Remi Strullu;;;;;;;http://projecteuclid.org/euclid.jsl/1318338859;MRP;J. Symb. Log.;journals/jsyml/Strullu11;2011-11-08;;;4;1441-1452;;;;;;;;;;db/journals/jsyml/jsyml76.html#Strullu11;76;2011
input_article.csv	877515	Missing journal article title	3737005;Alim P. C. Gonçalves|André R. Fioravanti|José Claudio Geromel;;;;;;;http://dx.doi.org/10.1109/TAC.2009.2015553;H;IEEE Trans. Automat. Contr.;journals/tac/GoncalvesFG09;2012-07-07;;;6;1347-1351;;;;;∞;;;;;db/journals/tac/tac54.html#GoncalvesFG09;54;2009
input_article.csv	877608	Missing journal article title	3737098;D. Gray Roberson|Daniel J. Stilwell;;;;;;;http://dx.doi.org/10.1109/TAC.2009.2017974;L;IEEE Trans. Automat. Contr.;journals/tac/RobersonS09;2012-07-07;;;7;1632-1637;;;;;2;;;;;db/journals/tac/tac54.html#RobersonS09;54;2009
input_article.csv	877746	Missing journal article title	3737236;Chengyu Cao|Naira Hovakimyan;;;;;;;http://dx.doi.org/10.1109/TAC.2008.919550;L;IEEE Trans. Automat. Contr.;journals/tac/CaoH08a;2012-09-12;;;3;815-821;;;;;1;;;;;db/journals/tac/tac53.html#CaoH08a;53;2008
input_article.csv	879240	Missing journal article title	3738730;Victor F. Sokolov;;;;;;;http://dx.doi.org/10.1109/TAC.2009.2026844;;IEEE Trans. Automat. Contr.;journals/tac/Sokolov09;2012-11-19;;;9;2199-2205;;;;;1;;;;;db/journals/tac/tac54.html#Sokolov09;54;2009
input_article.csv	879857	Missing journal article title	3739347;PooGyeon Park|Sung Hyun Kim;;;;;;;http://dx.doi.org/10.1109/TAC.2008.921042;H;IEEE Trans. Automat. Contr.;journals/tac/KimP08;2012-09-12;;;6;1492-1498;;;;;INFINITY;;;;;db/journals/tac/tac53.html#KimP08;53;2008
input_article.csv	879895	Missing journal article title	3739385;Benjamin Gerard|Harouna Souley Ali|Michel Zasadzinski|Mohamed Darouach;;;;;;;http://dx.doi.org/10.1109/TAC.2010.2046075;H;IEEE Trans. Automat. Contr.;journals/tac/GerardAZD10;2012-06-25;;;7;1668-1674;;;;;INFINITY ;;;;;db/journals/tac/tac55.html#GerardAZD10;55;2010
input_article.csv	880278	Missing journal article title	3739768;José Claudio Geromel|Patrizio Colaneri;;;;;;;http://dx.doi.org/10.1109/TAC.2009.2033861;H;IEEE Trans. Automat. Contr.;journals/tac/GeromelC10;2012-06-25;;;1;207-212;;;;;INFINITY;;;;;db/journals/tac/tac55.html#GeromelC10;55;2010
input_article.csv	880825	Missing journal article title	3740315;Huijun Gao|Tongwen Chen;;;;;;;http://dx.doi.org/10.1109/TAC.2007.908316;H;IEEE Trans. Automat. Contr.;journals/tac/GaoC07a;2012-09-20;;;11;2070-2084;;;;;∞;;;;;db/journals/tac/tac52.html#GaoC07a;52;2007
input_article.csv	881193	Missing journal article title	3740683;P. A. Parrilo|P. Shah;;;;;;;http://dx.doi.org/10.1109/TAC.2013.2281881;H;IEEE Trans. Automat. Contr.;journals/tac/ShahP13;2014-01-23;;;12;3084-3096;;;;;2;;;;;db/journals/tac/tac58.html#ShahP13;58;2013
input_article.csv	881605	Missing journal article title	3741095;Corentin Briat|Jean-François Lafay|Olivier Sename;;;;;;;http://dx.doi.org/10.1109/TAC.2009.2026859;H;IEEE Trans. Automat. Contr.;journals/tac/BriatSL09;2012-07-07;;;9;2255-2260;;;;;∞;;;;;db/journals/tac/tac54.html#BriatSL09;54;2009
input_article.csv	882992	Missing journal article title	3742482;Enrico Puppo|Paola Magillo|Pedro A. Ramos|Raquel Viaña;;;;;;;http://dx.doi.org/10.1007/s10707-006-9832-y;Multi-VMap;GeoInformatica;journals/geoinformatica/VianaMPR06;2007-02-08;;;3;359-394;;;;;;;;;;db/journals/geoinformatica/geoinformatica10.html#VianaMPR06;10;2006
input_article.csv	883277	Missing journal article title	3742767;Scott T. Leutenegger|Shayma Alkobaisi|Wan D. Bae;;;;;;;http://dx.doi.org/10.1007/s10707-009-0089-0;IRSJ;GeoInformatica;journals/geoinformatica/BaeAL10;2010-08-11;;;4;507-543;;;;;;;;;;db/journals/geoinformatica/geoinformatica14.html#BaeAL10;14;2010
input_article.csv	884615	Missing journal article title	3744105;Jaroslav Morávek|Mirko Krivánek;;;;;;;http://dx.doi.org/10.1007/BF00289116; NP ;Acta Inf.;journals/acta/KrivanekM86;2011-01-11;;;3;311-323;;;;;;;;;;db/journals/acta/acta23.html#KrivanekM86;23;1986
input_article.csv	884890	Missing journal article title	3744380;N. P. Chapman;;;;;;;http://dx.doi.org/10.1007/BF00289138; LALR ;Acta Inf.;journals/acta/Chapman84;2011-01-11;;;;29-45;;;;;;;;;;db/journals/acta/acta21.html#Chapman84;21;1984
input_article.csv	885361	Missing journal article title	3744851;Rainer Kemp;;;;;;;http://dx.doi.org/10.1007/BF00289265; LR | LR ;Acta Inf.;journals/acta/Kemp81;2011-01-11;;;;265-280;;;;;;;;;;db/journals/acta/acta15.html#Kemp81;15;1981
input_article.csv	886949	Missing journal article title	3746439;Cliburn Chan|Jacob Frelinger|Thomas B. Kepler;;;;;;;http://dx.doi.org/10.1186/1751-0473-3-10;Flow;Source Code for Biology and Medicine;journals/scfbm/FrelingerKC08;2009-09-07;;;;;;;;;;;;;;db/journals/scfbm/scfbm3.html#FrelingerKC08;3;2008
input_article.csv	887432	Missing journal article title	3746922;Sylvain Lavallée;;;;;;;http://dx.doi.org/10.1016/j.ipl.2008.04.016;I;Inf. Process. Lett.;journals/ipl/Lavallee08;2009-01-14;;;3;124-126;;;;;;;;;;db/journals/ipl/ipl108.html#Lavallee08;108;2008
input_article.csv	892525	Missing journal article title	3752015;San Skulrattanakulchai;;;;;;;http://dx.doi.org/10.1016/j.ipl.2005.12.007;Delta;Inf. Process. Lett.;journals/ipl/Skulrattanakulchai06;2006-04-27;;;3;101-106;;;;;;;;;;db/journals/ipl/ipl98.html#Skulrattanakulchai06;98;2006
input_article.csv	892943	Missing journal article title	3752433;Aleksander Vesel|Danilo Korze;;;;;;;http://dx.doi.org/10.1016/j.ipl.2005.01.007;L;Inf. Process. Lett.;journals/ipl/KorzeV05;2005-05-13;;;4;183-190;;;;;;;;;;db/journals/ipl/ipl94.html#KorzeV05;94;2005
input_article.csv	894469	Missing journal article title	3753959;Jingjing Cheng|Laijun Zhao|Qin Wang|Ying Qian;;;;;;;http://dx.doi.org/10.1177/0037549712451164;USEIRS;Simulation;journals/simulation/ZhaoCQW12;2012-11-25;;;12;1456-1464;;;;;;;;;;db/journals/simulation/simulation88.html#ZhaoCQW12;88;2012
input_article.csv	894969	Missing journal article title	3754459;John McLeod|Suzette McLeod;;;;;;;http://dx.doi.org/10.1177/003754979706800101;Simulation in the Service of Society;Simulation;journals/simulation/McLeodM97;2013-05-22;;;1;74-79;;;;;;;;;;db/journals/simulation/simulation68.html#McLeodM97;68;1997
input_article.csv	899332	Missing journal article title	3758822;Baoquan Chen|Daniel Cohen-Or|Guiqing Li|Hao Zhang 0002|Hui Huang 0004|Minglun Gong|Shihao Wu;;;;;;;http://doi.acm.org/10.1145/2461912.2461913;L;ACM Trans. Graph.;journals/tog/0004WCGZLC13;2013-07-20;;;4;65;;;;;1;;;;;db/journals/tog/tog32.html#0004WCGZLC13;32;2013
input_article.csv	899545	Missing journal article title	3759035;Andrew A. Davidson|Anjul Patney|John D. Owens|Keith R. Dalbey|Mohamed S. Ebeida|Scott A. Mitchell;;;;;;;http://doi.acm.org/10.1145/2522528;k|k;ACM Trans. Graph.;journals/tog/EbeidaPMDDO14;2014-02-18;;;1;3;;;;;;;;;;db/journals/tog/tog33.html#EbeidaPMDDO14;33;2014
input_article.csv	899648	Missing journal article title	3759138;Andrei Sharf|Chen Greif|Daniel Cohen-Or|Haim Avron;;;;;;;http://doi.acm.org/10.1145/1857907.1857911;l;ACM Trans. Graph.;journals/tog/AvronSGC10;2010-12-07;;;5;135;;;;;1;;;;;db/journals/tog/tog29.html#AvronSGC10;29;2010
input_article.csv	899904	Missing journal article title	3759394;Fabio Pellacini|Jonathan D. Denning|William B. Kerr;;;;;;;http://doi.acm.org/10.1145/2010324.1964961;MeshFlow;ACM Trans. Graph.;journals/tog/DenningKP11;2011-08-09;;;4;66;;;;;;;;;;db/journals/tog/tog30.html#DenningKP11;30;2011
input_article.csv	900332	Missing journal article title	3759822;Fabio Pellacini;;;;;;;http://doi.acm.org/10.1145/1833351.1778771;envyLight;ACM Trans. Graph.;journals/tog/Pellacini10;2010-07-12;;;4;;;;;;;;;;;db/journals/tog/tog29.html#Pellacini10;29;2010
input_article.csv	901066	Missing journal article title	3760556;Andrew McMahon|Dan Lelescu|Gabriel Molina|Jacques Duparré|Kartik Venkataraman|Priyam Chatterjee|Robert Mullis|Shree Nayar;;;;;;;http://doi.acm.org/10.1145/2508363.2508390;PiCam;ACM Trans. Graph.;journals/tog/VenkataramanLDMMCMN13;2013-12-12;;;6;166;;;;;;;;;;db/journals/tog/tog32.html#VenkataramanLDMMCMN13;32;2013
input_article.csv	901188	Missing journal article title	3760678;Bruno Lévy|Yang Liu;;;;;;;http://doi.acm.org/10.1145/1833351.1778856;L|p;ACM Trans. Graph.;journals/tog/LevyL10;2010-07-12;;;4;;;;;;;;;;;db/journals/tog/tog29.html#LevyL10;29;2010
input_article.csv	901303	Missing journal article title	3760793;Kun Zhou|Ming-Ming Cheng|Niloy J. Mitra|Shi-Min Hu|Xiang Chen|Youyi Zheng;;;;;;;http://doi.acm.org/10.1145/2185520.2185595;Interactive images;ACM Trans. Graph.;journals/tog/ZhengCCZHM12;2012-08-21;;;4;99;;;;;;;;;;db/journals/tog/tog31.html#ZhengCCZHM12;31;2012
input_article.csv	904574	Missing journal article title	3764064;Munther A. Dahleh|Yoshito Ohta;;;;;;;http://dx.doi.org/10.1007/BF01211562;L;MCSS;journals/mcss/DahlehO92;2013-09-30;;;3;281-293;;;;;;1;;;;db/journals/mcss/mcss5.html#DahlehO92;5;1992
input_article.csv	906061	Missing journal article title	3765551;David Melendi|Manuel Vilas|Raquel Sanchez|Roberto García|Víctor G. García|Xabiel G. Pañeda;;;;;;;http://dx.doi.org/10.1007/s11276-008-0117-2;DSMeM Streaming|IEEE 802.11 WLAN;Wireless Networks;journals/winet/VilasSPMGG10;2010-03-02;;;1;95-112;;;;;;;;;;db/journals/winet/winet16.html#VilasSPMGG10;16;2010
input_article.csv	906267	Missing journal article title	3765757;Bijan Davvaz|D. Heidari|Saeed Rasouli;;;;;;;http://www.oldcitypublishing.com/MVLSC/MVLSCabstracts/MVLSC15.5-6abstracts/MVLSCv15n5-6p517-524Rasouli.html;η|η;Multiple-Valued Logic and Soft Computing;journals/mvl/RasouliHD09;2011-07-04;;;5-6;517-524;;;;;;;;;;db/journals/mvl/mvl15.html#RasouliHD09;15;2009
input_article.csv	907019	Missing journal article title	3766509;David J. Studholme|Konrad H. Paszkiewicz;;;;;;;http://dx.doi.org/10.1093/bib/bbq020;De novo;Briefings in Bioinformatics;journals/bib/PaszkiewiczS10;2010-12-28;;;5;457-472;;;;;;;;;;db/journals/bib/bib11.html#PaszkiewiczS10;11;2010
input_article.csv	917137	Missing journal article title	3776627;Guoliang Xu|Qing Pan;;;;;;;http://dx.doi.org/10.1016/j.cad.2005.11.002;G;Computer-Aided Design;journals/cad/XuP06;2006-12-20;;;4;392-403;;;;;;1;;;;db/journals/cad/cad38.html#XuP06;38;2006
input_article.csv	919971	Missing journal article title	3779461;José Nelson Amaral|Peng Zhao;;;;;;;http://dx.doi.org/10.1002/spe.774;Ablego;Softw., Pract. Exper.;journals/spe/ZhaoA07;2007-11-26;;;5;465-491;;;;;;;;;;db/journals/spe/spe37.html#ZhaoA07;37;2007
input_article.csv	920812	Missing journal article title	3780302;Thomas R. G. Green;;;;;;;http://dx.doi.org/10.1002/spe.4380100505;If|Then;Softw., Pract. Exper.;journals/spe/Green80;2012-04-14;;;5;373-381;;;;;;;;;;db/journals/spe/spe10.html#Green80;10;1980
input_article.csv	921342	Missing journal article title	3780832;Chris S. McDonald;;;;;;;http://dx.doi.org/10.1002/spe.4380171003; fsh ;Softw., Pract. Exper.;journals/spe/McDonald87;2012-04-14;;;10;685-700;;;;;;;;;;db/journals/spe/spe17.html#McDonald87;17;1987
input_article.csv	921397	Missing journal article title	3780887;Carl Staelin;;;;;;;http://dx.doi.org/10.1002/spe.665;lmbench;Softw., Pract. Exper.;journals/spe/Staelin05;2006-12-20;;;11;1079-1105;;;;;;;;;;db/journals/spe/spe35.html#Staelin05;35;2005
input_article.csv	921520	Missing journal article title	3781010;K. Ravikanth|Makarand Gawade|Sanjeev Aggarwal;;;;;;;http://dx.doi.org/10.1002/spe.2173;Constantine;Softw., Pract. Exper.;journals/spe/GawadeRA14;2014-04-24;;;5;537-563;;;;;;;;;;db/journals/spe/spe44.html#GawadeRA14;44;2014
input_article.csv	921689	Missing journal article title	3781179;Michael R. Levy|R. Nigel Horspool;;;;;;;http://dx.doi.org/10.1002/spe.4380170602; Mkscan ;Softw., Pract. Exper.;journals/spe/HorspoolL87;2012-04-14;;;6;369-378;;;;;;;;;;db/journals/spe/spe17.html#HorspoolL87;17;1987
input_article.csv	922424	Missing journal article title	3781914;Caroline Appert|Michel Beaudouin-Lafon;;;;;;;http://dx.doi.org/10.1002/spe.867;SwingStates;Softw., Pract. Exper.;journals/spe/AppertB08;2008-09-18;;;11;1149-1182;;;;;;;;;;db/journals/spe/spe38.html#AppertB08;38;2008
input_article.csv	922608	Missing journal article title	3782098;Albert Wiltsche;;;;;;;http://dx.doi.org/10.1016/j.cag.2003.08.003;C|C;Computers & Graphics;journals/cg/Wiltsche03;2004-11-30;;;6;917-930;;;;;;;;;;db/journals/cg/cg27.html#Wiltsche03;27;2003
input_article.csv	924492	Missing journal article title	3783982;Josep Cotrina Navau|Marc Vigo Anglada|Núria Pla Garcia;;;;;;;http://dx.doi.org/10.1016/j.cag.2006.05.001;N;Computers & Graphics;journals/cg/GarciaAN06;2007-01-24;;;6;959-970;;;;;;;;;;db/journals/cg/cg30.html#GarciaAN06;30;2006
input_article.csv	925223	Missing journal article title	3784713;Christian H. Bischof|Marc Schirski|Martin Hopp|Philipp Adomeit|Stefan Pischinger|Torsten Kuhlen;;;;;;;http://dx.doi.org/10.1016/j.cag.2004.11.004;Virtual Tubelets;Computers & Graphics;journals/cg/SchirskiKHAPB05;2005-09-16;;;1;17-27;;;;;;;;;;db/journals/cg/cg29.html#SchirskiKHAPB05;29;2005
input_article.csv	928630	Missing journal article title	3788120;Garrett J. van Ryzin|Kenneth L. Judd;;;;;;;http://dx.doi.org/10.1287/opre.1070.0512;Operations Research;Operations Research;journals/ior/JuddR07c;2009-09-07;;;6;1204;;;;;;;;;;db/journals/ior/ior55.html#JuddR07c;55;2007
input_article.csv	928774	Missing journal article title	3788264;Moshe Kress|Shmuel S. Oren|Stefanos A. Zenios;;;;;;;http://dx.doi.org/10.1287/opre.1090.0775;Operations Research;Operations Research;journals/ior/KressOZ09;2010-04-12;;;6;1549;;;;;;;;;;db/journals/ior/ior57.html#KressOZ09;57;2009
input_article.csv	928891	Missing journal article title	3788381;Garrett J. van Ryzin|Kenneth L. Judd;;;;;;;http://dx.doi.org/10.1287/opre.1070.0468;Operations Research;Operations Research;journals/ior/JuddR07a;2009-09-07;;;4;807;;;;;;;;;;db/journals/ior/ior55.html#JuddR07a;55;2007
input_article.csv	928954	Missing journal article title	3788444;Garrett J. van Ryzin|Kenneth L. Judd;;;;;;;http://dx.doi.org/10.1287/opre.1070.0454;Operations Research;Operations Research;journals/ior/JuddR07;2009-09-07;;;3;613;;;;;;;;;;db/journals/ior/ior55.html#JuddR07;55;2007
input_article.csv	928962	Missing journal article title	3788452;Garrett J. van Ryzin|Kenneth L. Judd;;;;;;;http://dx.doi.org/10.1287/opre.1070.0499;Operations Research;Operations Research;journals/ior/JuddR07b;2009-09-07;;;5;1000;;;;;;;;;;db/journals/ior/ior55.html#JuddR07b;55;2007
input_article.csv	929546	Missing journal article title	3789036;Garrett J. van Ryzin|Kenneth L. Judd;;;;;;;http://dx.doi.org/10.1287/opre.1080.0563;Operations Research;Operations Research;journals/ior/JuddR08;2009-09-04;;;3;0796-796;;;;;;;;;;db/journals/ior/ior56.html#JuddR08;56;2008
input_article.csv	932948	Missing journal article title	3792438;Antonio Visioli|Fabrizio Padula|Ramon Vilanova|Salvador Alcantara;;;;;;;http://dx.doi.org/10.1016/j.automatica.2013.04.012;H|∞;Automatica;journals/automatica/PadulaAVV13;2013-07-08;;;7;2276-2280;;;;;;;;;;db/journals/automatica/automatica49.html#PadulaAVV13;49;2013
input_article.csv	933428	Missing journal article title	3792918;Makan Fardad|Mihailo R. Jovanovic;;;;;;;http://dx.doi.org/10.1016/j.automatica.2007.12.015;I;Automatica;journals/automatica/JovanovicF08;2009-01-15;;;8;2090-2098;;;;;;;;;;db/journals/automatica/automatica44.html#JovanovicF08;44;2008
input_article.csv	934122	Missing journal article title	3793612;José Claudio Geromel|Rubens H. Korogui;;;;;;;http://dx.doi.org/10.1016/j.automatica.2007.08.010;I;Automatica;journals/automatica/GeromelK08;2009-01-15;;;4;937-948;;;;;;;;;;db/journals/automatica/automatica44.html#GeromelK08;44;2008
input_article.csv	934268	Missing journal article title	3793758;Shinji Hara|Toni Bakhtiar;;;;;;;http://dx.doi.org/10.1016/j.automatica.2007.07.002;I;Automatica;journals/automatica/BakhtiarH08;2009-01-15;;;3;659-670;;;;;;;;;;db/journals/automatica/automatica44.html#BakhtiarH08;44;2008
input_article.csv	934748	Missing journal article title	3794238;Cristian Oara|Raluca Marinica;;;;;;;http://dx.doi.org/10.1016/j.automatica.2013.03.023;J;Automatica;journals/automatica/OaraM13;2013-07-08;;;7;2221-2228;;;;;;;;;;db/journals/automatica/automatica49.html#OaraM13;49;2013
input_article.csv	935186	Missing journal article title	3794676;Paulo J. de Oliveira|Pedro Luis Dias Peres|Ricardo C. L. F. Oliveira|Valter J. S. Leite|Vinicius Foletto Montagner;;;;;;;http://dx.doi.org/10.1016/j.automatica.2004.01.025;I;Automatica;journals/automatica/OliveiraOLMP04;2012-10-29;;;6;1053-1061;;;;;;;;;;db/journals/automatica/automatica40.html#OliveiraOLMP04;40;2004
input_article.csv	935837	Missing journal article title	3795327;James Lam|Ping Li|Xiaoming Chen|Zhan Shu;;;;;;;http://dx.doi.org/10.1016/j.automatica.2013.02.023;ℓ;Automatica;journals/automatica/ChenLLS13;2013-05-02;;;5;1377-1385;;;;;1;;;;;db/journals/automatica/automatica49.html#ChenLLS13;49;2013
input_article.csv	936062	Missing journal article title	3795552;Jian Chu|Wei-Jie Mao;;;;;;;http://dx.doi.org/10.1016/j.automatica.2006.03.018;I;Automatica;journals/automatica/MaoC06;2009-02-02;;;9;1589-1592;;;;;;;;;;db/journals/automatica/automatica42.html#MaoC06;42;2006
input_article.csv	936252	Missing journal article title	3795742;Changhong Wang|Huijun Gao|Ligang Wu|Peng Shi;;;;;;;http://dx.doi.org/10.1016/j.automatica.2007.10.027;I;Automatica;journals/automatica/WuSGW08;2009-01-15;;;7;1849-1858;;;;;;;;;;db/journals/automatica/automatica44.html#WuSGW08;44;2008
input_article.csv	936493	Missing journal article title	3795983;Emmanuel Moulay|Laurent Autrique|Oumar Gaye|Rémy Nouailletas|Sylvain Bremond|Yury Orlov;;;;;;;http://dx.doi.org/10.1016/j.automatica.2013.05.011;H|∞;Automatica;journals/automatica/GayeAOMBN13;2013-08-15;;;9;2795-2804;;;;;;;;;;db/journals/automatica/automatica49.html#GayeAOMBN13;49;2013
input_article.csv	937269	Missing journal article title	3796759;Haiming Wang|Kyong-Soo Kim|Qingze Zou;;;;;;;http://dx.doi.org/10.1016/j.automatica.2013.01.044;B;Automatica;journals/automatica/WangKZ13;2013-05-02;;;5;1295-1303;;;;;;;;;;db/journals/automatica/automatica49.html#WangKZ13;49;2013
input_article.csv	937608	Missing journal article title	3797098;Emmanuel Prempain|Ian Postlethwaite;;;;;;;http://dx.doi.org/10.1016/j.automatica.2007.12.008;I|I;Automatica;journals/automatica/PrempainP08;2009-01-15;;;8;2081-2089;;;;;;;;;;db/journals/automatica/automatica44.html#PrempainP08;44;2008
input_article.csv	938393	Missing journal article title	3797883;Alexander Lanzon|Arvin Dehghani|Brian D. O. Anderson;;;;;;;http://dx.doi.org/10.1016/j.automatica.2006.06.007;I;Automatica;journals/automatica/DehghaniLA06;2009-02-02;;;11;1959-1968;;;;;;;;;;db/journals/automatica/automatica42.html#DehghaniLA06;42;2006
input_article.csv	940560	Missing journal article title	3800050;Emmanuel G. Collins Jr.|Hongye Su|Jian Chu|Kaiyu Zhuang|Keqing Zhang|Majura F. Selekwa;;;;;;;http://dx.doi.org/10.1109/TCST.2002.806438;H;IEEE Trans. Contr. Sys. Techn.;journals/tcst/SelekwaCZSZC03;2013-10-24;;;1;153-157;;;;;2;;;;;db/journals/tcst/tcst11.html#SelekwaCZSZC03;11;2003
input_article.csv	943946	Missing journal value	3803437;Andreas Lang|David Megías|Jana Dittmann|Jordi Herrera-Joancomartí;T. Data Hiding and Multimedia Security;;;;journals/tdhms/2006-1;;http://dx.doi.org/10.1007/11926214_1;;;journals/tdhms/DittmannMLH06;2006-11-28;;;;1-40;;;;;;;Theoretical Framework for a Practical Evaluation and Comparison of Audio Watermarking Schemes in the Triangle of Robustness, Transparency and Capacity.;;;db/journals/tdhms/tdhms1.html#DittmannMLH06;;2006
input_article.csv	943947	Missing journal value	3803438;Frank Kamperman|Koen Vrielink|Paul Koster|Peter Lenoir;T. Data Hiding and Multimedia Security;;;;journals/tdhms/2006-1;;http://dx.doi.org/10.1007/11926214_4;;;journals/tdhms/KosterKLV06;2006-11-28;;;;104-122;;;;;;;Identity-Based DRM: Personal Entertainment Domain.;;;db/journals/tdhms/tdhms1.html#KosterKLV06;;2006
input_article.csv	943948	Missing journal value	3803439;Fernando Pérez-González|Juan Ramón Troncoso-Pastoriza|Luis Pérez-Freire|Pedro Comesaña;T. Data Hiding and Multimedia Security;;;;journals/tdhms/2006-1;;http://dx.doi.org/10.1007/11926214_2;;;journals/tdhms/Perez-FreireCTP06;2006-11-28;;;;41-72;;;;;;;Watermarking Security: A Survey.;;;db/journals/tdhms/tdhms1.html#Perez-FreireCTP06;;2006
input_article.csv	943953	Missing journal value	3803445;Husrev T. Sencar|Mehdi Kharrazi|Nasir D. Memon;T. Data Hiding and Multimedia Security;;;;journals/tdhms/2006-1;;http://dx.doi.org/10.1007/11926214_5;;;journals/tdhms/KharraziSM06;2007-07-25;;;;123-137;;;;;;;Improving Steganalysis by Fusion Techniques: A Case Study with Image Steganography.;;;db/journals/tdhms/tdhms1.html#KharraziSM06;;2006
input_article.csv	943977	Missing journal value	3803472;Ahmad-Reza Sadeghi|André Adelsbach|Markus Rohe;T. Data Hiding and Multimedia Security;;;;journals/tdhms/2006-1;;http://dx.doi.org/10.1007/11926214_3;;;journals/tdhms/AdelsbachRS06;2006-11-28;;;;73-103;;;;;;;Efficient Implementation of Zero-Knowledge Proofs for Watermark Detection in Multimedia Data.;;;db/journals/tdhms/tdhms1.html#AdelsbachRS06;;2006
input_article.csv	947741	Missing journal article title	3807240;Daewon Sun|Jack C. Hayya|John G. Kim|John G. Tyworth|Ranga V. Ramasesh;;;;;;;http://dx.doi.org/10.1057/jors.2012.27;JIT;JORS;journals/jors/HayyaRTKS13;2013-06-12;;;1;97-105;;;;;;;;;;db/journals/jors/jors64.html#HayyaRTKS13;64;2013
input_article.csv	949366	Missing journal article title	3808865;Borko D. Stosic|Getulio J. A. Amaral|Luiz H. Dore|Rosangela P. Lessa;;;;;;;http://dx.doi.org/10.1080/03610911003765777;k;Communications in Statistics - Simulation and Computation;journals/cssc/AmaralDLS10;2013-05-17;;;5;1016-1026;;;;;;;;;;db/journals/cssc/cssc39.html#AmaralDLS10;39;2010
input_article.csv	949374	Missing journal article title	3808873;Tobias Mielke;;;;;;;http://dx.doi.org/10.1080/03610918.2012.625826;D;Communications in Statistics - Simulation and Computation;journals/cssc/Mielke12;2012-05-03;;;7;1107-1119;;;;;;;;;;db/journals/cssc/cssc41.html#Mielke12;41;2012
input_article.csv	951467	Missing journal article title	3810966;Chen-Yao Chung|Ping-Yu Hsu|Shih-Hsiang Huang;;;;;;;http://dx.doi.org/10.1016/j.dss.2013.01.020;P|β;Decision Support Systems;journals/dss/ChungHH13;2013-06-11;;;1;314-325;;;;;;;;;;db/journals/dss/dss55.html#ChungHH13;55;2013
input_article.csv	953443	Missing journal article title	3812942;William Gower;;;;;;;http://dx.doi.org/10.1201/1078/43184.15.2.19980301/31126.15;;IS Management;journals/ism/Gower98;2012-02-15;;;2;1-5;;;;;;o;;;;db/journals/ism/ism15.html#Gower98;15;1998
input_article.csv	953899	Missing journal article title	3813398;Mark N. Frolick|Robert Urwiler;;;;;;;http://dx.doi.org/10.1080/10580530701777206;The IT Value Hierarchy;IS Management;journals/ism/UrwilerF08;2008-12-16;;;1;83-88;;;;;;;;;;db/journals/ism/ism25.html#UrwilerF08;25;2008
input_article.csv	955058	Missing journal article title	3814557;Alexei S. Kolesnikov;;;;;;;http://dx.doi.org/10.1016/j.apal.2004.06.001;n;Ann. Pure Appl. Logic;journals/apal/Kolesnikov05;2006-02-09;;;1-3;227-261;;;;;;;;;;db/journals/apal/apal131.html#Kolesnikov05;131;2005
input_article.csv	955257	Missing journal article title	3814756;Andrew E. M. Lewis|Frank Stephan|George Barmpalias;;;;;;;http://dx.doi.org/10.1016/j.apal.2008.06.004;I;Ann. Pure Appl. Logic;journals/apal/BarmpaliasLS08;2009-01-21;;;1;21-38;;;;;;;;;;db/journals/apal/apal156.html#BarmpaliasLS08;156;2008
input_article.csv	955733	Missing journal article title	3815232;Jan Wolenski;;;;;;;http://dx.doi.org/10.1016/j.apal.2003.11.020;Aletheia;Ann. Pure Appl. Logic;journals/apal/Wolenski04;2006-02-20;;;1-3;339-360;;;;;;;;;;db/journals/apal/apal127.html#Wolenski04;127;2004
input_article.csv	955912	Missing journal article title	3815411;Saharon Shelah|Salma Kuhlmann;;;;;;;http://dx.doi.org/10.1016/j.apal.2005.04.001;k;Ann. Pure Appl. Logic;journals/apal/KuhlmannS05;2006-02-07;;;3;284-296;;;;;;;;;;db/journals/apal/apal136.html#KuhlmannS05;136;2005
input_article.csv	956453	Missing journal article title	3815952;Nikos Migas|William J. Buchanan;;;;;;;http://dx.doi.org/10.1080/17445760902894704;Ad hoc;IJPEDS;journals/paapp/MigasB10;2010-11-09;;;4;293-314;;;;;;;;;;db/journals/paapp/paapp25.html#MigasB10;25;2010
input_article.csv	961224	Missing journal article title	3820723;Andreu Català|Cecilio Angulo|Xavier Parra;;;;;;;http://dx.doi.org/10.1016/S0925-2312(03)00435-1;K;Neurocomputing;journals/ijon/AnguloPC03;2006-05-05;;;1-2;57-77;;;;;;;;;;db/journals/ijon/ijon55.html#AnguloPC03;55;2003
input_article.csv	963116	Missing journal article title	3822615;Gavin R. Finnie|Zhaohao Sun;;;;;;;http://dx.doi.org/10.1016/S0950-7051(02)00053-9;R;Knowl.-Based Syst.;journals/kbs/FinnieS03;2004-05-04;;;1;59-65;;;;;;5;;;;db/journals/kbs/kbs16.html#FinnieS03;16;2003
input_article.csv	964760	Missing journal value	3824259;Claudio Eccher|Paola Lecca;T. Comp. Sys. Biology;;;;journals/tcsb/2006-7;;http://dx.doi.org/10.1007/11905455_4;pi;;journals/tcsb/EccherL06;2007-01-04;;;;73-88;;;;;;;Translating SBML Models into the Stochastic ;;;db/journals/tcsb/tcsb7.html#EccherL06;;2006
input_article.csv	964761	Missing journal value	3824260;Boxuan Zhai|Yuan Shi|Zhiyong Peng;T. Comp. Sys. Biology;;;;journals/tcsb/2006-5;;http://dx.doi.org/10.1007/11790105_5;;;journals/tcsb/PengSZ06;2007-01-04;;;;49-67;;;;;;;Realization of Biological Data Management by Object Deputy Database System.;;;db/journals/tcsb/tcsb5.html#PengSZ06;;2006
input_article.csv	964762	Missing journal value	3824261;Michael K. Ng|Shuqin Zhang|Tatsuya Akutsu|Wai-Ki Ching;T. Comp. Sys. Biology;;;;journals/tcsb/2006-5;;http://dx.doi.org/10.1007/11790105_4;;;journals/tcsb/NgZCA06;2008-01-03;;;;36-48;;;;;;;A Control Model for Markovian Genetic Regulatory Networks.;;;db/journals/tcsb/tcsb5.html#NgZCA06;;2006
input_article.csv	964763	Missing journal value	3824263;Xiaohua Hu|Yun Li|Zhong Huang;T. Comp. Sys. Biology;;;;journals/tcsb/2006-5;;http://dx.doi.org/10.1007/11790105_1;;;journals/tcsb/HuangLH06;2007-01-04;;;;1-8;;;;;;;Anti-parallel Coiled Coils Structure Prediction by Support Vector Machine Classification.;;;db/journals/tcsb/tcsb5.html#HuangLH06;;2006
input_article.csv	964765	Missing journal value	3824265;Bo Jin|Yan-Qing Zhang;T. Comp. Sys. Biology;;;;journals/tcsb/2006-5;;http://dx.doi.org/10.1007/11790105_3;;;journals/tcsb/JinZ06;2007-01-04;;;;25-35;;;;;;;Evolutionary Construction of Granular Kernel Trees for Cyclooxygenase-2 Inhibitor Activity Comparison.;;;db/journals/tcsb/tcsb5.html#JinZ06;;2006
input_article.csv	964766	Missing journal value	3824266;Adam P. Arkin|Chris J. Myers|Hiroyuki Kuwahara|Michael S. Samoilov|Nathan A. Barker;T. Comp. Sys. Biology;;;;journals/tcsb/2006-6;;http://dx.doi.org/10.1007/11880646_7;;;journals/tcsb/KuwaharaMSBA06;2007-01-04;;;;150-175;;;;;;;Automated Abstraction Methodology for Genetic Regulatory Networks.;;;db/journals/tcsb/tcsb6.html#KuwaharaMSBA06;;2006
input_article.csv	964769	Missing journal value	3824269;John C. Wooley;T. Comp. Sys. Biology;;;;journals/tcsb/2006-4;;http://dx.doi.org/10.1007/11732488_2;;;journals/tcsb/Wooley06;2007-01-04;;;;14-37;;;;;;;Interdisciplinary Innovation in International Initiatives.;;;db/journals/tcsb/tcsb4.html#Wooley06;;2006
input_article.csv	964770	Missing journal value	3824270;Alessandro Orro|Giuliano Armano|Luciano Milanesi;T. Comp. Sys. Biology;;;;journals/tcsb/2005-3;;http://dx.doi.org/10.1007/11599128_6;;;journals/tcsb/ArmanoMO05;2005-12-22;;;;78-88;;;;;;;Using Secondary Structure Information to Perform Multiple Alignment.;;;db/journals/tcsb/tcsb3.html#ArmanoMO05;;2005
input_article.csv	964771	Missing journal value	3824271;Ari Rantanen|Esa Pitkänen|Esko Ukkonen|Hannu Maaheimo|Juho Rousu;T. Comp. Sys. Biology;;;;journals/tcsb/2006-6;;http://dx.doi.org/10.1007/11880646_9;;;journals/tcsb/RantanenMPRU06;2007-01-04;;;;198-220;;;;;;;Equivalence of Metabolite Fragments and Flow Analysis of Isotopomer Distributions for Flux Estimation.;;;db/journals/tcsb/tcsb6.html#RantanenMPRU06;;2006
input_article.csv	964778	Missing journal value	3824279;Hei-Chia Wang|Tian-Hsiang Huang|Yi-Shiun Lee;T. Comp. Sys. Biology;;;;journals/tcsb/2006-5;;http://dx.doi.org/10.1007/11790105_7;;;journals/tcsb/WangLH06;2007-01-04;;;;83-96;;;;;;;Gene Relation Finding Through Mining Microarray Data and Literature.;;;db/journals/tcsb/tcsb5.html#WangLH06;;2006
input_article.csv	964779	Missing journal value	3824280;Andrew Phillips|Luca Cardelli|Ralf Blossey;T. Comp. Sys. Biology;;;;journals/tcsb/2006-4;;http://dx.doi.org/10.1007/11732488_10;;;journals/tcsb/BlosseyCP06;2007-01-04;;;;99-122;;;;;;;A Compositional Approach to the Stochastic Dynamics of Gene Networks.;;;db/journals/tcsb/tcsb4.html#BlosseyCP06;;2006
input_article.csv	964782	Missing journal value	3824284;Nadia Busi|Roberto Gorrieri;T. Comp. Sys. Biology;;;;journals/tcsb/2006-6;;http://dx.doi.org/10.1007/11880646_2;;;journals/tcsb/BusiG06;2007-01-04;;;;16-43;;;;;;;On the Computational Power of Brane Calculi.;;;db/journals/tcsb/tcsb6.html#BusiG06;;2006
input_article.csv	964783	Missing journal value	3824285;Alessandro Orro|Eloisa Vargiu|Gianmaria Mancosu|Giuliano Armano;T. Comp. Sys. Biology;;;;journals/tcsb/2005-3;;http://dx.doi.org/10.1007/11599128_2;;;journals/tcsb/ArmanoMOV05;2005-12-22;;;;14-32;;;;;;;A Multi-agent System for Protein Secondary Structure Prediction.;;;db/journals/tcsb/tcsb3.html#ArmanoMOV05;;2005
input_article.csv	964784	Missing journal value	3824286;Jane Hillston|Muffy Calder|Stephen Gilmore;T. Comp. Sys. Biology;;;;journals/tcsb/2006-7;;http://dx.doi.org/10.1007/11905455_1;;;journals/tcsb/CalderGH06;2007-01-04;;;;1-23;;;;;;;Modelling the Influence of RKIP on the ERK Signalling Pathway Using the Stochastic Process Algebra PEPA.;;;db/journals/tcsb/tcsb7.html#CalderGH06;;2006
input_article.csv	964786	Missing journal value	3824288;R. K. Shyamasundar|Susmit Jha;T. Comp. Sys. Biology;;;;journals/tcsb/2006-7;;http://dx.doi.org/10.1007/11905455_6;;;journals/tcsb/JhaS06;2007-01-04;;;;107-122;;;;;;;Adapting Biochemical Kripke Structures for Distributed Model Checking.;;;db/journals/tcsb/tcsb7.html#JhaS06;;2006
input_article.csv	964787	Missing journal value	3824289;Francisco José Romero-Campero|Mario J. Pérez-Jiménez;T. Comp. Sys. Biology;;;;journals/tcsb/2006-6;;http://dx.doi.org/10.1007/11880646_8;;;journals/tcsb/Perez-JimenezR06;2007-01-04;;;;176-197;;;;;;;P Systems, a New Computational Modelling Tool for Systems Biology.;;;db/journals/tcsb/tcsb6.html#Perez-JimenezR06;;2006
input_article.csv	964790	Missing journal value	3824292;Elisabeth Remy|Paul Ruet;T. Comp. Sys. Biology;;;;journals/tcsb/2006-7;;http://dx.doi.org/10.1007/11905455_8;;;journals/tcsb/RemyR06;2007-01-04;;;;153-162;;;;;;;On Differentiation and Homeostatic Behaviours of Boolean Dynamical Systems.;;;db/journals/tcsb/tcsb7.html#RemyR06;;2006
input_article.csv	964791	Missing journal value	3824293;Luca Cardelli;T. Comp. Sys. Biology;;;;journals/tcsb/2005-3;;http://dx.doi.org/10.1007/11599128_10;;;journals/tcsb/Cardelli05;2005-12-22;;;;145-168;;;;;;;Abstract Machines of Systems Biology.;;;db/journals/tcsb/tcsb3.html#Cardelli05;;2005
input_article.csv	964796	Missing journal value	3824298;Jane Prophet|Mark d'Inverno;T. Comp. Sys. Biology;;;;journals/tcsb/2005-3;;http://dx.doi.org/10.1007/11599128_4;;;journals/tcsb/dInvernoP05;2005-12-22;;;;49-64;;;;;;;Multidisciplinary Investigation into Adult Stem Cell Behavior.;;;db/journals/tcsb/tcsb3.html#dInvernoP05;;2005
input_article.csv	964800	Missing journal value	3824302;Carolyn L. Talcott|David L. Dill;T. Comp. Sys. Biology;;;;journals/tcsb/2006-6;;http://dx.doi.org/10.1007/11880646_10;;;journals/tcsb/TalcottD06;2007-01-04;;;;221-245;;;;;;;Multiple Representations of Biological Processes.;;;db/journals/tcsb/tcsb6.html#TalcottD06;;2006
input_article.csv	964801	Missing journal value	3824304;Anne Warner|Anthony Finkelstein|James Hetherington|Ofer Margoninski|Peter Saffrey;T. Comp. Sys. Biology;;;;journals/tcsb/2006-7;;http://dx.doi.org/10.1007/11905455_9;;;journals/tcsb/MargoninskiSHFW06;2007-01-04;;;;163-184;;;;;;;A Specification Language and a Framework for the Execution of Composite Models in Systems Biology.;;;db/journals/tcsb/tcsb7.html#MargoninskiSHFW06;;2006
input_article.csv	964802	Missing journal value	3824305;Claudine Chaouiya|Denis Thieffry|Elisabeth Remy;T. Comp. Sys. Biology;;;;journals/tcsb/2006-6;;http://dx.doi.org/10.1007/11880646_5;;;journals/tcsb/ChaouiyaRT06;2007-01-04;;;;95-112;;;;;;;Qualitative Petri Net Modelling of Genetic Networks.;;;db/journals/tcsb/tcsb6.html#ChaouiyaRT06;;2006
input_article.csv	964807	Missing journal value	3824310;Euna Jeong|Satoru Miyano;T. Comp. Sys. Biology;;;;journals/tcsb/2006-4;;http://dx.doi.org/10.1007/11732488_11;;;journals/tcsb/JeongM06;2007-01-04;;;;123-139;;;;;;;A Weighted Profile Based Method for Protein-RNA Interacting Residue Prediction.;;;db/journals/tcsb/tcsb4.html#JeongM06;;2006
input_article.csv	964813	Missing journal value	3824316;François Fages;T. Comp. Sys. Biology;;;;journals/tcsb/2006-4;;http://dx.doi.org/10.1007/11732488_6;;;journals/tcsb/Fages06;2007-01-04;;;;68-70;;;;;;;From Syntax to Semantics in Systems Biology Towards Automated Reasoning Tools.;;;db/journals/tcsb/tcsb4.html#Fages06;;2006
input_article.csv	964815	Missing journal value	3824318;Anna Ingólfsdóttir|Daniel Gudbjartsson;T. Comp. Sys. Biology;;;;journals/tcsb/2005-3;;http://dx.doi.org/10.1007/11599128_9;;;journals/tcsb/IngolfsdottirG05;2005-12-22;;;;123-144;;;;;;;Genetic Linkage Analysis Algorithms and Their Implementation.;;;db/journals/tcsb/tcsb3.html#IngolfsdottirG05;;2005
input_article.csv	964817	Missing journal value	3824321;Harald Søvik|Rune Sætre|Tore Amble|Yoshimasa Tsuruoka;T. Comp. Sys. Biology;;;;journals/tcsb/2006-5;;http://dx.doi.org/10.1007/11790105_6;;;journals/tcsb/SaetreSAT06;2007-01-04;;;;68-82;;;;;;;GeneTUC, GENIA and Google: Natural Language Understanding in Molecular Biology Literature.;;;db/journals/tcsb/tcsb5.html#SaetreSAT06;;2006
input_article.csv	964819	Missing journal value	3824324;Céline Kuttler|Joachim Niehren;T. Comp. Sys. Biology;;;;journals/tcsb/2006-7;;http://dx.doi.org/10.1007/11905455_2;;;journals/tcsb/KuttlerN06;2007-01-04;;;;24-55;;;;;;;Gene Regulation in the Pi Calculus: Simulating Cooperativity at the Lambda Switch.;;;db/journals/tcsb/tcsb7.html#KuttlerN06;;2006
input_article.csv	964820	Missing journal value	3824325;Claudine Chaouiya|Denis Thieffry|Elisabeth Remy|Luis Eduardo Mendoza|Paul Ruet;T. Comp. Sys. Biology;;;;journals/tcsb/2006-7;;http://dx.doi.org/10.1007/11905455_3;;;journals/tcsb/RemyRMTC06;2007-01-04;;;;56-72;;;;;;;From Logical Regulatory Graphs to Standard Petri Nets: Dynamical Roles and Functionality of Feedback Circuits.;;;db/journals/tcsb/tcsb7.html#RemyRMTC06;;2006
input_article.csv	964821	Missing journal value	3824326;Falk Schreiber|Henning Schwöbbermeyer;T. Comp. Sys. Biology;;;;journals/tcsb/2005-3;;http://dx.doi.org/10.1007/11599128_7;;;journals/tcsb/SchreiberS05;2005-12-22;;;;89-104;;;;;;;Frequency Concepts and Pattern Detection for the Analysis of Motifs in Networks.;;;db/journals/tcsb/tcsb3.html#SchreiberS05;;2005
input_article.csv	964825	Missing journal article title	3824330;Dragan Bosnacki|Erik P. de Vink|Tessa E. Pronk;;;;;journals/tcsb/2009-11;;http://dx.doi.org/10.1007/978-3-642-04186-0_4;In Silico;T. Comp. Sys. Biology;journals/tcsb/BosnackiPV09;2009-10-12;;;;69-89;;;;;;;;;;db/journals/tcsb/tcsb11.html#BosnackiPV09;11;2009
input_article.csv	964827	Missing journal value	3824334;Andrew Phillips|Giuseppe Castagna|Luca Cardelli;T. Comp. Sys. Biology;;;;journals/tcsb/2006-7;;http://dx.doi.org/10.1007/11905455_7;;;journals/tcsb/PhillipsCC06;2007-01-04;;;;123-152;;;;;;;A Graphical Representation for Biological Processes in the Stochastic pi-Calculus.;;;db/journals/tcsb/tcsb7.html#PhillipsCC06;;2006
input_article.csv	964830	Missing journal value	3824337;Céline Kuttler;T. Comp. Sys. Biology;;;;journals/tcsb/2006-6;;http://dx.doi.org/10.1007/11880646_6;pi;;journals/tcsb/Kuttler06;2007-01-04;;;;113-149;;;;;;;Simulating Bacterial Transcription and Translation in a Stochastic ;;;db/journals/tcsb/tcsb6.html#Kuttler06;;2006
input_article.csv	964832	Missing journal value	3824339;Michel Riguidel;T. Comp. Sys. Biology;;;;journals/tcsb/2006-4;;http://dx.doi.org/10.1007/11732488_9;;;journals/tcsb/Riguidel06;2007-01-04;;;;83-98;;;;;;;The Twilight of the Despotic Digital Civilization.;;;db/journals/tcsb/tcsb4.html#Riguidel06;;2006
input_article.csv	964838	Missing journal value	3824346;Robin Milner;T. Comp. Sys. Biology;;;;journals/tcsb/2006-4;;http://dx.doi.org/10.1007/11732488_1;;;journals/tcsb/Milner06;2007-01-04;;;;1-13;;;;;;;Scientific Foundation for Global Computing.;;;db/journals/tcsb/tcsb4.html#Milner06;;2006
input_article.csv	964840	Missing journal value	3824348;Guangren Li|Xia Lin|Xiaodan Zhang|Xiaohua Hu|Xiaohua Zhou;T. Comp. Sys. Biology;;;;journals/tcsb/2006-5;;http://dx.doi.org/10.1007/11790105_9;;;journals/tcsb/ZhouHLLZ06;2007-01-04;;;;112-128;;;;;;;Relation-Based Document Retrieval for Biomedical IR.;;;db/journals/tcsb/tcsb5.html#ZhouHLLZ06;;2006
input_article.csv	964843	Missing journal value	3824351;Corrado Priami|Federica Ciocchetta|Paola Quaglia;T. Comp. Sys. Biology;;;;journals/tcsb/2005-3;;http://dx.doi.org/10.1007/11599128_3;;;journals/tcsb/CiocchettaPQ05;2005-12-22;;;;33-48;;;;;;;Modeling Kohn Interaction Maps with Beta-Binders: An Example.;;;db/journals/tcsb/tcsb3.html#CiocchettaPQ05;;2005
input_article.csv	964848	Missing journal value	3824356;Louis O. Hertzberger;T. Comp. Sys. Biology;;;;journals/tcsb/2006-4;;http://dx.doi.org/10.1007/11732488_5;;;journals/tcsb/Hertzberger06;2007-01-04;;;;58-67;;;;;;;e-Science and the VL-e Approach.;;;db/journals/tcsb/tcsb4.html#Hertzberger06;;2006
input_article.csv	964850	Missing journal value	3824358;François Képès|Pierre-Yves Bourguignon|Serge Smidtas|Vincent Danos|Vincent Schächter;T. Comp. Sys. Biology;;;;journals/tcsb/2006-6;;http://dx.doi.org/10.1007/11880646_1;;;journals/tcsb/BourguignonDKSS06;2007-01-04;;;;1-15;;;;;;;Property-Driven Statistics of Biological Networks.;;;db/journals/tcsb/tcsb6.html#BourguignonDKSS06;;2006
input_article.csv	964854	Missing journal value	3824362;Charles C. H. Liu|Ginni Hsiang-Chun Tsai|I-Jen Chiang|Jau-Min Wong|Tsau Young Lin;T. Comp. Sys. Biology;;;;journals/tcsb/2006-5;;http://dx.doi.org/10.1007/11790105_2;;;journals/tcsb/LiuCWTL06;2007-01-04;;;;9-24;;;;;;;A Complex Bio-networks of the Function Profile of Genes.;;;db/journals/tcsb/tcsb5.html#LiuCWTL06;;2006
input_article.csv	964856	Missing journal value	3824364;Andrew C. Jones;T. Comp. Sys. Biology;;;;journals/tcsb/2006-4;;http://dx.doi.org/10.1007/11732488_4;;;journals/tcsb/Jones06;2007-01-04;;;;44-57;;;;;;;Applying Computer Science Research to Biodiversity Informatics: Some Experiences and Lessons.;;;db/journals/tcsb/tcsb4.html#Jones06;;2006
input_article.csv	964857	Missing journal value	3824365;François Fages|Laurence Calzone|Nathalie Chabrier-Rivier|Sylvain Soliman;T. Comp. Sys. Biology;;;;journals/tcsb/2006-6;;http://dx.doi.org/10.1007/11880646_4;;;journals/tcsb/CalzoneCFS06;2007-01-04;;;;68-94;;;;;;;Machine Learning Biochemical Networks from Temporal Logic Properties.;;;db/journals/tcsb/tcsb6.html#CalzoneCFS06;;2006
input_article.csv	964858	Missing journal value	3824366;Ronan Sleep;T. Comp. Sys. Biology;;;;journals/tcsb/2006-4;;http://dx.doi.org/10.1007/11732488_3;;;journals/tcsb/Sleep06;2007-01-04;;;;38-43;;;;;;;A Grand Challenge for Converging Sciences.;;;db/journals/tcsb/tcsb4.html#Sleep06;;2006
input_article.csv	964860	Missing journal value	3824368;Hsieh-Hui Yu|Jiin-Haur Chuang|Vincent Shin-Mu Tseng;T. Comp. Sys. Biology;;;;journals/tcsb/2006-5;;http://dx.doi.org/10.1007/11790105_8;;;journals/tcsb/YuTC06;2007-01-04;;;;97-111;;;;;;;A Multi-information Based Gene Scoring Method for Analysis of Gene Expression Data.;;;db/journals/tcsb/tcsb5.html#YuTC06;;2006
input_article.csv	964862	Missing journal value	3824370;James R. Faeder|Jin Yang|Michael L. Blinov|William S. Hlavacek;T. Comp. Sys. Biology;;;;journals/tcsb/2006-7;;http://dx.doi.org/10.1007/11905455_5;;;journals/tcsb/BlinovYFH06;2007-01-04;;;;89-106;;;;;;;Graph Theory for Rule-Based Modeling of Biochemical Networks.;;;db/journals/tcsb/tcsb7.html#BlinovYFH06;;2006
input_article.csv	964868	Missing journal value	3824377;Alessandro Bogliolo|Valerio Freschi;T. Comp. Sys. Biology;;;;journals/tcsb/2005-3;;http://dx.doi.org/10.1007/11599128_1;;;journals/tcsb/FreschiB05;2005-12-22;;;;1-13;;;;;;;Computer-Aided DNA Base Calling from Forward and Reverse Electropherograms.;;;db/journals/tcsb/tcsb3.html#FreschiB05;;2005
input_article.csv	964870	Missing journal value	3824379;Carsten Wiuf|Ian Nouvel|Michael P. H. Stumpf|Piers J. Ingram;T. Comp. Sys. Biology;;;;journals/tcsb/2005-3;;http://dx.doi.org/10.1007/11599128_5;;;journals/tcsb/StumpfINW05;2005-12-22;;;;65-77;;;;;;;Statistical Model Selection Methods Applied to Biological Networks.;;;db/journals/tcsb/tcsb3.html#StumpfINW05;;2005
input_article.csv	964871	Missing journal value	3824380;Antonino Cattaneo|Ivan Arisi|Paola Roncaglia|Vittorio Rosato;T. Comp. Sys. Biology;;;;journals/tcsb/2006-4;;http://dx.doi.org/10.1007/11732488_7;;;journals/tcsb/ArisiRRC06;2007-01-04;;;;71-75;;;;;;;SYMBIONIC: A European Initiative on the Systems Biology of the Neuronal Cell.;;;db/journals/tcsb/tcsb4.html#ArisiRRC06;;2006
input_article.csv	964875	Missing journal value	3824387;David Gilbert|Muffy Calder|Richard J. Orton|Vladislav Vyshemirsky;T. Comp. Sys. Biology;;;;journals/tcsb/2006-6;;http://dx.doi.org/10.1007/11880646_3;;;journals/tcsb/CalderVGO06;2007-01-04;;;;44-67;;;;;;;Analysis of Signalling Pathways Using Continuous Time Markov Chains.;;;db/journals/tcsb/tcsb6.html#CalderVGO06;;2006
input_article.csv	964877	Missing journal value	3824389;Alessandro Ricci|Andrea Omicini|Emanuela Merelli|Flavio Corradini|Nicola Cannata;T. Comp. Sys. Biology;;;;journals/tcsb/2005-3;;http://dx.doi.org/10.1007/11599128_8;;;journals/tcsb/CannataCMOR05;2005-12-22;;;;105-122;;;;;;;An Agent-Oriented Conceptual Framework for Systems Biology.;;;db/journals/tcsb/tcsb3.html#CannataCMOR05;;2005
input_article.csv	964879	Missing journal value	3824392;Csaba Király|Daniele Miorandi|Francesco De Pellegrini|Hagen Woesner|Iacopo Carreras|Imrich Chlamtac;T. Comp. Sys. Biology;;;;journals/tcsb/2006-4;;http://dx.doi.org/10.1007/11732488_8;;;journals/tcsb/CarrerasCPKMW06;2007-01-04;;;;76-82;;;;;;;A Biological Approach to Autonomic Communication Systems.;;;db/journals/tcsb/tcsb4.html#CarrerasCPKMW06;;2006
input_article.csv	969189	Missing journal article title	3828702;Jin Chen|Monish Pimpalkhare|Vivek Venugopal|Xavier Intes;;;;;;;http://dx.doi.org/10.1155/2012/942326;Ex Vivo;Int. J. Biomedical Imaging;journals/ijbi/PimpalkhareCVI12;2013-02-05;;;;;;;;;;;;;;db/journals/ijbi/ijbi2012.html#PimpalkhareCVI12;2012;2012
input_article.csv	972849	Missing journal article title	3832362;Antonis M. Paschalis|Constantin Halatsis|Dimitris Gizopoulos|Dimitris Nikolos;;;;;;;http://dx.doi.org/10.1007/BF00133387;C;J. Electronic Testing;journals/et/GizopoulosNPH96;2009-03-24;;;3;241-260;;;;;;;;;;db/journals/et/et8.html#GizopoulosNPH96;8;1996
input_article.csv	974472	Missing journal article title	3833985;David Goldberg|Marshall W. Bern;;;;;;;http://dx.doi.org/10.1089/cmb.2006.13.364;De Novo;Journal of Computational Biology;journals/jcb/BernG06;2008-12-19;;;2;364-378;;;;;;;;;;db/journals/jcb/jcb13.html#BernG06;13;2006
input_article.csv	975321	Missing journal article title	3834834;Chenghu Ma|Jiankang Zhang;;;;;;;http://dx.doi.org/10.1007/s00355-012-0695-x;p;Social Choice and Welfare;journals/scw/MaZ13;2013-08-28;;;3;605-623;;;;;;;;;;db/journals/scw/scw41.html#MaZ13;41;2013
input_article.csv	975663	Missing journal article title	3835176;Arnald J. Kanning|Walter Kanning;;;;;;;http://dx.doi.org/10.1007/s00355-003-0230-1;Book review;Social Choice and Welfare;journals/scw/KanningK03;2012-05-23;;;1;175-178;;;;;;;;;;db/journals/scw/scw21.html#KanningK03;21;2003
input_article.csv	975840	Missing journal article title	3835353;Kohei Kamaga|Takashi Kojima;;;;;;;http://dx.doi.org/10.1007/s00355-009-0366-8;Q;Social Choice and Welfare;journals/scw/KamagaK09;2012-05-09;;;3;405-413;;;;;;;;;;db/journals/scw/scw33.html#KamagaK09;33;2009
input_article.csv	977067	Missing journal article title	3836580;Guo-Long Chen|Jian-Cheng Zhang|Shui-Li Chen;;;;;;;http://dx.doi.org/10.1007/s10700-008-9043-0;Lω|ω;FO & DM;journals/fodm/ChenCZ08;2011-02-17;;;4;351-360;;;;;;;;;;db/journals/fodm/fodm7.html#ChenCZ08;7;2008
input_article.csv	978337	Missing journal article title	3837850;Angappa Gunasekaran|S. C. Lenny Koh|Walter W. C. Chung;;;;;;;http://dx.doi.org/10.1080/09511920500174976;A Special Issue on;Int. J. Computer Integrated Manufacturing;journals/ijcim/KohCG06;2009-01-08;;;1;1-3;;;;;;;;;;db/journals/ijcim/ijcim19.html#KohCG06;19;2006
input_article.csv	979257	Missing journal article title	3838770;Alain Haurie|Francesco Moresino;;;;;;;http://dx.doi.org/10.1023/A:1021018421126;S;Annals OR;journals/anor/HaurieM02;2009-03-04;;;1-4;183-201;;;;;;;;;;db/journals/anor/anor114.html#HaurieM02;114;2002
input_article.csv	980453	Missing journal article title	3839966;F. Garcia|J.-E. Bergez|Olivier Crespo;;;;;;;http://dx.doi.org/10.1007/s10479-008-0503-2;P|q;Annals OR;journals/anor/CrespoBG11;2011-09-30;;;1;375-387;;;;;;;;;;db/journals/anor/anor190.html#CrespoBG11;190;2011
input_article.csv	980887	Missing journal article title	3840400;Taemin Kim Park;;;;;;;http://dx.doi.org/10.1045/january2010-park;D-Lib Magazine;D-Lib Magazine;journals/dlib/Park10;2012-03-20;;;1/2;;;;;;;;;;;db/journals/dlib/dlib16.html#Park10;16;2010
input_article.csv	981219	Missing journal article title	3840732;Kurt Maly|Michael L. Nelson|Mohammad Zubair|Xiaoming Liu 0005;;;;;;;http://dx.doi.org/10.1045/april2001-liu;Arc;D-Lib Magazine;journals/dlib/LiuMZN01;2013-01-24;;;4;;;;;;;;;;;db/journals/dlib/dlib7.html#LiuMZN01;7;2001
input_article.csv	981259	Missing journal article title	3840772;Eberhard R. Hilf|Kerstin Zimmermann|Michael Hohlfeld|Thomas Severiens;;;;;;;http://dx.doi.org/10.1045/december2000-severiens;PhysDoc;D-Lib Magazine;journals/dlib/SeveriensHZH00;2012-03-20;;;12;;;;;;;;;;;db/journals/dlib/dlib6.html#SeveriensHZH00;6;2000
input_article.csv	981433	Missing journal article title	3840946;Jonathan Band|Jonathan S. Gowdy;;;;;;;http://www.dlib.org/dlib/june97/06band.html;Sui Generis;D-Lib Magazine;journals/dlib/BandG97;2012-03-20;;;6;;;;;;;;;;;db/journals/dlib/dlib3.html#BandG97;3;1997
input_article.csv	982177	Missing journal article title	3841690;Elefterie Olaru|Eugen Mandrescu;;;;;;;http://dx.doi.org/10.1002/jgt.3190160403;s;Journal of Graph Theory;journals/jgt/OlaruM92;2013-05-06;;;4;297-303;;;;;;;;;;db/journals/jgt/jgt16.html#OlaruM92;16;1992
input_article.csv	982270	Missing journal article title	3841783;Yoshimi Egawa;;;;;;;http://dx.doi.org/10.1002/jgt.20336;k|k;Journal of Graph Theory;journals/jgt/Egawa08;2009-03-06;;;3;239-259;;;;;;;;;;db/journals/jgt/jgt59.html#Egawa08;59;2008
input_article.csv	982480	Missing journal article title	3841993;Frank Jelen;;;;;;;"http://dx.doi.org/10.1002/(SICI)1097-0118(199911)32:3<241::AID-JGT4>3.0.CO;2-S";k|k;Journal of Graph Theory;journals/jgt/Jelen99;2013-04-27;;;3;241-249;;;;;;;;;;db/journals/jgt/jgt32.html#Jelen99;32;1999
input_article.csv	982691	Missing journal article title	3842204;Atsuhiro Nakamoto|Yusuke Suzuki;;;;;;;http://dx.doi.org/10.1002/jgt.20583;Y|k;Journal of Graph Theory;journals/jgt/NakamotoS12;2012-03-22;;;3;301-313;;;;;;;;;;db/journals/jgt/jgt69.html#NakamotoS12;69;2012
input_article.csv	982744	Missing journal article title	3842257;Jiping Liu|Katherine Heinrich|Minli Yu;;;;;;;"http://dx.doi.org/10.1002/(SICI)1097-0118(199906)31:2<135::AID-JGT6>3.0.CO;2-I";P;Journal of Graph Theory;journals/jgt/HeinrichLY99;2013-04-27;;;2;135-143;;;;;4;;;;;db/journals/jgt/jgt31.html#HeinrichLY99;31;1999
input_article.csv	982761	Missing journal article title	3842274;Alexandr V. Kostochka|Gexin Yu|Naeem N. Sheikh|Oleg V. Borodin;;;;;;;http://dx.doi.org/10.1002/jgt.20346;M;Journal of Graph Theory;journals/jgt/BorodinKSY09;2009-03-06;;;1;80-85;;;;;;;;;;db/journals/jgt/jgt60.html#BorodinKSY09;60;2009
input_article.csv	982824	Missing journal article title	3842337;Ken-ichi Kawarabayashi;;;;;;;http://dx.doi.org/10.1002/jgt.10007;K;Journal of Graph Theory;journals/jgt/Kawarabayashi02;2012-06-30;;;2;111-128;;;;;4;-;;;;db/journals/jgt/jgt39.html#Kawarabayashi02;39;2002
input_article.csv	982988	Missing journal article title	3842501;Lenhard Ng|Michelle Schultz;;;;;;;"http://dx.doi.org/10.1002/(SICI)1097-0118(199701)24:1<45::AID-JGT6>3.0.CO;2-J";k;Journal of Graph Theory;journals/jgt/NgS97;2013-04-30;;;1;45-57;;;;;;;;;;db/journals/jgt/jgt24.html#NgS97;24;1997
input_article.csv	983073	Missing journal article title	3842586;Atsuhiro Nakamoto|Raiji Mukae;;;;;;;http://dx.doi.org/10.1002/jgt.20360;K;Journal of Graph Theory;journals/jgt/MukaeN09;2009-03-06;;;4;302-312;;;;;6;;;;;db/journals/jgt/jgt60.html#MukaeN09;60;2009
input_article.csv	983215	Missing journal article title	3842728;Igor E. Zverovich;;;;;;;"http://dx.doi.org/10.1002/(SICI)1097-0118(199911)32:3<303::AID-JGT8>3.0.CO;2-B";k;Journal of Graph Theory;journals/jgt/Zverovich99;2013-04-27;;;3;303-310;;;;;;;;;;db/journals/jgt/jgt32.html#Zverovich99;32;1999
input_article.csv	983232	Missing journal article title	3842745;Brendan D. McKay|Stanislaw P. Radziszowski;;;;;;;http://dx.doi.org/10.1002/jgt.3190190304;R;Journal of Graph Theory;journals/jgt/McKayR95;2013-05-05;;;3;309-322;;;;;;;;;;db/journals/jgt/jgt19.html#McKayR95;19;1995
input_article.csv	983317	Missing journal article title	3842830;Jin Ho Kwak|Yan-Quan Feng;;;;;;;http://dx.doi.org/10.1002/jgt.10151;K|s;Journal of Graph Theory;journals/jgt/FengK04;2007-04-30;;;2;101-112;;;;;3, 3;;;;;db/journals/jgt/jgt45.html#FengK04;45;2004
input_article.csv	983397	Missing journal article title	3842910;Ali Ridha Mahjoub|Derek Gordon Corneil|Michele Conforti;;;;;;;http://dx.doi.org/10.1002/jgt.3190110415;K|K|i|i;Journal of Graph Theory;journals/jgt/ConfortiCM87;2013-05-25;;;4;569-584;;;;;;;;;;db/journals/jgt/jgt11.html#ConfortiCM87;11;1987
input_article.csv	983681	Missing journal article title	3843194;Riste Skrekovski|Tomás Kaiser;;;;;;;http://dx.doi.org/10.1002/jgt.20246;T;Journal of Graph Theory;journals/jgt/KaiserS07;2009-02-25;;;1;64-71;;;;;;;;;;db/journals/jgt/jgt56.html#KaiserS07;56;2007
input_article.csv	983689	Missing journal article title	3843202;L. Sunil Chandran|Manoj Kummini|Manu Basavaraju;;;;;;;http://dx.doi.org/10.1002/jgt.20422;d|d;Journal of Graph Theory;journals/jgt/BasavarajuCK10;2010-05-19;;;3;226-230;;;;;;;;;;db/journals/jgt/jgt63.html#BasavarajuCK10;63;2010
input_article.csv	983711	Missing journal article title	3843224;Mark N. Ellingham|Peter Jipsen|Robert E. L. Aldred|Robert L. Hemminger;;;;;;;"http://dx.doi.org/10.1002/(SICI)1097-0118(199709)26:1<35::AID-JGT5>3.0.CO;2-I";P;Journal of Graph Theory;journals/jgt/AldredEHJ97;2013-04-30;;;1;35-51;;;;;3;;;;;db/journals/jgt/jgt26.html#AldredEHJ97;26;1997
input_article.csv	983927	Missing journal article title	3843440;Ken-ichi Kawarabayashi;;;;;;;http://dx.doi.org/10.1002/jgt.10150;K;Journal of Graph Theory;journals/jgt/Kawarabayashi04;2007-04-30;;;1;48-50;;;;;;;;;;db/journals/jgt/jgt45.html#Kawarabayashi04;45;2004
input_article.csv	983955	Missing journal article title	3843468;Petr Hlineý;;;;;;;"http://dx.doi.org/10.1002/(SICI)1097-0118(199801)27:1<51::AID-JGT8>3.0.CO;2-F";K|e;Journal of Graph Theory;journals/jgt/Hliney98;2013-04-30;;;1;51-60;;;;;4, 4;;;;;db/journals/jgt/jgt27.html#Hliney98;27;1998
input_article.csv	984002	Missing journal article title	3843515;Yori Zwols;;;;;;;http://dx.doi.org/10.1002/jgt.20482;K;Journal of Graph Theory;journals/jgt/Zwols10;2010-11-25;;;4;303-322;;;;;4;;;;;db/journals/jgt/jgt65.html#Zwols10;65;2010
input_article.csv	984936	Missing journal article title	3844449;Eamonn J. Keogh|Jin Shieh;;;;;;;http://dx.doi.org/10.1007/s10618-009-0125-6;i;Data Min. Knowl. Discov.;journals/datamine/ShiehK09;2009-07-20;;;1;24-57;;;;;;;;;;db/journals/datamine/datamine19.html#ShiehK09;19;2009
input_article.csv	986003	Missing journal article title	3845516;Joël Allred|Ulrich Ultes-Nitsche;;;;;;;http://dx.doi.org/10.1051/ita/2012021;k;RAIRO - Theor. Inf. and Applic.;journals/ita/AllredU12;2013-04-03;;;4;461-478;;;;;;;;;;db/journals/ita/ita46.html#AllredU12;46;2012
input_article.csv	987015	Missing journal article title	3846528;Igor Mineyev;;;;;;;http://dx.doi.org/10.1142/S0218196702000869;l;IJAC;journals/ijac/Mineyev02;2005-12-12;;;1-2;341-355;;;;;1;;;;;db/journals/ijac/ijac12.html#Mineyev02;12;2002
input_article.csv	994272	Missing journal article title	3853785;Carine Grasset-Simon|Guillaume Damiand|Pascal Lienhardt;;;;;;;http://dx.doi.org/10.1016/j.patcog.2005.10.004;n;Pattern Recognition;journals/pr/Grasset-SimonDL06;2006-08-23;;;4;527-538;;;;;;;;;;db/journals/pr/pr39.html#Grasset-SimonDL06;39;2006
input_article.csv	1004778	Missing journal article title	3864291;Anders Selhorst;;;;;;;http://crl.acrl.org/content/73/3/306.2.full.pdf;Digital Media: Technological and Social Challenges of the Interactive World;C&RL;journals/crl/Selhorst12;2012-12-10;;;3;306-308;;;;;;;;;;db/journals/crl/crl73.html#Selhorst12;73;2012
input_article.csv	1004779	Missing journal article title	3864292;Loreen S. Phillips;;;;;;;http://crl.acrl.org/content/73/3/304.full.pdf;International Students and Academic Libraries: Initiatives for Success;C&RL;journals/crl/Phillips12;2012-12-10;;;3;304-305;;;;;;;;;;db/journals/crl/crl73.html#Phillips12;73;2012
input_article.csv	1004786	Missing journal article title	3864299;Margot Note;;;;;;;http://crl.acrl.org/content/71/6/600.full.pdf;The Thread That Binds: Interviews with Private Practice Bookbinders.;C&RL;journals/crl/Note10a;2012-12-10;;;6;600-602;;;;;;;;;;db/journals/crl/crl71.html#Note10a;71;2010
input_article.csv	1004787	Missing journal article title	3864300;Margaret N. Gregor;;;;;;;http://crl.acrl.org/content/73/1/95.full.pdf;Embedded Librarians: Moving Beyond One-Shot Instruction;C&RL;journals/crl/Gregor12;2012-12-10;;;1;95-97;;;;;;;;;;db/journals/crl/crl73.html#Gregor12;73;2012
input_article.csv	1004797	Missing journal article title	3864310;Kate B. Moore;;;;;;;http://crl.acrl.org/content/73/5/510.full.pdf;Transforming Information Literacy Programs: Intersecting Frontiers of Self, Library Culture, and Campus Community.;C&RL;journals/crl/Moore12;2012-12-10;;;5;510-512;;;;;;;;;;db/journals/crl/crl73.html#Moore12;73;2012
input_article.csv	1004798	Missing journal article title	3864311;Maurice C. York;;;;;;;http://crl.acrl.org/content/74/3/312.full.pdf;Planning and Constructing Book & Paper Conservation Laboratories: A Guidebook;C&RL;journals/crl/York13;2013-05-23;;;3;312-313;;;;;;;;;;db/journals/crl/crl74.html#York13;74;2013
input_article.csv	1004808	Missing journal article title	3864321;John Repplinger;;;;;;;http://crl.acrl.org/content/73/2/200.full.pdf;A Different Kind of Web: New Connections between Archives and Our Users.;C&RL;journals/crl/Repplinger12;2012-12-10;;;2;200-201;;;;;;;;;;db/journals/crl/crl73.html#Repplinger12;73;2012
input_article.csv	1004812	Missing journal article title	3864325;Richard J. Ring;;;;;;;http://crl.acrl.org/content/73/5/514.full.pdf;The Library of Congress and the Center for the Book: Historical Essays in Honor of John Y. Cole;C&RL;journals/crl/Ring12;2012-12-10;;;5;514-516;;;;;;;;;;db/journals/crl/crl73.html#Ring12;73;2012
input_article.csv	1004821	Missing journal article title	3864334;Eric J. Johnson;;;;;;;http://crl.acrl.org/content/72/5/502.full.pdf;The Medieval Book: Glosses from Friends and Colleagues of Christopher de Hamel.;C&RL;journals/crl/Johnson11a;2012-12-10;;;5;502-504;;;;;;;;;;db/journals/crl/crl72.html#Johnson11a;72;2011
input_article.csv	1004823	Missing journal article title	3864336;Michael Ryan;;;;;;;http://crl.acrl.org/content/74/3/310.full.pdf;Publishing the Fine and Applied Arts 1500-2000;C&RL;journals/crl/Ryan13;2013-05-23;;;3;310-311;;;;;;;;;;db/journals/crl/crl74.html#Ryan13;74;2013
input_article.csv	1004828	Missing journal article title	3864341;John M. Jackson;;;;;;;http://crl.acrl.org/content/74/1/103.full.pdf;Interdisciplinarity and Academic Libraries.;C&RL;journals/crl/Jackson13;2013-01-11;;;1;103-104;;;;;;;;;;db/journals/crl/crl74.html#Jackson13;74;2013
input_article.csv	1004834	Missing journal article title	3864347;Harlan Green;;;;;;;http://crl.acrl.org/content/73/3/303.full.pdf;Waldo Gifford Leland and the Origins of the American Archival Profession;C&RL;journals/crl/Green12;2012-12-10;;;3;303-304;;;;;;;;;;db/journals/crl/crl73.html#Green12;73;2012
input_article.csv	1004838	Missing journal article title	3864351;Ning Han;;;;;;;http://crl.acrl.org/content/72/5/501.full.pdf;E-books in Libraries: A Practical Guide.;C&RL;journals/crl/Han11;2012-12-10;;;5;501-502;;;;;;;;;;db/journals/crl/crl72.html#Han11;72;2011
input_article.csv	1004842	Missing journal article title	3864355;Margaret N. Gregor;;;;;;;http://crl.acrl.org/content/71/6/593.full.pdf;Mistakes in Academic Library Management: Grievous Errors and How to Avoid Them.;C&RL;journals/crl/Gregor10;2012-12-10;;;6;593-594;;;;;;;;;;db/journals/crl/crl71.html#Gregor10;71;2010
input_article.csv	1004847	Missing journal article title	3864360;Mark E. Shelton;;;;;;;http://crl.acrl.org/content/72/4/398.full.pdf;The Expert Library: Staffing, Sustaining, and Advancing the Academic Library in the 21st Century;C&RL;journals/crl/Shelton11;2012-12-10;;;4;398-399;;;;;;;;;;db/journals/crl/crl72.html#Shelton11;72;2011
input_article.csv	1004862	Missing journal article title	3864375;Timothy Hackman;;;;;;;http://crl.acrl.org/content/73/4/405.full.pdf;Scholarly Practice, Participatory Design and the eXtensible Catalog;C&RL;journals/crl/Hackman12;2012-12-10;;;4;405-406;;;;;;;;;;db/journals/crl/crl73.html#Hackman12;73;2012
input_article.csv	1004872	Missing journal article title	3864385;Marcy Simons;;;;;;;http://crl.acrl.org/content/72/1/95.full.pdf;Advocacy, Outreach, and the Nation's Academic Libraries: A Call for Action;C&RL;journals/crl/Simons11;2012-12-10;;;1;95-96;;;;;;;;;;db/journals/crl/crl72.html#Simons11;72;2011
input_article.csv	1004884	Missing journal article title	3864397;Rebecca Tolley-Stokes;;;;;;;http://crl.acrl.org/content/72/1/96.full.pdf;M-libraries 2: A Virtual Library in Everyone's Pocket;C&RL;journals/crl/Tolley-Stokes11;2012-12-10;;;1;96-98;;;;;;;;;;db/journals/crl/crl72.html#Tolley-Stokes11;72;2011
input_article.csv	1004892	Missing journal article title	3864405;Rebecca Tolley-Stokes;;;;;;;http://crl.acrl.org/content/73/3/310.full.pdf;Getting Started with Cloud Computing: A LITA Guide;C&RL;journals/crl/Tolley-Stokes12;2012-12-10;;;3;310-311;;;;;;;;;;db/journals/crl/crl73.html#Tolley-Stokes12;73;2012
input_article.csv	1004899	Missing journal article title	3864412;Joseph Branin;;;;;;;http://crl.acrl.org/content/72/2/108.full.pdf;College & Research Libraries;C&RL;journals/crl/Branin11;2012-12-10;;;2;108-109;;;;;;;;;;db/journals/crl/crl72.html#Branin11;72;2011
input_article.csv	1004904	Missing journal article title	3864417;Richard J. Ring;;;;;;;http://crl.acrl.org/content/74/5/525.full.pdf;Past or Portal? Enhancing Undergraduate Learning through Special Collections and Archives;C&RL;journals/crl/Ring13;2013-09-26;;;5;525-527;;;;;;;;;;db/journals/crl/crl74.html#Ring13;74;2013
input_article.csv	1004913	Missing journal article title	3864426;Harlan Greene;;;;;;;http://crl.acrl.org/content/72/3/297.full.pdf;Envisioning Future Academic Library Services: Initiatives, Ideas and Challenges.;C&RL;journals/crl/Greene11;2012-12-10;;;3;297-299;;;;;;;;;;db/journals/crl/crl72.html#Greene11;72;2011
input_article.csv	1004929	Missing journal article title	3864442;Jeffrey Garrett;;;;;;;http://crl.acrl.org/content/73/5/507.full.pdf;The British Isles, Vol. 1, England. Guides to Dutch Atlas Maps.;C&RL;journals/crl/Garrett12;2012-12-10;;;5;507-508;;;;;;;;;;db/journals/crl/crl73.html#Garrett12;73;2012
input_article.csv	1004931	Missing journal article title	3864444;Gene Hyde;;;;;;;http://crl.acrl.org/content/72/4/397.full.pdf;Controlling the Past: Documenting Society and Institutions: Essays in Honor of Helen Willa Samuels.;C&RL;journals/crl/Hyde11;2012-12-10;;;4;397;;;;;;;;;;db/journals/crl/crl72.html#Hyde11;72;2011
input_article.csv	1004937	Missing journal article title	3864450;Nicole Mitchell;;;;;;;http://crl.acrl.org/content/72/2/193.full.pdf;Reference Renaissance: Current and Future Trends;C&RL;journals/crl/Mitchell11;2012-12-10;;;2;193-194;;;;;;;;;;db/journals/crl/crl72.html#Mitchell11;72;2011
input_article.csv	1004956	Missing journal article title	3864469;Maria T. Accardi;;;;;;;http://crl.acrl.org/content/74/1/98.1.full.pdf;The 21st Century Black Librarian in America: Issues and Challenges;C&RL;journals/crl/Accardi13;2013-01-11;;;1;98;;;;;;;;;;db/journals/crl/crl74.html#Accardi13;74;2013
input_article.csv	1004960	Missing journal article title	3864473;Linda Miles;;;;;;;http://crl.acrl.org/content/73/6/607.full.pdf;Information Literacy: Infiltrating the Agenda, Challenging Minds.;C&RL;journals/crl/Miles12;2012-12-10;;;6;607-608;;;;;;;;;;db/journals/crl/crl73.html#Miles12;73;2012
input_article.csv	1004964	Missing journal article title	3864477;Eric J. Johnson;;;;;;;http://crl.acrl.org/content/72/3/299.full.pdf;1455-1700|400AD-1455|The History of the Book in the West: A Library of Critical Essays.;C&RL;journals/crl/Johnson11;2012-12-10;;;3;299-302;;;;;;;;;;db/journals/crl/crl72.html#Johnson11;72;2011
input_article.csv	1004969	Missing journal article title	3864482;Jean M. Alexander;;;;;;;http://crl.acrl.org/content/71/6/592.full.pdf;Books for Sale: The Advertising and Promotion of Print since the Fifteenth Century.;C&RL;journals/crl/Alexander10a;2012-12-10;;;6;592-593;;;;;;;;;;db/journals/crl/crl71.html#Alexander10a;71;2010
input_article.csv	1004978	Missing journal article title	3864491;Amauri Serrano;;;;;;;http://crl.acrl.org/content/72/2/196.full.pdf;The Handbook of Art and Design Librarianship;C&RL;journals/crl/Serrano11;2012-12-10;;;2;196-197;;;;;;;;;;db/journals/crl/crl72.html#Serrano11;72;2011
input_article.csv	1004987	Missing journal article title	3864500;Ethan Pullman;;;;;;;http://crl.acrl.org/content/73/5/513.full.pdf;Environments for Student Growth and Development: Libraries and Student Affairs in Collaboration.;C&RL;journals/crl/Pullman12a;2012-12-10;;;5;513-514;;;;;;;;;;db/journals/crl/crl73.html#Pullman12a;73;2012
input_article.csv	1004998	Missing journal article title	3864511;Mark E. Shelton;;;;;;;http://crl.acrl.org/content/74/5/527.full.pdf;Library Leadership in the United States and Europe: A Comparative Study of Academic and Public Libraries;C&RL;journals/crl/Shelton13;2013-09-26;;;5;527-528;;;;;;;;;;db/journals/crl/crl74.html#Shelton13;74;2013
input_article.csv	1005008	Missing journal article title	3864521;Jean M. Alexander;;;;;;;http://crl.acrl.org/content/73/6/603.full.pdf;Curriculum Materials Collections and Centers: Legacies from the Past, Visions of the Future.;C&RL;journals/crl/Alexander12;2012-12-10;;;6;603;;;;;;;;;;db/journals/crl/crl73.html#Alexander12;73;2012
input_article.csv	1005023	Missing journal article title	3864536;Anders Selhorst;;;;;;;http://crl.acrl.org/content/72/2/195.full.pdf;Critical Library Instruction: Theories and Methods;C&RL;journals/crl/Selhorst11;2012-12-10;;;2;195-196;;;;;;;;;;db/journals/crl/crl72.html#Selhorst11;72;2011
input_article.csv	1005039	Missing journal article title	3864552;Marcy Simons;;;;;;;http://crl.acrl.org/content/74/3/311.full.pdf;Library Services for Multicultural Patrons: Strategies to Encourage Library Use;C&RL;journals/crl/Simons13;2013-05-23;;;3;311-312;;;;;;;;;;db/journals/crl/crl74.html#Simons13;74;2013
input_article.csv	1005045	Missing journal article title	3864558;David Michalski;;;;;;;http://crl.acrl.org/content/72/6/603.full.pdf;Transforming Research Libraries for the Global Knowledge Society.;C&RL;journals/crl/Michalski11;2012-12-10;;;6;603-606;;;;;;;;;;db/journals/crl/crl72.html#Michalski11;72;2011
input_article.csv	1005047	Missing journal article title	3864560;Anders Selhorst;;;;;;;http://crl.acrl.org/content/73/4/408.full.pdf;Middle Management in Academic and Public Libraries;C&RL;journals/crl/Selhorst12a;2012-12-10;;;4;408-409;;;;;;;;;;db/journals/crl/crl73.html#Selhorst12a;73;2012
input_article.csv	1005048	Missing journal article title	3864561;Margot Note;;;;;;;http://crl.acrl.org/content/71/4/395.full.pdf;Forgotten Patriots: African American and American Indian Patriots in the Revolutionary War: A Guide to Service, Sources and Studies;C&RL;journals/crl/Note10;2012-12-10;;;4;395-396;;;;;;;;;;db/journals/crl/crl71.html#Note10;71;2010
input_article.csv	1005052	Missing journal article title	3864565;Jean Alexander;;;;;;;http://crl.acrl.org/content/71/1/77.full.pdf;The Essential Criticism of John Steinbeck's;C&RL;journals/crl/Alexander10;2012-12-10;;;1;77-78;;;;;;;;;;db/journals/crl/crl71.html#Alexander10;71;2010
input_article.csv	1005055	Missing journal article title	3864568;Richard J. Ring;;;;;;;http://crl.acrl.org/content/71/2/191.full.pdf;Periodicals and Publishers: The Newspaper and Journal Trade, 1740-1914;C&RL;journals/crl/Ring10;2012-12-10;;;2;191-192;;;;;;;;;;db/journals/crl/crl71.html#Ring10;71;2010
input_article.csv	1005058	Missing journal article title	3864571;Maria T. Accardi;;;;;;;http://crl.acrl.org/content/71/5/495.full.pdf;Collaborative Information Literacy Assessments: Strategies for Evaluating Teaching and Learning.;C&RL;journals/crl/Accardi10;2012-12-10;;;5;495-496;;;;;;;;;;db/journals/crl/crl71.html#Accardi10;71;2010
input_article.csv	1005060	Missing journal article title	3864573;Maurice C. York;;;;;;;http://crl.acrl.org/content/73/4/411.full.pdf;The Dr. Elliott & Eileen Hinkes Collection of Rare Books in the History of Scientific Discovery;C&RL;journals/crl/York12;2012-12-10;;;4;411-412;;;;;;;;;;db/journals/crl/crl73.html#York12;73;2012
input_article.csv	1008835	Missing journal article title	3868348;Gerben Kuijpers|Hiroyuki Yomo|Petar Popovski|Ramjee Prasad|Tatiana K. Madsen;;;;;;;http://dx.doi.org/10.1016/j.comcom.2006.01.018;Blue-Park;Computer Communications;journals/comcom/PopovskiYKMP06;2007-01-24;;;17;3416-3424;;;;;;;;;;db/journals/comcom/comcom29.html#PopovskiYKMP06;29;2006
input_article.csv	1016387	Missing journal article title	3875900;Valentin Goranko;;;;;;;http://dx.doi.org/10.1007/s10849-006-9017-y;Logic in Computer Science;Journal of Logic, Language and Information;journals/jolli/Goranko07;2007-04-26;;;1;117-120;;;;;;;;;;db/journals/jolli/jolli16.html#Goranko07;16;2007
input_article.csv	1017803	Missing journal article title	3877316;Dierk Wanke|Kenneth W. Berendzen|Klaus Harter|Kurt Stüber;;;;;;;http://dx.doi.org/10.1186/1471-2105-7-522;Cis;BMC Bioinformatics;journals/bmcbi/BerendzenSHW06;2009-11-10;;;;522;;;;;;;;;;db/journals/bmcbi/bmcbi7.html#BerendzenSHW06;7;2006
input_article.csv	1017968	Missing journal article title	3877481;Katharina Nöh|Sebastian Aljoscha Wahl|Wolfgang Wiechert;;;;;;;http://dx.doi.org/10.1186/1471-2105-9-152;;BMC Bioinformatics;journals/bmcbi/WahlNW08;2009-06-30;;;;;;;;;;13;;;;db/journals/bmcbi/bmcbi9.html#WahlNW08;9;2008
input_article.csv	1018007	Missing journal article title	3877520;John L. Van Hemert|Julie A. Dickerson|Linyong Mao|Sudhansu Dash;;;;;;;http://dx.doi.org/10.1186/1471-2105-10-346;Arabidopsis ;BMC Bioinformatics;journals/bmcbi/MaoHDD09;2010-07-01;;;;346;;;;;;;;;;db/journals/bmcbi/bmcbi10.html#MaoHDD09;10;2009
input_article.csv	1018155	Missing journal article title	3877668;H. Alexander Ebhardt|Kay C. Wiese|Peter J. Unrau;;;;;;;http://dx.doi.org/10.1186/1471-2105-7-185;Ebbie;BMC Bioinformatics;journals/bmcbi/EbhardtWU06;2006-05-18;;;;185;;;;;;;;;;db/journals/bmcbi/bmcbi7.html#EbhardtWU06;7;2006
input_article.csv	1018178	Missing journal article title	3877691;Matthias Zwick|Rainer Merkl;;;;;;;http://dx.doi.org/10.1186/1471-2105-9-151;H2r;BMC Bioinformatics;journals/bmcbi/MerklZ08;2009-06-30;;;;;;;;;;;;;;db/journals/bmcbi/bmcbi9.html#MerklZ08;9;2008
input_article.csv	1018184	Missing journal article title	3877697;Kazunori Ikebukuro|Koji Sode|Kotaro Terada|Takahisa Noma|Yukiko Yagi;;;;;;;http://dx.doi.org/10.1186/1471-2105-8-11;In silico ;BMC Bioinformatics;journals/bmcbi/YagiTNIS07;2009-06-30;;;;;;;;;;;;;;db/journals/bmcbi/bmcbi8.html#YagiTNIS07;8;2007
input_article.csv	1018265	Missing journal article title	3877778;Alina Rabinovich|Henny O'Geen|Peggy J. Farnham|Sushma Iyengar|Victor X. Jin;;;;;;;http://www.biomedcentral.com/1471-2105/9/S7/P24;De novo |in vivo ;BMC Bioinformatics;journals/bmcbi/JinROIF08;2013-04-16;;;S-7;;;;;;;;;;;db/journals/bmcbi/bmcbi9S.html#JinROIF08;9;2008
input_article.csv	1018389	Missing journal article title	3877902;David D. Pollock|Jeremiah J. Faith|Laila A. Nahum|Matthew T. Reynolds|Rahul Jonna|Thomas J. Meyer|Zhengyuan O. Wang|Zhi J. Jiang;;;;;;;http://dx.doi.org/10.1186/1471-2105-7-S2-S7;EGenBio;BMC Bioinformatics;journals/bmcbi/NahumRWFJJMP06;2009-06-30;;;S-2;;;;;;;;;;;db/journals/bmcbi/bmcbi7S.html#NahumRWFJJMP06;7;2006
input_article.csv	1018393	Missing journal article title	3877906;Doron Lipson|Eran Eden|Israel Steinfeld|Roy Navon|Zohar Yakhini;;;;;;;http://dx.doi.org/10.1186/1471-2105-10-48;GOrilla;BMC Bioinformatics;journals/bmcbi/EdenNSLY09;2009-08-21;;;;;;;;;;;;;;db/journals/bmcbi/bmcbi10.html#EdenNSLY09;10;2009
input_article.csv	1018691	Missing journal article title	3878204;Bernd Wollenweber|Thomas Lübberstedt|Ursula K. Frei;;;;;;;http://dx.doi.org/10.1186/1471-2105-10-176;"""PolyMin""";BMC Bioinformatics;journals/bmcbi/FreiWL09;2009-08-21;;;;;;;;;;;;;;db/journals/bmcbi/bmcbi10.html#FreiWL09;10;2009
input_article.csv	1018757	Missing journal article title	3878270;Christopher Previti|José L. Oliver|José Martínez-Aroza|Michael Hackenberg|Pedro Carpena|Pedro Luis Luque-Escamilla;;;;;;;http://dx.doi.org/10.1186/1471-2105-7-446;CpGcluster;BMC Bioinformatics;journals/bmcbi/HackenbergPLCMO06;2009-11-10;;;;446;;;;;;;;;;db/journals/bmcbi/bmcbi7.html#HackenbergPLCMO06;7;2006
input_article.csv	1018896	Missing journal article title	3878409;Alasdair J. Nisbet|Robin B. Gasser|Shivashankar H. Nagaraj|Shoba Ranganathan;;;;;;;http://dx.doi.org/10.1186/1471-2105-9-S1-S10;In silico |Trichostrongylus vitrinus ;BMC Bioinformatics;journals/bmcbi/NagarajGNR08;2009-07-02;;;S-1;;;;;;;;;;;db/journals/bmcbi/bmcbi9S.html#NagarajGNR08;9;2008
input_article.csv	1018905	Missing journal article title	3878418;Christopher L. Schardl|Elissaveta G. Arnaoudova|Jerzy W. Jaromczyk|Neil Moore|Ruriko Yoshida;;;;;;;http://dx.doi.org/10.1186/1471-2105-11-S4-P6;Phylotree;BMC Bioinformatics;journals/bmcbi/ArnaoudovaJMSY10;2010-12-13;;;S-4;P6;;;;;;;;;;db/journals/bmcbi/bmcbi11S.html#ArnaoudovaJMSY10;11;2010
input_article.csv	1018910	Missing journal article title	3878423;GongXin Yu;;;;;;;http://dx.doi.org/10.1186/1471-2105-11-508;Gen|Htr;BMC Bioinformatics;journals/bmcbi/Yu10a;2010-11-17;;;;508;;;;;;;;;;db/journals/bmcbi/bmcbi11.html#Yu10a;11;2010
input_article.csv	1019332	Missing journal article title	3878845;Claudio Greco|Luca De Gioia|Piercarlo Fantucci;;;;;;;http://dx.doi.org/10.1186/1471-2105-6-S4-S15;-In silico |Heliothis zea ;BMC Bioinformatics;journals/bmcbi/GrecoFG05;2009-07-02;;;S-4;;;;;;;;;;;db/journals/bmcbi/bmcbi6S.html#GrecoFG05;6;2005
input_article.csv	1019566	Missing journal article title	3879079;Feng Lin|Maria Stepanova|Valerie C.-L. Lin;;;;;;;http://dx.doi.org/10.1186/1471-2105-7-S4-S27;In silico ;BMC Bioinformatics;journals/bmcbi/StepanovaLL06;2009-06-30;;;S-4;;;;;;;;;;;db/journals/bmcbi/bmcbi7S.html#StepanovaLL06;7;2006
input_article.csv	1019800	Missing journal article title	3879313;Debasisa Mohanty|Jyoti Sharma|Mohd. Zeeshan Ansari|Rajesh S. Gokhale;;;;;;;http://dx.doi.org/10.1186/1471-2105-9-454;In silico ;BMC Bioinformatics;journals/bmcbi/AnsariSGM08;2009-06-30;;;;;;;;;;;;;;db/journals/bmcbi/bmcbi9.html#AnsariSGM08;9;2008
input_article.csv	1020006	Missing journal article title	3879519;Matthew D. Wilkerson|Qunfeng Dong|Volker Brendel;;;;;;;http://dx.doi.org/10.1186/1471-2105-8-151;Tracembler |in-silico ;BMC Bioinformatics;journals/bmcbi/DongWB07;2009-06-30;;;;;;;;;;;;;;db/journals/bmcbi/bmcbi8.html#DongWB07;8;2007
input_article.csv	1020197	Missing journal article title	3879710;Hyun Joo|Taeho Kim;;;;;;;http://dx.doi.org/10.1186/1471-2105-11-467;ClustalXeed;BMC Bioinformatics;journals/bmcbi/KimJ10;2010-11-17;;;;467;;;;;;;;;;db/journals/bmcbi/bmcbi11.html#KimJ10;11;2010
input_article.csv	1020202	Missing journal article title	3879715;Decio L. Eizirik|Jacques van Helden|Najib Naamane;;;;;;;http://dx.doi.org/10.1186/1471-2105-8-55;In silico ;BMC Bioinformatics;journals/bmcbi/NaamaneHE07;2009-06-30;;;;;;;;;;;;;;db/journals/bmcbi/bmcbi8.html#NaamaneHE07;8;2007
input_article.csv	1020353	Missing journal article title	3879866;Claus Desler|Lene Juel Rasmussen|May Sanderhoff|Merete Rasmussen|Prashanth Suravajhala;;;;;;;http://dx.doi.org/10.1186/1471-2105-10-289;In Silico ;BMC Bioinformatics;journals/bmcbi/DeslerSSRR09;2010-07-01;;;;289;;;;;;;;;;db/journals/bmcbi/bmcbi10.html#DeslerSSRR09;10;2009
input_article.csv	1020369	Missing journal article title	3879882;Daniel N. Frank;;;;;;;http://dx.doi.org/10.1186/1471-2105-10-362;BARCRAWL |BARTAB;BMC Bioinformatics;journals/bmcbi/Frank09;2010-07-01;;;;362;;;;;;;;;;db/journals/bmcbi/bmcbi10.html#Frank09;10;2009
input_article.csv	1020499	Missing journal article title	3880012;Erik L. L. Sonnhammer|Volker Hollich;;;;;;;http://dx.doi.org/10.1186/1471-2105-6-108;Scoredist;BMC Bioinformatics;journals/bmcbi/SonnhammerH05;2006-05-17;;;;108;;;;;;;;;;db/journals/bmcbi/bmcbi6.html#SonnhammerH05;6;2005
input_article.csv	1020678	Missing journal article title	3880191;Akinori Sarai|Hamed Fawareh|M. Michael Gromiha|Shandar Ahmad;;;;;;;http://dx.doi.org/10.1186/1471-2105-5-51;ASAView;BMC Bioinformatics;journals/bmcbi/AhmadGFS04;2006-05-17;;;;51;;;;;;;;;;db/journals/bmcbi/bmcbi5.html#AhmadGFS04;5;2004
input_article.csv	1020803	Missing journal article title	3880316;Felix Kokocinski|Grischa Toedt|Gunnar Wrobel|Lars Hummerich|Nicolas Delhomme|Peter Lichter;;;;;;;http://dx.doi.org/10.1186/1471-2105-6-161;FACT ;BMC Bioinformatics;journals/bmcbi/KokocinskiDWHTL05;2006-05-17;;;;161;;;;;;;;;;db/journals/bmcbi/bmcbi6.html#KokocinskiDWHTL05;6;2005
input_article.csv	1020953	Missing journal article title	3880466;Ela Hunt|Nadia Anwar;;;;;;;http://dx.doi.org/10.1186/1471-2105-10-S10-S3;Francisella tularensis novicida ;BMC Bioinformatics;journals/bmcbi/AnwarH09;2010-07-01;;;S-10;3;;;;;;;;;;db/journals/bmcbi/bmcbi10S.html#AnwarH09;10;2009
input_article.csv	1021077	Missing journal article title	3880590;Adi Maron-Katz|Amos Tanay|Chaim Linhart|Israel Steinfeld|Ran Elkon|Roded Sharan|Ron Shamir|Yosef Shiloh;;;;;;;http://dx.doi.org/10.1186/1471-2105-6-232;EXPANDER ;BMC Bioinformatics;journals/bmcbi/ShamirMTLSSSE05;2006-05-17;;;;232;;;;;;;;;;db/journals/bmcbi/bmcbi6.html#ShamirMTLSSSE05;6;2005
input_article.csv	1021151	Missing journal article title	3880664;Chiara Magri|Sergio Barlati|Sergio Chiesa;;;;;;;http://dx.doi.org/10.1186/1471-2105-10-49;"""GenotypeColour";BMC Bioinformatics;journals/bmcbi/BarlatiCM09;2009-08-21;;;;;;;;;;TM;;;;db/journals/bmcbi/bmcbi10.html#BarlatiCM09;10;2009
input_article.csv	1021169	Missing journal article title	3880682;Hans Sandbrink|Hendrik Marks|Just M. Vlak|Mariëlle C. W. van Hulten|Xin-Ying Ren;;;;;;;http://dx.doi.org/10.1186/1471-2105-7-309;In silico ;BMC Bioinformatics;journals/bmcbi/MarksRSHV06;2009-11-10;;;;309;;;;;;;;;;db/journals/bmcbi/bmcbi7.html#MarksRSHV06;7;2006
input_article.csv	1021348	Missing journal article title	3880861;Christopher Kauffman|George Karypis|Huzefa Rangwala;;;;;;;http://dx.doi.org/10.1186/1471-2105-10-439;svm;BMC Bioinformatics;journals/bmcbi/RangwalaKK09;2010-07-01;;;;439;;;;;;;;;;db/journals/bmcbi/bmcbi10.html#RangwalaKK09;10;2009
input_article.csv	1021713	Missing journal article title	3881226;Claus-Wilhelm von der Lieth|René Ranzinger|Stephan Herget|Thomas Wetter;;;;;;;http://dx.doi.org/10.1186/1471-2105-9-384;GlycomeDB ;BMC Bioinformatics;journals/bmcbi/RanzingerHWL08;2009-06-30;;;;;;;;;;;;;;db/journals/bmcbi/bmcbi9.html#RanzingerHWL08;9;2008
input_article.csv	1021752	Missing journal article title	3881265;Dong Li|Fuchu He|Jiyang Zhang|Wei Liu|Yunping Zhu;;;;;;;http://dx.doi.org/10.1186/1471-2105-7-515;SigFlux;BMC Bioinformatics;journals/bmcbi/LiuLZZH06;2009-11-10;;;;515;;;;;;;;;;db/journals/bmcbi/bmcbi7.html#LiuLZZH06;7;2006
input_article.csv	1021755	Missing journal article title	3881268;Hao Xu|Jiong Su|Lei Liu|Lei Qin|Pei Hao|Wei-Zhong He|Yi-Xue Li|Yixiang Shi|Yuan-Yuan Li|Zong-Ming Guo;;;;;;;http://dx.doi.org/10.1186/1471-2105-7-18;In silico ;BMC Bioinformatics;journals/bmcbi/LiQGLXHSSHL06;2006-05-18;;;;18;;;;;;;;;;db/journals/bmcbi/bmcbi7.html#LiQGLXHSSHL06;7;2006
input_article.csv	1022117	Missing journal article title	3881630;Daniel F. Voytas|Kent Vander Velden|Xiang Gao|Xun Gu;;;;;;;http://dx.doi.org/10.1186/1471-2105-6-137;SplitTester;BMC Bioinformatics;journals/bmcbi/GaoVVG05;2006-05-17;;;;137;;;;;;;;;;db/journals/bmcbi/bmcbi6.html#GaoVVG05;6;2005
input_article.csv	1022556	Missing journal article title	3882069;Anne-Marie Cleton-Jansen|Hans Morreau|Jan Oosting|Paul H. C. Eilers|Remco Natté|Ronald van Eijk|Tom van Wezel;;;;;;;http://dx.doi.org/10.1186/1471-2105-11-67;MLPAinter for MLPA interpretation: ;BMC Bioinformatics;journals/bmcbi/EijkENCMWO10;2010-07-01;;;;67;;;;;;;;;;db/journals/bmcbi/bmcbi11.html#EijkENCMWO10;11;2010
input_article.csv	1022744	Missing journal article title	3882257;Damion Nero|Daniel Tranchina|Gloria M. Coruzzi|Jonathan Kelfer|Manpreet S. Katari;;;;;;;http://dx.doi.org/10.1186/1471-2105-10-435;Arabidopsis thaliana|In Silico ;BMC Bioinformatics;journals/bmcbi/NeroKKTC09;2010-07-01;;;;435;;;;;;;;;;db/journals/bmcbi/bmcbi10.html#NeroKKTC09;10;2009
input_article.csv	1022877	Missing journal article title	3882390;Daniel H. Buckley|Hinsby Cadillo-Quiroz|Hugh G. Gauch|Robert Bukowski|Steven W. Culman;;;;;;;http://dx.doi.org/10.1186/1471-2105-10-171;T-REX;BMC Bioinformatics;journals/bmcbi/CulmanBGCB09;2009-08-21;;;;;;;;;;;;;;db/journals/bmcbi/bmcbi10.html#CulmanBGCB09;10;2009
input_article.csv	1022943	Missing journal article title	3882456;Eric M. Blalock|Randall Hulshizer;;;;;;;http://dx.doi.org/10.1186/1471-2105-8-240;Post hoc ;BMC Bioinformatics;journals/bmcbi/HulshizerB07;2009-06-30;;;;;;;;;;;;;;db/journals/bmcbi/bmcbi8.html#HulshizerB07;8;2007
input_article.csv	1022982	Missing journal article title	3882495;Morten Nielsen|Ole Lund;;;;;;;http://dx.doi.org/10.1186/1471-2105-10-296;NN-align;BMC Bioinformatics;journals/bmcbi/NielsenL09;2010-07-01;;;;296;;;;;;;;;;db/journals/bmcbi/bmcbi10.html#NielsenL09;10;2009
input_article.csv	1023363	Missing journal article title	3882876;David Ellinghaus|Stefan Kurtz|Ute Willhoeft;;;;;;;http://dx.doi.org/10.1186/1471-2105-9-18;LTRharvest|de novo ;BMC Bioinformatics;journals/bmcbi/EllinghausKW08;2009-06-30;;;;;;;;;;;;;;db/journals/bmcbi/bmcbi9.html#EllinghausKW08;9;2008
input_article.csv	1023415	Missing journal article title	3882928;Arthur Chun-Chieh Shih|Chin-Lin Peng|D. T. Lee|Yu-Wei Wu;;;;;;;http://dx.doi.org/10.1186/1471-2105-8-63;Phylo-mLogo;BMC Bioinformatics;journals/bmcbi/ShihLPW07;2009-06-30;;;;;;;;;;;;;;db/journals/bmcbi/bmcbi8.html#ShihLPW07;8;2007
input_article.csv	1023428	Missing journal article title	3882941;Bart H. J. van den Berg|Fiona M. McCarthy|Jay H. Konieczka|Shane C. Burgess;;;;;;;http://dx.doi.org/10.1186/1471-2105-10-30;ArrayIDer;BMC Bioinformatics;journals/bmcbi/BergKMB09;2009-08-21;;;;;;;;;;;;;;db/journals/bmcbi/bmcbi10.html#BergKMB09;10;2009
input_article.csv	1023437	Missing journal article title	3882950;Juan Cui|Qi Liu|Qiang Yang 0001|Ying Xu;;;;;;;http://dx.doi.org/10.1186/1471-2105-11-250;In-silico ;BMC Bioinformatics;journals/bmcbi/LiuCYX10;2013-12-11;;;;250;;;;;;;;;;db/journals/bmcbi/bmcbi11.html#LiuCYX10;11;2010
input_article.csv	1023525	Missing journal article title	3883038;Frédéric Lafitte|Gianluca Bontempi|Patrick Emmanuel Meyer;;;;;;;http://dx.doi.org/10.1186/1471-2105-9-461;minet;BMC Bioinformatics;journals/bmcbi/MeyerLB08;2009-06-30;;;;;;;;;;;;;;db/journals/bmcbi/bmcbi9.html#MeyerLB08;9;2008
input_article.csv	1023565	Missing journal article title	3883078;Harri Lähdesmäki|Ilya Shmulevich|Olli Yli-Harja|Valerie Dunmire|Wei Zhang 0011;;;;;;;http://dx.doi.org/10.1186/1471-2105-6-54;In silico ;BMC Bioinformatics;journals/bmcbi/LahdesmakiSDYZ05;2011-11-22;;;;54;;;;;;;;;;db/journals/bmcbi/bmcbi6.html#LahdesmakiSDYZ05;6;2005
input_article.csv	1023817	Missing journal article title	3883330;Arne K. Sandvik|Astrid Lægreid|Clara-Cecilie Günther|Frode K. R. Jünge|Hallgeir Bergum|Heri Ramampiaro|Lars Jølsum|Mette Langaas|Stian Lydersen|Vidar Beisvag;;;;;;;http://dx.doi.org/10.1186/1471-2105-7-470;GeneTools ;BMC Bioinformatics;journals/bmcbi/BeisvagJBJLGRLSL06;2009-11-10;;;;470;;;;;;;;;;db/journals/bmcbi/bmcbi7.html#BeisvagJBJLGRLSL06;7;2006
input_article.csv	1023930	Missing journal article title	3883443;Jeffrey Martin|Karla D. Passalacqua|Mark Borodovsky|Nicholas H. Bergman|Wenhan Zhu;;;;;;;http://dx.doi.org/10.1186/1471-2105-11-S3-S10;Bacillus anthracis ;BMC Bioinformatics;journals/bmcbi/MartinZPBB10;2010-07-01;;;S-3;10;;;;;;;;;;db/journals/bmcbi/bmcbi11S.html#MartinZPBB10;11;2010
input_article.csv	1031517	Missing journal article title	3891030;Ashley B. Craig|Melissa E. DeRosier|Rebecca P. Sanchez;;;;;;;http://dx.doi.org/10.1155/2012/654791;Zoo U;Adv. Human-Computer Interaction;journals/ahci/DeRosierCS12;2012-10-31;;;;;;;;;;;;;;db/journals/ahci/ahci2012.html#DeRosierCS12;2012;2012
input_article.csv	1032293	Missing journal article title	3891806;David Larrabeiti|János Szigeti|Ricardo Romeral|Tibor Cinkler;;;;;;;http://dx.doi.org/10.1007/s11107-008-0141-2;P;Photonic Network Communications;journals/pnc/SzigetiRCL09;2013-11-12;;;1;35-47;;;;;;;;;;db/journals/pnc/pnc17.html#SzigetiRCL09;17;2009
input_article.csv	1032565	Missing journal article title	3892078;Chang Liu|Lu Ruan;;;;;;;http://dx.doi.org/10.1007/s11107-005-7357-1;p;Photonic Network Communications;journals/pnc/LiuR06;2013-11-15;;;3;301-311;;;;;;;;;;db/journals/pnc/pnc11.html#LiuR06;11;2006
input_article.csv	1034151	Missing journal article title	3893664;Ahmed Khoumsi|Lucien Ouedraogo|Mustapha Nourelfath;;;;;;;http://dx.doi.org/10.1007/s11241-010-9103-8;SetExp;Real-Time Systems;journals/rts/OuedraogoKN10;2010-11-09;;;2;189-250;;;;;;;;;;db/journals/rts/rts46.html#OuedraogoKN10;46;2010
input_article.csv	1035263	Missing journal article title	3894776;Filippo Ricca|Liu Chao;;;;;;;http://dx.doi.org/10.1007/s10009-009-0127-0;Special section on;STTT;journals/sttt/RiccaC09;2009-12-16;;;6;419-425;;;;;;;;;;db/journals/sttt/sttt11.html#RiccaC09;11;2009
input_article.csv	1041903	Missing journal article title	3901416;Cesar Guzman|Eva Onaindia|Inma Garcia|Laura Sebastia;;;;;;;http://dx.doi.org/10.1142/S0218213009000378;E-Tourism;International Journal on Artificial Intelligence Tools;journals/ijait/SebastiaGOG09;2010-03-09;;;5;717-738;;;;;;;;;;db/journals/ijait/ijait18.html#SebastiaGOG09;18;2009
input_article.csv	1042002	Missing journal article title	3901515;Béchir el Ayeb|Hechmi Shili|Lotfi Ben Romdhane;;;;;;;http://dx.doi.org/10.1142/S0218213009000263;P|m;International Journal on Artificial Intelligence Tools;journals/ijait/RomdhaneSA09;2009-09-23;;;4;545-567;;;;;;;;;;db/journals/ijait/ijait18.html#RomdhaneSA09;18;2009
input_article.csv	1042246	Missing journal article title	3901759;Ashwin Machanavajjhala|Daniel Kifer|Johannes Gehrke|Muthuramakrishnan Venkitasubramaniam;;;;;;;http://doi.acm.org/10.1145/1217299.1217302;L|k;TKDD;journals/tkdd/MachanavajjhalaKGV07;2007-10-23;;;1;;;;;;;;;;;db/journals/tkdd/tkdd1.html#MachanavajjhalaKGV07;1;2007
input_article.csv	1042417	Missing journal article title	3901930;Beiliang Du|Jian Wang;;;;;;;http://dx.doi.org/10.1016/j.disc.2003.12.013;K|K;Discrete Mathematics;journals/dm/WangD04;2005-04-06;;;1-3;283-287;;;;;m, n|p, q;;;;;db/journals/dm/dm283.html#WangD04;283;2004
input_article.csv	1042694	Missing journal article title	3902207;Edwin O'Shea;;;;;;;http://dx.doi.org/10.1016/j.disc.2004.07.016;M;Discrete Mathematics;journals/dm/OShea04;2005-04-12;;;1-3;81-93;;;;;;;;;;db/journals/dm/dm289.html#OShea04;289;2004
input_article.csv	1042971	Missing journal article title	3902484;Pierre Lalonde;;;;;;;http://dx.doi.org/10.1016/S0012-365X(02)00346-1;q;Discrete Mathematics;journals/dm/Lalonde02;2005-09-13;;;3;759-773;;;;;;;;;;db/journals/dm/dm256.html#Lalonde02;256;2002
input_article.csv	1043256	Missing journal article title	3902769;Guangfu Wang|Heping Zhang;;;;;;;http://dx.doi.org/10.1016/j.disc.2013.04.032;l;Discrete Mathematics;journals/dm/WangZ13;2013-08-16;;;20;2115-2118;;;;;1;;;;;db/journals/dm/dm313.html#WangZ13;313;2013
input_article.csv	1043599	Missing journal article title	3903112;Jerzy Topp|Preben D. Vestergaard;;;;;;;http://dx.doi.org/10.1016/S0012-365X(99)00216-2;alpha|gamma;Discrete Mathematics;journals/dm/ToppV00;2005-11-09;;;1-2;149-160;;;;;k|k;;;;;db/journals/dm/dm212.html#ToppV00;212;2000
input_article.csv	1043864	Missing journal article title	3903377;Pavel Skums;;;;;;;http://dx.doi.org/10.1016/j.disc.2013.07.003;H|H;Discrete Mathematics;journals/dm/Skums13;2013-08-16;;;21;2390-2400;;;;;;;;;;db/journals/dm/dm313.html#Skums13;313;2013
input_article.csv	1043959	Missing journal article title	3903472;Hendrik Van Maldeghem|Joseph A. Thas|Leen Brouns;;;;;;;http://dx.doi.org/10.1016/S0012-365X(01)00384-3;m;Discrete Mathematics;journals/dm/BrounsTM02;2005-09-13;;;1-3;25-33;;;;;;;;;;db/journals/dm/dm255.html#BrounsTM02;255;2002
input_article.csv	1044591	Missing journal article title	3904104;Hao Li|Ju Zhou|Mingquan Zhan|Ping Li|Taoye Zhang;;;;;;;http://dx.doi.org/10.1016/j.disc.2013.04.008;Z;Discrete Mathematics;journals/dm/LiLZZZ13;2013-06-11;;;16;1666-1676;;;;;3;;;;;db/journals/dm/dm313.html#LiLZZZ13;313;2013
input_article.csv	1045009	Missing journal article title	3904522;Igor E. Zverovich;;;;;;;http://dx.doi.org/10.1016/S0012-365X(01)00318-1;k|r;Discrete Mathematics;journals/dm/Zverovich02;2005-09-26;;;1-3;261-270;;;;;;;;;;db/journals/dm/dm247.html#Zverovich02;247;2002
input_article.csv	1045361	Missing journal article title	3904874;Hong-Gwa Yeh;;;;;;;http://dx.doi.org/10.1016/S0012-365X(01)00452-6;d;Discrete Mathematics;journals/dm/Yeh02;2005-09-19;;;1-3;97-107;;;;;;;;;;db/journals/dm/dm253.html#Yeh02;253;2002
input_article.csv	1046160	Missing journal article title	3905673;Brian J. Travers|Norman J. Finizio;;;;;;;http://dx.doi.org/10.1016/S0012-365X(03)00271-1;Z|Z;Discrete Mathematics;journals/dm/FinizioT04;2005-07-25;;;1-3;215-223;;;;;;;;;;db/journals/dm/dm279.html#FinizioT04;279;2004
input_article.csv	1046430	Missing journal article title	3905943;Cuiqi Wang|Lianying Miao|Zhengke Miao|Ziming Duan;;;;;;;http://dx.doi.org/10.1016/j.disc.2013.06.011;L|p;Discrete Mathematics;journals/dm/DuanMWM13;2013-08-16;;;20;2330-2336;;;;;;;;;;db/journals/dm/dm313.html#DuanMWM13;313;2013
input_article.csv	1046846	Missing journal article title	3906359;Beiliang Du|Jian Wang;;;;;;;http://dx.doi.org/10.1016/S0012-365X(02)00587-3;K;Discrete Mathematics;journals/dm/DuW02;2005-09-06;;;1-3;301-306;;;;;k;;;;;db/journals/dm/dm259.html#DuW02;259;2002
input_article.csv	1046969	Missing journal article title	3906482;Michael A. Henning|Peter J. Slater|Stephen T. Hedetniemi|Teresa W. Haynes;;;;;;;http://dx.doi.org/10.1016/S0012-365X(02)00496-X;H;Discrete Mathematics;journals/dm/HaynesHHS03;2005-09-06;;;1-3;159-169;;;;;;;;;;db/journals/dm/dm262.html#HaynesHHS03;262;2003
input_article.csv	1047750	Missing journal article title	3907263;Dumitru Busneag|Florentina Chirtes;;;;;;;http://dx.doi.org/10.1016/j.disc.2005.02.012;LM|LM;Discrete Mathematics;journals/dm/BusneagC05;2005-07-25;;;2-3;143-165;;;;;n|n;;;;;db/journals/dm/dm296.html#BusneagC05;296;2005
input_article.csv	1047889	Missing journal article title	3907402;Yehuda Ashkenazi;;;;;;;http://dx.doi.org/10.1016/j.disc.2005.02.016;C;Discrete Mathematics;journals/dm/Ashkenazi05;2006-06-27;;;1-3;152-158;;;;;3;;;;;db/journals/dm/dm297.html#Ashkenazi05;297;2005
input_article.csv	1048133	Missing journal article title	3907646;Petter Brändén;;;;;;;http://dx.doi.org/10.1016/j.disc.2003.07.006;J|h|q;Discrete Mathematics;journals/dm/Branden04;2005-04-06;;;1-3;67-81;;;;;;;;;;db/journals/dm/dm281.html#Branden04;281;2004
input_article.csv	1048138	Missing journal article title	3907651;Eunice Gogo Mphako;;;;;;;http://dx.doi.org/10.1016/j.disc.2004.03.009;H|k;Discrete Mathematics;journals/dm/Mphako04;2005-04-06;;;1-3;201-210;;;;;;;;;;db/journals/dm/dm285.html#Mphako04;285;2004
input_article.csv	1048529	Missing journal article title	3908042;P. Paulraja|R. S. Manikandan;;;;;;;http://dx.doi.org/10.1016/j.disc.2005.08.006;C|p;Discrete Mathematics;journals/dm/ManikandanP06;2006-06-26;;;4;429-451;;;;;;;;;;db/journals/dm/dm306.html#ManikandanP06;306;2006
input_article.csv	1048611	Missing journal article title	3908124;Joël Puech;;;;;;;http://dx.doi.org/10.1016/S0012-365X(99)00235-6;R;Discrete Mathematics;journals/dm/Puech00;2005-10-31;;;;181-199;;;;;;;;;;db/journals/dm/dm215.html#Puech00;215;2000
input_article.csv	1048632	Missing journal article title	3908145;Andrew V. Sills|José Plínio O. Santos;;;;;;;http://dx.doi.org/10.1016/S0012-365X(01)00475-7;q;Discrete Mathematics;journals/dm/SantosS02;2005-09-13;;;1;125-142;;;;;;;;;;db/journals/dm/dm257.html#SantosS02;257;2002
input_article.csv	1049392	Missing journal article title	3908905;Kenji Kimura;;;;;;;http://dx.doi.org/10.1016/j.disc.2013.03.009;f;Discrete Mathematics;journals/dm/Kimura13;2013-04-26;;;13;1452-1463;;;;;;;;;;db/journals/dm/dm313.html#Kimura13;313;2013
input_article.csv	1049719	Missing journal article title	3909232;Emerson L. Monte Carmelo|Walter Alexandre Carnielli;;;;;;;http://dx.doi.org/10.1016/S0012-365X(00)00041-8;K|K|K|K;Discrete Mathematics;journals/dm/CarnielliC00;2005-10-31;;;1-3;83-92;;;;;1, n|2, 2|2, n|2, n;;;;;db/journals/dm/dm223.html#CarnielliC00;223;2000
input_article.csv	1050263	Missing journal article title	3909776;Liang Chen|Naoyuki Tokuda;;;;;;;http://dx.doi.org/10.1016/S0012-365X(02)00747-1;n;Discrete Mathematics;journals/dm/ChenT03;2005-08-05;;;1-3;81-91;;;;;;;;;;db/journals/dm/dm269.html#ChenT03;269;2003
input_article.csv	1050720	Missing journal article title	3910233;Alberto Borobia|Valerio Chumillas;;;;;;;http://dx.doi.org/10.1016/S0012-365X(97)00026-5;;Discrete Mathematics;journals/dm/BorobiaC98;2007-06-25;;;1-3;49-57;;;;;;*;;;;db/journals/dm/dm179.html#BorobiaC98;179;1998
input_article.csv	1050920	Missing journal article title	3910433;Bostjan Bresar|Sandi Klavzar;;;;;;;http://dx.doi.org/10.1016/j.disc.2006.02.013;Theta;Discrete Mathematics;journals/dm/BresarK06;2006-06-26;;;13;1264-1271;;;;;;;;;;db/journals/dm/dm306.html#BresarK06;306;2006
input_article.csv	1051149	Missing journal article title	3910662;Akira Saito|Derek A. Holton|Dingjun Lou|Robert E. L. Aldred;;;;;;;http://dx.doi.org/10.1016/S0012-365X(02)00827-0;M|n;Discrete Mathematics;journals/dm/AldredHLS03;2005-08-05;;;1-3;1-11;;;;;;;;;;db/journals/dm/dm269.html#AldredHLS03;269;2003
input_article.csv	1051646	Missing journal article title	3911159;Mike Zabrocki;;;;;;;http://dx.doi.org/10.1016/S0012-365X(02)00350-3;q;Discrete Mathematics;journals/dm/Zabrocki02;2008-07-11;;;3;831-853;;;;;;;;;;db/journals/dm/dm256.html#Zabrocki02;256;2002
input_article.csv	1051962	Missing journal article title	3911475;Sergei A. Abramov;;;;;;;http://dx.doi.org/10.1016/S0012-365X(99)00252-6;m;Discrete Mathematics;journals/dm/Abramov00a;2005-10-31;;;1-3;3-15;;;;;;;;;;db/journals/dm/dm217.html#Abramov00a;217;2000
input_article.csv	1051978	Missing journal article title	3911491;Hirobumi Mizuno|Iwao Sato;;;;;;;http://dx.doi.org/10.1016/S0012-365X(01)00439-3;L;Discrete Mathematics;journals/dm/MizunoS02;2005-09-13;;;1-2;335-347;;;;;;;;;;db/journals/dm/dm256.html#MizunoS02;256;2002
input_article.csv	1052457	Missing journal article title	3911970;Kazuhiko Ushio|Yoshikazu Ohtsubo;;;;;;;http://dx.doi.org/10.1016/S0012-365X(00)00339-3;K;Discrete Mathematics;journals/dm/UshioO01;2005-10-14;;;1-3;459-467;;;;;p, q;;;;;db/journals/dm/dm231.html#UshioO01;231;2001
input_article.csv	1052966	Missing journal article title	3912479;Mike Zabrocki|Nantel Bergeron;;;;;;;http://dx.doi.org/10.1016/j.disc.2004.08.044;q|q|t;Discrete Mathematics;journals/dm/BergeronZ05;2008-07-11;;;1-3;79-103;;;;;;;;;;db/journals/dm/dm298.html#BergeronZ05;298;2005
input_article.csv	1053114	Missing journal article title	3912627;Bock Boom Lim|Khee Meng Koh|Peter J. Slater;;;;;;;http://dx.doi.org/10.1016/S0012-365X(03)00187-0;H;Discrete Mathematics;journals/dm/KohLS03;2005-07-29;;;1;97-105;;;;;;;;;;db/journals/dm/dm272.html#KohLS03;272;2003
input_article.csv	1053230	Missing journal article title	3912743;Darryn E. Bryant|Hung-Lin Fu;;;;;;;http://dx.doi.org/10.1016/S0012-365X(02)00371-0;C;Discrete Mathematics;journals/dm/BryantF02;2005-09-06;;;1-3;263-268;;;;;4;;;;;db/journals/dm/dm259.html#BryantF02;259;2002
input_article.csv	1053514	Missing journal article title	3913027;Fuji Zhang|Haiyuan Yao|Heping Zhang;;;;;;;http://dx.doi.org/10.1016/S0012-365X(03)00319-4;Z;Discrete Mathematics;journals/dm/ZhangZY04;2005-07-29;;;1-3;393-404;;;;;;;;;;db/journals/dm/dm276.html#ZhangZY04;276;2004
input_article.csv	1053960	Missing journal article title	3913477;Susann Luper-Foy;;;;;;;http://dx.doi.org/10.1007/BF00936472;E/G Word;Machine Translation;journals/mt/Luper-Foy86;2007-01-12;;;2;115-117;;;;;;;;;;db/journals/mt/mt1.html#Luper-Foy86;1;1986
input_article.csv	1054120	Missing journal article title	3913637;Aingeru Mayor|Arantza Díaz de Ilarraza Sánchez|Gorka Labaka|Iñaki Alegria|Kepa Sarasola|Mikel Lersundi;;;;;;;http://dx.doi.org/10.1007/s10590-011-9092-y;Matxin;Machine Translation;journals/mt/MayorASLLS11;2011-08-18;;;1;53-82;;;;;;;;;;db/journals/mt/mt25.html#MayorASLLS11;25;2011
input_article.csv	1061221	Missing journal article title	3920738;Ankur Kapoor|Bradford J. Wood|Finnie Hunter|Guy Jones|Hilary A. Hancock|Jianwu Xie|Matthew R. Dreher|Michael J. Stone|Victor Frenkel;;;;;;;http://dx.doi.org/10.1109/TBME.2009.2028316;In Vitro;IEEE Trans. Biomed. Engineering;journals/tbe/JonesHHKSWXDF10;2012-06-12;;;1;33-36;;;;;;;;;;db/journals/tbe/tbe57.html#JonesHHKSWXDF10;57;2010
input_article.csv	1061510	Missing journal article title	3921027;Andi Sudjana Putra|J. K. Y. Chan|K. Z. Tang|Kok Kiong Tan|L. G. Tan|M. S. K. Chong|Soon-Chye Ng|Sunan Huang|Tong Heng Lee;;;;;;;http://dx.doi.org/10.1109/TBME.2009.2023993;Ex Utero;IEEE Trans. Biomed. Engineering;journals/tbe/TanTHPLNCTC09;2014-01-30;;;9;2331-2334;;;;;;;;;;db/journals/tbe/tbe56.html#TanTHPLNCTC09;56;2009
input_article.csv	1062426	Missing journal article title	3921943;André Mercanzini|Anne Bertsch|Jean-Charles Bensadoun|Philippe Colin|Philippe Renaud;;;;;;;http://dx.doi.org/10.1109/TBME.2009.2018457;In Vivo;IEEE Trans. Biomed. Engineering;journals/tbe/MercanziniCBBR09;2012-06-21;;;7;1909-1918;;;;;;;;;;db/journals/tbe/tbe56.html#MercanziniCBBR09;56;2009
input_article.csv	1062605	Missing journal article title	3922122;Eugen R. Lontis|Johannes J. Struijk|Karsten Nielsen;;;;;;;http://dx.doi.org/10.1109/TBME.2008.2009929;In Vitro;IEEE Trans. Biomed. Engineering;journals/tbe/LontisNS09;2012-06-21;;;2;500-512;;;;;;;;;;db/journals/tbe/tbe56.html#LontisNS09;56;2009
input_article.csv	1062729	Missing journal article title	3922246;David R. Haynor|Eric J. Seibel|Robb W. Glenny|Timothy D. Soper;;;;;;;http://dx.doi.org/10.1109/TBME.2009.2034733;In Vivo;IEEE Trans. Biomed. Engineering;journals/tbe/SoperHGS10;2012-06-12;;;3;736-745;;;;;;;;;;db/journals/tbe/tbe57.html#SoperHGS10;57;2010
input_article.csv	1062798	Missing journal article title	3922315;Boris Rubinsky|César A. González|Liana Horowitz;;;;;;;http://dx.doi.org/10.1109/TBME.2006.889183;In Vivo;IEEE Trans. Biomed. Engineering;journals/tbe/GonzalezHR07;2013-04-08;;;5;953-956;;;;;;;;;;db/journals/tbe/tbe54.html#GonzalezHR07;54;2007
input_article.csv	1063577	Missing journal article title	3923094;Chun Yang|Dalin Tang|Issam Ei Naqa|Jie Zheng|Kristen Billiar|Pamela K. Woodard|Richard G. Bach|Zhongzhao Teng;;;;;;;http://dx.doi.org/10.1109/TBME.2009.2025658;In Vivo;IEEE Trans. Biomed. Engineering;journals/tbe/YangBZNWTBT09;2012-06-21;;;10;2420-2428;;;;;;;;;;db/journals/tbe/tbe56.html#YangBZNWTBT09;56;2009
input_article.csv	1063655	Missing journal article title	3923172;Adriana Murillo-Rincon|Alain Birer|Belhassen Seket|Christian Paquet|Cyril Lafon|Guillaume Bouchoux|Gérard Fleury|Jean-Yves Chapelon|Neil R. Owen|Rémi Berriet|Samir Merouche|Éric Delabrousse;;;;;;;http://dx.doi.org/10.1109/TBME.2009.2023994;In Vivo;IEEE Trans. Biomed. Engineering;journals/tbe/OwenBSMMBPDCBFL10;2012-06-12;;;1;80-92;;;;;;;;;;db/journals/tbe/tbe57.html#OwenBSMMBPDCBFL10;57;2010
input_article.csv	1063816	Missing journal article title	3923333;Huafeng Liu|Pengcheng Shi;;;;;;;http://dx.doi.org/10.1109/TBME.2008.2006012;Maximum a Posteriori;IEEE Trans. Biomed. Engineering;journals/tbe/LiuS09;2012-06-21;;;2;378-389;;;;;;;;;;db/journals/tbe/tbe56.html#LiuS09;56;2009
input_article.csv	1063878	Missing journal article title	3923395;David R. S. Cumming|Lei Wang|Timothy D. Drysdale;;;;;;;http://dx.doi.org/10.1109/TBME.2007.895105;In Situ;IEEE Trans. Biomed. Engineering;journals/tbe/WangDC07;2012-07-04;;;11;2020-2027;;;;;;;;;;db/journals/tbe/tbe54.html#WangDC07;54;2007
input_article.csv	1064397	Missing journal article title	3923914;Chunyan Dou|Douglas L. Miller|Roger C. Wiggins;;;;;;;http://dx.doi.org/10.1109/TBME.2009.2030960;In Vivo;IEEE Trans. Biomed. Engineering;journals/tbe/MillerDW10;2012-06-12;;;1;167-174;;;;;;;;;;db/journals/tbe/tbe57.html#MillerDW10;57;2010
input_article.csv	1064748	Missing journal article title	3924265;Alicia M. Ortega|Andrew A. Sharp|Diego Restrepo|Douglas Curran-Everett|Ken Gall;;;;;;;http://dx.doi.org/10.1109/TBME.2008.2003261;In Vivo;IEEE Trans. Biomed. Engineering;journals/tbe/SharpORCG09;2012-06-21;;;1;45-53;;;;;;;;;;db/journals/tbe/tbe56.html#SharpORCG09;56;2009
input_article.csv	1066826	Missing journal article title	3926343;Helmut Prodinger;;;;;;;;d;Discrete Mathematics & Theoretical Computer Science;journals/dmtcs/Prodinger06;2007-09-12;;;1;273-284;;;;;;;;;;db/journals/dmtcs/dmtcs8.html#Prodinger06;8;2006
input_article.csv	1066921	Missing journal article title	3926438;Dagmar Handke|Ulrik Brandes;;;;;;;http://dmtcs.loria.fr/volumes/abstracts/dm030101.abs.html;NP;Discrete Mathematics & Theoretical Computer Science;journals/dmtcs/BrandesH98;2002-01-03;;;1;1-10;;;;;;;;;;db/journals/dmtcs/dmtcs3.html#BrandesH98;3;1998
input_article.csv	1066933	Missing journal article title	3926450;Andreas Brandstädt|Suhail Mahfud|Tilo Klembt;;;;;;;http://www.dmtcs.org/dmtcs-ojs/index.php/dmtcs/article/view/511;P;Discrete Mathematics & Theoretical Computer Science;journals/dmtcs/BrandstadtKM06;2007-09-12;;;1;173-188;;;;;6;;;;;db/journals/dmtcs/dmtcs8.html#BrandstadtKM06;8;2006
input_article.csv	1067326	Missing journal article title	3926843;Daniel E. O'Leary;;;;;;;http://dx.doi.org/10.1002/isaf.312;Intelligent Systems in Accounting, Finance and Management;Int. Syst. in Accounting, Finance and Management;journals/isafm/OLeary10;2011-05-14;;;1;41-58;;;;;;;;;;db/journals/isafm/isafm17.html#OLeary10;17;2010
input_article.csv	1068593	Missing journal article title	3928110;Bert Jüttler|Jirí Kosinka;;;;;;;http://dx.doi.org/10.1007/s10444-007-9059-y;C;Adv. Comput. Math.;journals/adcm/KosinkaJ09;2009-07-07;;;2;123-140;;;;;;1;;;;db/journals/adcm/adcm30.html#KosinkaJ09;30;2009
input_article.csv	1068811	Missing journal article title	3928328;M. Laghchim-Lahlou|Paul Sablonnière;;;;;;;http://dx.doi.org/10.1007/BF02127703;C|r;Adv. Comput. Math.;journals/adcm/Laghchim-LahlouS96;2008-08-11;;;1;191-206;;;;;;;;;;db/journals/adcm/adcm6.html#Laghchim-LahlouS96;6;1996
input_article.csv	1068962	Missing journal article title	3928479;Erik S. Van Vleck|Volker Mehrmann|Vu Hoang Linh;;;;;;;http://dx.doi.org/10.1007/s10444-010-9156-1;QR;Adv. Comput. Math.;journals/adcm/LinhMV11;2011-08-22;;;2-4;281-322;;;;;;;;;;db/journals/adcm/adcm35.html#LinhMV11;35;2011
input_article.csv	1068980	Missing journal article title	3928497;Junliang Lv|Yonghai Li;;;;;;;http://dx.doi.org/10.1007/s10444-009-9121-z;L;Adv. Comput. Math.;journals/adcm/LvL10;2010-10-25;;;2;129-148;;;;;;2;;;;db/journals/adcm/adcm33.html#LvL10;33;2010
input_article.csv	1069042	Missing journal article title	3928559;Diana T. Stoeva|Ole Christensen;;;;;;;http://dx.doi.org/10.1023/A:1021364413257;p;Adv. Comput. Math.;journals/adcm/ChristensenS03;2008-08-11;;;2-4;117-126;;;;;;;;;;db/journals/adcm/adcm18.html#ChristensenS03;18;2003
input_article.csv	1069474	Missing journal article title	3928991;Kathryn Thompson;;;;;;;http://dx.doi.org/10.1080/01972243.2014.856671;Noise Channels: Glitch and Error in Digital Culture;Inf. Soc.;journals/tis/Thompson14;2014-02-18;;;1;83-84;;;;;;;;;;db/journals/tis/tis30.html#Thompson14;30;2014
input_article.csv	1069483	Missing journal article title	3929000;Andrew Pilsch;;;;;;;http://dx.doi.org/10.1080/01972243.2013.826507;MP3: The Meaning of a Format;Inf. Soc.;journals/tis/Pilsch13;2013-12-13;;;5;316-317;;;;;;;;;;db/journals/tis/tis29.html#Pilsch13;29;2013
input_article.csv	1069592	Missing journal article title	3929109;Jesper Jorgensen;;;;;;;http://dx.doi.org/10.1080/01972243.2013.800395;Digital Welfare for the Third Age: Health and Social Care Informatics for Older People;Inf. Soc.;journals/tis/Jorgensen13;2013-08-20;;;4;248-249;;;;;;;;;;db/journals/tis/tis29.html#Jorgensen13;29;2013
input_article.csv	1069605	Missing journal article title	3929122;Trevor J. Owens;;;;;;;http://dx.doi.org/10.1080/01972243.2013.800416;Virtual Communities: Bowling Alone, Together Online;Inf. Soc.;journals/tis/Owens13;2013-08-20;;;4;254-255;;;;;;;;;;db/journals/tis/tis29.html#Owens13;29;2013
input_article.csv	1069609	Missing journal article title	3929126;Jenna McWilliams;;;;;;;http://dx.doi.org/10.1080/01972243.2013.800415;Decoding Liberation: The Promise of Free and Open Source Software;Inf. Soc.;journals/tis/McWilliams13;2013-08-20;;;4;250-251;;;;;;;;;;db/journals/tis/tis29.html#McWilliams13;29;2013
input_article.csv	1069642	Missing journal article title	3929159;Daphna Yeshua-Katz;;;;;;;http://dx.doi.org/10.1080/01972243.2013.758476;Who's Watching? Daily Practices of Surveillance Among Contemporary Families;Inf. Soc.;journals/tis/Yeshua-Katz13;2013-06-04;;;2;128-129;;;;;;;;;;db/journals/tis/tis29.html#Yeshua-Katz13;29;2013
input_article.csv	1069720	Missing journal article title	3929237;Brandon Auman|Kevin McManama|Nicholas J. Rowland;;;;;;;http://dx.doi.org/10.1080/01972243.2014.875791;Posthuman Suffering and the Technological Embrace;Inf. Soc.;journals/tis/AumanMR14;2014-03-18;;;2;161-162;;;;;;;;;;db/journals/tis/tis30.html#AumanMR14;30;2014
input_article.csv	1069744	Missing journal article title	3929261;Heather Wiltse;;;;;;;http://dx.doi.org/10.1080/01972243.2013.826519;Materiality and Organizing: Social Interaction in a Technological World;Inf. Soc.;journals/tis/Wiltse13;2013-12-13;;;5;322-323;;;;;;;;;;db/journals/tis/tis29.html#Wiltse13;29;2013
input_article.csv	1069837	Missing journal article title	3929354;Kim Lacey;;;;;;;http://dx.doi.org/10.1080/01972243.2014.875790;Digital Labor: The Internet as Playground and Factory;Inf. Soc.;journals/tis/Lacey14;2014-03-18;;;2;159-160;;;;;;;;;;db/journals/tis/tis30.html#Lacey14;30;2014
input_article.csv	1069854	Missing journal article title	3929371;Bärbel Bohr;;;;;;;http://dx.doi.org/10.1080/01972243.2013.800412;Gender Codes: Why Women Are Leaving Computing;Inf. Soc.;journals/tis/Bohr13;2013-08-20;;;4;252-253;;;;;;;;;;db/journals/tis/tis29.html#Bohr13;29;2013
input_article.csv	1069930	Missing journal article title	3929447;Heather Soyka;;;;;;;http://dx.doi.org/10.1080/01972243.2013.800411;Care and Conservation of Manuscripts 11: Proceedings of the Eleventh International Seminar Held at the University of Copenhagen, 24-25 April 2008, ;Inf. Soc.;journals/tis/Soyka13;2013-08-20;;;4;256-257;;;;;;;;;;db/journals/tis/tis29.html#Soyka13;29;2013
input_article.csv	1069932	Missing journal article title	3929449;Carolyn M. Schwartz;;;;;;;http://dx.doi.org/10.1080/01972243.2014.856672;Popular Music: Topics, Trends, & Trajectories;Inf. Soc.;journals/tis/Schwartz14;2014-02-18;;;1;81-82;;;;;;;;;;db/journals/tis/tis30.html#Schwartz14;30;2014
input_article.csv	1069959	Missing journal article title	3929476;Andrew Schrock;;;;;;;http://dx.doi.org/10.1080/01972243.2013.826513;Global Mobile Media;Inf. Soc.;journals/tis/Schrock13;2013-12-13;;;5;318-319;;;;;;;;;;db/journals/tis/tis29.html#Schrock13;29;2013
input_article.csv	1070109	Missing journal article title	3929626;Dongoh Park;;;;;;;http://dx.doi.org/10.1080/01972243.2014.875793;Access Contested: Security, Identity, and Resistance in Asian Cyberspace;Inf. Soc.;journals/tis/Park14;2014-03-18;;;2;163-164;;;;;;;;;;db/journals/tis/tis30.html#Park14;30;2014
input_article.csv	1070299	Missing journal article title	3929816;Sorin Adam Matei;;;;;;;http://dx.doi.org/10.1080/01972243.2013.758481;The Shallows: What the Internet Is Doing to Our Brains;Inf. Soc.;journals/tis/Matei13;2013-06-04;;;2;130-132;;;;;;;;;;db/journals/tis/tis29.html#Matei13;29;2013
input_article.csv	1071473	Missing journal article title	3930990;William C. Howell;;;;;;;http://dx.doi.org/10.1518/001872008X288367;Human Factors;Human Factors;journals/hf/Howell08;2010-03-16;;;3;354-358;;;;;;;;;;db/journals/hf/hf50.html#Howell08;50;2008
input_article.csv	1072910	Missing journal value	3932427;James F. Peters|Sheela Ramanna;T. Rough Sets;;;;journals/trs/2004-1;;http://dx.doi.org/10.1007/978-3-540-27794-1_16;;;journals/trs/PetersR04;2011-07-07;;;;338-355;;;;;;;Approximation Space for Software Models.;;;db/journals/trs/trs1.html#PetersR04;;2004
input_article.csv	1072911	Missing journal value	3932428;Jiye Li|Nick Cercone;T. Rough Sets;;;;journals/trs/2006-5;;http://dx.doi.org/10.1007/11847465_8;;;journals/trs/LiC06;2007-01-03;;;;167-189;;;;;;;Introducing a Rule Importance Measure.;;;db/journals/trs/trs5.html#LiC06;;2006
input_article.csv	1072913	Missing journal value	3932430;James F. Peters|Maciej Borkowski;T. Rough Sets;;;;journals/trs/2006-5;;http://dx.doi.org/10.1007/11847465_4;;;journals/trs/BorkowskiP06;2007-01-03;;;;63-101;;;;;;;Matching 2D Image Segments with Genetic Algorithms and Approximation Spaces.;;;db/journals/trs/trs5.html#BorkowskiP06;;2006
input_article.csv	1072917	Missing journal value	3932434;Mikhail Ju. Moshkov;T. Rough Sets;;;;journals/trs/2004-1;;http://dx.doi.org/10.1007/978-3-540-27794-1_7;;;journals/trs/Moshkov04;2011-07-07;;;;161-168;;;;;;;Greedy Algorithm of Decision Tree Construction for Real Data Tables.;;;db/journals/trs/trs1.html#Moshkov04;;2004
input_article.csv	1072920	Missing journal value	3932437;Marcin Wolski;T. Rough Sets;;;;journals/trs/2005-3;;http://dx.doi.org/10.1007/11427834_11;;;journals/trs/Wolski05;2007-01-03;;;;230-243;;;;;;;Formal Concept Analysis and Rough Set Theory from the Perspective of Finite Topological Approximations.;;;db/journals/trs/trs3.html#Wolski05;;2005
input_article.csv	1072929	Missing journal value	3932446;Akimichi Okuma|Hiroshi Sakai;T. Rough Sets;;;;journals/trs/2004-1;;http://dx.doi.org/10.1007/978-3-540-27794-1_10;;;journals/trs/SakaiO04;2011-07-07;;;;209-231;;;;;;;Basic Algorithms and Tools for Rough Non-deterministic Information Analysis.;;;db/journals/trs/trs1.html#SakaiO04;;2004
input_article.csv	1072930	Missing journal value	3932447;Jerzy W. Grzymala-Busse;T. Rough Sets;;;;journals/trs/2004-2;;http://dx.doi.org/10.1007/978-3-540-27778-1_4;;;journals/trs/Grzymala-Busse04a;2013-11-21;;;;54-62;;;;;;;Three Strategies to Rule Induction from Data with Numerical Attributes.;;;db/journals/trs/trs2.html#Grzymala-Busse04a;;2004
input_article.csv	1072935	Missing journal value	3932452;Yiyu Yao;T. Rough Sets;;;;journals/trs/2004-1;;http://dx.doi.org/10.1007/978-3-540-27794-1_11;;;journals/trs/Yao04;2011-07-07;;;;232-253;;;;;;;A Partition Model of Granular Computing.;;;db/journals/trs/trs1.html#Yao04;;2004
input_article.csv	1072942	Missing journal value	3932459;Yiyu Yao;T. Rough Sets;;;;journals/trs/2004-2;;http://dx.doi.org/10.1007/978-3-540-27778-1_15;;;journals/trs/Yao04a;2013-11-21;;;;297-318;;;;;;;Semantics of Fuzzy Sets in Rough Set Theory.;;;db/journals/trs/trs2.html#Yao04a;;2004
input_article.csv	1072943	Missing journal value	3932460;Dominik Slezak;T. Rough Sets;;;;journals/trs/2005-3;;http://dx.doi.org/10.1007/11427834_10;;;journals/trs/Slezak05;2007-01-03;;;;202-229;;;;;;;Rough Sets and Bayes Factor.;;;db/journals/trs/trs3.html#Slezak05;;2005
input_article.csv	1072946	Missing journal value	3932464;Andrzej Skowron|Arkadiusz Wojna|Hui Wang 0001|Jan G. Bazan;T. Rough Sets;;;;journals/trs/2006-5;;http://dx.doi.org/10.1007/11847465_11;;;journals/trs/SkowronWWB06;2011-02-24;;;;224-239;;;;;;;Multimodal Classification: Case Studies.;;;db/journals/trs/trs5.html#SkowronWWB06;;2006
input_article.csv	1072947	Missing journal value	3932465;Akira Kanda|Lech Polkowski|Peter Apostoli;T. Rough Sets;;;;journals/trs/2004-2;;http://dx.doi.org/10.1007/978-3-540-27778-1_9;;;journals/trs/ApostoliKP04;2013-11-21;;;;151-188;;;;;;;First Steps Towards Computably-Infinite Information Systems.;;;db/journals/trs/trs2.html#ApostoliKP04;;2004
input_article.csv	1072948	Missing journal value	3932466;Aijun An|Nick Cercone|Xiangji Huang|Yanhui Huang;T. Rough Sets;;;;journals/trs/2004-2;;http://dx.doi.org/10.1007/978-3-540-27778-1_1;;;journals/trs/AnHHC04;2013-11-21;;;;1-13;;;;;;;Feature Selection with Rough Sets for Web Page Classification.;;;db/journals/trs/trs2.html#AnHHC04;;2004
input_article.csv	1072950	Missing journal value	3932468;Zdzislaw Pawlak;T. Rough Sets;;;;journals/trs/2004-1;;http://dx.doi.org/10.1007/978-3-540-27794-1_1;;;journals/trs/Pawlak04;2011-07-07;;;;1-58;;;;;;;Some Issues on Rough Sets.;;;db/journals/trs/trs1.html#Pawlak04;;2004
input_article.csv	1072951	Missing journal value	3932469;Hiroaki Kikuchi|Masao Mukaidono|Noboru Takagi;T. Rough Sets;;;;journals/trs/2004-2;;http://dx.doi.org/10.1007/978-3-540-27778-1_7;;;journals/trs/TakagiKM04;2013-11-21;;;;107-128;;;;;;;Applications of Fuzzy Logic Functions to Knowledge Discovery in Databases.;;;db/journals/trs/trs2.html#TakagiKM04;;2004
input_article.csv	1072952	Missing journal value	3932470;Andrzej Czyzewski|Lukasz Litwic|Marek Dziubinski|Przemyslaw Maziewski;T. Rough Sets;;;;journals/trs/2006-5;;http://dx.doi.org/10.1007/11847465_6;;;journals/trs/CzyzewskiDLM06;2007-01-03;;;;123-145;;;;;;;Intelligent Algorithms for Movie Sound Tracks Restoration.;;;db/journals/trs/trs5.html#CzyzewskiDLM06;;2006
input_article.csv	1072955	Missing journal value	3932473;Lech Polkowski;T. Rough Sets;;;;journals/trs/2004-2;;http://dx.doi.org/10.1007/978-3-540-27778-1_13;;;journals/trs/Polkowski04;2013-11-21;;;;253-277;;;;;;;Rough Mereology as a Link Between Rough and Fuzzy Set Theories. A Survey.;;;db/journals/trs/trs2.html#Polkowski04;;2004
input_article.csv	1072959	Missing journal value	3932478;Herman Midelfart;T. Rough Sets;;;;journals/trs/2005-4;;http://dx.doi.org/10.1007/11574798_6;;;journals/trs/Midelfart05a;2005-12-30;;;;98-124;;;;;;;Supervised Learning in the Gene Ontology Part II: A Bottom-Up Algorithm.;;;db/journals/trs/trs4.html#Midelfart05a;;2005
input_article.csv	1072962	Missing journal value	3932481;Jerzy Krysinski|Jerzy Stefanowski|Jerzy Zaluski|Renata Szoszkiewicz;T. Rough Sets;;;;journals/trs/2004-1;;http://dx.doi.org/10.1007/978-3-540-27794-1_18;;;journals/trs/ZaluskiSKS04;2011-07-07;;;;375-391;;;;;;;Rough Set Theory and Decision Rules in Data Analysis of Breast Cancer Patients.;;;db/journals/trs/trs1.html#ZaluskiSKS04;;2004
input_article.csv	1072968	Missing journal value	3932487;Anna Gomolinska;T. Rough Sets;;;;journals/trs/2005-3;;http://dx.doi.org/10.1007/11427834_3;;;journals/trs/Gomolinska05;2007-01-03;;;;57-81;;;;;;;Rough Validity, Confidence, and Coverage of Rules in Approximation Spaces.;;;db/journals/trs/trs3.html#Gomolinska05;;2005
input_article.csv	1072976	Missing journal value	3932496;Jerzy W. Grzymala-Busse;T. Rough Sets;;;;journals/trs/2004-1;;http://dx.doi.org/10.1007/978-3-540-27794-1_3;;;journals/trs/Grzymala-Busse04;2011-07-07;;;;78-95;;;;;;;Data with Missing Attribute Values: Generalization of Indiscernibility Relation and Rule Induction.;;;db/journals/trs/trs1.html#Grzymala-Busse04;;2004
input_article.csv	1072977	Missing journal value	3932497;Andrzej Skowron|Hung Son Nguyen|Jan G. Bazan|Sinh Hoa Nguyen;T. Rough Sets;;;;journals/trs/2004-1;;http://dx.doi.org/10.1007/978-3-540-27794-1_9;;;journals/trs/NguyenBSN04;2011-07-07;;;;187-208;;;;;;;Layered Learning for Concept Synthesis.;;;db/journals/trs/trs1.html#NguyenBSN04;;2004
input_article.csv	1072986	Missing journal value	3932506;Yaohua Chen|Yiyu Yao;T. Rough Sets;;;;journals/trs/2006-5;;http://dx.doi.org/10.1007/11847465_14;;;journals/trs/YaoC06;2007-01-03;;;;285-305;;;;;;;Rough Set Approximations in Formal Concept Analysis.;;;db/journals/trs/trs5.html#YaoC06;;2006
input_article.csv	1072995	Missing journal value	3932516;Jerzy Stefanowski|Marcin Zurawski|Roman Slowinski|Salvatore Greco;T. Rough Sets;;;;journals/trs/2004-2;;http://dx.doi.org/10.1007/978-3-540-27778-1_3;;;journals/trs/GrecoSSZ04;2013-11-21;;;;33-53;;;;;;;Incremental versus Non-incremental Rule Induction for Multicriteria Classification.;;;db/journals/trs/trs2.html#GrecoSSZ04;;2004
input_article.csv	1073002	Missing journal value	3932523;Hideo Tanaka|Mitsuo Nagamachi|Tatsuo Nishino;T. Rough Sets;;;;journals/trs/2006-5;;http://dx.doi.org/10.1007/11847465_9;Kansei;;journals/trs/NishinoNT06;2007-01-03;;;;190-206;;;;;;;Variable Precision Bayesian Rough Set Model and Its Application to ;;;db/journals/trs/trs5.html#NishinoNT06;;2006
input_article.csv	1073003	Missing journal value	3932525;Andrzej Skowron|James F. Peters;T. Rough Sets;;;;journals/trs/2006-5;;http://dx.doi.org/10.1007/11847465_1;;;journals/trs/PetersS06;2007-01-03;;;;1-24;;;;;;;Zdzislaw Pawlak: Life and Work.;;;db/journals/trs/trs5.html#PetersS06;;2006
input_article.csv	1073004	Missing journal value	3932526;Hiroshi Sakai;T. Rough Sets;;;;journals/trs/2004-2;;http://dx.doi.org/10.1007/978-3-540-27778-1_6;;;journals/trs/Sakai04;2013-11-21;;;;82-106;;;;;;;Possible Equivalence Relations and Their Application to Hypothesis Generation in Non-deterministic Information Systems.;;;db/journals/trs/trs2.html#Sakai04;;2004
input_article.csv	1073005	Missing journal value	3932527;Wojciech Ziarko;T. Rough Sets;;;;journals/trs/2005-4;;http://dx.doi.org/10.1007/11574798_9;;;journals/trs/Ziarko05;2005-12-30;;;;162-177;;;;;;;Incremental Learning and Evaluation of Structures of Rough Decision Tables.;;;db/journals/trs/trs4.html#Ziarko05;;2005
input_article.csv	1073006	Missing journal value	3932528;Anna Maria Radzikowska|Etienne E. Kerre;T. Rough Sets;;;;journals/trs/2004-2;;http://dx.doi.org/10.1007/978-3-540-27778-1_14;;;journals/trs/RadzikowskaK04;2013-11-21;;;;278-296;;;;;;;Fuzzy Rough Sets Based on Residuated Lattices.;;;db/journals/trs/trs2.html#RadzikowskaK04;;2004
input_article.csv	1073012	Missing journal value	3932535;Mikhail Ju. Moshkov;T. Rough Sets;;;;journals/trs/2005-4;;http://dx.doi.org/10.1007/11574798_7;;;journals/trs/Moshkov05a;2005-12-30;;;;125-143;;;;;;;Comparative Analysis of Deterministic and Nondeterministic Decision Tree Complexity Local Approach.;;;db/journals/trs/trs4.html#Moshkov05a;;2005
input_article.csv	1073013	Missing journal value	3932536;Masahiro Inuiguchi;T. Rough Sets;;;;journals/trs/2004-1;;http://dx.doi.org/10.1007/978-3-540-27794-1_4;;;journals/trs/Inuiguchi04;2011-07-07;;;;96-119;;;;;;;Generalizations of Rough Sets and Rule Extraction.;;;db/journals/trs/trs1.html#Inuiguchi04;;2004
input_article.csv	1073016	Missing journal value	3932539;Bill Shuart|Dan Li|Jitender S. Deogun|William Spaulding;T. Rough Sets;;;;journals/trs/2005-4;;http://dx.doi.org/10.1007/11574798_3;;;journals/trs/LiDSS05;2005-12-30;;;;37-57;;;;;;;Dealing with Missing Data: Algorithms Based on Fuzzy Set and Rough Set Theories.;;;db/journals/trs/trs4.html#LiDSS05;;2005
input_article.csv	1073018	Missing journal value	3932541;Jaroslav Ramík|Milan Vlach;T. Rough Sets;;;;journals/trs/2004-2;;http://dx.doi.org/10.1007/978-3-540-27778-1_11;;;journals/trs/RamikV04;2013-11-21;;;;201-207;;;;;;;A Non-controversial Definition of Fuzzy Sets.;;;db/journals/trs/trs2.html#RamikV04;;2004
input_article.csv	1073019	Missing journal value	3932542;Andrzej Skowron|Jan G. Bazan|Roman W. Swiniarski;T. Rough Sets;;;;journals/trs/2006-5;;http://dx.doi.org/10.1007/11847465_3;;;journals/trs/BazanSS06;2007-06-29;;;;39-62;;;;;;;Rough Sets and Vague Concept Approximation: From Sample Approximation to Adaptive Learning.;;;db/journals/trs/trs5.html#BazanSS06;;2006
input_article.csv	1073021	Missing journal value	3932544;Herman Midelfart;T. Rough Sets;;;;journals/trs/2005-4;;http://dx.doi.org/10.1007/11574798_5;;;journals/trs/Midelfart05;2005-12-30;;;;69-97;;;;;;;Supervised Learning in the Gene Ontology Part I: A Rough Set Framework.;;;db/journals/trs/trs4.html#Midelfart05;;2005
input_article.csv	1073025	Missing journal value	3932548;Duen-Ren Liu|Gwo-Hshiung Tzeng|Tuan-Fang Fan;T. Rough Sets;;;;journals/trs/2006-5;;http://dx.doi.org/10.1007/11847465_12;;;journals/trs/FanLT06;2007-01-03;;;;240-262;;;;;;;Arrow Decision Logic for Relational Information Systems.;;;db/journals/trs/trs5.html#FanLT06;;2006
input_article.csv	1073026	Missing journal value	3932550;Davide Ciucci|Gianpiero Cattaneo;T. Rough Sets;;;;journals/trs/2004-2;;http://dx.doi.org/10.1007/978-3-540-27778-1_12;;;journals/trs/CattaneoC04;2013-11-21;;;;208-252;;;;;;;Algebraic Structures for Rough Sets.;;;db/journals/trs/trs2.html#CattaneoC04;;2004
input_article.csv	1073028	Missing journal value	3932553;Sadaaki Miyamoto;T. Rough Sets;;;;journals/trs/2004-2;;http://dx.doi.org/10.1007/978-3-540-27778-1_10;;;journals/trs/Miyamoto04;2013-11-21;;;;189-200;;;;;;;Data Structure and Operations for Fuzzy Multisets.;;;db/journals/trs/trs2.html#Miyamoto04;;2004
input_article.csv	1073034	Missing journal value	3932559;Mohua Banerjee;T. Rough Sets;;;;journals/trs/2006-5;;http://dx.doi.org/10.1007/11847465_2;;;journals/trs/Banerjee06;2007-01-03;;;;25-38;;;;;;;Rough Belief Change.;;;db/journals/trs/trs5.html#Banerjee06;;2006
input_article.csv	1073036	Missing journal value	3932561;Irina Perfilieva;T. Rough Sets;;;;journals/trs/2004-2;;http://dx.doi.org/10.1007/978-3-540-27778-1_5;;;journals/trs/Perfilieva04;2013-11-21;;;;63-81;;;;;;;Fuzzy Transforms.;;;db/journals/trs/trs2.html#Perfilieva04;;2004
input_article.csv	1073039	Missing journal value	3932564;Arul Siromoney|R. S. Milton|V. Uma Maheswari;T. Rough Sets;;;;journals/trs/2004-1;;http://dx.doi.org/10.1007/978-3-540-27794-1_15;;;journals/trs/MiltonMS04;2011-07-07;;;;321-337;;;;;;;Rough Sets and Relational Learning.;;;db/journals/trs/trs1.html#MiltonMS04;;2004
input_article.csv	1073042	Missing journal value	3932567;Gordon H. Huang|Julia A. Johnson|Robert H. Warren;T. Rough Sets;;;;journals/trs/2004-1;;http://dx.doi.org/10.1007/978-3-540-27794-1_17;;;journals/trs/WarrenJH04;2011-07-07;;;;356-374;;;;;;;Application of Rough Sets to Environmental Engineering Models.;;;db/journals/trs/trs1.html#WarrenJH04;;2004
input_article.csv	1073044	Missing journal value	3932569;Arkadiusz Wojna;T. Rough Sets;;;;journals/trs/2005-4;;http://dx.doi.org/10.1007/11574798_11;;;journals/trs/Wojna05;2005-12-30;;;;277-374;;;;;;;Analogy-Based Reasoning in Classifier Construction.;;;db/journals/trs/trs4.html#Wojna05;;2005
input_article.csv	1073046	Missing journal value	3932571;Andrzej Czyzewski|Bozena Kostek;T. Rough Sets;;;;journals/trs/2004-1;;http://dx.doi.org/10.1007/978-3-540-27794-1_13;;;journals/trs/KostekC04;2011-07-07;;;;279-298;;;;;;;Processing of Musical Metadata Employing Pawlak's Flow Graphs.;;;db/journals/trs/trs1.html#KostekC04;;2004
input_article.csv	1073048	Missing journal value	3932573;Andrzej Skowron|Piotr Synak|Roman W. Swiniarski;T. Rough Sets;;;;journals/trs/2005-3;;http://dx.doi.org/10.1007/11427834_8;;;journals/trs/SkowronSS05;2007-01-03;;;;175-189;;;;;;;Approximation Spaces and Information Granulation.;;;db/journals/trs/trs3.html#SkowronSS05;;2005
input_article.csv	1073053	Missing journal value	3932580;Hung Son Nguyen;T. Rough Sets;;;;journals/trs/2006-5;;http://dx.doi.org/10.1007/11847465_16;;;journals/trs/Nguyen06;2007-01-03;;;;334-506;;;;;;;Approximate Boolean Reasoning: Foundations and Applications in Data Mining.;;;db/journals/trs/trs5.html#Nguyen06;;2006
input_article.csv	1073058	Missing journal value	3932585;Andrzej Czyzewski|Bozena Kostek|Marek Szczerba;T. Rough Sets;;;;journals/trs/2004-1;;http://dx.doi.org/10.1007/978-3-540-27794-1_12;;;journals/trs/CzyzewskiSK04;2011-07-07;;;;254-278;;;;;;;Musical Phrase Representation and Recognition by Means of Neural Networks and Rough Sets.;;;db/journals/trs/trs1.html#CzyzewskiSK04;;2004
input_article.csv	1073060	Missing journal value	3932587;Andrzej Skowron|Roman W. Swiniarski;T. Rough Sets;;;;journals/trs/2004-1;;http://dx.doi.org/10.1007/978-3-540-27794-1_19;;;journals/trs/SwiniarskiS04;2011-07-07;;;;392-404;;;;;;;Independent Component Analysis, Principal Component Analysis and Rough Sets in Face Recognition.;;;db/journals/trs/trs1.html#SwiniarskiS04;;2004
input_article.csv	1073061	Missing journal value	3932588;Guoyin Wang|Jianbo Li|Yu Wu|Zhe Yuan;T. Rough Sets;;;;journals/trs/2006-5;;http://dx.doi.org/10.1007/11847465_15;;;journals/trs/YuanWWL06;2007-01-03;;;;306-333;;;;;;;Motion-Information-Based Video Retrieval System Using Rough Pre-classification.;;;db/journals/trs/trs5.html#YuanWWL06;;2006
input_article.csv	1073063	Missing journal value	3932590;Piotr Grochowalski|Zbigniew Suraj;T. Rough Sets;;;;journals/trs/2005-3;;http://dx.doi.org/10.1007/11427834_9;;;journals/trs/SurajG05;2007-01-03;;;;190-201;;;;;;;The Rough Set Database System: An Overview.;;;db/journals/trs/trs3.html#SurajG05;;2005
input_article.csv	1073067	Missing journal value	3932595;Michal Mikolajczyk|Rafal Latkowski;T. Rough Sets;;;;journals/trs/2004-1;;http://dx.doi.org/10.1007/978-3-540-27794-1_14;;;journals/trs/LatkowskiM04;2011-07-07;;;;299-320;;;;;;;Data Decomposition and Decision Rule Joining for Classification of Data with Missing Values.;;;db/journals/trs/trs1.html#LatkowskiM04;;2004
input_article.csv	1073071	Missing journal value	3932600;Eva Armengol|Francesc Esteva|Lluis Godo|Vicenç Torra;T. Rough Sets;;;;journals/trs/2004-2;;http://dx.doi.org/10.1007/978-3-540-27778-1_2;;;journals/trs/ArmengolEGT04;2013-11-21;;;;14-32;;;;;;;On Learning Similarity Relations in Fuzzy Case-Based Reasoning.;;;db/journals/trs/trs2.html#ArmengolEGT04;;2004
input_article.csv	1073072	Missing journal value	3932601;Bozena Kostek|Pawel Zwan|Piotr Dalka|Piotr Szczuko;T. Rough Sets;;;;journals/trs/2005-3;;http://dx.doi.org/10.1007/11427834_5;;;journals/trs/KostekSZD05;2007-01-03;;;;112-133;;;;;;;Processing of Musical Data Employing Rough Sets and Artificial Neural Networks.;;;db/journals/trs/trs3.html#KostekSZD05;;2005
input_article.csv	1073073	Missing journal value	3932602;Mikhail Ju. Moshkov;T. Rough Sets;;;;journals/trs/2005-3;;http://dx.doi.org/10.1007/11427834_12;;;journals/trs/Moshkov05;2007-01-03;;;;244-459;;;;;;;Time Complexity of Decision Trees.;;;db/journals/trs/trs3.html#Moshkov05;;2005
input_article.csv	1073077	Missing journal value	3932606;Jan G. Bazan|Marcin S. Szczuka;T. Rough Sets;;;;journals/trs/2005-3;;http://dx.doi.org/10.1007/11427834_2;;;journals/trs/BazanS05;2007-01-03;;;;37-56;;;;;;;The Rough Set Exploration System.;;;db/journals/trs/trs3.html#BazanS05;;2005
input_article.csv	1073079	Missing journal value	3932608;Boting Yang|Cory J. Butz|Wen Yan;T. Rough Sets;;;;journals/trs/2006-5;;http://dx.doi.org/10.1007/11847465_5;;;journals/trs/ButzYY06;2007-01-03;;;;102-122;;;;;;;An Efficient Algorithm for Inference in Rough Set Flow Graphs.;;;db/journals/trs/trs5.html#ButzYY06;;2006
input_article.csv	1073081	Missing journal value	3932610;Arun K. Pujari|Sanjay Rawat 0001|Ved Prakash Gulati;T. Rough Sets;;;;journals/trs/2005-4;;http://dx.doi.org/10.1007/11574798_8;;;journals/trs/RawatGP05;2012-04-26;;;;144-161;;;;;;;A Fast Host-Based Intrusion Detection System Using Rough Set Theory.;;;db/journals/trs/trs4.html#RawatGP05;;2005
input_article.csv	1073083	Missing journal value	3932612;Zdzislaw Pawlak;T. Rough Sets;;;;journals/trs/2005-3;;http://dx.doi.org/10.1007/11427834_1;;;journals/trs/Pawlak05;2007-01-03;;;;1-36;;;;;;;Flow Graphs and Data Mining.;;;db/journals/trs/trs3.html#Pawlak05;;2005
input_article.csv	1073085	Missing journal value	3932614;Masahiro Inuiguchi|Roman Slowinski|Salvatore Greco;T. Rough Sets;;;;journals/trs/2004-2;;http://dx.doi.org/10.1007/978-3-540-27778-1_16;;;journals/trs/GrecoIS04;2013-11-21;;;;319-342;;;;;;;A New Proposal for Fuzzy Rough Approximations and Gradual Decision Rule Representation.;;;db/journals/trs/trs2.html#GrecoIS04;;2004
input_article.csv	1073087	Missing journal value	3932616;Jerzy W. Grzymala-Busse;T. Rough Sets;;;;journals/trs/2005-4;;http://dx.doi.org/10.1007/11574798_4;;;journals/trs/Grzymala-Busse05;2005-12-30;;;;58-68;;;;;;;Characteristic Relations for Incomplete Data: A Generalization of the Indiscernibility Relation.;;;db/journals/trs/trs4.html#Grzymala-Busse05;;2005
input_article.csv	1073089	Missing journal value	3932618;Igor Chikalov|Maria S. Zelentsova|Mikhail Ju. Moshkov;T. Rough Sets;;;;journals/trs/2005-4;;http://dx.doi.org/10.1007/11574798_2;;;journals/trs/ChikalovMZ05;2008-07-08;;;;18-36;;;;;;;On Optimization of Decision Trees.;;;db/journals/trs/trs4.html#ChikalovMZ05;;2005
input_article.csv	1073093	Missing journal value	3932623;Bozena Kostek|Piotr Szczuko;T. Rough Sets;;;;journals/trs/2006-5;;http://dx.doi.org/10.1007/11847465_7;;;journals/trs/KostekS06;2007-01-03;;;;146-166;;;;;;;Rough Set-Based Application to Recognition of Emotionally-Charged Animated Character's Gestures.;;;db/journals/trs/trs5.html#KostekS06;;2006
input_article.csv	1073094	Missing journal value	3932624;Chien-Chung Chan;T. Rough Sets;;;;journals/trs/2004-1;;http://dx.doi.org/10.1007/978-3-540-27794-1_2;;;journals/trs/Chan04;2011-07-07;;;;59-77;;;;;;;Learning Rules from Very Large Databases Using Rough Multisets.;;;db/journals/trs/trs1.html#Chan04;;2004
input_article.csv	1073096	Missing journal value	3932626;Zdzislaw Pawlak;T. Rough Sets;;;;journals/trs/2005-4;;http://dx.doi.org/10.1007/11574798_1;;;journals/trs/Pawlak05a;2005-12-30;;;;1-17;;;;;;;A Treatise on Rough Sets.;;;db/journals/trs/trs4.html#Pawlak05a;;2005
input_article.csv	1073098	Missing journal value	3932628;Katarzyna Cichon|Marzena Kryszkiewicz;T. Rough Sets;;;;journals/trs/2004-1;;http://dx.doi.org/10.1007/978-3-540-27794-1_5;;;journals/trs/KryszkiewiczC04;2011-07-07;;;;120-143;;;;;;;Towards Scalable Algorithms for Discovering Rough Set Reducts.;;;db/journals/trs/trs1.html#KryszkiewiczC04;;2004
input_article.csv	1073100	Missing journal value	3932630;James F. Peters;T. Rough Sets;;;;journals/trs/2005-3;;http://dx.doi.org/10.1007/11427834_7;;;journals/trs/Peters05;2007-01-03;;;;153-174;;;;;;;Rough Ethology: Towards a Biologically-Inspired Study of Collective Behavior in Intelligent Systems with Approximation Spaces.;;;db/journals/trs/trs3.html#Peters05;;2005
input_article.csv	1073102	Missing journal value	3932632;Aida Vitória;T. Rough Sets;;;;journals/trs/2005-4;;http://dx.doi.org/10.1007/11574798_10;;;journals/trs/Vitoria05;2005-12-30;;;;178-276;;;;;;;A Framework for Reasoning with Rough Sets.;;;db/journals/trs/trs4.html#Vitoria05;;2005
input_article.csv	1073115	Missing journal value	3932645;Eiichiro Tazaki|Yasser Hassan;T. Rough Sets;;;;journals/trs/2004-2;;http://dx.doi.org/10.1007/978-3-540-27778-1_17;;;journals/trs/HassanT04;2013-11-21;;;;343-362;;;;;;;Emergent Rough Set Data Analysis.;;;db/journals/trs/trs2.html#HassanT04;;2004
input_article.csv	1073119	Missing journal value	3932649;Ching-Lai Hor|Peter A. Crossley;T. Rough Sets;;;;journals/trs/2005-3;;http://dx.doi.org/10.1007/11427834_4;;;journals/trs/HorC05;2007-01-03;;;;82-111;;;;;;;Knowledge Extraction from Intelligent Electronic Devices.;;;db/journals/trs/trs3.html#HorC05;;2005
input_article.csv	1073120	Missing journal value	3932650;Wei-Zhi Wu|Wen-Xiu Zhang|Yee Leung;T. Rough Sets;;;;journals/trs/2006-5;;http://dx.doi.org/10.1007/11847465_13;;;journals/trs/WuLZ06;2007-01-03;;;;263-284;;;;;;;On Generalized Rough Fuzzy Approximation Operators.;;;db/journals/trs/trs5.html#WuLZ06;;2006
input_article.csv	1073121	Missing journal value	3932651;Sushmita Mitra;T. Rough Sets;;;;journals/trs/2005-3;;http://dx.doi.org/10.1007/11427834_6;;;journals/trs/Mitra05;2007-01-03;;;;134-152;;;;;;;Computational Intelligence in Bioinformatics.;;;db/journals/trs/trs3.html#Mitra05;;2005
input_article.csv	1073125	Missing journal value	3932655;Reza Fazel-Rezai|Sheela Ramanna;T. Rough Sets;;;;journals/trs/2006-5;;http://dx.doi.org/10.1007/11847465_10;;;journals/trs/RamannaF06;2007-01-03;;;;207-223;;;;;;;P300 Wave Detection Based on Rough Sets.;;;db/journals/trs/trs5.html#RamannaF06;;2006
input_article.csv	1073127	Missing journal value	3932658;Michal Malowiecki|Ngoc Thanh Nguyen;T. Rough Sets;;;;journals/trs/2004-1;;http://dx.doi.org/10.1007/978-3-540-27794-1_8;;;journals/trs/NguyenM04;2011-07-07;;;;169-186;;;;;;;Consistency Measures for Conflict Profiles.;;;db/journals/trs/trs1.html#NguyenM04;;2004
input_article.csv	1073134	Missing journal value	3932667;Eiichiro Takahagi;T. Rough Sets;;;;journals/trs/2004-2;;http://dx.doi.org/10.1007/978-3-540-27778-1_8;;;journals/trs/Takahagi04;2013-11-21;;;;129-150;;;;;;;Fuzzy Integral Based Fuzzy Switching Functions.;;;db/journals/trs/trs2.html#Takahagi04;;2004
input_article.csv	1073137	Missing journal value	3932671;Alicja Mieszkowicz-Rolka|Leszek Rolka;T. Rough Sets;;;;journals/trs/2004-1;;http://dx.doi.org/10.1007/978-3-540-27794-1_6;;;journals/trs/Mieszkowicz-RolkaR04;2011-07-07;;;;144-160;;;;;;;Variable Precision Fuzzy Rough Sets.;;;db/journals/trs/trs1.html#Mieszkowicz-RolkaR04;;2004
input_article.csv	1073404	Missing journal article title	3932938;Dana Moshkovitz|Subhash Khot;;;;;;;http://dx.doi.org/10.1137/110846415;NP;SIAM J. Comput.;journals/siamcomp/KhotM13;2013-07-15;;;3;752-791;;;;;;;;;;db/journals/siamcomp/siamcomp42.html#KhotM13;42;2013
input_article.csv	1077719	Missing journal article title	3937253;John Gregory|Om Prakash Agrawal;;;;;;;http://dx.doi.org/10.1137/S0036142902410623;O|h;SIAM J. Numerical Analysis;journals/siamnum/AgrawalG03;2011-03-30;;;5;1773-1784;;;;;;2;;;;db/journals/siamnum/siamnum41.html#AgrawalG03;41;2003
input_article.csv	1077833	Missing journal article title	3937367;Ivo Babuska|Leszek F. Demkowicz;;;;;;;http://dx.doi.org/10.1137/S0036142901387932;p;SIAM J. Numerical Analysis;journals/siamnum/DemkowiczB03;2011-03-30;;;4;1195-1208;;;;;;;;;;db/journals/siamnum/siamnum41.html#DemkowiczB03;41;2003
input_article.csv	1077925	Missing journal article title	3937459;P. Wojtaszczyk;;;;;;;http://dx.doi.org/10.1137/110833130;;SIAM J. Numerical Analysis;journals/siamnum/Wojtaszczyk12;2012-03-26;;;2;458-467;;;;;1;;;;;db/journals/siamnum/siamnum50.html#Wojtaszczyk12;50;2012
input_article.csv	1078379	Missing journal article title	3937913;Katia Pinchedez|Mark Ainsworth;;;;;;;http://dx.doi.org/10.1137/S0036142901391128;hp;SIAM J. Numerical Analysis;journals/siamnum/AinsworthP02;2011-04-06;;;6;2047-2068;;;;;;;;;;db/journals/siamnum/siamnum40.html#AinsworthP02;40;2002
input_article.csv	1078399	Missing journal article title	3937933;Herbert Egger;;;;;;;http://dx.doi.org/10.1137/060654426;Y;SIAM J. Numerical Analysis;journals/siamnum/Egger07;2011-03-22;;;1;419-436;;;;;;;;;;db/journals/siamnum/siamnum46.html#Egger07;46;2007
input_article.csv	1078768	Missing journal article title	3938302;Christiane Helzel|Marsha J. Berger|Randall J. LeVeque;;;;;;;http://dx.doi.org/10.1137/S0036142902405394;H;SIAM J. Numerical Analysis;journals/siamnum/BergerHL03;2011-03-30;;;3;893-918;;;;;;;;;;db/journals/siamnum/siamnum41.html#BergerHL03;41;2003
input_article.csv	1079014	Missing journal article title	3938548;Chunjae Park|Dongwoo Sheen;;;;;;;http://dx.doi.org/10.1137/S0036142902404923;P;SIAM J. Numerical Analysis;journals/siamnum/ParkS03;2011-03-30;;;2;624-640;;;;;1;;;;;db/journals/siamnum/siamnum41.html#ParkS03;41;2003
input_article.csv	1079378	Missing journal article title	3938912;B. Michiels|I. Bogaert|J. Fostier;;;;;;;http://dx.doi.org/10.1137/110855442;O;SIAM J. Scientific Computing;journals/siamsc/BogaertMF12;2012-12-07;;;3;;;;;;;;;;;db/journals/siamsc/siamsc34.html#BogaertMF12;34;2012
input_article.csv	1082838	Missing journal article title	3942372;Shizhao Zhang;;;;;;;http://www.comp.hkbu.edu.hk/~cib/2010/Dec/article4/iib_vol11no1_article4.pdf;K|k;IEEE Intelligent Informatics Bulletin;journals/cib/Zhang10;2011-08-08;;;1;24-33;;;;;;;;;;db/journals/cib/cib11.html#Zhang10;11;2010
input_article.csv	1082969	Missing journal article title	3942503;Tarik Taleb|Yassine Hadjadj Aoul;;;;;;;http://dx.doi.org/10.1002/sec.523;QoS;Security and Communication Networks;journals/scn/TalebA12;2012-11-25;;;12;1462-1470;;;;;;2;;;;db/journals/scn/scn5.html#TalebA12;5;2012
input_article.csv	1085522	Missing journal article title	3945056;Samuel Kolins;;;;;;;http://dx.doi.org/10.1007/s00454-010-9300-1;f;Discrete & Computational Geometry;journals/dcg/Kolins11;2011-08-22;;;3;427-446;;;;;;;;;;db/journals/dcg/dcg46.html#Kolins11;46;2011
input_article.csv	1085858	Missing journal article title	3945392;Andrea Vattani;;;;;;;http://dx.doi.org/10.1007/s00454-011-9340-1;k;Discrete & Computational Geometry;journals/dcg/Vattani11;2011-04-18;;;4;596-616;;;;;;;;;;db/journals/dcg/dcg45.html#Vattani11;45;2011
input_article.csv	1087138	Missing journal article title	3946672;George Barmpalias|Robert Rettinger|Xizhong Zheng;;;;;;;http://dx.doi.org/10.1002/malq.200410016;h;Math. Log. Q.;journals/mlq/ZhengRB05;2007-01-30;;;2;157-170;;;;;;;;;;db/journals/mlq/mlq51.html#ZhengRB05;51;2005
input_article.csv	1087315	Missing journal article title	3946849;Bing-Yu Zhang|Ning Zhong;;;;;;;http://dx.doi.org/10.1002/malq.19990450403;L;Math. Log. Q.;journals/mlq/ZhangZ99;2014-02-26;;;;449-456;;;;;;p;;;;db/journals/mlq/mlq45.html#ZhangZ99;45;1999
input_article.csv	1087380	Missing journal article title	3946914;Barbara Majcher-Iwanow;;;;;;;http://dx.doi.org/10.1002/malq.200410041;G|G|delta;Math. Log. Q.;journals/mlq/Majcher-Iwanow05;2007-01-30;;;5;450-461;;;;;;;;;;db/journals/mlq/mlq51.html#Majcher-Iwanow05;51;2005
input_article.csv	1087726	Missing journal article title	3947260;John T. Baldwin|Masanori Itai;;;;;;;http://dx.doi.org/10.1002/malq.19940400202;K;Math. Log. Q.;journals/mlq/BaldwinI94;2014-02-26;;;;143-152;;;;;;;;;;db/journals/mlq/mlq40.html#BaldwinI94;40;1994
input_article.csv	1087750	Missing journal article title	3947284;Sergio A. Celani;;;;;;;http://dx.doi.org/10.1002/malq.200510041;n;Math. Log. Q.;journals/mlq/Celani06;2007-01-30;;;4;404-416;;;;;;;;;;db/journals/mlq/mlq52.html#Celani06;52;2006
input_article.csv	1087802	Missing journal article title	3947336;Esfandiar Eslami|Masoud Haveshki;;;;;;;http://dx.doi.org/10.1002/malq.200710029;n;Math. Log. Q.;journals/mlq/HaveshkiE08;2008-11-19;;;2;176-186;;;;;;;;;;db/journals/mlq/mlq54.html#HaveshkiE08;54;2008
input_article.csv	1088137	Missing journal article title	3947671;Kentaro Wakai|Masanori Itai;;;;;;;http://dx.doi.org/10.1002/malq.200410025;omega|omega|sigma;Math. Log. Q.;journals/mlq/ItaiW05;2007-01-30;;;3;258-262;;;;;;;;;;db/journals/mlq/mlq51.html#ItaiW05;51;2005
input_article.csv	1092712	Missing journal article title	3952246;Nguyen Kim Thang;;;;;;;http://dx.doi.org/10.1016/j.tcs.2012.10.051;NP;Theor. Comput. Sci.;journals/tcs/Thang13;2013-04-18;;;;86-95;;;;;;;;;;db/journals/tcs/tcs482.html#Thang13;482;2013
input_article.csv	1093121	Missing journal article title	3952655;Ewa Orlowska|Luis Fariñas del Cerro;;;;;;;;Corrigendum: ;Theor. Comput. Sci.;journals/tcs/CerroO86;2012-10-26;;see: TCS 36(2, 3)(1985) 251-264;3;345;;;;;;;;;;db/journals/tcs/tcs47.html#CerroO86;47;1986
input_article.csv	1094377	Missing journal article title	3953911;Annie Foret|Denis Béchet;;;;;;;http://dx.doi.org/10.1016/j.tcs.2006.01.006;k;Theor. Comput. Sci.;journals/tcs/BechetF06;2008-10-22;;;2;139-152;;;;;;;;;;db/journals/tcs/tcs355.html#BechetF06;355;2006
input_article.csv	1095732	Missing journal article title	3955266;Heiko Vogler|Joost Engelfriet;;;;;;;http://dx.doi.org/10.1016/0304-3975(86)90102-7;Corrigenda: ;Theor. Comput. Sci.;journals/tcs/EngelfrietV86a;2012-10-26;;see: TCS 42(3): 251-368 (1986);3;339;;;;;;;;;;db/journals/tcs/tcs48.html#EngelfrietV86a;48;1986
input_article.csv	1095852	Missing journal article title	3955386;Roberto Solis-Oba|Zhendong Shao;;;;;;;http://dx.doi.org/10.1016/j.tcs.2013.02.002;L;Theor. Comput. Sci.;journals/tcs/ShaoS13;2013-06-04;;;;74-81;;;;;;;;;;db/journals/tcs/tcs487.html#ShaoS13;487;2013
input_article.csv	1096280	Missing journal article title	3955814;Hanifa Boucheneb|Rachid Hadjidj;;;;;;;http://dx.doi.org/10.1016/j.tcs.2005.11.002;CTL;Theor. Comput. Sci.;journals/tcs/BouchenebH06;2006-04-18;;;1-3;208-227;;;;;;*;;;;db/journals/tcs/tcs353.html#BouchenebH06;353;2006
input_article.csv	1101255	Missing journal article title	3960789;Guo-Hui Lin|Guoliang Xue;;;;;;;http://dx.doi.org/10.1016/S0304-3975(98)00063-2;K|K;Theor. Comput. Sci.;journals/tcs/LinX98;2003-11-19;;;1;181-192;;;;;;;;;;db/journals/tcs/tcs207.html#LinX98;207;1998
input_article.csv	1102247	Missing journal article title	3961781;Emilio Di Giacomo|Giuseppe Liotta|Matthew Suderman|Walter Didimo;;;;;;;http://dx.doi.org/10.1016/j.tcs.2006.02.024;k;Theor. Comput. Sci.;journals/tcs/GiacomoDLS06;2006-11-21;;;1-3;148-175;;;;;;;;;;db/journals/tcs/tcs359.html#GiacomoDLS06;359;2006
input_article.csv	1107641	Missing journal article title	3967175;Branden Fitelson;;;;;;;http://dx.doi.org/10.1007/s10992-010-9143-5;FEW 2009;J. Philosophical Logic;journals/jphil/Fitelson10;2012-03-26;;;6;591;;;;;;;;;;db/journals/jphil/jphil39.html#Fitelson10;39;2010
input_article.csv	1107753	Missing journal article title	3967287;Katalin Bimbó;;;;;;;http://dx.doi.org/10.1007/s10992-007-9048-0;LE|LK|LR|t;J. Philosophical Logic;journals/jphil/Bimbo07;2012-05-10;;;5;557-570;;;;; ® |[^( ~ )]; °;;;;db/journals/jphil/jphil36.html#Bimbo07;36;2007
input_article.csv	1108243	Missing journal article title	3967777;Michael Gamon;;;;;;;http://dx.doi.org/10.1162/coli.2007.33.2.275;Computing Attitude and Affect in Text: Theory and Applications;Computational Linguistics;journals/coling/Gamon07;2008-12-15;;;2;275-277;;;;;;;;;;db/journals/coling/coling33.html#Gamon07;33;2007
input_article.csv	1108263	Missing journal article title	3967797;Boris Galitsky;;;;;;;http://dx.doi.org/10.1162/coli.2007.33.1.145;Commonsense Reasoning;Computational Linguistics;journals/coling/Galitsky07;2007-03-21;;;1;145-146;;;;;;;;;;db/journals/coling/coling33.html#Galitsky07;33;2007
input_article.csv	1108272	Missing journal article title	3967806;Stephen G. Pulman;;;;;;;http://dx.doi.org/10.1162/coli.2007.33.1.141;Flexible Semantics for Reinterpretation Phenomena;Computational Linguistics;journals/coling/Pulman07;2007-03-21;;;1;141-143;;;;;;;;;;db/journals/coling/coling33.html#Pulman07;33;2007
input_article.csv	1108327	Missing journal article title	3967861;Nicola Stokes;;;;;;;http://dx.doi.org/10.1162/coli.2006.32.4.563;TREC: Experiment and Evaluation in Information Retrieval;Computational Linguistics;journals/coling/Stokes06;2007-03-21;;;4;563-567;;;;;;;;;;db/journals/coling/coling32.html#Stokes06;32;2006
input_article.csv	1108391	Missing journal article title	3967925;Christer Samuelsson;;;;;;;http://dx.doi.org/10.1162/coli.2007.33.2.267;Inductive Dependency Parsing;Computational Linguistics;journals/coling/Samuelsson07;2008-12-15;;;2;267-269;;;;;;;;;;db/journals/coling/coling33.html#Samuelsson07;33;2007
input_article.csv	1108462	Missing journal article title	3967996;Paul Thompson;;;;;;;http://dx.doi.org/10.1162/coli.2007.33.4.597;Advances in Open Domain Question Answering;Computational Linguistics;journals/coling/Thompson07;2008-12-15;;;4;597-599;;;;;;;;;;db/journals/coling/coling33.html#Thompson07;33;2007
input_article.csv	1108496	Missing journal article title	3968030;Marjorie McShane;;;;;;;http://dx.doi.org/10.1162/coli.2007.33.2.279;Lingvisticeskie problemy komp'juternoj morfologii [Linguistic Issues in Computational Morphology] S. A. Koval';Computational Linguistics;journals/coling/McShane07;2008-12-15;;;2;279;;;;;;;;;;db/journals/coling/coling33.html#McShane07;33;2007
input_article.csv	1108498	Missing journal article title	3968032;Pius ten Hacken;;;;;;;http://dx.doi.org/10.1162/coli.2008.34.1.133;Errors and Intelligence in Computer-Assisted Language Learning: Parsers and Pedagogues;Computational Linguistics;journals/coling/Hacken08;2008-12-15;;;1;133-134;;;;;;;;;;db/journals/coling/coling34.html#Hacken08;34;2008
input_article.csv	1108517	Missing journal article title	3968051;Brian Roark;;;;;;;http://dx.doi.org/10.1162/coli.2007.33.2.271;Putting Linguistics into Speech Recognition: The Regulus Grammar Compiler;Computational Linguistics;journals/coling/Roark07;2008-12-15;;;2;271-273;;;;;;;;;;db/journals/coling/coling33.html#Roark07;33;2007
input_article.csv	1108568	Missing journal article title	3968102;Noah A. Smith;;;;;;;http://dx.doi.org/10.1162/coli.2008.34.3.453;Computational Approaches to Morphology and Syntax;Computational Linguistics;journals/coling/Smith08;2008-12-15;;;3;453-457;;;;;;;;;;db/journals/coling/coling34.html#Smith08;34;2008
input_article.csv	1108572	Missing journal article title	3968106;Paul Piwek;;;;;;;http://dx.doi.org/10.1162/coli.2008.34.1.129;Incremental Conceptualization for Language Production;Computational Linguistics;journals/coling/Piwek08;2008-12-15;;;1;129-132;;;;;;;;;;db/journals/coling/coling34.html#Piwek08;34;2008
input_article.csv	1108592	Missing journal article title	3968126;Marina Santini;;;;;;;http://dx.doi.org/10.1162/coli.2009.35.1.105;Discourse on the Move: Using Corpus Analysis to Describe Discourse Structure;Computational Linguistics;journals/coling/Santini09;2009-08-20;;;1;105-107;;;;;;;;;;db/journals/coling/coling35.html#Santini09;35;2009
input_article.csv	1108620	Missing journal article title	3968154;Stefan Frank;;;;;;;http://dx.doi.org/10.1162/coli.2007.33.2.259;From Molecule to Metaphor: A Neural Theory of Language;Computational Linguistics;journals/coling/Frank07;2008-12-15;;;2;259-261;;;;;;;;;;db/journals/coling/coling33.html#Frank07;33;2007
input_article.csv	1108627	Missing journal article title	3968161;Diana McCarthy;;;;;;;http://dx.doi.org/10.1162/coli.2007.33.2.255;Word Sense Disambiguation: Algorithms and Applications;Computational Linguistics;journals/coling/McCarthy07;2008-12-15;;;2;255-258;;;;;;;;;;db/journals/coling/coling33.html#McCarthy07;33;2007
input_article.csv	1108633	Missing journal article title	3968167;Sandra Kübler;;;;;;;http://dx.doi.org/10.1162/coli.2006.32.4.559;Memory-Based Language Processing;Computational Linguistics;journals/coling/Kubler06;2007-03-21;;;4;559-561;;;;;;;;;;db/journals/coling/coling32.html#Kubler06;32;2006
input_article.csv	1108648	Missing journal article title	3968182;Pamela Jordan;;;;;;;http://dx.doi.org/10.1162/coli.2006.32.4.555;One-on-One Tutoring by Humans and Computers;Computational Linguistics;journals/coling/Jordan06;2007-03-21;;;4;555-557;;;;;;;;;;db/journals/coling/coling32.html#Jordan06;32;2006
input_article.csv	1108651	Missing journal article title	3968185;Richard Sproat|Roxana Girju;;;;;;;http://dx.doi.org/10.1162/coli.2008.34.4.615;Mathematical Linguistics;Computational Linguistics;journals/coling/SproatG08;2008-12-15;;;4;615-617;;;;;;;;;;db/journals/coling/coling34.html#SproatG08;34;2008
input_article.csv	1108658	Missing journal article title	3968192;Olga Vechtomova;;;;;;;http://dx.doi.org/10.1162/coli.2009.35.2.307;Introduction to Information Retrieval;Computational Linguistics;journals/coling/Vechtomova09;2009-08-20;;;2;307-309;;;;;;;;;;db/journals/coling/coling35.html#Vechtomova09;35;2009
input_article.csv	1108745	Missing journal article title	3968279;Patrick Blackburn;;;;;;;http://dx.doi.org/10.1162/coli.2007.33.2.263;The Proper Treatment of Events;Computational Linguistics;journals/coling/Blackburn07;2008-12-15;;;2;263-265;;;;;;;;;;db/journals/coling/coling33.html#Blackburn07;33;2007
input_article.csv	1108772	Missing journal article title	3968306;John F. Sowa;;;;;;;http://dx.doi.org/10.1162/coli.2006.32.4.551;Language, Cohesion and Form;Computational Linguistics;journals/coling/Sowa06;2007-03-21;;;4;551-553;;;;;;;;;;db/journals/coling/coling32.html#Sowa06;32;2006
input_article.csv	1108786	Missing journal article title	3968320;Christopher Brewster;;;;;;;http://dx.doi.org/10.1162/coli.2006.32.4.569;Ontology Learning from Text: Methods, Evaluation and Applications;Computational Linguistics;journals/coling/Brewster06;2007-03-21;;;4;569-572;;;;;;;;;;db/journals/coling/coling32.html#Brewster06;32;2006
input_article.csv	1108809	Missing journal article title	3968343;Nikiforos Karamanis;;;;;;;http://dx.doi.org/10.1162/coli.2007.33.1.135;Text Mining for Biology and Biomedicine;Computational Linguistics;journals/coling/Karamanis07;2007-03-21;;;1;135-140;;;;;;;;;;db/journals/coling/coling33.html#Karamanis07;33;2007
input_article.csv	1108839	Missing journal article title	3968373;Vincent Ng;;;;;;;http://dx.doi.org/10.1162/coli.2008.34.3.449;Semisupervised Learning for Computational Linguistics;Computational Linguistics;journals/coling/Ng08;2008-12-15;;;3;449-452;;;;;;;;;;db/journals/coling/coling34.html#Ng08;34;2008
input_article.csv	1108855	Missing journal article title	3968389;Tony Belpaeme;;;;;;;http://dx.doi.org/10.1162/coli.2007.33.3.429;The Computational Nature of Language Learning and Evolution;Computational Linguistics;journals/coling/Belpaeme07;2008-12-15;;;3;429-431;;;;;;;;;;db/journals/coling/coling33.html#Belpaeme07;33;2007
input_article.csv	1108899	Missing journal article title	3968433;Rada Mihalcea;;;;;;;http://dx.doi.org/10.1162/coli.2008.34.1.125;The Text Mining Handbook: Advanced Approaches to Analyzing Unstructured Data;Computational Linguistics;journals/coling/Mihalcea08;2008-12-15;;;1;125-127;;;;;;;;;;db/journals/coling/coling34.html#Mihalcea08;34;2008
input_article.csv	1108927	Missing journal article title	3968461;Diana Maynard;;;;;;;http://dx.doi.org/10.1162/coli.2008.34.2.315;Information Extraction: Algorithms and Prospects in a Retrieval Context;Computational Linguistics;journals/coling/Maynard08;2008-12-15;;;2;315-317;;;;;;;;;;db/journals/coling/coling34.html#Maynard08;34;2008
input_article.csv	1108930	Missing journal article title	3968464;Alistair Knott;;;;;;;http://dx.doi.org/10.1162/coli.2007.33.4.591;Coherence in Natural Language: Data Stuctures and Applications;Computational Linguistics;journals/coling/Knott07;2008-12-15;;;4;591-595;;;;;;;;;;db/journals/coling/coling33.html#Knott07;33;2007
input_article.csv	1108940	Missing journal article title	3968474;Adrià de Gispert|Josep Maria Crego|José A. R. Fonollosa|José B. Mariño|Marta R. Costa-Jussà|Patrik Lambert|Rafael E. Banchs;;;;;;;http://dx.doi.org/10.1162/coli.2006.32.4.527;N;Computational Linguistics;journals/coling/MarinoBCGLFC06;2008-03-13;;;4;527-549;;;;;;;;;;db/journals/coling/coling32.html#MarinoBCGLFC06;32;2006
input_article.csv	1108964	Missing journal article title	3968498;George Anton Kiraz;;;;;;;http://dx.doi.org/10.1162/coli.2008.34.3.459;Arabic Computational Morphology: Knowledge-Based and Empirical Methods;Computational Linguistics;journals/coling/Kiraz08;2008-12-15;;;3;459-462;;;;;;;;;;db/journals/coling/coling34.html#Kiraz08;34;2008
input_article.csv	1108971	Missing journal article title	3968505;Markus Egg;;;;;;;http://dx.doi.org/10.1162/coli.2008.34.2.311;A Computational Model of Natural Language Communication;Computational Linguistics;journals/coling/Egg08;2008-12-15;;;2;311-313;;;;;;;;;;db/journals/coling/coling34.html#Egg08;34;2008
input_article.csv	1109636	Missing journal article title	3969170;Jian Xiao|Weiming Xiang;;;;;;;http://dx.doi.org/10.2316/Journal.201.2011.1.201-2224;H;Control and Intelligent Systems;journals/cis/XiangX11;2011-04-18;;;1;;;;;;∞;;;;;db/journals/cis/cis39.html#XiangX11;39;2011
input_article.csv	1112279	Missing journal article title	3971813;Les Hatton;;;;;;;http://doi.ieeecomputersociety.org/10.1109/52.636672;N;IEEE Software;journals/software/Hatton97a;2011-11-07;;;6;71-76;;;;;;;;;;db/journals/software/software14.html#Hatton97a;14;1997
input_article.csv	1113740	Missing journal article title	3973274;Christian Allen|Karlheinz Schwarz|Rainer Breitling;;;;;;;http://dx.doi.org/10.3390/computation1020027;Computation;Computation;journals/computation/SchwarzBA13;2013-10-14;;;2;27-30;;;;;;;;;;db/journals/computation/computation1.html#SchwarzBA13;1;2013
